
================================================================================
[2026-09-08 07:15:06] Starting GeoMind Continuous Memory Monitor (Interval: 10s)
================================================================================
[2026-09-08 07:15:06] Hooked geomind PID 22392 | Initial WS: 111.55 MB | Initial Commit: 113.16 MB
[2026-09-08 07:15:07] PID: 22392 | WS: 111.55 MB (dWS: 0 MB) | Commit: 113.16 MB (dPM: 0 MB) | VM: 4321.21 MB | CPU: 126.2s | SysFreeVM: 103735 MB | Ckpt: 50MB at 07:14:26
[2026-09-08 07:15:17] PID: 22392 | WS: 111.55 MB (dWS: 0 MB) | Commit: 113.16 MB (dPM: 0 MB) | VM: 4321.21 MB | CPU: 136.5s | SysFreeVM: 103701 MB | Ckpt: 50MB at 07:15:09
[2026-09-08 07:15:27] PID: 22392 | WS: 111.55 MB (dWS: 0 MB) | Commit: 113.16 MB (dPM: 0 MB) | VM: 4321.21 MB | CPU: 146.7s | SysFreeVM: 103728 MB | No ckpt change
[2026-09-08 07:15:37] PID: 22392 | WS: 111.55 MB (dWS: 0 MB) | Commit: 113.16 MB (dPM: 0 MB) | VM: 4321.21 MB | CPU: 156.9s | SysFreeVM: 103736 MB | No ckpt change
[2026-09-08 07:15:48] PID: 22392 | WS: 111.55 MB (dWS: 0 MB) | Commit: 113.16 MB (dPM: 0 MB) | VM: 4321.21 MB | CPU: 167.1s | SysFreeVM: 103742 MB | No ckpt change
[2026-09-08 07:15:58] PID: 22392 | WS: 111.56 MB (dWS: 0.01 MB) | Commit: 113.16 MB (dPM: 0 MB) | VM: 4321.21 MB | CPU: 177.3s | SysFreeVM: 103719 MB | Ckpt: 50MB at 07:15:52
[2026-09-08 07:16:08] PID: 22392 | WS: 111.56 MB (dWS: 0.01 MB) | Commit: 113.16 MB (dPM: 0 MB) | VM: 4321.21 MB | CPU: 187.5s | SysFreeVM: 103740 MB | No ckpt change
[2026-09-08 07:16:18] PID: 22392 | WS: 111.56 MB (dWS: 0.01 MB) | Commit: 113.16 MB (dPM: 0 MB) | VM: 4321.21 MB | CPU: 197.7s | SysFreeVM: 103742 MB | No ckpt change
[2026-09-08 07:16:29] PID: 22392 | WS: 111.56 MB (dWS: 0.01 MB) | Commit: 113.16 MB (dPM: 0 MB) | VM: 4321.21 MB | CPU: 208s | SysFreeVM: 103764 MB | No ckpt change
[2026-09-08 07:16:39] PID: 22392 | WS: 111.57 MB (dWS: 0.02 MB) | Commit: 113.16 MB (dPM: 0 MB) | VM: 4321.21 MB | CPU: 218.1s | SysFreeVM: 103716 MB | Ckpt: 50MB at 07:16:35
[2026-09-08 07:16:49] PID: 22392 | WS: 111.57 MB (dWS: 0.02 MB) | Commit: 113.16 MB (dPM: 0 MB) | VM: 4321.21 MB | CPU: 228.2s | SysFreeVM: 103721 MB | No ckpt change
[2026-09-08 07:16:59] PID: 22392 | WS: 111.57 MB (dWS: 0.02 MB) | Commit: 113.16 MB (dPM: 0 MB) | VM: 4321.21 MB | CPU: 238.4s | SysFreeVM: 103717 MB | No ckpt change
[2026-09-08 07:17:10] PID: 22392 | WS: 111.57 MB (dWS: 0.02 MB) | Commit: 113.16 MB (dPM: 0 MB) | VM: 4321.21 MB | CPU: 248.6s | SysFreeVM: 103726 MB | No ckpt change
[2026-09-08 07:17:20] PID: 22392 | WS: 111.59 MB (dWS: 0.04 MB) | Commit: 113.16 MB (dPM: 0 MB) | VM: 4321.21 MB | CPU: 258.8s | SysFreeVM: 103716 MB | Ckpt: 50MB at 07:17:17
[2026-09-08 07:17:30] PID: 22392 | WS: 111.59 MB (dWS: 0.04 MB) | Commit: 113.16 MB (dPM: 0 MB) | VM: 4321.21 MB | CPU: 269s | SysFreeVM: 103777 MB | No ckpt change
[2026-09-08 07:17:40] PID: 22392 | WS: 111.59 MB (dWS: 0.04 MB) | Commit: 113.16 MB (dPM: 0 MB) | VM: 4321.21 MB | CPU: 279.2s | SysFreeVM: 103771 MB | No ckpt change
[2026-09-08 07:17:51] PID: 22392 | WS: 111.59 MB (dWS: 0.04 MB) | Commit: 113.16 MB (dPM: 0 MB) | VM: 4321.21 MB | CPU: 289.4s | SysFreeVM: 103744 MB | No ckpt change
[2026-09-08 07:18:01] PID: 22392 | WS: 111.71 MB (dWS: 0.16 MB) | Commit: 113.22 MB (dPM: 0.06 MB) | VM: 4449.21 MB | CPU: 299.6s | SysFreeVM: 103723 MB | Ckpt: 50MB at 07:17:59
[2026-09-08 07:18:11] PID: 22392 | WS: 111.71 MB (dWS: 0.16 MB) | Commit: 113.22 MB (dPM: 0.06 MB) | VM: 4449.21 MB | CPU: 309.8s | SysFreeVM: 103727 MB | No ckpt change
[2026-09-08 07:18:21] PID: 22392 | WS: 111.71 MB (dWS: 0.16 MB) | Commit: 113.22 MB (dPM: 0.06 MB) | VM: 4449.21 MB | CPU: 319.9s | SysFreeVM: 103728 MB | No ckpt change
[2026-09-08 07:18:32] PID: 22392 | WS: 111.71 MB (dWS: 0.16 MB) | Commit: 113.22 MB (dPM: 0.06 MB) | VM: 4449.21 MB | CPU: 330.1s | SysFreeVM: 103739 MB | No ckpt change
[2026-09-08 07:18:42] PID: 22392 | WS: 111.73 MB (dWS: 0.18 MB) | Commit: 113.29 MB (dPM: 0.13 MB) | VM: 4449.21 MB | CPU: 340.2s | SysFreeVM: 103724 MB | Ckpt: 50MB at 07:18:41
[2026-09-08 07:18:52] PID: 22392 | WS: 111.73 MB (dWS: 0.18 MB) | Commit: 113.29 MB (dPM: 0.13 MB) | VM: 4449.21 MB | CPU: 350.5s | SysFreeVM: 103775 MB | No ckpt change
[2026-09-08 07:19:02] PID: 22392 | WS: 111.73 MB (dWS: 0.18 MB) | Commit: 113.29 MB (dPM: 0.13 MB) | VM: 4449.21 MB | CPU: 360.7s | SysFreeVM: 103759 MB | No ckpt change
[2026-09-08 07:19:13] PID: 22392 | WS: 111.73 MB (dWS: 0.18 MB) | Commit: 113.29 MB (dPM: 0.13 MB) | VM: 4449.21 MB | CPU: 370.8s | SysFreeVM: 103736 MB | No ckpt change
[2026-09-08 07:19:23] PID: 22392 | WS: 111.73 MB (dWS: 0.18 MB) | Commit: 113.29 MB (dPM: 0.13 MB) | VM: 4449.21 MB | CPU: 381s | SysFreeVM: 103710 MB | No ckpt change
[2026-09-08 07:19:33] PID: 22392 | WS: 111.75 MB (dWS: 0.2 MB) | Commit: 113.29 MB (dPM: 0.13 MB) | VM: 4449.21 MB | CPU: 391.1s | SysFreeVM: 103706 MB | Ckpt: 50MB at 07:19:23
[2026-09-08 07:19:43] PID: 22392 | WS: 111.71 MB (dWS: 0.16 MB) | Commit: 113.22 MB (dPM: 0.06 MB) | VM: 4321.21 MB | CPU: 401.4s | SysFreeVM: 103719 MB | No ckpt change
[2026-09-08 07:19:54] PID: 22392 | WS: 111.71 MB (dWS: 0.16 MB) | Commit: 113.22 MB (dPM: 0.06 MB) | VM: 4321.21 MB | CPU: 411.5s | SysFreeVM: 103708 MB | No ckpt change
[2026-09-08 07:20:04] PID: 22392 | WS: 111.71 MB (dWS: 0.16 MB) | Commit: 113.22 MB (dPM: 0.06 MB) | VM: 4321.21 MB | CPU: 421.7s | SysFreeVM: 103751 MB | No ckpt change
[2026-09-08 07:20:14] PID: 22392 | WS: 111.71 MB (dWS: 0.16 MB) | Commit: 113.22 MB (dPM: 0.06 MB) | VM: 4321.21 MB | CPU: 431.9s | SysFreeVM: 103730 MB | Ckpt: 50MB at 07:20:05
[2026-09-08 07:20:24] PID: 22392 | WS: 111.71 MB (dWS: 0.16 MB) | Commit: 113.22 MB (dPM: 0.06 MB) | VM: 4321.21 MB | CPU: 442.1s | SysFreeVM: 103735 MB | No ckpt change
[2026-09-08 07:20:35] PID: 22392 | WS: 111.71 MB (dWS: 0.16 MB) | Commit: 113.22 MB (dPM: 0.06 MB) | VM: 4321.21 MB | CPU: 452.3s | SysFreeVM: 103754 MB | No ckpt change
[2026-09-08 07:20:45] PID: 22392 | WS: 111.71 MB (dWS: 0.16 MB) | Commit: 113.22 MB (dPM: 0.06 MB) | VM: 4321.21 MB | CPU: 462.5s | SysFreeVM: 103712 MB | No ckpt change
[2026-09-08 07:20:55] PID: 22392 | WS: 111.72 MB (dWS: 0.17 MB) | Commit: 113.22 MB (dPM: 0.06 MB) | VM: 4321.21 MB | CPU: 472.6s | SysFreeVM: 103699 MB | Ckpt: 50MB at 07:20:47
[2026-09-08 07:21:05] PID: 22392 | WS: 111.72 MB (dWS: 0.17 MB) | Commit: 113.22 MB (dPM: 0.06 MB) | VM: 4321.21 MB | CPU: 482.8s | SysFreeVM: 103786 MB | No ckpt change
[2026-09-08 07:21:16] PID: 22392 | WS: 111.72 MB (dWS: 0.17 MB) | Commit: 113.22 MB (dPM: 0.06 MB) | VM: 4321.21 MB | CPU: 493s | SysFreeVM: 103746 MB | No ckpt change
[2026-09-08 07:21:26] PID: 22392 | WS: 111.72 MB (dWS: 0.17 MB) | Commit: 113.22 MB (dPM: 0.06 MB) | VM: 4321.21 MB | CPU: 503.2s | SysFreeVM: 103743 MB | No ckpt change
[2026-09-08 07:21:36] PID: 22392 | WS: 111.73 MB (dWS: 0.18 MB) | Commit: 113.22 MB (dPM: 0.06 MB) | VM: 4321.21 MB | CPU: 513.2s | SysFreeVM: 103733 MB | Ckpt: 50MB at 07:21:29
[2026-09-08 07:21:46] PID: 22392 | WS: 111.73 MB (dWS: 0.18 MB) | Commit: 113.22 MB (dPM: 0.06 MB) | VM: 4321.21 MB | CPU: 523.5s | SysFreeVM: 103719 MB | No ckpt change
[2026-09-08 07:21:57] PID: 22392 | WS: 111.73 MB (dWS: 0.18 MB) | Commit: 113.22 MB (dPM: 0.06 MB) | VM: 4321.21 MB | CPU: 533.6s | SysFreeVM: 103691 MB | No ckpt change
[2026-09-08 07:22:07] PID: 22392 | WS: 111.73 MB (dWS: 0.18 MB) | Commit: 113.22 MB (dPM: 0.06 MB) | VM: 4321.21 MB | CPU: 543.8s | SysFreeVM: 103690 MB | No ckpt change
[2026-09-08 07:22:17] PID: 22392 | WS: 111.74 MB (dWS: 0.19 MB) | Commit: 113.22 MB (dPM: 0.06 MB) | VM: 4321.21 MB | CPU: 553.9s | SysFreeVM: 103692 MB | Ckpt: 50MB at 07:22:11
[2026-09-08 07:22:27] PID: 22392 | WS: 111.74 MB (dWS: 0.19 MB) | Commit: 113.22 MB (dPM: 0.06 MB) | VM: 4321.21 MB | CPU: 564.1s | SysFreeVM: 103752 MB | No ckpt change
[2026-09-08 07:22:38] PID: 22392 | WS: 111.74 MB (dWS: 0.19 MB) | Commit: 113.22 MB (dPM: 0.06 MB) | VM: 4321.21 MB | CPU: 574.3s | SysFreeVM: 103727 MB | No ckpt change
[2026-09-08 07:22:48] PID: 22392 | WS: 111.74 MB (dWS: 0.19 MB) | Commit: 113.22 MB (dPM: 0.06 MB) | VM: 4321.21 MB | CPU: 584.4s | SysFreeVM: 103711 MB | No ckpt change
[2026-09-08 07:22:58] PID: 22392 | WS: 111.75 MB (dWS: 0.2 MB) | Commit: 113.22 MB (dPM: 0.06 MB) | VM: 4321.21 MB | CPU: 594.5s | SysFreeVM: 103729 MB | Ckpt: 50MB at 07:22:53
[2026-09-08 07:23:08] PID: 22392 | WS: 111.77 MB (dWS: 0.22 MB) | Commit: 113.25 MB (dPM: 0.09 MB) | VM: 4385.21 MB | CPU: 604.7s | SysFreeVM: 103710 MB | No ckpt change
[2026-09-08 07:23:19] PID: 22392 | WS: 111.77 MB (dWS: 0.22 MB) | Commit: 113.25 MB (dPM: 0.09 MB) | VM: 4385.21 MB | CPU: 614.8s | SysFreeVM: 103705 MB | No ckpt change
[2026-09-08 07:23:29] PID: 22392 | WS: 111.77 MB (dWS: 0.22 MB) | Commit: 113.25 MB (dPM: 0.09 MB) | VM: 4385.21 MB | CPU: 625s | SysFreeVM: 103721 MB | No ckpt change
[2026-09-08 07:23:39] PID: 22392 | WS: 111.81 MB (dWS: 0.26 MB) | Commit: 113.32 MB (dPM: 0.16 MB) | VM: 4385.21 MB | CPU: 635.1s | SysFreeVM: 103713 MB | Ckpt: 50MB at 07:23:35
[2026-09-08 07:23:49] PID: 22392 | WS: 111.81 MB (dWS: 0.26 MB) | Commit: 113.32 MB (dPM: 0.16 MB) | VM: 4385.21 MB | CPU: 645.2s | SysFreeVM: 103769 MB | No ckpt change
[2026-09-08 07:23:59] PID: 22392 | WS: 111.81 MB (dWS: 0.26 MB) | Commit: 113.32 MB (dPM: 0.16 MB) | VM: 4385.21 MB | CPU: 655.4s | SysFreeVM: 103781 MB | No ckpt change
[2026-09-08 07:24:10] PID: 22392 | WS: 111.8 MB (dWS: 0.25 MB) | Commit: 113.29 MB (dPM: 0.13 MB) | VM: 4321.21 MB | CPU: 665.6s | SysFreeVM: 103756 MB | No ckpt change
[2026-09-08 07:24:20] PID: 22392 | WS: 111.81 MB (dWS: 0.26 MB) | Commit: 113.29 MB (dPM: 0.13 MB) | VM: 4321.21 MB | CPU: 675.9s | SysFreeVM: 103742 MB | Ckpt: 50MB at 07:24:17
[2026-09-08 07:24:30] PID: 22392 | WS: 111.81 MB (dWS: 0.26 MB) | Commit: 113.29 MB (dPM: 0.13 MB) | VM: 4321.21 MB | CPU: 686.1s | SysFreeVM: 103727 MB | No ckpt change
[2026-09-08 07:24:40] PID: 22392 | WS: 111.81 MB (dWS: 0.26 MB) | Commit: 113.29 MB (dPM: 0.13 MB) | VM: 4321.21 MB | CPU: 696.3s | SysFreeVM: 103732 MB | No ckpt change
[2026-09-08 07:24:51] PID: 22392 | WS: 111.81 MB (dWS: 0.26 MB) | Commit: 113.29 MB (dPM: 0.13 MB) | VM: 4321.21 MB | CPU: 706.5s | SysFreeVM: 103717 MB | No ckpt change
[2026-09-08 07:25:01] PID: 22392 | WS: 111.81 MB (dWS: 0.26 MB) | Commit: 113.29 MB (dPM: 0.13 MB) | VM: 4321.21 MB | CPU: 716.6s | SysFreeVM: 103760 MB | Ckpt: 50MB at 07:24:59
[2026-09-08 07:25:11] PID: 22392 | WS: 111.81 MB (dWS: 0.26 MB) | Commit: 113.29 MB (dPM: 0.13 MB) | VM: 4321.21 MB | CPU: 726.8s | SysFreeVM: 103768 MB | No ckpt change
[2026-09-08 07:25:21] PID: 22392 | WS: 111.81 MB (dWS: 0.26 MB) | Commit: 113.29 MB (dPM: 0.13 MB) | VM: 4321.21 MB | CPU: 737s | SysFreeVM: 103755 MB | No ckpt change
[2026-09-08 07:25:32] PID: 22392 | WS: 111.81 MB (dWS: 0.26 MB) | Commit: 113.29 MB (dPM: 0.13 MB) | VM: 4321.21 MB | CPU: 747.2s | SysFreeVM: 103750 MB | No ckpt change
[2026-09-08 07:25:42] PID: 22392 | WS: 111.82 MB (dWS: 0.27 MB) | Commit: 113.29 MB (dPM: 0.13 MB) | VM: 4321.21 MB | CPU: 757.4s | SysFreeVM: 103742 MB | Ckpt: 50MB at 07:25:41
[2026-09-08 07:25:52] PID: 22392 | WS: 111.82 MB (dWS: 0.27 MB) | Commit: 113.29 MB (dPM: 0.13 MB) | VM: 4321.21 MB | CPU: 767.6s | SysFreeVM: 103734 MB | No ckpt change
[2026-09-08 07:26:02] PID: 22392 | WS: 111.82 MB (dWS: 0.27 MB) | Commit: 113.29 MB (dPM: 0.13 MB) | VM: 4321.21 MB | CPU: 777.8s | SysFreeVM: 103755 MB | No ckpt change
[2026-09-08 07:26:13] PID: 22392 | WS: 111.82 MB (dWS: 0.27 MB) | Commit: 113.29 MB (dPM: 0.13 MB) | VM: 4321.21 MB | CPU: 787.9s | SysFreeVM: 103767 MB | No ckpt change
[2026-09-08 07:26:23] PID: 22392 | WS: 111.82 MB (dWS: 0.27 MB) | Commit: 113.29 MB (dPM: 0.13 MB) | VM: 4321.21 MB | CPU: 798s | SysFreeVM: 103755 MB | No ckpt change
[2026-09-08 07:26:33] PID: 22392 | WS: 111.82 MB (dWS: 0.27 MB) | Commit: 113.29 MB (dPM: 0.13 MB) | VM: 4321.21 MB | CPU: 808.2s | SysFreeVM: 103720 MB | Ckpt: 50MB at 07:26:23
[2026-09-08 07:26:43] PID: 22392 | WS: 111.82 MB (dWS: 0.27 MB) | Commit: 113.29 MB (dPM: 0.13 MB) | VM: 4321.21 MB | CPU: 818.4s | SysFreeVM: 103701 MB | No ckpt change
[2026-09-08 07:26:54] PID: 22392 | WS: 111.82 MB (dWS: 0.27 MB) | Commit: 113.29 MB (dPM: 0.13 MB) | VM: 4321.21 MB | CPU: 828.5s | SysFreeVM: 103664 MB | No ckpt change
[2026-09-08 07:27:04] PID: 22392 | WS: 111.82 MB (dWS: 0.27 MB) | Commit: 113.29 MB (dPM: 0.13 MB) | VM: 4321.21 MB | CPU: 838.7s | SysFreeVM: 103617 MB | No ckpt change
[2026-09-08 07:27:14] PID: 22392 | WS: 111.82 MB (dWS: 0.27 MB) | Commit: 113.29 MB (dPM: 0.13 MB) | VM: 4321.21 MB | CPU: 848.9s | SysFreeVM: 103678 MB | Ckpt: 50MB at 07:27:05
[2026-09-08 07:27:24] PID: 22392 | WS: 111.82 MB (dWS: 0.27 MB) | Commit: 113.29 MB (dPM: 0.13 MB) | VM: 4321.21 MB | CPU: 859.1s | SysFreeVM: 103678 MB | No ckpt change
[2026-09-08 07:27:35] PID: 22392 | WS: 111.82 MB (dWS: 0.27 MB) | Commit: 113.29 MB (dPM: 0.13 MB) | VM: 4321.21 MB | CPU: 869.3s | SysFreeVM: 103688 MB | No ckpt change
[2026-09-08 07:27:45] PID: 22392 | WS: 111.82 MB (dWS: 0.27 MB) | Commit: 113.29 MB (dPM: 0.13 MB) | VM: 4321.21 MB | CPU: 879.5s | SysFreeVM: 103674 MB | No ckpt change
[2026-09-08 07:27:55] PID: 22392 | WS: 111.83 MB (dWS: 0.28 MB) | Commit: 113.29 MB (dPM: 0.13 MB) | VM: 4321.21 MB | CPU: 889.5s | SysFreeVM: 103689 MB | Ckpt: 50MB at 07:27:47
[2026-09-08 07:28:05] PID: 22392 | WS: 111.83 MB (dWS: 0.28 MB) | Commit: 113.29 MB (dPM: 0.13 MB) | VM: 4321.21 MB | CPU: 899.7s | SysFreeVM: 103670 MB | No ckpt change
[2026-09-08 07:28:16] PID: 22392 | WS: 111.83 MB (dWS: 0.28 MB) | Commit: 113.29 MB (dPM: 0.13 MB) | VM: 4321.21 MB | CPU: 909.9s | SysFreeVM: 103736 MB | No ckpt change
[2026-09-08 07:28:26] PID: 22392 | WS: 111.83 MB (dWS: 0.28 MB) | Commit: 113.29 MB (dPM: 0.13 MB) | VM: 4321.21 MB | CPU: 920.1s | SysFreeVM: 103745 MB | No ckpt change
[2026-09-08 07:28:36] PID: 22392 | WS: 111.85 MB (dWS: 0.3 MB) | Commit: 113.36 MB (dPM: 0.2 MB) | VM: 4321.21 MB | CPU: 930.3s | SysFreeVM: 103703 MB | Ckpt: 50MB at 07:28:29
[2026-09-08 07:28:46] PID: 22392 | WS: 111.85 MB (dWS: 0.3 MB) | Commit: 113.36 MB (dPM: 0.2 MB) | VM: 4321.21 MB | CPU: 940.5s | SysFreeVM: 103715 MB | No ckpt change
[2026-09-08 07:28:57] PID: 22392 | WS: 111.85 MB (dWS: 0.3 MB) | Commit: 113.36 MB (dPM: 0.2 MB) | VM: 4321.21 MB | CPU: 950.6s | SysFreeVM: 103593 MB | No ckpt change
[2026-09-08 07:29:07] PID: 22392 | WS: 111.85 MB (dWS: 0.3 MB) | Commit: 113.36 MB (dPM: 0.2 MB) | VM: 4321.21 MB | CPU: 960.7s | SysFreeVM: 102911 MB | No ckpt change
[2026-09-08 07:29:17] PID: 22392 | WS: 111.85 MB (dWS: 0.3 MB) | Commit: 113.36 MB (dPM: 0.2 MB) | VM: 4321.21 MB | CPU: 970.8s | SysFreeVM: 102964 MB | Ckpt: 50MB at 07:29:13
[2026-09-08 07:29:27] PID: 22392 | WS: 111.85 MB (dWS: 0.3 MB) | Commit: 113.36 MB (dPM: 0.2 MB) | VM: 4321.21 MB | CPU: 980.8s | SysFreeVM: 103094 MB | No ckpt change
[2026-09-08 07:29:38] PID: 22392 | WS: 111.85 MB (dWS: 0.3 MB) | Commit: 113.36 MB (dPM: 0.2 MB) | VM: 4321.21 MB | CPU: 990.8s | SysFreeVM: 103003 MB | No ckpt change
[2026-09-08 07:29:48] PID: 22392 | WS: 111.85 MB (dWS: 0.3 MB) | Commit: 113.36 MB (dPM: 0.2 MB) | VM: 4321.21 MB | CPU: 1000.9s | SysFreeVM: 103054 MB | No ckpt change
[2026-09-08 07:29:58] PID: 22392 | WS: 111.86 MB (dWS: 0.31 MB) | Commit: 113.36 MB (dPM: 0.2 MB) | VM: 4321.21 MB | CPU: 1011s | SysFreeVM: 103021 MB | Ckpt: 50MB at 07:29:57
[2026-09-08 07:30:08] PID: 22392 | WS: 111.86 MB (dWS: 0.31 MB) | Commit: 113.36 MB (dPM: 0.2 MB) | VM: 4321.21 MB | CPU: 1021.1s | SysFreeVM: 103056 MB | No ckpt change
[2026-09-08 07:30:19] PID: 22392 | WS: 111.86 MB (dWS: 0.31 MB) | Commit: 113.36 MB (dPM: 0.2 MB) | VM: 4321.21 MB | CPU: 1031.2s | SysFreeVM: 103108 MB | No ckpt change
[2026-09-08 07:30:29] PID: 22392 | WS: 111.86 MB (dWS: 0.31 MB) | Commit: 113.36 MB (dPM: 0.2 MB) | VM: 4321.21 MB | CPU: 1041.4s | SysFreeVM: 103152 MB | No ckpt change
[2026-09-08 07:30:39] PID: 22392 | WS: 111.86 MB (dWS: 0.31 MB) | Commit: 113.36 MB (dPM: 0.2 MB) | VM: 4321.21 MB | CPU: 1051.4s | SysFreeVM: 103138 MB | No ckpt change
[2026-09-08 07:30:49] PID: 22392 | WS: 111.88 MB (dWS: 0.33 MB) | Commit: 113.36 MB (dPM: 0.2 MB) | VM: 4321.21 MB | CPU: 1061.5s | SysFreeVM: 103102 MB | Ckpt: 50MB at 07:30:41
[2026-09-08 07:31:00] PID: 22392 | WS: 111.88 MB (dWS: 0.33 MB) | Commit: 113.36 MB (dPM: 0.2 MB) | VM: 4321.21 MB | CPU: 1071.6s | SysFreeVM: 103084 MB | No ckpt change
[2026-09-08 07:31:10] PID: 22392 | WS: 111.88 MB (dWS: 0.33 MB) | Commit: 113.36 MB (dPM: 0.2 MB) | VM: 4321.21 MB | CPU: 1081.8s | SysFreeVM: 103081 MB | No ckpt change
[2026-09-08 07:31:20] PID: 22392 | WS: 111.88 MB (dWS: 0.33 MB) | Commit: 113.36 MB (dPM: 0.2 MB) | VM: 4321.21 MB | CPU: 1091.8s | SysFreeVM: 103083 MB | No ckpt change
[2026-09-08 07:31:30] PID: 22392 | WS: 111.89 MB (dWS: 0.34 MB) | Commit: 113.36 MB (dPM: 0.2 MB) | VM: 4321.21 MB | CPU: 1101.9s | SysFreeVM: 103103 MB | Ckpt: 50MB at 07:31:26
[2026-09-08 07:31:41] PID: 22392 | WS: 111.89 MB (dWS: 0.34 MB) | Commit: 113.36 MB (dPM: 0.2 MB) | VM: 4321.21 MB | CPU: 1112s | SysFreeVM: 103166 MB | No ckpt change
[2026-09-08 07:31:51] PID: 22392 | WS: 111.89 MB (dWS: 0.34 MB) | Commit: 113.36 MB (dPM: 0.2 MB) | VM: 4321.21 MB | CPU: 1122.1s | SysFreeVM: 103149 MB | No ckpt change
[2026-09-08 07:32:01] PID: 22392 | WS: 111.89 MB (dWS: 0.34 MB) | Commit: 113.36 MB (dPM: 0.2 MB) | VM: 4321.21 MB | CPU: 1132.1s | SysFreeVM: 102995 MB | No ckpt change
[2026-09-08 07:32:11] PID: 22392 | WS: 161.89 MB (dWS: 50.34 MB) | Commit: 163.46 MB (dPM: 50.3 MB) | VM: 4371.24 MB | CPU: 1142.2s | SysFreeVM: 103039 MB | Ckpt: 50MB at 07:32:11
[2026-09-08 07:32:22] PID: 22392 | WS: 111.89 MB (dWS: 0.34 MB) | Commit: 113.36 MB (dPM: 0.2 MB) | VM: 4321.21 MB | CPU: 1152.3s | SysFreeVM: 103111 MB | No ckpt change
[2026-09-08 07:32:32] PID: 22392 | WS: 111.89 MB (dWS: 0.34 MB) | Commit: 113.36 MB (dPM: 0.2 MB) | VM: 4321.21 MB | CPU: 1162.3s | SysFreeVM: 103034 MB | No ckpt change
[2026-09-08 07:32:42] PID: 22392 | WS: 111.89 MB (dWS: 0.34 MB) | Commit: 113.36 MB (dPM: 0.2 MB) | VM: 4321.21 MB | CPU: 1172.4s | SysFreeVM: 103013 MB | No ckpt change
[2026-09-08 07:32:52] PID: 22392 | WS: 111.89 MB (dWS: 0.34 MB) | Commit: 113.36 MB (dPM: 0.2 MB) | VM: 4321.21 MB | CPU: 1182.5s | SysFreeVM: 103025 MB | No ckpt change
[2026-09-08 07:33:03] PID: 22392 | WS: 111.89 MB (dWS: 0.34 MB) | Commit: 113.36 MB (dPM: 0.2 MB) | VM: 4321.21 MB | CPU: 1192.5s | SysFreeVM: 103109 MB | Ckpt: 50MB at 07:32:56
[2026-09-08 07:33:13] PID: 22392 | WS: 111.89 MB (dWS: 0.34 MB) | Commit: 113.36 MB (dPM: 0.2 MB) | VM: 4321.21 MB | CPU: 1202.6s | SysFreeVM: 103126 MB | No ckpt change
[2026-09-08 07:33:23] PID: 22392 | WS: 111.89 MB (dWS: 0.34 MB) | Commit: 113.36 MB (dPM: 0.2 MB) | VM: 4321.21 MB | CPU: 1212.8s | SysFreeVM: 103127 MB | No ckpt change
[2026-09-08 07:33:33] PID: 22392 | WS: 111.89 MB (dWS: 0.34 MB) | Commit: 113.36 MB (dPM: 0.2 MB) | VM: 4321.21 MB | CPU: 1222.9s | SysFreeVM: 103067 MB | No ckpt change
[2026-09-08 07:33:44] PID: 22392 | WS: 111.93 MB (dWS: 0.38 MB) | Commit: 113.42 MB (dPM: 0.26 MB) | VM: 4321.21 MB | CPU: 1233s | SysFreeVM: 103016 MB | Ckpt: 50MB at 07:33:41
[2026-09-08 07:33:54] PID: 22392 | WS: 111.93 MB (dWS: 0.38 MB) | Commit: 113.42 MB (dPM: 0.26 MB) | VM: 4321.21 MB | CPU: 1243.1s | SysFreeVM: 103063 MB | No ckpt change
[2026-09-08 07:34:04] PID: 22392 | WS: 111.93 MB (dWS: 0.38 MB) | Commit: 113.42 MB (dPM: 0.26 MB) | VM: 4321.21 MB | CPU: 1253.2s | SysFreeVM: 103154 MB | No ckpt change
[2026-09-08 07:34:14] PID: 22392 | WS: 111.93 MB (dWS: 0.38 MB) | Commit: 113.42 MB (dPM: 0.26 MB) | VM: 4321.21 MB | CPU: 1263.2s | SysFreeVM: 103156 MB | No ckpt change
[2026-09-08 07:34:25] PID: 22392 | WS: 111.93 MB (dWS: 0.38 MB) | Commit: 113.42 MB (dPM: 0.26 MB) | VM: 4321.21 MB | CPU: 1273.3s | SysFreeVM: 103122 MB | No ckpt change
[2026-09-08 07:34:35] PID: 22392 | WS: 111.94 MB (dWS: 0.39 MB) | Commit: 113.42 MB (dPM: 0.26 MB) | VM: 4321.21 MB | CPU: 1283.4s | SysFreeVM: 103055 MB | Ckpt: 50MB at 07:34:26
[2026-09-08 07:34:45] PID: 22392 | WS: 111.94 MB (dWS: 0.39 MB) | Commit: 113.42 MB (dPM: 0.26 MB) | VM: 4321.21 MB | CPU: 1293.5s | SysFreeVM: 103107 MB | No ckpt change
[2026-09-08 07:34:55] PID: 22392 | WS: 111.94 MB (dWS: 0.39 MB) | Commit: 113.42 MB (dPM: 0.26 MB) | VM: 4321.21 MB | CPU: 1303.6s | SysFreeVM: 103040 MB | No ckpt change
[2026-09-08 07:35:06] PID: 22392 | WS: 111.94 MB (dWS: 0.39 MB) | Commit: 113.42 MB (dPM: 0.26 MB) | VM: 4321.21 MB | CPU: 1313.8s | SysFreeVM: 103097 MB | No ckpt change
[2026-09-08 07:35:16] PID: 22392 | WS: 111.94 MB (dWS: 0.39 MB) | Commit: 113.42 MB (dPM: 0.26 MB) | VM: 4321.21 MB | CPU: 1323.9s | SysFreeVM: 103094 MB | Ckpt: 50MB at 07:35:11
[2026-09-08 07:35:26] PID: 22392 | WS: 111.94 MB (dWS: 0.39 MB) | Commit: 113.42 MB (dPM: 0.26 MB) | VM: 4321.21 MB | CPU: 1334s | SysFreeVM: 103093 MB | No ckpt change
[2026-09-08 07:35:36] PID: 22392 | WS: 111.94 MB (dWS: 0.39 MB) | Commit: 113.42 MB (dPM: 0.26 MB) | VM: 4321.21 MB | CPU: 1344.1s | SysFreeVM: 103154 MB | No ckpt change
[2026-09-08 07:35:47] PID: 22392 | WS: 111.94 MB (dWS: 0.39 MB) | Commit: 113.42 MB (dPM: 0.26 MB) | VM: 4321.21 MB | CPU: 1354.2s | SysFreeVM: 103165 MB | No ckpt change
[2026-09-08 07:35:57] PID: 22392 | WS: 111.94 MB (dWS: 0.39 MB) | Commit: 113.42 MB (dPM: 0.26 MB) | VM: 4321.21 MB | CPU: 1364.1s | SysFreeVM: 103154 MB | Ckpt: 50MB at 07:35:56
[2026-09-08 07:36:07] PID: 22392 | WS: 111.94 MB (dWS: 0.39 MB) | Commit: 113.42 MB (dPM: 0.26 MB) | VM: 4321.21 MB | CPU: 1374.2s | SysFreeVM: 103046 MB | No ckpt change
[2026-09-08 07:36:17] PID: 22392 | WS: 111.94 MB (dWS: 0.39 MB) | Commit: 113.42 MB (dPM: 0.26 MB) | VM: 4321.21 MB | CPU: 1384.3s | SysFreeVM: 103066 MB | No ckpt change
[2026-09-08 07:36:28] PID: 22392 | WS: 111.94 MB (dWS: 0.39 MB) | Commit: 113.42 MB (dPM: 0.26 MB) | VM: 4321.21 MB | CPU: 1394.3s | SysFreeVM: 103109 MB | No ckpt change
[2026-09-08 07:36:38] PID: 22392 | WS: 111.94 MB (dWS: 0.39 MB) | Commit: 113.42 MB (dPM: 0.26 MB) | VM: 4321.21 MB | CPU: 1404.4s | SysFreeVM: 103065 MB | No ckpt change
[2026-09-08 07:36:48] PID: 22392 | WS: 111.94 MB (dWS: 0.39 MB) | Commit: 113.42 MB (dPM: 0.26 MB) | VM: 4321.21 MB | CPU: 1414.5s | SysFreeVM: 103051 MB | Ckpt: 50MB at 07:36:41
[2026-09-08 07:36:58] PID: 22392 | WS: 111.94 MB (dWS: 0.39 MB) | Commit: 113.42 MB (dPM: 0.26 MB) | VM: 4321.21 MB | CPU: 1424.6s | SysFreeVM: 103066 MB | No ckpt change
[2026-09-08 07:37:09] PID: 22392 | WS: 111.94 MB (dWS: 0.39 MB) | Commit: 113.42 MB (dPM: 0.26 MB) | VM: 4321.21 MB | CPU: 1434.7s | SysFreeVM: 103012 MB | No ckpt change
[2026-09-08 07:37:19] PID: 22392 | WS: 111.94 MB (dWS: 0.39 MB) | Commit: 113.42 MB (dPM: 0.26 MB) | VM: 4321.21 MB | CPU: 1444.7s | SysFreeVM: 103119 MB | No ckpt change
[2026-09-08 07:37:29] PID: 22392 | WS: 111.95 MB (dWS: 0.4 MB) | Commit: 113.42 MB (dPM: 0.26 MB) | VM: 4321.21 MB | CPU: 1454.8s | SysFreeVM: 103096 MB | Ckpt: 50MB at 07:37:27
[2026-09-08 07:37:39] PID: 22392 | WS: 111.95 MB (dWS: 0.4 MB) | Commit: 113.42 MB (dPM: 0.26 MB) | VM: 4321.21 MB | CPU: 1465s | SysFreeVM: 103149 MB | No ckpt change
[2026-09-08 07:37:50] PID: 22392 | WS: 111.95 MB (dWS: 0.4 MB) | Commit: 113.42 MB (dPM: 0.26 MB) | VM: 4321.21 MB | CPU: 1475s | SysFreeVM: 103151 MB | No ckpt change
[2026-09-08 07:38:00] PID: 22392 | WS: 111.95 MB (dWS: 0.4 MB) | Commit: 113.42 MB (dPM: 0.26 MB) | VM: 4321.21 MB | CPU: 1485s | SysFreeVM: 103085 MB | No ckpt change
[2026-09-08 07:38:10] PID: 22392 | WS: 111.95 MB (dWS: 0.4 MB) | Commit: 113.42 MB (dPM: 0.26 MB) | VM: 4321.21 MB | CPU: 1495.1s | SysFreeVM: 103117 MB | No ckpt change
[2026-09-08 07:38:20] PID: 22392 | WS: 111.96 MB (dWS: 0.41 MB) | Commit: 113.42 MB (dPM: 0.26 MB) | VM: 4321.21 MB | CPU: 1505s | SysFreeVM: 103078 MB | Ckpt: 50MB at 07:38:12
[2026-09-08 07:38:31] PID: 22392 | WS: 111.96 MB (dWS: 0.41 MB) | Commit: 113.42 MB (dPM: 0.26 MB) | VM: 4321.21 MB | CPU: 1515.2s | SysFreeVM: 103115 MB | No ckpt change
[2026-09-08 07:38:41] PID: 22392 | WS: 111.96 MB (dWS: 0.41 MB) | Commit: 113.42 MB (dPM: 0.26 MB) | VM: 4321.21 MB | CPU: 1525.3s | SysFreeVM: 103095 MB | No ckpt change
[2026-09-08 07:38:51] PID: 22392 | WS: 111.96 MB (dWS: 0.41 MB) | Commit: 113.42 MB (dPM: 0.26 MB) | VM: 4321.21 MB | CPU: 1535.3s | SysFreeVM: 103123 MB | No ckpt change
[2026-09-08 07:39:01] PID: 22392 | WS: 111.97 MB (dWS: 0.42 MB) | Commit: 113.49 MB (dPM: 0.33 MB) | VM: 4321.21 MB | CPU: 1545.4s | SysFreeVM: 103109 MB | Ckpt: 50MB at 07:38:57
[2026-09-08 07:39:12] PID: 22392 | WS: 111.97 MB (dWS: 0.42 MB) | Commit: 113.49 MB (dPM: 0.33 MB) | VM: 4321.21 MB | CPU: 1555.4s | SysFreeVM: 103095 MB | No ckpt change
[2026-09-08 07:39:22] PID: 22392 | WS: 111.97 MB (dWS: 0.42 MB) | Commit: 113.49 MB (dPM: 0.33 MB) | VM: 4321.21 MB | CPU: 1565.5s | SysFreeVM: 103845 MB | No ckpt change
[2026-09-08 07:39:32] PID: 22392 | WS: 111.97 MB (dWS: 0.42 MB) | Commit: 113.49 MB (dPM: 0.33 MB) | VM: 4321.21 MB | CPU: 1575.7s | SysFreeVM: 104082 MB | No ckpt change
[2026-09-08 07:39:43] PID: 22392 | WS: 111.99 MB (dWS: 0.44 MB) | Commit: 113.49 MB (dPM: 0.33 MB) | VM: 4321.21 MB | CPU: 1586s | SysFreeVM: 104101 MB | Ckpt: 50MB at 07:39:41
[2026-09-08 07:39:53] PID: 22392 | WS: 111.99 MB (dWS: 0.44 MB) | Commit: 113.49 MB (dPM: 0.33 MB) | VM: 4321.21 MB | CPU: 1596.1s | SysFreeVM: 104136 MB | No ckpt change
[2026-09-08 07:40:03] PID: 22392 | WS: 111.99 MB (dWS: 0.44 MB) | Commit: 113.49 MB (dPM: 0.33 MB) | VM: 4321.21 MB | CPU: 1606.3s | SysFreeVM: 104138 MB | No ckpt change
[2026-09-08 07:40:13] PID: 22392 | WS: 111.99 MB (dWS: 0.44 MB) | Commit: 113.49 MB (dPM: 0.33 MB) | VM: 4321.21 MB | CPU: 1616.5s | SysFreeVM: 104180 MB | No ckpt change
[2026-09-08 07:40:24] PID: 22392 | WS: 111.99 MB (dWS: 0.44 MB) | Commit: 113.49 MB (dPM: 0.33 MB) | VM: 4321.21 MB | CPU: 1626.7s | SysFreeVM: 104171 MB | No ckpt change
[2026-09-08 07:40:34] PID: 22392 | WS: 112 MB (dWS: 0.45 MB) | Commit: 113.49 MB (dPM: 0.33 MB) | VM: 4321.21 MB | CPU: 1636.9s | SysFreeVM: 104171 MB | Ckpt: 50MB at 07:40:24
[2026-09-08 07:40:44] PID: 22392 | WS: 112 MB (dWS: 0.45 MB) | Commit: 113.49 MB (dPM: 0.33 MB) | VM: 4321.21 MB | CPU: 1647s | SysFreeVM: 104167 MB | No ckpt change
[2026-09-08 07:40:54] PID: 22392 | WS: 112 MB (dWS: 0.45 MB) | Commit: 113.49 MB (dPM: 0.33 MB) | VM: 4321.21 MB | CPU: 1657.2s | SysFreeVM: 104180 MB | No ckpt change
[2026-09-08 07:41:05] PID: 22392 | WS: 112 MB (dWS: 0.45 MB) | Commit: 113.49 MB (dPM: 0.33 MB) | VM: 4321.21 MB | CPU: 1667.4s | SysFreeVM: 104154 MB | No ckpt change
[2026-09-08 07:41:15] PID: 22392 | WS: 112.01 MB (dWS: 0.46 MB) | Commit: 113.49 MB (dPM: 0.33 MB) | VM: 4321.21 MB | CPU: 1677.6s | SysFreeVM: 104191 MB | Ckpt: 50MB at 07:41:07
[2026-09-08 07:41:25] PID: 22392 | WS: 112.01 MB (dWS: 0.46 MB) | Commit: 113.49 MB (dPM: 0.33 MB) | VM: 4321.21 MB | CPU: 1687.8s | SysFreeVM: 104139 MB | No ckpt change
[2026-09-08 07:41:35] PID: 22392 | WS: 112.01 MB (dWS: 0.46 MB) | Commit: 113.49 MB (dPM: 0.33 MB) | VM: 4321.21 MB | CPU: 1698s | SysFreeVM: 104100 MB | No ckpt change
[2026-09-08 07:41:46] PID: 22392 | WS: 112.01 MB (dWS: 0.46 MB) | Commit: 113.49 MB (dPM: 0.33 MB) | VM: 4321.21 MB | CPU: 1708.3s | SysFreeVM: 104091 MB | No ckpt change
[2026-09-08 07:41:56] PID: 22392 | WS: 112.01 MB (dWS: 0.46 MB) | Commit: 113.49 MB (dPM: 0.33 MB) | VM: 4321.21 MB | CPU: 1718.5s | SysFreeVM: 103938 MB | Ckpt: 50MB at 07:41:49
[2026-09-08 07:42:06] PID: 22392 | WS: 112.01 MB (dWS: 0.46 MB) | Commit: 113.49 MB (dPM: 0.33 MB) | VM: 4321.21 MB | CPU: 1728.8s | SysFreeVM: 103869 MB | No ckpt change
[2026-09-08 07:42:16] PID: 22392 | WS: 112.01 MB (dWS: 0.46 MB) | Commit: 113.49 MB (dPM: 0.33 MB) | VM: 4321.21 MB | CPU: 1739s | SysFreeVM: 103838 MB | No ckpt change
[2026-09-08 07:42:27] PID: 22392 | WS: 112.01 MB (dWS: 0.46 MB) | Commit: 113.49 MB (dPM: 0.33 MB) | VM: 4321.21 MB | CPU: 1749.3s | SysFreeVM: 103901 MB | No ckpt change
[2026-09-08 07:42:37] PID: 22392 | WS: 112.02 MB (dWS: 0.47 MB) | Commit: 113.49 MB (dPM: 0.33 MB) | VM: 4321.21 MB | CPU: 1759.5s | SysFreeVM: 103858 MB | Ckpt: 50MB at 07:42:32
[2026-09-08 07:42:47] PID: 22392 | WS: 112.02 MB (dWS: 0.47 MB) | Commit: 113.49 MB (dPM: 0.33 MB) | VM: 4321.21 MB | CPU: 1769.7s | SysFreeVM: 103882 MB | No ckpt change
[2026-09-08 07:42:57] PID: 22392 | WS: 112.02 MB (dWS: 0.47 MB) | Commit: 113.49 MB (dPM: 0.33 MB) | VM: 4321.21 MB | CPU: 1779.9s | SysFreeVM: 103866 MB | No ckpt change
[2026-09-08 07:43:08] PID: 22392 | WS: 112.02 MB (dWS: 0.47 MB) | Commit: 113.49 MB (dPM: 0.33 MB) | VM: 4321.21 MB | CPU: 1790.1s | SysFreeVM: 103869 MB | No ckpt change
[2026-09-08 07:43:18] PID: 22392 | WS: 112.02 MB (dWS: 0.47 MB) | Commit: 113.49 MB (dPM: 0.33 MB) | VM: 4321.21 MB | CPU: 1800.3s | SysFreeVM: 103841 MB | Ckpt: 50MB at 07:43:16
[2026-09-08 07:43:28] PID: 22392 | WS: 112.02 MB (dWS: 0.47 MB) | Commit: 113.49 MB (dPM: 0.33 MB) | VM: 4321.21 MB | CPU: 1810.5s | SysFreeVM: 103820 MB | No ckpt change
[2026-09-08 07:43:38] PID: 22392 | WS: 112.02 MB (dWS: 0.47 MB) | Commit: 113.49 MB (dPM: 0.33 MB) | VM: 4321.21 MB | CPU: 1820.8s | SysFreeVM: 103866 MB | No ckpt change
[2026-09-08 07:43:49] PID: 22392 | WS: 112.02 MB (dWS: 0.47 MB) | Commit: 113.49 MB (dPM: 0.33 MB) | VM: 4321.21 MB | CPU: 1831s | SysFreeVM: 103865 MB | No ckpt change
[2026-09-08 07:43:59] PID: 22392 | WS: 112.02 MB (dWS: 0.47 MB) | Commit: 113.49 MB (dPM: 0.33 MB) | VM: 4321.21 MB | CPU: 1841.3s | SysFreeVM: 103879 MB | No ckpt change
[2026-09-08 07:44:09] PID: 22392 | WS: 112.03 MB (dWS: 0.48 MB) | Commit: 113.49 MB (dPM: 0.33 MB) | VM: 4321.21 MB | CPU: 1851.5s | SysFreeVM: 103852 MB | Ckpt: 50MB at 07:43:59
[2026-09-08 07:44:19] PID: 22392 | WS: 112.03 MB (dWS: 0.48 MB) | Commit: 113.49 MB (dPM: 0.33 MB) | VM: 4321.21 MB | CPU: 1861.7s | SysFreeVM: 103861 MB | No ckpt change
[2026-09-08 07:44:30] PID: 22392 | WS: 112.03 MB (dWS: 0.48 MB) | Commit: 113.49 MB (dPM: 0.33 MB) | VM: 4321.21 MB | CPU: 1872s | SysFreeVM: 103848 MB | No ckpt change
[2026-09-08 07:44:40] PID: 22392 | WS: 112.03 MB (dWS: 0.48 MB) | Commit: 113.49 MB (dPM: 0.33 MB) | VM: 4321.21 MB | CPU: 1882.2s | SysFreeVM: 103850 MB | No ckpt change
[2026-09-08 07:44:50] PID: 22392 | WS: 112.05 MB (dWS: 0.5 MB) | Commit: 113.55 MB (dPM: 0.39 MB) | VM: 4321.21 MB | CPU: 1892.4s | SysFreeVM: 103871 MB | Ckpt: 50MB at 07:44:43
[2026-09-08 07:45:00] PID: 22392 | WS: 112.05 MB (dWS: 0.5 MB) | Commit: 113.55 MB (dPM: 0.39 MB) | VM: 4321.21 MB | CPU: 1902.6s | SysFreeVM: 103874 MB | No ckpt change
[2026-09-08 07:45:11] PID: 22392 | WS: 112.05 MB (dWS: 0.5 MB) | Commit: 113.55 MB (dPM: 0.39 MB) | VM: 4321.21 MB | CPU: 1912.8s | SysFreeVM: 103883 MB | No ckpt change
[2026-09-08 07:45:21] PID: 22392 | WS: 112.05 MB (dWS: 0.5 MB) | Commit: 113.55 MB (dPM: 0.39 MB) | VM: 4321.21 MB | CPU: 1923s | SysFreeVM: 103861 MB | No ckpt change
[2026-09-08 07:45:31] PID: 22392 | WS: 112.06 MB (dWS: 0.51 MB) | Commit: 113.55 MB (dPM: 0.39 MB) | VM: 4321.21 MB | CPU: 1933.2s | SysFreeVM: 103861 MB | Ckpt: 50MB at 07:45:26
[2026-09-08 07:45:41] PID: 22392 | WS: 112.06 MB (dWS: 0.51 MB) | Commit: 113.55 MB (dPM: 0.39 MB) | VM: 4321.21 MB | CPU: 1943.4s | SysFreeVM: 103854 MB | No ckpt change
[2026-09-08 07:45:52] PID: 22392 | WS: 112.06 MB (dWS: 0.51 MB) | Commit: 113.55 MB (dPM: 0.39 MB) | VM: 4321.21 MB | CPU: 1953.7s | SysFreeVM: 104159 MB | No ckpt change
[2026-09-08 07:46:02] PID: 22392 | WS: 112.06 MB (dWS: 0.51 MB) | Commit: 113.55 MB (dPM: 0.39 MB) | VM: 4321.21 MB | CPU: 1963.8s | SysFreeVM: 104193 MB | No ckpt change
[2026-09-08 07:46:12] PID: 22392 | WS: 112.06 MB (dWS: 0.51 MB) | Commit: 113.55 MB (dPM: 0.39 MB) | VM: 4321.21 MB | CPU: 1973.9s | SysFreeVM: 104198 MB | Ckpt: 50MB at 07:46:08
[2026-09-08 07:46:22] PID: 22392 | WS: 112.06 MB (dWS: 0.51 MB) | Commit: 113.55 MB (dPM: 0.39 MB) | VM: 4321.21 MB | CPU: 1984s | SysFreeVM: 104215 MB | No ckpt change
[2026-09-08 07:46:32] PID: 22392 | WS: 112.06 MB (dWS: 0.51 MB) | Commit: 113.55 MB (dPM: 0.39 MB) | VM: 4321.21 MB | CPU: 1994.2s | SysFreeVM: 104186 MB | No ckpt change
[2026-09-08 07:46:43] PID: 22392 | WS: 112.06 MB (dWS: 0.51 MB) | Commit: 113.55 MB (dPM: 0.39 MB) | VM: 4321.21 MB | CPU: 2004.4s | SysFreeVM: 104181 MB | No ckpt change
[2026-09-08 07:46:53] PID: 22392 | WS: 112.07 MB (dWS: 0.52 MB) | Commit: 113.55 MB (dPM: 0.39 MB) | VM: 4321.21 MB | CPU: 2014.6s | SysFreeVM: 104119 MB | Ckpt: 50MB at 07:46:51
[2026-09-08 07:47:03] PID: 22392 | WS: 112.07 MB (dWS: 0.52 MB) | Commit: 113.55 MB (dPM: 0.39 MB) | VM: 4321.21 MB | CPU: 2024.9s | SysFreeVM: 104115 MB | No ckpt change
[2026-09-08 07:47:13] PID: 22392 | WS: 112.07 MB (dWS: 0.52 MB) | Commit: 113.55 MB (dPM: 0.39 MB) | VM: 4321.21 MB | CPU: 2035.1s | SysFreeVM: 104147 MB | No ckpt change
[2026-09-08 07:47:24] PID: 22392 | WS: 112.07 MB (dWS: 0.52 MB) | Commit: 113.55 MB (dPM: 0.39 MB) | VM: 4321.21 MB | CPU: 2045.3s | SysFreeVM: 104192 MB | No ckpt change
[2026-09-08 07:47:34] PID: 22392 | WS: 112.07 MB (dWS: 0.52 MB) | Commit: 113.55 MB (dPM: 0.39 MB) | VM: 4321.21 MB | CPU: 2055.5s | SysFreeVM: 104174 MB | Ckpt: 50MB at 07:47:33
[2026-09-08 07:47:44] PID: 22392 | WS: 112.07 MB (dWS: 0.52 MB) | Commit: 113.55 MB (dPM: 0.39 MB) | VM: 4321.21 MB | CPU: 2065.7s | SysFreeVM: 104185 MB | No ckpt change
[2026-09-08 07:47:54] PID: 22392 | WS: 112.07 MB (dWS: 0.52 MB) | Commit: 113.55 MB (dPM: 0.39 MB) | VM: 4321.21 MB | CPU: 2075.9s | SysFreeVM: 104171 MB | No ckpt change
[2026-09-08 07:48:05] PID: 22392 | WS: 112.07 MB (dWS: 0.52 MB) | Commit: 113.55 MB (dPM: 0.39 MB) | VM: 4321.21 MB | CPU: 2086.1s | SysFreeVM: 104168 MB | No ckpt change
[2026-09-08 07:48:15] PID: 22392 | WS: 112.07 MB (dWS: 0.52 MB) | Commit: 113.55 MB (dPM: 0.39 MB) | VM: 4321.21 MB | CPU: 2096.3s | SysFreeVM: 104160 MB | No ckpt change
[2026-09-08 07:48:25] PID: 22392 | WS: 112.07 MB (dWS: 0.52 MB) | Commit: 113.55 MB (dPM: 0.39 MB) | VM: 4321.21 MB | CPU: 2106.4s | SysFreeVM: 104169 MB | Ckpt: 50MB at 07:48:15
[2026-09-08 07:48:35] PID: 22392 | WS: 112.07 MB (dWS: 0.52 MB) | Commit: 113.55 MB (dPM: 0.39 MB) | VM: 4321.21 MB | CPU: 2116.6s | SysFreeVM: 104223 MB | No ckpt change
[2026-09-08 07:48:46] PID: 22392 | WS: 112.07 MB (dWS: 0.52 MB) | Commit: 113.55 MB (dPM: 0.39 MB) | VM: 4321.21 MB | CPU: 2126.8s | SysFreeVM: 104229 MB | No ckpt change
[2026-09-08 07:48:56] PID: 22392 | WS: 112.07 MB (dWS: 0.52 MB) | Commit: 113.55 MB (dPM: 0.39 MB) | VM: 4321.21 MB | CPU: 2136.9s | SysFreeVM: 104222 MB | No ckpt change
[2026-09-08 07:49:06] PID: 22392 | WS: 112.09 MB (dWS: 0.54 MB) | Commit: 113.55 MB (dPM: 0.39 MB) | VM: 4321.21 MB | CPU: 2147s | SysFreeVM: 104190 MB | Ckpt: 50MB at 07:48:58
[2026-09-08 07:49:16] PID: 22392 | WS: 112.09 MB (dWS: 0.54 MB) | Commit: 113.55 MB (dPM: 0.39 MB) | VM: 4321.21 MB | CPU: 2157.2s | SysFreeVM: 104169 MB | No ckpt change
[2026-09-08 07:49:27] PID: 22392 | WS: 112.09 MB (dWS: 0.54 MB) | Commit: 113.55 MB (dPM: 0.39 MB) | VM: 4321.21 MB | CPU: 2167.4s | SysFreeVM: 104174 MB | No ckpt change
[2026-09-08 07:49:37] PID: 22392 | WS: 112.09 MB (dWS: 0.54 MB) | Commit: 113.55 MB (dPM: 0.39 MB) | VM: 4321.21 MB | CPU: 2177.6s | SysFreeVM: 104173 MB | No ckpt change
[2026-09-08 07:49:47] PID: 22392 | WS: 112.09 MB (dWS: 0.54 MB) | Commit: 113.55 MB (dPM: 0.39 MB) | VM: 4321.21 MB | CPU: 2187.7s | SysFreeVM: 104152 MB | Ckpt: 50MB at 07:49:40
[2026-09-08 07:49:57] PID: 22392 | WS: 112.09 MB (dWS: 0.54 MB) | Commit: 113.55 MB (dPM: 0.39 MB) | VM: 4321.21 MB | CPU: 2197.9s | SysFreeVM: 104207 MB | No ckpt change
[2026-09-08 07:50:08] PID: 22392 | WS: 112.09 MB (dWS: 0.54 MB) | Commit: 113.55 MB (dPM: 0.39 MB) | VM: 4321.21 MB | CPU: 2208.1s | SysFreeVM: 104228 MB | No ckpt change
[2026-09-08 07:50:18] PID: 22392 | WS: 112.09 MB (dWS: 0.54 MB) | Commit: 113.55 MB (dPM: 0.39 MB) | VM: 4321.21 MB | CPU: 2218.2s | SysFreeVM: 104183 MB | No ckpt change
[2026-09-08 07:50:28] PID: 22392 | WS: 112.1 MB (dWS: 0.55 MB) | Commit: 113.55 MB (dPM: 0.39 MB) | VM: 4321.21 MB | CPU: 2228.3s | SysFreeVM: 104185 MB | Ckpt: 50MB at 07:50:22
[2026-09-08 07:50:38] PID: 22392 | WS: 112.1 MB (dWS: 0.55 MB) | Commit: 113.55 MB (dPM: 0.39 MB) | VM: 4321.21 MB | CPU: 2238.5s | SysFreeVM: 104195 MB | No ckpt change
[2026-09-08 07:50:48] PID: 22392 | WS: 112.1 MB (dWS: 0.55 MB) | Commit: 113.55 MB (dPM: 0.39 MB) | VM: 4321.21 MB | CPU: 2248.7s | SysFreeVM: 104187 MB | No ckpt change
[2026-09-08 07:50:59] PID: 22392 | WS: 112.1 MB (dWS: 0.55 MB) | Commit: 113.55 MB (dPM: 0.39 MB) | VM: 4321.21 MB | CPU: 2258.9s | SysFreeVM: 104151 MB | No ckpt change
[2026-09-08 07:51:09] PID: 22392 | WS: 112.12 MB (dWS: 0.57 MB) | Commit: 113.62 MB (dPM: 0.46 MB) | VM: 4321.21 MB | CPU: 2269s | SysFreeVM: 104201 MB | Ckpt: 50MB at 07:51:04
[2026-09-08 07:51:19] PID: 22392 | WS: 112.12 MB (dWS: 0.57 MB) | Commit: 113.62 MB (dPM: 0.46 MB) | VM: 4321.21 MB | CPU: 2279.2s | SysFreeVM: 104182 MB | No ckpt change
[2026-09-08 07:51:29] PID: 22392 | WS: 112.12 MB (dWS: 0.57 MB) | Commit: 113.62 MB (dPM: 0.46 MB) | VM: 4321.21 MB | CPU: 2289.4s | SysFreeVM: 104199 MB | No ckpt change
[2026-09-08 07:51:40] PID: 22392 | WS: 112.12 MB (dWS: 0.57 MB) | Commit: 113.62 MB (dPM: 0.46 MB) | VM: 4321.21 MB | CPU: 2299.6s | SysFreeVM: 104193 MB | No ckpt change
[2026-09-08 07:51:50] PID: 22392 | WS: 112.13 MB (dWS: 0.58 MB) | Commit: 113.62 MB (dPM: 0.46 MB) | VM: 4321.21 MB | CPU: 2309.8s | SysFreeVM: 104132 MB | Ckpt: 50MB at 07:51:46
[2026-09-08 07:52:00] PID: 22392 | WS: 112.13 MB (dWS: 0.58 MB) | Commit: 113.62 MB (dPM: 0.46 MB) | VM: 4321.21 MB | CPU: 2319.9s | SysFreeVM: 104154 MB | No ckpt change
[2026-09-08 07:52:10] PID: 22392 | WS: 112.13 MB (dWS: 0.58 MB) | Commit: 113.62 MB (dPM: 0.46 MB) | VM: 4321.21 MB | CPU: 2330.1s | SysFreeVM: 104161 MB | No ckpt change
[2026-09-08 07:52:21] PID: 22392 | WS: 112.13 MB (dWS: 0.58 MB) | Commit: 113.62 MB (dPM: 0.46 MB) | VM: 4321.21 MB | CPU: 2340.3s | SysFreeVM: 104162 MB | No ckpt change
[2026-09-08 07:52:31] PID: 22392 | WS: 112.14 MB (dWS: 0.59 MB) | Commit: 113.62 MB (dPM: 0.46 MB) | VM: 4321.21 MB | CPU: 2350.4s | SysFreeVM: 104195 MB | Ckpt: 50MB at 07:52:28
[2026-09-08 07:52:41] PID: 22392 | WS: 112.14 MB (dWS: 0.59 MB) | Commit: 113.62 MB (dPM: 0.46 MB) | VM: 4321.21 MB | CPU: 2360.6s | SysFreeVM: 104210 MB | No ckpt change
[2026-09-08 07:52:51] PID: 22392 | WS: 112.14 MB (dWS: 0.59 MB) | Commit: 113.62 MB (dPM: 0.46 MB) | VM: 4321.21 MB | CPU: 2370.8s | SysFreeVM: 104202 MB | No ckpt change
[2026-09-08 07:53:02] PID: 22392 | WS: 112.14 MB (dWS: 0.59 MB) | Commit: 113.62 MB (dPM: 0.46 MB) | VM: 4321.21 MB | CPU: 2380.9s | SysFreeVM: 104202 MB | No ckpt change
[2026-09-08 07:53:12] PID: 22392 | WS: 112.14 MB (dWS: 0.59 MB) | Commit: 113.62 MB (dPM: 0.46 MB) | VM: 4321.21 MB | CPU: 2391.1s | SysFreeVM: 104164 MB | Ckpt: 50MB at 07:53:10
[2026-09-08 07:53:22] PID: 22392 | WS: 112.14 MB (dWS: 0.59 MB) | Commit: 113.62 MB (dPM: 0.46 MB) | VM: 4321.21 MB | CPU: 2401.3s | SysFreeVM: 104150 MB | No ckpt change
[2026-09-08 07:53:32] PID: 22392 | WS: 112.14 MB (dWS: 0.59 MB) | Commit: 113.62 MB (dPM: 0.46 MB) | VM: 4321.21 MB | CPU: 2411.5s | SysFreeVM: 104142 MB | No ckpt change
[2026-09-08 07:53:43] PID: 22392 | WS: 112.14 MB (dWS: 0.59 MB) | Commit: 113.62 MB (dPM: 0.46 MB) | VM: 4321.21 MB | CPU: 2421.7s | SysFreeVM: 104206 MB | No ckpt change
[2026-09-08 07:53:53] PID: 22392 | WS: 112.15 MB (dWS: 0.6 MB) | Commit: 113.62 MB (dPM: 0.46 MB) | VM: 4321.21 MB | CPU: 2431.9s | SysFreeVM: 104190 MB | Ckpt: 50MB at 07:53:52
[2026-09-08 07:54:03] PID: 22392 | WS: 112.15 MB (dWS: 0.6 MB) | Commit: 113.62 MB (dPM: 0.46 MB) | VM: 4321.21 MB | CPU: 2442s | SysFreeVM: 104171 MB | No ckpt change
[2026-09-08 07:54:13] PID: 22392 | WS: 112.15 MB (dWS: 0.6 MB) | Commit: 113.62 MB (dPM: 0.46 MB) | VM: 4321.21 MB | CPU: 2452.2s | SysFreeVM: 104176 MB | No ckpt change
[2026-09-08 07:54:24] PID: 22392 | WS: 112.15 MB (dWS: 0.6 MB) | Commit: 113.62 MB (dPM: 0.46 MB) | VM: 4321.21 MB | CPU: 2462.3s | SysFreeVM: 104146 MB | No ckpt change
[2026-09-08 07:54:34] PID: 22392 | WS: 112.15 MB (dWS: 0.6 MB) | Commit: 113.62 MB (dPM: 0.46 MB) | VM: 4321.21 MB | CPU: 2472.6s | SysFreeVM: 104177 MB | No ckpt change
[2026-09-08 07:54:44] PID: 22392 | WS: 112.18 MB (dWS: 0.63 MB) | Commit: 113.69 MB (dPM: 0.53 MB) | VM: 4321.21 MB | CPU: 2482.7s | SysFreeVM: 104150 MB | Ckpt: 50MB at 07:54:34
[2026-09-08 07:54:54] PID: 22392 | WS: 112.18 MB (dWS: 0.63 MB) | Commit: 113.69 MB (dPM: 0.53 MB) | VM: 4321.21 MB | CPU: 2492.9s | SysFreeVM: 104218 MB | No ckpt change
[2026-09-08 07:55:05] PID: 22392 | WS: 112.18 MB (dWS: 0.63 MB) | Commit: 113.69 MB (dPM: 0.53 MB) | VM: 4321.21 MB | CPU: 2503.1s | SysFreeVM: 104220 MB | No ckpt change
[2026-09-08 07:55:15] PID: 22392 | WS: 112.18 MB (dWS: 0.63 MB) | Commit: 113.69 MB (dPM: 0.53 MB) | VM: 4321.21 MB | CPU: 2513.2s | SysFreeVM: 104186 MB | No ckpt change
[2026-09-08 07:55:25] PID: 22392 | WS: 112.19 MB (dWS: 0.64 MB) | Commit: 113.69 MB (dPM: 0.53 MB) | VM: 4321.21 MB | CPU: 2523.4s | SysFreeVM: 104183 MB | Ckpt: 50MB at 07:55:16
[2026-09-08 07:55:35] PID: 22392 | WS: 112.19 MB (dWS: 0.64 MB) | Commit: 113.69 MB (dPM: 0.53 MB) | VM: 4321.21 MB | CPU: 2533.6s | SysFreeVM: 104164 MB | No ckpt change
[2026-09-08 07:55:46] PID: 22392 | WS: 112.19 MB (dWS: 0.64 MB) | Commit: 113.69 MB (dPM: 0.53 MB) | VM: 4321.21 MB | CPU: 2543.8s | SysFreeVM: 104173 MB | No ckpt change
[2026-09-08 07:55:56] PID: 22392 | WS: 112.19 MB (dWS: 0.64 MB) | Commit: 113.69 MB (dPM: 0.53 MB) | VM: 4321.21 MB | CPU: 2553.9s | SysFreeVM: 104174 MB | No ckpt change
[2026-09-08 07:56:06] PID: 22392 | WS: 112.21 MB (dWS: 0.66 MB) | Commit: 113.69 MB (dPM: 0.53 MB) | VM: 4321.21 MB | CPU: 2564.1s | SysFreeVM: 104103 MB | Ckpt: 50MB at 07:55:58
[2026-09-08 07:56:16] PID: 22392 | WS: 112.21 MB (dWS: 0.66 MB) | Commit: 113.69 MB (dPM: 0.53 MB) | VM: 4321.21 MB | CPU: 2574.3s | SysFreeVM: 104141 MB | No ckpt change
[2026-09-08 07:56:26] PID: 22392 | WS: 112.21 MB (dWS: 0.66 MB) | Commit: 113.69 MB (dPM: 0.53 MB) | VM: 4321.21 MB | CPU: 2584.3s | SysFreeVM: 104163 MB | No ckpt change
[2026-09-08 07:56:37] PID: 22392 | WS: 112.21 MB (dWS: 0.66 MB) | Commit: 113.69 MB (dPM: 0.53 MB) | VM: 4321.21 MB | CPU: 2594.6s | SysFreeVM: 104135 MB | No ckpt change
[2026-09-08 07:56:47] PID: 22392 | WS: 112.21 MB (dWS: 0.66 MB) | Commit: 113.69 MB (dPM: 0.53 MB) | VM: 4321.21 MB | CPU: 2604.8s | SysFreeVM: 104118 MB | Ckpt: 50MB at 07:56:41
[2026-09-08 07:56:57] PID: 22392 | WS: 112.21 MB (dWS: 0.66 MB) | Commit: 113.69 MB (dPM: 0.53 MB) | VM: 4321.21 MB | CPU: 2614.9s | SysFreeVM: 104090 MB | No ckpt change
[2026-09-08 07:57:08] PID: 22392 | WS: 112.21 MB (dWS: 0.66 MB) | Commit: 113.69 MB (dPM: 0.53 MB) | VM: 4321.21 MB | CPU: 2625.1s | SysFreeVM: 104097 MB | No ckpt change
[2026-09-08 07:57:18] PID: 22392 | WS: 112.21 MB (dWS: 0.66 MB) | Commit: 113.69 MB (dPM: 0.53 MB) | VM: 4321.21 MB | CPU: 2635.4s | SysFreeVM: 104159 MB | No ckpt change
[2026-09-08 07:57:28] PID: 22392 | WS: 112.22 MB (dWS: 0.67 MB) | Commit: 113.69 MB (dPM: 0.53 MB) | VM: 4321.21 MB | CPU: 2645.6s | SysFreeVM: 104199 MB | Ckpt: 50MB at 07:57:23
[2026-09-08 07:57:38] PID: 22392 | WS: 112.22 MB (dWS: 0.67 MB) | Commit: 113.69 MB (dPM: 0.53 MB) | VM: 4321.21 MB | CPU: 2655.8s | SysFreeVM: 104169 MB | No ckpt change
[2026-09-08 07:57:48] PID: 22392 | WS: 112.22 MB (dWS: 0.67 MB) | Commit: 113.69 MB (dPM: 0.53 MB) | VM: 4321.21 MB | CPU: 2666s | SysFreeVM: 104176 MB | No ckpt change
[2026-09-08 07:57:59] PID: 22392 | WS: 112.22 MB (dWS: 0.67 MB) | Commit: 113.69 MB (dPM: 0.53 MB) | VM: 4321.21 MB | CPU: 2676.2s | SysFreeVM: 104158 MB | No ckpt change
[2026-09-08 07:58:09] PID: 22392 | WS: 112.22 MB (dWS: 0.67 MB) | Commit: 113.69 MB (dPM: 0.53 MB) | VM: 4321.21 MB | CPU: 2686.3s | SysFreeVM: 104142 MB | Ckpt: 50MB at 07:58:05
[2026-09-08 07:58:19] PID: 22392 | WS: 112.22 MB (dWS: 0.67 MB) | Commit: 113.69 MB (dPM: 0.53 MB) | VM: 4321.21 MB | CPU: 2696.5s | SysFreeVM: 104122 MB | No ckpt change
[2026-09-08 07:58:29] PID: 22392 | WS: 112.22 MB (dWS: 0.67 MB) | Commit: 113.69 MB (dPM: 0.53 MB) | VM: 4321.21 MB | CPU: 2706.6s | SysFreeVM: 104141 MB | No ckpt change
[2026-09-08 07:58:40] PID: 22392 | WS: 112.22 MB (dWS: 0.67 MB) | Commit: 113.69 MB (dPM: 0.53 MB) | VM: 4321.21 MB | CPU: 2716.7s | SysFreeVM: 104138 MB | No ckpt change
[2026-09-08 07:58:50] PID: 22392 | WS: 112.23 MB (dWS: 0.68 MB) | Commit: 113.69 MB (dPM: 0.53 MB) | VM: 4321.21 MB | CPU: 2726.8s | SysFreeVM: 104198 MB | Ckpt: 50MB at 07:58:47
[2026-09-08 07:59:00] PID: 22392 | WS: 112.23 MB (dWS: 0.68 MB) | Commit: 113.69 MB (dPM: 0.53 MB) | VM: 4321.21 MB | CPU: 2737s | SysFreeVM: 104178 MB | No ckpt change
[2026-09-08 07:59:10] PID: 22392 | WS: 112.23 MB (dWS: 0.68 MB) | Commit: 113.69 MB (dPM: 0.53 MB) | VM: 4321.21 MB | CPU: 2747.2s | SysFreeVM: 104170 MB | No ckpt change
[2026-09-08 07:59:21] PID: 22392 | WS: 112.23 MB (dWS: 0.68 MB) | Commit: 113.69 MB (dPM: 0.53 MB) | VM: 4321.21 MB | CPU: 2757.3s | SysFreeVM: 104148 MB | No ckpt change
[2026-09-08 07:59:31] PID: 22392 | WS: 112.25 MB (dWS: 0.7 MB) | Commit: 113.75 MB (dPM: 0.59 MB) | VM: 4321.21 MB | CPU: 2767.5s | SysFreeVM: 104142 MB | Ckpt: 50MB at 07:59:29
[2026-09-08 07:59:41] PID: 22392 | WS: 112.25 MB (dWS: 0.7 MB) | Commit: 113.75 MB (dPM: 0.59 MB) | VM: 4321.21 MB | CPU: 2777.7s | SysFreeVM: 104115 MB | No ckpt change
[2026-09-08 07:59:51] PID: 22392 | WS: 112.25 MB (dWS: 0.7 MB) | Commit: 113.75 MB (dPM: 0.59 MB) | VM: 4321.21 MB | CPU: 2787.9s | SysFreeVM: 104194 MB | No ckpt change
[2026-09-08 08:00:02] PID: 22392 | WS: 112.25 MB (dWS: 0.7 MB) | Commit: 113.75 MB (dPM: 0.59 MB) | VM: 4321.21 MB | CPU: 2798.1s | SysFreeVM: 104187 MB | No ckpt change
[2026-09-08 08:00:12] PID: 22392 | WS: 112.25 MB (dWS: 0.7 MB) | Commit: 113.75 MB (dPM: 0.59 MB) | VM: 4321.21 MB | CPU: 2808.3s | SysFreeVM: 104162 MB | Ckpt: 50MB at 08:00:11
[2026-09-08 08:00:22] PID: 22392 | WS: 112.25 MB (dWS: 0.7 MB) | Commit: 113.75 MB (dPM: 0.59 MB) | VM: 4321.21 MB | CPU: 2818.5s | SysFreeVM: 104179 MB | No ckpt change
[2026-09-08 08:00:32] PID: 22392 | WS: 112.25 MB (dWS: 0.7 MB) | Commit: 113.75 MB (dPM: 0.59 MB) | VM: 4321.21 MB | CPU: 2828.7s | SysFreeVM: 104158 MB | No ckpt change
[2026-09-08 08:00:43] PID: 22392 | WS: 112.25 MB (dWS: 0.7 MB) | Commit: 113.75 MB (dPM: 0.59 MB) | VM: 4321.21 MB | CPU: 2838.9s | SysFreeVM: 104156 MB | No ckpt change
[2026-09-08 08:00:53] PID: 22392 | WS: 162.25 MB (dWS: 50.7 MB) | Commit: 163.86 MB (dPM: 50.7 MB) | VM: 4371.27 MB | CPU: 2849s | SysFreeVM: 104154 MB | Ckpt: 50MB at 08:00:53
[2026-09-08 08:01:03] PID: 22392 | WS: 112.25 MB (dWS: 0.7 MB) | Commit: 113.75 MB (dPM: 0.59 MB) | VM: 4321.21 MB | CPU: 2859.3s | SysFreeVM: 104186 MB | No ckpt change
[2026-09-08 08:01:13] PID: 22392 | WS: 112.25 MB (dWS: 0.7 MB) | Commit: 113.75 MB (dPM: 0.59 MB) | VM: 4321.21 MB | CPU: 2869.5s | SysFreeVM: 104174 MB | No ckpt change
[2026-09-08 08:01:24] PID: 22392 | WS: 112.25 MB (dWS: 0.7 MB) | Commit: 113.75 MB (dPM: 0.59 MB) | VM: 4321.21 MB | CPU: 2879.7s | SysFreeVM: 104165 MB | No ckpt change
[2026-09-08 08:01:34] PID: 22392 | WS: 112.25 MB (dWS: 0.7 MB) | Commit: 113.75 MB (dPM: 0.59 MB) | VM: 4321.21 MB | CPU: 2889.9s | SysFreeVM: 104147 MB | No ckpt change
[2026-09-08 08:01:44] PID: 22392 | WS: 112.25 MB (dWS: 0.7 MB) | Commit: 113.75 MB (dPM: 0.59 MB) | VM: 4321.21 MB | CPU: 2900s | SysFreeVM: 104177 MB | Ckpt: 50MB at 08:01:35
[2026-09-08 08:01:54] PID: 22392 | WS: 112.25 MB (dWS: 0.7 MB) | Commit: 113.75 MB (dPM: 0.59 MB) | VM: 4321.21 MB | CPU: 2910.3s | SysFreeVM: 104137 MB | No ckpt change
[2026-09-08 08:02:05] PID: 22392 | WS: 112.25 MB (dWS: 0.7 MB) | Commit: 113.75 MB (dPM: 0.59 MB) | VM: 4321.21 MB | CPU: 2920.4s | SysFreeVM: 104136 MB | No ckpt change
[2026-09-08 08:02:15] PID: 22392 | WS: 112.25 MB (dWS: 0.7 MB) | Commit: 113.75 MB (dPM: 0.59 MB) | VM: 4321.21 MB | CPU: 2930.6s | SysFreeVM: 104176 MB | No ckpt change
[2026-09-08 08:02:25] PID: 22392 | WS: 112.25 MB (dWS: 0.7 MB) | Commit: 113.75 MB (dPM: 0.59 MB) | VM: 4321.21 MB | CPU: 2940.8s | SysFreeVM: 104193 MB | Ckpt: 50MB at 08:02:17
[2026-09-08 08:02:35] PID: 22392 | WS: 112.25 MB (dWS: 0.7 MB) | Commit: 113.75 MB (dPM: 0.59 MB) | VM: 4321.21 MB | CPU: 2950.9s | SysFreeVM: 104196 MB | No ckpt change
[2026-09-08 08:02:46] PID: 22392 | WS: 112.25 MB (dWS: 0.7 MB) | Commit: 113.75 MB (dPM: 0.59 MB) | VM: 4321.21 MB | CPU: 2961.1s | SysFreeVM: 104157 MB | No ckpt change
[2026-09-08 08:02:56] PID: 22392 | WS: 112.25 MB (dWS: 0.7 MB) | Commit: 113.75 MB (dPM: 0.59 MB) | VM: 4321.21 MB | CPU: 2971.3s | SysFreeVM: 104156 MB | No ckpt change
[2026-09-08 08:03:06] PID: 22392 | WS: 112.25 MB (dWS: 0.7 MB) | Commit: 113.75 MB (dPM: 0.59 MB) | VM: 4321.21 MB | CPU: 2981.4s | SysFreeVM: 104150 MB | Ckpt: 50MB at 08:02:59
[2026-09-08 08:03:16] PID: 22392 | WS: 112.25 MB (dWS: 0.7 MB) | Commit: 113.75 MB (dPM: 0.59 MB) | VM: 4321.21 MB | CPU: 2991.7s | SysFreeVM: 104143 MB | No ckpt change
[2026-09-08 08:03:27] PID: 22392 | WS: 112.25 MB (dWS: 0.7 MB) | Commit: 113.75 MB (dPM: 0.59 MB) | VM: 4321.21 MB | CPU: 3001.8s | SysFreeVM: 104182 MB | No ckpt change
[2026-09-08 08:03:37] PID: 22392 | WS: 112.25 MB (dWS: 0.7 MB) | Commit: 113.75 MB (dPM: 0.59 MB) | VM: 4321.21 MB | CPU: 3012s | SysFreeVM: 104198 MB | No ckpt change
[2026-09-08 08:03:47] PID: 22392 | WS: 112.25 MB (dWS: 0.7 MB) | Commit: 113.75 MB (dPM: 0.59 MB) | VM: 4321.21 MB | CPU: 3022.2s | SysFreeVM: 104169 MB | Ckpt: 50MB at 08:03:41
[2026-09-08 08:03:57] PID: 22392 | WS: 112.25 MB (dWS: 0.7 MB) | Commit: 113.75 MB (dPM: 0.59 MB) | VM: 4321.21 MB | CPU: 3032.4s | SysFreeVM: 104181 MB | No ckpt change
[2026-09-08 08:04:08] PID: 22392 | WS: 112.25 MB (dWS: 0.7 MB) | Commit: 113.75 MB (dPM: 0.59 MB) | VM: 4321.21 MB | CPU: 3042.5s | SysFreeVM: 104189 MB | No ckpt change
[2026-09-08 08:04:18] PID: 22392 | WS: 112.25 MB (dWS: 0.7 MB) | Commit: 113.75 MB (dPM: 0.59 MB) | VM: 4321.21 MB | CPU: 3052.7s | SysFreeVM: 104142 MB | No ckpt change
[2026-09-08 08:04:28] PID: 22392 | WS: 112.27 MB (dWS: 0.72 MB) | Commit: 113.75 MB (dPM: 0.59 MB) | VM: 4321.21 MB | CPU: 3062.8s | SysFreeVM: 104155 MB | Ckpt: 50MB at 08:04:23
[2026-09-08 08:04:38] PID: 22392 | WS: 112.27 MB (dWS: 0.72 MB) | Commit: 113.75 MB (dPM: 0.59 MB) | VM: 4321.21 MB | CPU: 3073s | SysFreeVM: 104208 MB | No ckpt change
[2026-09-08 08:04:48] PID: 22392 | WS: 112.27 MB (dWS: 0.72 MB) | Commit: 113.75 MB (dPM: 0.59 MB) | VM: 4321.21 MB | CPU: 3083.1s | SysFreeVM: 104194 MB | No ckpt change
[2026-09-08 08:04:59] PID: 22392 | WS: 112.27 MB (dWS: 0.72 MB) | Commit: 113.75 MB (dPM: 0.59 MB) | VM: 4321.21 MB | CPU: 3093.3s | SysFreeVM: 104179 MB | No ckpt change
[2026-09-08 08:05:09] PID: 22392 | WS: 112.3 MB (dWS: 0.75 MB) | Commit: 113.82 MB (dPM: 0.66 MB) | VM: 4321.21 MB | CPU: 3103.5s | SysFreeVM: 104161 MB | Ckpt: 50MB at 08:05:05
[2026-09-08 08:05:19] PID: 22392 | WS: 112.3 MB (dWS: 0.75 MB) | Commit: 113.82 MB (dPM: 0.66 MB) | VM: 4321.21 MB | CPU: 3113.7s | SysFreeVM: 104151 MB | No ckpt change
[2026-09-08 08:05:29] PID: 22392 | WS: 112.3 MB (dWS: 0.75 MB) | Commit: 113.82 MB (dPM: 0.66 MB) | VM: 4321.21 MB | CPU: 3123.8s | SysFreeVM: 104157 MB | No ckpt change
[2026-09-08 08:05:40] PID: 22392 | WS: 112.3 MB (dWS: 0.75 MB) | Commit: 113.82 MB (dPM: 0.66 MB) | VM: 4321.21 MB | CPU: 3134s | SysFreeVM: 104172 MB | No ckpt change
[2026-09-08 08:05:50] PID: 22392 | WS: 112.32 MB (dWS: 0.77 MB) | Commit: 113.82 MB (dPM: 0.66 MB) | VM: 4321.21 MB | CPU: 3144.2s | SysFreeVM: 104213 MB | Ckpt: 50MB at 08:05:47
[2026-09-08 08:06:00] PID: 22392 | WS: 112.32 MB (dWS: 0.77 MB) | Commit: 113.82 MB (dPM: 0.66 MB) | VM: 4321.21 MB | CPU: 3154.4s | SysFreeVM: 104156 MB | No ckpt change
[2026-09-08 08:06:10] PID: 22392 | WS: 112.32 MB (dWS: 0.77 MB) | Commit: 113.82 MB (dPM: 0.66 MB) | VM: 4321.21 MB | CPU: 3164.6s | SysFreeVM: 104189 MB | No ckpt change
[2026-09-08 08:06:21] PID: 22392 | WS: 112.32 MB (dWS: 0.77 MB) | Commit: 113.82 MB (dPM: 0.66 MB) | VM: 4321.21 MB | CPU: 3174.8s | SysFreeVM: 104188 MB | No ckpt change
[2026-09-08 08:06:31] PID: 22392 | WS: 112.35 MB (dWS: 0.8 MB) | Commit: 113.82 MB (dPM: 0.66 MB) | VM: 4321.21 MB | CPU: 3185s | SysFreeVM: 104165 MB | Ckpt: 50MB at 08:06:29
[2026-09-08 08:06:41] PID: 22392 | WS: 112.35 MB (dWS: 0.8 MB) | Commit: 113.82 MB (dPM: 0.66 MB) | VM: 4321.21 MB | CPU: 3195.1s | SysFreeVM: 104171 MB | No ckpt change
[2026-09-08 08:06:51] PID: 22392 | WS: 112.35 MB (dWS: 0.8 MB) | Commit: 113.82 MB (dPM: 0.66 MB) | VM: 4321.21 MB | CPU: 3205.2s | SysFreeVM: 104135 MB | No ckpt change
[2026-09-08 08:07:01] PID: 22392 | WS: 112.35 MB (dWS: 0.8 MB) | Commit: 113.82 MB (dPM: 0.66 MB) | VM: 4321.21 MB | CPU: 3215.5s | SysFreeVM: 104111 MB | No ckpt change
[2026-09-08 08:07:12] PID: 22392 | WS: 112.35 MB (dWS: 0.8 MB) | Commit: 113.82 MB (dPM: 0.66 MB) | VM: 4321.21 MB | CPU: 3225.6s | SysFreeVM: 104175 MB | Ckpt: 50MB at 08:07:11
[2026-09-08 08:07:22] PID: 22392 | WS: 112.35 MB (dWS: 0.8 MB) | Commit: 113.82 MB (dPM: 0.66 MB) | VM: 4321.21 MB | CPU: 3235.8s | SysFreeVM: 104189 MB | No ckpt change
[2026-09-08 08:07:32] PID: 22392 | WS: 112.35 MB (dWS: 0.8 MB) | Commit: 113.82 MB (dPM: 0.66 MB) | VM: 4321.21 MB | CPU: 3246s | SysFreeVM: 104180 MB | No ckpt change
[2026-09-08 08:07:42] PID: 22392 | WS: 112.35 MB (dWS: 0.8 MB) | Commit: 113.82 MB (dPM: 0.66 MB) | VM: 4321.21 MB | CPU: 3256.1s | SysFreeVM: 104181 MB | No ckpt change
[2026-09-08 08:07:53] PID: 22392 | WS: 112.35 MB (dWS: 0.8 MB) | Commit: 113.82 MB (dPM: 0.66 MB) | VM: 4321.21 MB | CPU: 3266.3s | SysFreeVM: 104103 MB | No ckpt change
[2026-09-08 08:08:03] PID: 22392 | WS: 112.35 MB (dWS: 0.8 MB) | Commit: 113.82 MB (dPM: 0.66 MB) | VM: 4321.21 MB | CPU: 3276.5s | SysFreeVM: 104139 MB | Ckpt: 50MB at 08:07:53
[2026-09-08 08:08:13] PID: 22392 | WS: 112.35 MB (dWS: 0.8 MB) | Commit: 113.82 MB (dPM: 0.66 MB) | VM: 4321.21 MB | CPU: 3286.6s | SysFreeVM: 104180 MB | No ckpt change
[2026-09-08 08:08:23] PID: 22392 | WS: 112.35 MB (dWS: 0.8 MB) | Commit: 113.82 MB (dPM: 0.66 MB) | VM: 4321.21 MB | CPU: 3296.8s | SysFreeVM: 104178 MB | No ckpt change
[2026-09-08 08:08:34] PID: 22392 | WS: 112.35 MB (dWS: 0.8 MB) | Commit: 113.82 MB (dPM: 0.66 MB) | VM: 4321.21 MB | CPU: 3307s | SysFreeVM: 104198 MB | No ckpt change
[2026-09-08 08:08:44] PID: 22392 | WS: 112.35 MB (dWS: 0.8 MB) | Commit: 113.82 MB (dPM: 0.66 MB) | VM: 4321.21 MB | CPU: 3317.2s | SysFreeVM: 104169 MB | Ckpt: 50MB at 08:08:35
[2026-09-08 08:08:54] PID: 22392 | WS: 112.35 MB (dWS: 0.8 MB) | Commit: 113.82 MB (dPM: 0.66 MB) | VM: 4321.21 MB | CPU: 3327.3s | SysFreeVM: 104190 MB | No ckpt change
[2026-09-08 08:09:04] PID: 22392 | WS: 112.35 MB (dWS: 0.8 MB) | Commit: 113.82 MB (dPM: 0.66 MB) | VM: 4321.21 MB | CPU: 3337.5s | SysFreeVM: 104151 MB | No ckpt change
[2026-09-08 08:09:15] PID: 22392 | WS: 112.35 MB (dWS: 0.8 MB) | Commit: 113.82 MB (dPM: 0.66 MB) | VM: 4321.21 MB | CPU: 3347.6s | SysFreeVM: 104149 MB | No ckpt change
[2026-09-08 08:09:25] PID: 22392 | WS: 112.35 MB (dWS: 0.8 MB) | Commit: 113.82 MB (dPM: 0.66 MB) | VM: 4321.21 MB | CPU: 3357.7s | SysFreeVM: 104183 MB | Ckpt: 50MB at 08:09:17
[2026-09-08 08:09:35] PID: 22392 | WS: 112.35 MB (dWS: 0.8 MB) | Commit: 113.82 MB (dPM: 0.66 MB) | VM: 4321.21 MB | CPU: 3367.9s | SysFreeVM: 104178 MB | No ckpt change
[2026-09-08 08:09:45] PID: 22392 | WS: 112.35 MB (dWS: 0.8 MB) | Commit: 113.82 MB (dPM: 0.66 MB) | VM: 4321.21 MB | CPU: 3378.1s | SysFreeVM: 104168 MB | No ckpt change
[2026-09-08 08:09:56] PID: 22392 | WS: 112.35 MB (dWS: 0.8 MB) | Commit: 113.82 MB (dPM: 0.66 MB) | VM: 4321.21 MB | CPU: 3388.3s | SysFreeVM: 104166 MB | No ckpt change
[2026-09-08 08:10:06] PID: 22392 | WS: 112.35 MB (dWS: 0.8 MB) | Commit: 113.82 MB (dPM: 0.66 MB) | VM: 4321.21 MB | CPU: 3398.4s | SysFreeVM: 104167 MB | Ckpt: 50MB at 08:09:59
[2026-09-08 08:10:16] PID: 22392 | WS: 112.35 MB (dWS: 0.8 MB) | Commit: 113.82 MB (dPM: 0.66 MB) | VM: 4321.21 MB | CPU: 3408.5s | SysFreeVM: 104132 MB | No ckpt change
[2026-09-08 08:10:26] PID: 22392 | WS: 112.35 MB (dWS: 0.8 MB) | Commit: 113.82 MB (dPM: 0.66 MB) | VM: 4321.21 MB | CPU: 3418.8s | SysFreeVM: 104130 MB | No ckpt change
[2026-09-08 08:10:37] PID: 22392 | WS: 112.35 MB (dWS: 0.8 MB) | Commit: 113.82 MB (dPM: 0.66 MB) | VM: 4321.21 MB | CPU: 3429s | SysFreeVM: 104184 MB | No ckpt change
[2026-09-08 08:10:47] PID: 22392 | WS: 112.36 MB (dWS: 0.81 MB) | Commit: 113.82 MB (dPM: 0.66 MB) | VM: 4321.21 MB | CPU: 3439.1s | SysFreeVM: 104199 MB | Ckpt: 50MB at 08:10:41
[2026-09-08 08:10:57] PID: 22392 | WS: 112.36 MB (dWS: 0.81 MB) | Commit: 113.82 MB (dPM: 0.66 MB) | VM: 4321.21 MB | CPU: 3449.2s | SysFreeVM: 104165 MB | No ckpt change
[2026-09-08 08:11:07] PID: 22392 | WS: 112.36 MB (dWS: 0.81 MB) | Commit: 113.82 MB (dPM: 0.66 MB) | VM: 4321.21 MB | CPU: 3459.5s | SysFreeVM: 104161 MB | No ckpt change
[2026-09-08 08:11:18] PID: 22392 | WS: 112.36 MB (dWS: 0.81 MB) | Commit: 113.82 MB (dPM: 0.66 MB) | VM: 4321.21 MB | CPU: 3469.6s | SysFreeVM: 104176 MB | No ckpt change
[2026-09-08 08:11:28] PID: 22392 | WS: 112.36 MB (dWS: 0.81 MB) | Commit: 113.82 MB (dPM: 0.66 MB) | VM: 4321.21 MB | CPU: 3479.8s | SysFreeVM: 104119 MB | Ckpt: 50MB at 08:11:23
[2026-09-08 08:11:38] PID: 22392 | WS: 112.36 MB (dWS: 0.81 MB) | Commit: 113.82 MB (dPM: 0.66 MB) | VM: 4321.21 MB | CPU: 3489.9s | SysFreeVM: 104139 MB | No ckpt change
[2026-09-08 08:11:48] PID: 22392 | WS: 112.36 MB (dWS: 0.81 MB) | Commit: 113.82 MB (dPM: 0.66 MB) | VM: 4321.21 MB | CPU: 3500s | SysFreeVM: 104149 MB | No ckpt change
[2026-09-08 08:11:58] PID: 22392 | WS: 112.36 MB (dWS: 0.81 MB) | Commit: 113.82 MB (dPM: 0.66 MB) | VM: 4321.21 MB | CPU: 3510.3s | SysFreeVM: 104157 MB | No ckpt change
[2026-09-08 08:12:09] PID: 22392 | WS: 112.37 MB (dWS: 0.82 MB) | Commit: 113.89 MB (dPM: 0.73 MB) | VM: 4321.21 MB | CPU: 3520.5s | SysFreeVM: 104135 MB | Ckpt: 50MB at 08:12:05
[2026-09-08 08:12:19] PID: 22392 | WS: 112.37 MB (dWS: 0.82 MB) | Commit: 113.89 MB (dPM: 0.73 MB) | VM: 4321.21 MB | CPU: 3530.6s | SysFreeVM: 104109 MB | No ckpt change
[2026-09-08 08:12:29] PID: 22392 | WS: 112.37 MB (dWS: 0.82 MB) | Commit: 113.89 MB (dPM: 0.73 MB) | VM: 4321.21 MB | CPU: 3540.8s | SysFreeVM: 104170 MB | No ckpt change
[2026-09-08 08:12:39] PID: 22392 | WS: 112.37 MB (dWS: 0.82 MB) | Commit: 113.89 MB (dPM: 0.73 MB) | VM: 4321.21 MB | CPU: 3551s | SysFreeVM: 104162 MB | No ckpt change
[2026-09-08 08:12:50] PID: 22392 | WS: 112.38 MB (dWS: 0.83 MB) | Commit: 113.89 MB (dPM: 0.73 MB) | VM: 4321.21 MB | CPU: 3561.2s | SysFreeVM: 104146 MB | Ckpt: 50MB at 08:12:47
[2026-09-08 08:13:00] PID: 22392 | WS: 112.38 MB (dWS: 0.83 MB) | Commit: 113.89 MB (dPM: 0.73 MB) | VM: 4321.21 MB | CPU: 3571.4s | SysFreeVM: 104148 MB | No ckpt change
[2026-09-08 08:13:10] PID: 22392 | WS: 112.38 MB (dWS: 0.83 MB) | Commit: 113.89 MB (dPM: 0.73 MB) | VM: 4321.21 MB | CPU: 3581.5s | SysFreeVM: 104194 MB | No ckpt change
[2026-09-08 08:13:20] PID: 22392 | WS: 112.38 MB (dWS: 0.83 MB) | Commit: 113.89 MB (dPM: 0.73 MB) | VM: 4321.21 MB | CPU: 3591.6s | SysFreeVM: 104170 MB | No ckpt change
[2026-09-08 08:13:31] PID: 22392 | WS: 112.39 MB (dWS: 0.84 MB) | Commit: 113.89 MB (dPM: 0.73 MB) | VM: 4321.21 MB | CPU: 3601.8s | SysFreeVM: 104147 MB | Ckpt: 50MB at 08:13:29
[2026-09-08 08:13:41] PID: 22392 | WS: 112.39 MB (dWS: 0.84 MB) | Commit: 113.89 MB (dPM: 0.73 MB) | VM: 4321.21 MB | CPU: 3612s | SysFreeVM: 104162 MB | No ckpt change
[2026-09-08 08:13:51] PID: 22392 | WS: 112.39 MB (dWS: 0.84 MB) | Commit: 113.89 MB (dPM: 0.73 MB) | VM: 4321.21 MB | CPU: 3622.2s | SysFreeVM: 104175 MB | No ckpt change
[2026-09-08 08:14:01] PID: 22392 | WS: 112.39 MB (dWS: 0.84 MB) | Commit: 113.89 MB (dPM: 0.73 MB) | VM: 4321.21 MB | CPU: 3632.3s | SysFreeVM: 104161 MB | No ckpt change
[2026-09-08 08:14:12] PID: 22392 | WS: 112.42 MB (dWS: 0.87 MB) | Commit: 113.89 MB (dPM: 0.73 MB) | VM: 4321.21 MB | CPU: 3642.5s | SysFreeVM: 104128 MB | Ckpt: 50MB at 08:14:11
[2026-09-08 08:14:22] PID: 22392 | WS: 112.42 MB (dWS: 0.87 MB) | Commit: 113.89 MB (dPM: 0.73 MB) | VM: 4321.21 MB | CPU: 3652.8s | SysFreeVM: 104167 MB | No ckpt change
[2026-09-08 08:14:32] PID: 22392 | WS: 112.42 MB (dWS: 0.87 MB) | Commit: 113.89 MB (dPM: 0.73 MB) | VM: 4321.21 MB | CPU: 3663s | SysFreeVM: 104173 MB | No ckpt change
[2026-09-08 08:14:42] PID: 22392 | WS: 112.42 MB (dWS: 0.87 MB) | Commit: 113.89 MB (dPM: 0.73 MB) | VM: 4321.21 MB | CPU: 3673.1s | SysFreeVM: 104155 MB | No ckpt change
[2026-09-08 08:14:53] PID: 22392 | WS: 112.42 MB (dWS: 0.87 MB) | Commit: 113.89 MB (dPM: 0.73 MB) | VM: 4321.21 MB | CPU: 3683.3s | SysFreeVM: 104153 MB | No ckpt change
[2026-09-08 08:15:03] PID: 22392 | WS: 112.46 MB (dWS: 0.91 MB) | Commit: 113.95 MB (dPM: 0.79 MB) | VM: 4321.21 MB | CPU: 3693.4s | SysFreeVM: 104135 MB | Ckpt: 50MB at 08:14:53
[2026-09-08 08:15:13] PID: 22392 | WS: 112.46 MB (dWS: 0.91 MB) | Commit: 113.95 MB (dPM: 0.79 MB) | VM: 4321.21 MB | CPU: 3703.6s | SysFreeVM: 104153 MB | No ckpt change
[2026-09-08 08:15:23] PID: 22392 | WS: 112.46 MB (dWS: 0.91 MB) | Commit: 113.95 MB (dPM: 0.79 MB) | VM: 4321.21 MB | CPU: 3713.8s | SysFreeVM: 104124 MB | No ckpt change
[2026-09-08 08:15:34] PID: 22392 | WS: 112.46 MB (dWS: 0.91 MB) | Commit: 113.95 MB (dPM: 0.79 MB) | VM: 4321.21 MB | CPU: 3724s | SysFreeVM: 104185 MB | No ckpt change
[2026-09-08 08:15:44] PID: 22392 | WS: 112.46 MB (dWS: 0.91 MB) | Commit: 113.95 MB (dPM: 0.79 MB) | VM: 4321.21 MB | CPU: 3734.1s | SysFreeVM: 104177 MB | Ckpt: 50MB at 08:15:35
[2026-09-08 08:15:54] PID: 22392 | WS: 112.46 MB (dWS: 0.91 MB) | Commit: 113.95 MB (dPM: 0.79 MB) | VM: 4321.21 MB | CPU: 3744.2s | SysFreeVM: 104200 MB | No ckpt change
[2026-09-08 08:16:04] PID: 22392 | WS: 112.46 MB (dWS: 0.91 MB) | Commit: 113.95 MB (dPM: 0.79 MB) | VM: 4321.21 MB | CPU: 3754.4s | SysFreeVM: 104163 MB | No ckpt change
[2026-09-08 08:16:14] PID: 22392 | WS: 112.46 MB (dWS: 0.91 MB) | Commit: 113.95 MB (dPM: 0.79 MB) | VM: 4321.21 MB | CPU: 3764.5s | SysFreeVM: 104186 MB | No ckpt change
[2026-09-08 08:16:25] PID: 22392 | WS: 112.46 MB (dWS: 0.91 MB) | Commit: 113.95 MB (dPM: 0.79 MB) | VM: 4321.21 MB | CPU: 3774.7s | SysFreeVM: 104149 MB | Ckpt: 50MB at 08:16:17
[2026-09-08 08:16:35] PID: 22392 | WS: 112.46 MB (dWS: 0.91 MB) | Commit: 113.95 MB (dPM: 0.79 MB) | VM: 4321.21 MB | CPU: 3784.9s | SysFreeVM: 104146 MB | No ckpt change
[2026-09-08 08:16:45] PID: 22392 | WS: 112.46 MB (dWS: 0.91 MB) | Commit: 113.95 MB (dPM: 0.79 MB) | VM: 4321.21 MB | CPU: 3795.1s | SysFreeVM: 104187 MB | No ckpt change
[2026-09-08 08:16:55] PID: 22392 | WS: 112.46 MB (dWS: 0.91 MB) | Commit: 113.95 MB (dPM: 0.79 MB) | VM: 4321.21 MB | CPU: 3805.2s | SysFreeVM: 104160 MB | No ckpt change
[2026-09-08 08:17:06] PID: 22392 | WS: 112.46 MB (dWS: 0.91 MB) | Commit: 113.95 MB (dPM: 0.79 MB) | VM: 4321.21 MB | CPU: 3815.3s | SysFreeVM: 104148 MB | Ckpt: 50MB at 08:16:59
[2026-09-08 08:17:16] PID: 22392 | WS: 112.46 MB (dWS: 0.91 MB) | Commit: 113.95 MB (dPM: 0.79 MB) | VM: 4321.21 MB | CPU: 3825.5s | SysFreeVM: 104127 MB | No ckpt change
[2026-09-08 08:17:26] PID: 22392 | WS: 112.46 MB (dWS: 0.91 MB) | Commit: 113.95 MB (dPM: 0.79 MB) | VM: 4321.21 MB | CPU: 3835.7s | SysFreeVM: 104162 MB | No ckpt change
[2026-09-08 08:17:36] PID: 22392 | WS: 112.46 MB (dWS: 0.91 MB) | Commit: 113.95 MB (dPM: 0.79 MB) | VM: 4321.21 MB | CPU: 3845.9s | SysFreeVM: 104141 MB | No ckpt change
[2026-09-08 08:17:47] PID: 22392 | WS: 112.46 MB (dWS: 0.91 MB) | Commit: 113.95 MB (dPM: 0.79 MB) | VM: 4321.21 MB | CPU: 3856.1s | SysFreeVM: 104131 MB | Ckpt: 50MB at 08:17:41
[2026-09-08 08:17:57] PID: 22392 | WS: 112.46 MB (dWS: 0.91 MB) | Commit: 113.95 MB (dPM: 0.79 MB) | VM: 4321.21 MB | CPU: 3866.2s | SysFreeVM: 104196 MB | No ckpt change
[2026-09-08 08:18:07] PID: 22392 | WS: 112.46 MB (dWS: 0.91 MB) | Commit: 113.95 MB (dPM: 0.79 MB) | VM: 4321.21 MB | CPU: 3876.3s | SysFreeVM: 104148 MB | No ckpt change
[2026-09-08 08:18:17] PID: 22392 | WS: 112.46 MB (dWS: 0.91 MB) | Commit: 113.95 MB (dPM: 0.79 MB) | VM: 4321.21 MB | CPU: 3886.5s | SysFreeVM: 104160 MB | No ckpt change
[2026-09-08 08:18:28] PID: 22392 | WS: 112.46 MB (dWS: 0.91 MB) | Commit: 113.95 MB (dPM: 0.79 MB) | VM: 4321.21 MB | CPU: 3896.6s | SysFreeVM: 104167 MB | Ckpt: 50MB at 08:18:23
[2026-09-08 08:18:38] PID: 22392 | WS: 112.46 MB (dWS: 0.91 MB) | Commit: 113.95 MB (dPM: 0.79 MB) | VM: 4321.21 MB | CPU: 3906.8s | SysFreeVM: 104179 MB | No ckpt change
[2026-09-08 08:18:48] PID: 22392 | WS: 112.46 MB (dWS: 0.91 MB) | Commit: 113.95 MB (dPM: 0.79 MB) | VM: 4321.21 MB | CPU: 3917s | SysFreeVM: 104143 MB | No ckpt change
[2026-09-08 08:18:58] PID: 22392 | WS: 112.46 MB (dWS: 0.91 MB) | Commit: 113.95 MB (dPM: 0.79 MB) | VM: 4321.21 MB | CPU: 3927.2s | SysFreeVM: 104175 MB | No ckpt change
[2026-09-08 08:19:09] PID: 22392 | WS: 112.46 MB (dWS: 0.91 MB) | Commit: 113.95 MB (dPM: 0.79 MB) | VM: 4321.21 MB | CPU: 3937.3s | SysFreeVM: 104183 MB | Ckpt: 50MB at 08:19:04
[2026-09-08 08:19:19] PID: 22392 | WS: 112.46 MB (dWS: 0.91 MB) | Commit: 113.95 MB (dPM: 0.79 MB) | VM: 4321.21 MB | CPU: 3947.5s | SysFreeVM: 104146 MB | No ckpt change
[2026-09-08 08:19:29] PID: 22392 | WS: 112.46 MB (dWS: 0.91 MB) | Commit: 113.95 MB (dPM: 0.79 MB) | VM: 4321.21 MB | CPU: 3957.7s | SysFreeVM: 104173 MB | No ckpt change
[2026-09-08 08:19:39] PID: 22392 | WS: 112.46 MB (dWS: 0.91 MB) | Commit: 113.95 MB (dPM: 0.79 MB) | VM: 4321.21 MB | CPU: 3967.9s | SysFreeVM: 104168 MB | No ckpt change
[2026-09-08 08:19:50] PID: 22392 | WS: 112.46 MB (dWS: 0.91 MB) | Commit: 113.95 MB (dPM: 0.79 MB) | VM: 4321.21 MB | CPU: 3978s | SysFreeVM: 104151 MB | Ckpt: 50MB at 08:19:46
[2026-09-08 08:20:00] PID: 22392 | WS: 112.46 MB (dWS: 0.91 MB) | Commit: 113.95 MB (dPM: 0.79 MB) | VM: 4321.21 MB | CPU: 3988.2s | SysFreeVM: 104161 MB | No ckpt change
[2026-09-08 08:20:10] PID: 22392 | WS: 112.46 MB (dWS: 0.91 MB) | Commit: 113.95 MB (dPM: 0.79 MB) | VM: 4321.21 MB | CPU: 3998.3s | SysFreeVM: 104140 MB | No ckpt change
[2026-09-08 08:20:20] PID: 22392 | WS: 112.46 MB (dWS: 0.91 MB) | Commit: 113.95 MB (dPM: 0.79 MB) | VM: 4321.21 MB | CPU: 4008.5s | SysFreeVM: 104141 MB | No ckpt change
[2026-09-08 08:20:30] PID: 22392 | WS: 112.46 MB (dWS: 0.91 MB) | Commit: 113.95 MB (dPM: 0.79 MB) | VM: 4321.21 MB | CPU: 4018.7s | SysFreeVM: 104175 MB | Ckpt: 50MB at 08:20:28
[2026-09-08 08:20:41] PID: 22392 | WS: 112.46 MB (dWS: 0.91 MB) | Commit: 113.95 MB (dPM: 0.79 MB) | VM: 4321.21 MB | CPU: 4028.9s | SysFreeVM: 104191 MB | No ckpt change
[2026-09-08 08:20:51] PID: 22392 | WS: 112.46 MB (dWS: 0.91 MB) | Commit: 113.95 MB (dPM: 0.79 MB) | VM: 4321.21 MB | CPU: 4039s | SysFreeVM: 104177 MB | No ckpt change
[2026-09-08 08:21:01] PID: 22392 | WS: 112.46 MB (dWS: 0.91 MB) | Commit: 113.95 MB (dPM: 0.79 MB) | VM: 4321.21 MB | CPU: 4049.2s | SysFreeVM: 104157 MB | No ckpt change
[2026-09-08 08:21:11] PID: 22392 | WS: 112.46 MB (dWS: 0.91 MB) | Commit: 113.95 MB (dPM: 0.79 MB) | VM: 4321.21 MB | CPU: 4059.4s | SysFreeVM: 104185 MB | Ckpt: 50MB at 08:21:10
[2026-09-08 08:21:22] PID: 22392 | WS: 112.46 MB (dWS: 0.91 MB) | Commit: 113.95 MB (dPM: 0.79 MB) | VM: 4321.21 MB | CPU: 4069.6s | SysFreeVM: 104142 MB | No ckpt change
[2026-09-08 08:21:32] PID: 22392 | WS: 112.46 MB (dWS: 0.91 MB) | Commit: 113.95 MB (dPM: 0.79 MB) | VM: 4321.21 MB | CPU: 4079.8s | SysFreeVM: 104132 MB | No ckpt change
[2026-09-08 08:21:42] PID: 22392 | WS: 112.46 MB (dWS: 0.91 MB) | Commit: 113.95 MB (dPM: 0.79 MB) | VM: 4321.21 MB | CPU: 4090s | SysFreeVM: 104141 MB | No ckpt change
[2026-09-08 08:21:52] PID: 22392 | WS: 112.46 MB (dWS: 0.91 MB) | Commit: 113.95 MB (dPM: 0.79 MB) | VM: 4321.21 MB | CPU: 4100.2s | SysFreeVM: 104183 MB | No ckpt change
[2026-09-08 08:22:03] PID: 22392 | WS: 112.48 MB (dWS: 0.93 MB) | Commit: 113.95 MB (dPM: 0.79 MB) | VM: 4321.21 MB | CPU: 4110.3s | SysFreeVM: 104166 MB | Ckpt: 50MB at 08:21:52
[2026-09-08 08:22:13] PID: 22392 | WS: 112.48 MB (dWS: 0.93 MB) | Commit: 113.95 MB (dPM: 0.79 MB) | VM: 4321.21 MB | CPU: 4120.5s | SysFreeVM: 104138 MB | No ckpt change
[2026-09-08 08:22:23] PID: 22392 | WS: 112.48 MB (dWS: 0.93 MB) | Commit: 113.95 MB (dPM: 0.79 MB) | VM: 4321.21 MB | CPU: 4130.6s | SysFreeVM: 104129 MB | No ckpt change
[2026-09-08 08:22:33] PID: 22392 | WS: 112.48 MB (dWS: 0.93 MB) | Commit: 113.95 MB (dPM: 0.79 MB) | VM: 4321.21 MB | CPU: 4140.8s | SysFreeVM: 104169 MB | No ckpt change
[2026-09-08 08:22:44] PID: 22392 | WS: 112.5 MB (dWS: 0.95 MB) | Commit: 114.02 MB (dPM: 0.86 MB) | VM: 4321.21 MB | CPU: 4151s | SysFreeVM: 104148 MB | Ckpt: 50MB at 08:22:34
[2026-09-08 08:22:54] PID: 22392 | WS: 112.5 MB (dWS: 0.95 MB) | Commit: 114.02 MB (dPM: 0.86 MB) | VM: 4321.21 MB | CPU: 4161.1s | SysFreeVM: 104149 MB | No ckpt change
[2026-09-08 08:23:04] PID: 22392 | WS: 112.5 MB (dWS: 0.95 MB) | Commit: 114.02 MB (dPM: 0.86 MB) | VM: 4321.21 MB | CPU: 4171.3s | SysFreeVM: 104192 MB | No ckpt change
[2026-09-08 08:23:14] PID: 22392 | WS: 112.5 MB (dWS: 0.95 MB) | Commit: 114.02 MB (dPM: 0.86 MB) | VM: 4321.21 MB | CPU: 4181.4s | SysFreeVM: 104161 MB | No ckpt change
[2026-09-08 08:23:25] PID: 22392 | WS: 112.52 MB (dWS: 0.97 MB) | Commit: 114.02 MB (dPM: 0.86 MB) | VM: 4321.21 MB | CPU: 4191.6s | SysFreeVM: 104131 MB | Ckpt: 50MB at 08:23:16
[2026-09-08 08:23:35] PID: 22392 | WS: 112.52 MB (dWS: 0.97 MB) | Commit: 114.02 MB (dPM: 0.86 MB) | VM: 4321.21 MB | CPU: 4201.9s | SysFreeVM: 104127 MB | No ckpt change
[2026-09-08 08:23:45] PID: 22392 | WS: 112.52 MB (dWS: 0.97 MB) | Commit: 114.02 MB (dPM: 0.86 MB) | VM: 4321.21 MB | CPU: 4212s | SysFreeVM: 104117 MB | No ckpt change
[2026-09-08 08:23:55] PID: 22392 | WS: 112.52 MB (dWS: 0.97 MB) | Commit: 114.02 MB (dPM: 0.86 MB) | VM: 4321.21 MB | CPU: 4222.2s | SysFreeVM: 104094 MB | No ckpt change
[2026-09-08 08:24:06] PID: 22392 | WS: 112.52 MB (dWS: 0.97 MB) | Commit: 114.02 MB (dPM: 0.86 MB) | VM: 4321.21 MB | CPU: 4232.4s | SysFreeVM: 104129 MB | Ckpt: 50MB at 08:23:58
[2026-09-08 08:24:16] PID: 22392 | WS: 112.52 MB (dWS: 0.97 MB) | Commit: 114.02 MB (dPM: 0.86 MB) | VM: 4321.21 MB | CPU: 4242.5s | SysFreeVM: 104170 MB | No ckpt change
[2026-09-08 08:24:26] PID: 22392 | WS: 112.52 MB (dWS: 0.97 MB) | Commit: 114.02 MB (dPM: 0.86 MB) | VM: 4321.21 MB | CPU: 4252.6s | SysFreeVM: 104174 MB | No ckpt change
[2026-09-08 08:24:36] PID: 22392 | WS: 112.52 MB (dWS: 0.97 MB) | Commit: 114.02 MB (dPM: 0.86 MB) | VM: 4321.21 MB | CPU: 4262.9s | SysFreeVM: 104155 MB | No ckpt change
[2026-09-08 08:24:47] PID: 22392 | WS: 112.54 MB (dWS: 0.99 MB) | Commit: 114.02 MB (dPM: 0.86 MB) | VM: 4321.21 MB | CPU: 4273s | SysFreeVM: 104113 MB | Ckpt: 50MB at 08:24:40
[2026-09-08 08:24:57] PID: 22392 | WS: 112.54 MB (dWS: 0.99 MB) | Commit: 114.02 MB (dPM: 0.86 MB) | VM: 4321.21 MB | CPU: 4283.2s | SysFreeVM: 104133 MB | No ckpt change
[2026-09-08 08:25:07] PID: 22392 | WS: 112.54 MB (dWS: 0.99 MB) | Commit: 114.02 MB (dPM: 0.86 MB) | VM: 4321.21 MB | CPU: 4293.3s | SysFreeVM: 104113 MB | No ckpt change
[2026-09-08 08:25:17] PID: 22392 | WS: 112.54 MB (dWS: 0.99 MB) | Commit: 114.02 MB (dPM: 0.86 MB) | VM: 4321.21 MB | CPU: 4303.5s | SysFreeVM: 104119 MB | No ckpt change
[2026-09-08 08:25:28] PID: 22392 | WS: 112.55 MB (dWS: 1 MB) | Commit: 114.02 MB (dPM: 0.86 MB) | VM: 4321.21 MB | CPU: 4313.7s | SysFreeVM: 104172 MB | Ckpt: 50MB at 08:25:22
[2026-09-08 08:25:38] PID: 22392 | WS: 112.55 MB (dWS: 1 MB) | Commit: 114.02 MB (dPM: 0.86 MB) | VM: 4321.21 MB | CPU: 4323.9s | SysFreeVM: 104182 MB | No ckpt change
[2026-09-08 08:25:48] PID: 22392 | WS: 112.55 MB (dWS: 1 MB) | Commit: 114.02 MB (dPM: 0.86 MB) | VM: 4321.21 MB | CPU: 4334.1s | SysFreeVM: 104171 MB | No ckpt change
[2026-09-08 08:25:58] PID: 22392 | WS: 112.55 MB (dWS: 1 MB) | Commit: 114.02 MB (dPM: 0.86 MB) | VM: 4321.21 MB | CPU: 4344.2s | SysFreeVM: 104119 MB | No ckpt change
[2026-09-08 08:26:09] PID: 22392 | WS: 112.57 MB (dWS: 1.02 MB) | Commit: 114.09 MB (dPM: 0.93 MB) | VM: 4321.21 MB | CPU: 4354.4s | SysFreeVM: 104131 MB | Ckpt: 50MB at 08:26:04
[2026-09-08 08:26:19] PID: 22392 | WS: 112.57 MB (dWS: 1.02 MB) | Commit: 114.09 MB (dPM: 0.93 MB) | VM: 4321.21 MB | CPU: 4364.5s | SysFreeVM: 104122 MB | No ckpt change
[2026-09-08 08:26:29] PID: 22392 | WS: 112.57 MB (dWS: 1.02 MB) | Commit: 114.09 MB (dPM: 0.93 MB) | VM: 4321.21 MB | CPU: 4374.7s | SysFreeVM: 104170 MB | No ckpt change
[2026-09-08 08:26:39] PID: 22392 | WS: 112.57 MB (dWS: 1.02 MB) | Commit: 114.09 MB (dPM: 0.93 MB) | VM: 4321.21 MB | CPU: 4384.9s | SysFreeVM: 104145 MB | No ckpt change
[2026-09-08 08:26:50] PID: 22392 | WS: 112.57 MB (dWS: 1.02 MB) | Commit: 114.09 MB (dPM: 0.93 MB) | VM: 4321.21 MB | CPU: 4395.1s | SysFreeVM: 104135 MB | Ckpt: 50MB at 08:26:46
[2026-09-08 08:27:00] PID: 22392 | WS: 112.57 MB (dWS: 1.02 MB) | Commit: 114.09 MB (dPM: 0.93 MB) | VM: 4321.21 MB | CPU: 4405.2s | SysFreeVM: 104091 MB | No ckpt change
[2026-09-08 08:27:10] PID: 22392 | WS: 112.57 MB (dWS: 1.02 MB) | Commit: 114.09 MB (dPM: 0.93 MB) | VM: 4321.21 MB | CPU: 4415.4s | SysFreeVM: 104085 MB | No ckpt change
[2026-09-08 08:27:20] PID: 22392 | WS: 112.57 MB (dWS: 1.02 MB) | Commit: 114.09 MB (dPM: 0.93 MB) | VM: 4321.21 MB | CPU: 4425.6s | SysFreeVM: 104100 MB | No ckpt change
[2026-09-08 08:27:31] PID: 22392 | WS: 112.57 MB (dWS: 1.02 MB) | Commit: 114.09 MB (dPM: 0.93 MB) | VM: 4321.21 MB | CPU: 4435.7s | SysFreeVM: 104090 MB | Ckpt: 50MB at 08:27:28
[2026-09-08 08:27:41] PID: 22392 | WS: 112.57 MB (dWS: 1.02 MB) | Commit: 114.09 MB (dPM: 0.93 MB) | VM: 4321.21 MB | CPU: 4445.9s | SysFreeVM: 104139 MB | No ckpt change
[2026-09-08 08:27:51] PID: 22392 | WS: 112.57 MB (dWS: 1.02 MB) | Commit: 114.09 MB (dPM: 0.93 MB) | VM: 4321.21 MB | CPU: 4456s | SysFreeVM: 104153 MB | No ckpt change
[2026-09-08 08:28:01] PID: 22392 | WS: 112.57 MB (dWS: 1.02 MB) | Commit: 114.09 MB (dPM: 0.93 MB) | VM: 4321.21 MB | CPU: 4466.2s | SysFreeVM: 104165 MB | No ckpt change
[2026-09-08 08:28:12] PID: 22392 | WS: 112.57 MB (dWS: 1.02 MB) | Commit: 114.09 MB (dPM: 0.93 MB) | VM: 4321.21 MB | CPU: 4476.4s | SysFreeVM: 104139 MB | Ckpt: 50MB at 08:28:10
[2026-09-08 08:28:22] PID: 22392 | WS: 112.57 MB (dWS: 1.02 MB) | Commit: 114.09 MB (dPM: 0.93 MB) | VM: 4321.21 MB | CPU: 4486.5s | SysFreeVM: 104113 MB | No ckpt change
[2026-09-08 08:28:32] PID: 22392 | WS: 112.57 MB (dWS: 1.02 MB) | Commit: 114.09 MB (dPM: 0.93 MB) | VM: 4321.21 MB | CPU: 4496.8s | SysFreeVM: 104104 MB | No ckpt change
[2026-09-08 08:28:42] PID: 22392 | WS: 112.57 MB (dWS: 1.02 MB) | Commit: 114.09 MB (dPM: 0.93 MB) | VM: 4321.21 MB | CPU: 4506.9s | SysFreeVM: 104148 MB | No ckpt change
[2026-09-08 08:28:52] PID: 22392 | WS: 112.57 MB (dWS: 1.02 MB) | Commit: 114.09 MB (dPM: 0.93 MB) | VM: 4321.21 MB | CPU: 4517.1s | SysFreeVM: 104142 MB | No ckpt change
[2026-09-08 08:29:03] PID: 22392 | WS: 112.61 MB (dWS: 1.06 MB) | Commit: 114.09 MB (dPM: 0.93 MB) | VM: 4321.21 MB | CPU: 4527.3s | SysFreeVM: 104136 MB | Ckpt: 50MB at 08:28:52
[2026-09-08 08:29:13] PID: 22392 | WS: 112.61 MB (dWS: 1.06 MB) | Commit: 114.09 MB (dPM: 0.93 MB) | VM: 4321.21 MB | CPU: 4537.4s | SysFreeVM: 104103 MB | No ckpt change
[2026-09-08 08:29:23] PID: 22392 | WS: 112.61 MB (dWS: 1.06 MB) | Commit: 114.09 MB (dPM: 0.93 MB) | VM: 4321.21 MB | CPU: 4547.5s | SysFreeVM: 104121 MB | No ckpt change
[2026-09-08 08:29:34] PID: 22392 | WS: 112.61 MB (dWS: 1.06 MB) | Commit: 114.09 MB (dPM: 0.93 MB) | VM: 4321.21 MB | CPU: 4557.7s | SysFreeVM: 104113 MB | No ckpt change
[2026-09-08 08:29:44] PID: 22392 | WS: 112.61 MB (dWS: 1.06 MB) | Commit: 114.09 MB (dPM: 0.93 MB) | VM: 4321.21 MB | CPU: 4567.9s | SysFreeVM: 104161 MB | Ckpt: 50MB at 08:29:34
[2026-09-08 08:29:54] PID: 22392 | WS: 112.61 MB (dWS: 1.06 MB) | Commit: 114.09 MB (dPM: 0.93 MB) | VM: 4321.21 MB | CPU: 4578.1s | SysFreeVM: 104161 MB | No ckpt change
[2026-09-08 08:30:04] PID: 22392 | WS: 112.61 MB (dWS: 1.06 MB) | Commit: 114.09 MB (dPM: 0.93 MB) | VM: 4321.21 MB | CPU: 4588.3s | SysFreeVM: 104145 MB | No ckpt change
[2026-09-08 08:30:14] PID: 22392 | WS: 112.61 MB (dWS: 1.06 MB) | Commit: 114.09 MB (dPM: 0.93 MB) | VM: 4321.21 MB | CPU: 4598.4s | SysFreeVM: 104144 MB | No ckpt change
[2026-09-08 08:30:25] PID: 22392 | WS: 112.61 MB (dWS: 1.06 MB) | Commit: 114.09 MB (dPM: 0.93 MB) | VM: 4321.21 MB | CPU: 4608.6s | SysFreeVM: 104116 MB | Ckpt: 50MB at 08:30:16
[2026-09-08 08:30:35] PID: 22392 | WS: 112.61 MB (dWS: 1.06 MB) | Commit: 114.09 MB (dPM: 0.93 MB) | VM: 4321.21 MB | CPU: 4618.8s | SysFreeVM: 104128 MB | No ckpt change
[2026-09-08 08:30:45] PID: 22392 | WS: 112.61 MB (dWS: 1.06 MB) | Commit: 114.09 MB (dPM: 0.93 MB) | VM: 4321.21 MB | CPU: 4629s | SysFreeVM: 104121 MB | No ckpt change
[2026-09-08 08:30:55] PID: 22392 | WS: 112.61 MB (dWS: 1.06 MB) | Commit: 114.09 MB (dPM: 0.93 MB) | VM: 4321.21 MB | CPU: 4639.2s | SysFreeVM: 104121 MB | No ckpt change
[2026-09-08 08:31:06] PID: 22392 | WS: 112.62 MB (dWS: 1.07 MB) | Commit: 114.09 MB (dPM: 0.93 MB) | VM: 4321.21 MB | CPU: 4649.5s | SysFreeVM: 104095 MB | Ckpt: 50MB at 08:30:58
[2026-09-08 08:31:16] PID: 22392 | WS: 112.62 MB (dWS: 1.07 MB) | Commit: 114.09 MB (dPM: 0.93 MB) | VM: 4321.21 MB | CPU: 4659.6s | SysFreeVM: 104155 MB | No ckpt change
[2026-09-08 08:31:26] PID: 22392 | WS: 112.62 MB (dWS: 1.07 MB) | Commit: 114.09 MB (dPM: 0.93 MB) | VM: 4321.21 MB | CPU: 4669.8s | SysFreeVM: 104148 MB | No ckpt change
[2026-09-08 08:31:36] PID: 22392 | WS: 112.62 MB (dWS: 1.07 MB) | Commit: 114.09 MB (dPM: 0.93 MB) | VM: 4321.21 MB | CPU: 4680s | SysFreeVM: 104127 MB | No ckpt change
[2026-09-08 08:31:47] PID: 22392 | WS: 112.62 MB (dWS: 1.07 MB) | Commit: 114.09 MB (dPM: 0.93 MB) | VM: 4321.21 MB | CPU: 4690.1s | SysFreeVM: 104131 MB | Ckpt: 50MB at 08:31:40
[2026-09-08 08:31:57] PID: 22392 | WS: 112.62 MB (dWS: 1.07 MB) | Commit: 114.09 MB (dPM: 0.93 MB) | VM: 4321.21 MB | CPU: 4700.3s | SysFreeVM: 104131 MB | No ckpt change
[2026-09-08 08:32:07] PID: 22392 | WS: 112.62 MB (dWS: 1.07 MB) | Commit: 114.09 MB (dPM: 0.93 MB) | VM: 4321.21 MB | CPU: 4710.4s | SysFreeVM: 104112 MB | No ckpt change
[2026-09-08 08:32:17] PID: 22392 | WS: 112.62 MB (dWS: 1.07 MB) | Commit: 114.09 MB (dPM: 0.93 MB) | VM: 4321.21 MB | CPU: 4720.6s | SysFreeVM: 104092 MB | No ckpt change
[2026-09-08 08:32:27] PID: 22392 | WS: 112.64 MB (dWS: 1.09 MB) | Commit: 114.15 MB (dPM: 0.99 MB) | VM: 4321.21 MB | CPU: 4730.8s | SysFreeVM: 104111 MB | Ckpt: 50MB at 08:32:22
[2026-09-08 08:32:38] PID: 22392 | WS: 112.64 MB (dWS: 1.09 MB) | Commit: 114.15 MB (dPM: 0.99 MB) | VM: 4321.21 MB | CPU: 4740.9s | SysFreeVM: 104154 MB | No ckpt change
[2026-09-08 08:32:48] PID: 22392 | WS: 112.64 MB (dWS: 1.09 MB) | Commit: 114.15 MB (dPM: 0.99 MB) | VM: 4321.21 MB | CPU: 4751.1s | SysFreeVM: 104151 MB | No ckpt change
[2026-09-08 08:32:58] PID: 22392 | WS: 112.64 MB (dWS: 1.09 MB) | Commit: 114.15 MB (dPM: 0.99 MB) | VM: 4321.21 MB | CPU: 4761.3s | SysFreeVM: 104164 MB | No ckpt change
[2026-09-08 08:33:08] PID: 22392 | WS: 112.66 MB (dWS: 1.11 MB) | Commit: 114.15 MB (dPM: 0.99 MB) | VM: 4321.21 MB | CPU: 4771.4s | SysFreeVM: 104140 MB | Ckpt: 50MB at 08:33:04
[2026-09-08 08:33:19] PID: 22392 | WS: 112.66 MB (dWS: 1.11 MB) | Commit: 114.15 MB (dPM: 0.99 MB) | VM: 4321.21 MB | CPU: 4781.6s | SysFreeVM: 104132 MB | No ckpt change
[2026-09-08 08:33:29] PID: 22392 | WS: 112.66 MB (dWS: 1.11 MB) | Commit: 114.15 MB (dPM: 0.99 MB) | VM: 4321.21 MB | CPU: 4791.8s | SysFreeVM: 104139 MB | No ckpt change
[2026-09-08 08:33:39] PID: 22392 | WS: 112.66 MB (dWS: 1.11 MB) | Commit: 114.15 MB (dPM: 0.99 MB) | VM: 4321.21 MB | CPU: 4801.9s | SysFreeVM: 104117 MB | No ckpt change
[2026-09-08 08:33:49] PID: 22392 | WS: 112.67 MB (dWS: 1.12 MB) | Commit: 114.15 MB (dPM: 0.99 MB) | VM: 4321.21 MB | CPU: 4812s | SysFreeVM: 104116 MB | Ckpt: 50MB at 08:33:46
[2026-09-08 08:34:00] PID: 22392 | WS: 112.67 MB (dWS: 1.12 MB) | Commit: 114.15 MB (dPM: 0.99 MB) | VM: 4321.21 MB | CPU: 4822.1s | SysFreeVM: 104112 MB | No ckpt change
[2026-09-08 08:34:10] PID: 22392 | WS: 112.67 MB (dWS: 1.12 MB) | Commit: 114.15 MB (dPM: 0.99 MB) | VM: 4321.21 MB | CPU: 4832.3s | SysFreeVM: 104170 MB | No ckpt change
[2026-09-08 08:34:20] PID: 22392 | WS: 112.67 MB (dWS: 1.12 MB) | Commit: 114.15 MB (dPM: 0.99 MB) | VM: 4321.21 MB | CPU: 4842.4s | SysFreeVM: 104146 MB | No ckpt change
[2026-09-08 08:34:30] PID: 22392 | WS: 112.67 MB (dWS: 1.12 MB) | Commit: 114.15 MB (dPM: 0.99 MB) | VM: 4321.21 MB | CPU: 4852.5s | SysFreeVM: 104132 MB | Ckpt: 50MB at 08:34:28
[2026-09-08 08:34:41] PID: 22392 | WS: 112.67 MB (dWS: 1.12 MB) | Commit: 114.15 MB (dPM: 0.99 MB) | VM: 4321.21 MB | CPU: 4862.8s | SysFreeVM: 104141 MB | No ckpt change
[2026-09-08 08:34:51] PID: 22392 | WS: 112.67 MB (dWS: 1.12 MB) | Commit: 114.15 MB (dPM: 0.99 MB) | VM: 4321.21 MB | CPU: 4872.9s | SysFreeVM: 104120 MB | No ckpt change
[2026-09-08 08:35:01] PID: 22392 | WS: 112.67 MB (dWS: 1.12 MB) | Commit: 114.15 MB (dPM: 0.99 MB) | VM: 4321.21 MB | CPU: 4883.1s | SysFreeVM: 104098 MB | No ckpt change
[2026-09-08 08:35:11] PID: 22392 | WS: 112.71 MB (dWS: 1.16 MB) | Commit: 114.22 MB (dPM: 1.06 MB) | VM: 4321.21 MB | CPU: 4893.2s | SysFreeVM: 104180 MB | Ckpt: 50MB at 08:35:10
[2026-09-08 08:35:22] PID: 22392 | WS: 112.71 MB (dWS: 1.16 MB) | Commit: 114.22 MB (dPM: 1.06 MB) | VM: 4321.21 MB | CPU: 4903.4s | SysFreeVM: 104171 MB | No ckpt change
[2026-09-08 08:35:32] PID: 22392 | WS: 112.71 MB (dWS: 1.16 MB) | Commit: 114.22 MB (dPM: 1.06 MB) | VM: 4321.21 MB | CPU: 4913.6s | SysFreeVM: 104174 MB | No ckpt change
[2026-09-08 08:35:42] PID: 22392 | WS: 112.71 MB (dWS: 1.16 MB) | Commit: 114.22 MB (dPM: 1.06 MB) | VM: 4321.21 MB | CPU: 4923.8s | SysFreeVM: 104154 MB | No ckpt change
[2026-09-08 08:35:52] PID: 22392 | WS: 112.71 MB (dWS: 1.16 MB) | Commit: 114.22 MB (dPM: 1.06 MB) | VM: 4321.21 MB | CPU: 4934.1s | SysFreeVM: 104115 MB | No ckpt change
[2026-09-08 08:36:03] PID: 22392 | WS: 112.71 MB (dWS: 1.16 MB) | Commit: 114.22 MB (dPM: 1.06 MB) | VM: 4321.21 MB | CPU: 4944.2s | SysFreeVM: 104126 MB | Ckpt: 50MB at 08:35:52
[2026-09-08 08:36:13] PID: 22392 | WS: 112.71 MB (dWS: 1.16 MB) | Commit: 114.22 MB (dPM: 1.06 MB) | VM: 4321.21 MB | CPU: 4954.4s | SysFreeVM: 104132 MB | No ckpt change
[2026-09-08 08:36:23] PID: 22392 | WS: 112.71 MB (dWS: 1.16 MB) | Commit: 114.22 MB (dPM: 1.06 MB) | VM: 4321.21 MB | CPU: 4964.6s | SysFreeVM: 104175 MB | No ckpt change
[2026-09-08 08:36:33] PID: 22392 | WS: 112.71 MB (dWS: 1.16 MB) | Commit: 114.22 MB (dPM: 1.06 MB) | VM: 4321.21 MB | CPU: 4974.8s | SysFreeVM: 104173 MB | No ckpt change
[2026-09-08 08:36:44] PID: 22392 | WS: 112.72 MB (dWS: 1.17 MB) | Commit: 114.22 MB (dPM: 1.06 MB) | VM: 4321.21 MB | CPU: 4985s | SysFreeVM: 104135 MB | Ckpt: 50MB at 08:36:34
[2026-09-08 08:36:54] PID: 22392 | WS: 112.72 MB (dWS: 1.17 MB) | Commit: 114.22 MB (dPM: 1.06 MB) | VM: 4321.21 MB | CPU: 4995.1s | SysFreeVM: 104167 MB | No ckpt change
[2026-09-08 08:37:04] PID: 22392 | WS: 112.72 MB (dWS: 1.17 MB) | Commit: 114.22 MB (dPM: 1.06 MB) | VM: 4321.21 MB | CPU: 5005.3s | SysFreeVM: 104111 MB | No ckpt change
[2026-09-08 08:37:14] PID: 22392 | WS: 112.72 MB (dWS: 1.17 MB) | Commit: 114.22 MB (dPM: 1.06 MB) | VM: 4321.21 MB | CPU: 5015.5s | SysFreeVM: 104111 MB | No ckpt change
[2026-09-08 08:37:24] PID: 22392 | WS: 112.72 MB (dWS: 1.17 MB) | Commit: 114.22 MB (dPM: 1.06 MB) | VM: 4321.21 MB | CPU: 5025.6s | SysFreeVM: 104073 MB | Ckpt: 50MB at 08:37:16
[2026-09-08 08:37:35] PID: 22392 | WS: 112.72 MB (dWS: 1.17 MB) | Commit: 114.22 MB (dPM: 1.06 MB) | VM: 4321.21 MB | CPU: 5035.8s | SysFreeVM: 104112 MB | No ckpt change
[2026-09-08 08:37:45] PID: 22392 | WS: 112.72 MB (dWS: 1.17 MB) | Commit: 114.22 MB (dPM: 1.06 MB) | VM: 4321.21 MB | CPU: 5046s | SysFreeVM: 104154 MB | No ckpt change
[2026-09-08 08:37:55] PID: 22392 | WS: 112.72 MB (dWS: 1.17 MB) | Commit: 114.22 MB (dPM: 1.06 MB) | VM: 4321.21 MB | CPU: 5056.2s | SysFreeVM: 104136 MB | No ckpt change
[2026-09-08 08:38:05] PID: 22392 | WS: 112.72 MB (dWS: 1.17 MB) | Commit: 114.22 MB (dPM: 1.06 MB) | VM: 4321.21 MB | CPU: 5066.3s | SysFreeVM: 104133 MB | Ckpt: 50MB at 08:37:58
[2026-09-08 08:38:16] PID: 22392 | WS: 112.72 MB (dWS: 1.17 MB) | Commit: 114.22 MB (dPM: 1.06 MB) | VM: 4321.21 MB | CPU: 5076.4s | SysFreeVM: 104115 MB | No ckpt change
[2026-09-08 08:38:26] PID: 22392 | WS: 112.72 MB (dWS: 1.17 MB) | Commit: 114.22 MB (dPM: 1.06 MB) | VM: 4321.21 MB | CPU: 5086.6s | SysFreeVM: 104117 MB | No ckpt change
[2026-09-08 08:38:36] PID: 22392 | WS: 112.72 MB (dWS: 1.17 MB) | Commit: 114.22 MB (dPM: 1.06 MB) | VM: 4321.21 MB | CPU: 5096.8s | SysFreeVM: 104104 MB | No ckpt change
[2026-09-08 08:38:46] PID: 22392 | WS: 112.73 MB (dWS: 1.18 MB) | Commit: 114.22 MB (dPM: 1.06 MB) | VM: 4321.21 MB | CPU: 5107s | SysFreeVM: 104091 MB | Ckpt: 50MB at 08:38:40
[2026-09-08 08:38:57] PID: 22392 | WS: 112.73 MB (dWS: 1.18 MB) | Commit: 114.22 MB (dPM: 1.06 MB) | VM: 4321.21 MB | CPU: 5117.1s | SysFreeVM: 104161 MB | No ckpt change
[2026-09-08 08:39:07] PID: 22392 | WS: 112.73 MB (dWS: 1.18 MB) | Commit: 114.22 MB (dPM: 1.06 MB) | VM: 4321.21 MB | CPU: 5127.2s | SysFreeVM: 104163 MB | No ckpt change
[2026-09-08 08:39:17] PID: 22392 | WS: 112.73 MB (dWS: 1.18 MB) | Commit: 114.22 MB (dPM: 1.06 MB) | VM: 4321.21 MB | CPU: 5137.4s | SysFreeVM: 104143 MB | No ckpt change
[2026-09-08 08:39:27] PID: 22392 | WS: 112.73 MB (dWS: 1.18 MB) | Commit: 114.22 MB (dPM: 1.06 MB) | VM: 4321.21 MB | CPU: 5147.5s | SysFreeVM: 104134 MB | Ckpt: 50MB at 08:39:22
[2026-09-08 08:39:38] PID: 22392 | WS: 112.73 MB (dWS: 1.18 MB) | Commit: 114.22 MB (dPM: 1.06 MB) | VM: 4321.21 MB | CPU: 5157.8s | SysFreeVM: 104132 MB | No ckpt change
[2026-09-08 08:39:48] PID: 22392 | WS: 112.73 MB (dWS: 1.18 MB) | Commit: 114.22 MB (dPM: 1.06 MB) | VM: 4321.21 MB | CPU: 5168s | SysFreeVM: 104130 MB | No ckpt change
[2026-09-08 08:39:58] PID: 22392 | WS: 112.73 MB (dWS: 1.18 MB) | Commit: 114.22 MB (dPM: 1.06 MB) | VM: 4321.21 MB | CPU: 5178.1s | SysFreeVM: 104112 MB | No ckpt change
[2026-09-08 08:40:08] PID: 22392 | WS: 112.75 MB (dWS: 1.2 MB) | Commit: 114.22 MB (dPM: 1.06 MB) | VM: 4321.21 MB | CPU: 5188.2s | SysFreeVM: 104155 MB | Ckpt: 50MB at 08:40:04
[2026-09-08 08:40:19] PID: 22392 | WS: 112.75 MB (dWS: 1.2 MB) | Commit: 114.22 MB (dPM: 1.06 MB) | VM: 4321.21 MB | CPU: 5198.3s | SysFreeVM: 104159 MB | No ckpt change
[2026-09-08 08:40:29] PID: 22392 | WS: 112.75 MB (dWS: 1.2 MB) | Commit: 114.22 MB (dPM: 1.06 MB) | VM: 4321.21 MB | CPU: 5208.5s | SysFreeVM: 104118 MB | No ckpt change
[2026-09-08 08:40:39] PID: 22392 | WS: 112.75 MB (dWS: 1.2 MB) | Commit: 114.22 MB (dPM: 1.06 MB) | VM: 4321.21 MB | CPU: 5218.7s | SysFreeVM: 104135 MB | No ckpt change
[2026-09-08 08:40:49] PID: 22392 | WS: 112.75 MB (dWS: 1.2 MB) | Commit: 114.22 MB (dPM: 1.06 MB) | VM: 4321.21 MB | CPU: 5228.8s | SysFreeVM: 104127 MB | Ckpt: 50MB at 08:40:46
[2026-09-08 08:41:00] PID: 22392 | WS: 112.75 MB (dWS: 1.2 MB) | Commit: 114.22 MB (dPM: 1.06 MB) | VM: 4321.21 MB | CPU: 5239s | SysFreeVM: 104061 MB | No ckpt change
[2026-09-08 08:41:10] PID: 22392 | WS: 112.75 MB (dWS: 1.2 MB) | Commit: 114.22 MB (dPM: 1.06 MB) | VM: 4321.21 MB | CPU: 5249.1s | SysFreeVM: 104115 MB | No ckpt change
[2026-09-08 08:41:20] PID: 22392 | WS: 112.75 MB (dWS: 1.2 MB) | Commit: 114.22 MB (dPM: 1.06 MB) | VM: 4321.21 MB | CPU: 5259.3s | SysFreeVM: 104140 MB | No ckpt change
[2026-09-08 08:41:30] PID: 22392 | WS: 112.78 MB (dWS: 1.23 MB) | Commit: 114.29 MB (dPM: 1.13 MB) | VM: 4321.21 MB | CPU: 5269.5s | SysFreeVM: 104139 MB | Ckpt: 50MB at 08:41:28
[2026-09-08 08:41:41] PID: 22392 | WS: 112.78 MB (dWS: 1.23 MB) | Commit: 114.29 MB (dPM: 1.13 MB) | VM: 4321.21 MB | CPU: 5279.7s | SysFreeVM: 104133 MB | No ckpt change
[2026-09-08 08:41:51] PID: 22392 | WS: 112.78 MB (dWS: 1.23 MB) | Commit: 114.29 MB (dPM: 1.13 MB) | VM: 4321.21 MB | CPU: 5289.9s | SysFreeVM: 104114 MB | No ckpt change
[2026-09-08 08:42:01] PID: 22392 | WS: 112.78 MB (dWS: 1.23 MB) | Commit: 114.29 MB (dPM: 1.13 MB) | VM: 4321.21 MB | CPU: 5300.1s | SysFreeVM: 104088 MB | No ckpt change
[2026-09-08 08:42:11] PID: 22392 | WS: 112.78 MB (dWS: 1.23 MB) | Commit: 114.29 MB (dPM: 1.13 MB) | VM: 4321.21 MB | CPU: 5310.2s | SysFreeVM: 104086 MB | Ckpt: 50MB at 08:42:10
[2026-09-08 08:42:22] PID: 22392 | WS: 112.78 MB (dWS: 1.23 MB) | Commit: 114.29 MB (dPM: 1.13 MB) | VM: 4321.21 MB | CPU: 5320.4s | SysFreeVM: 104084 MB | No ckpt change
[2026-09-08 08:42:32] PID: 22392 | WS: 112.78 MB (dWS: 1.23 MB) | Commit: 114.29 MB (dPM: 1.13 MB) | VM: 4321.21 MB | CPU: 5330.6s | SysFreeVM: 104137 MB | No ckpt change
[2026-09-08 08:42:42] PID: 22392 | WS: 112.78 MB (dWS: 1.23 MB) | Commit: 114.29 MB (dPM: 1.13 MB) | VM: 4321.21 MB | CPU: 5340.8s | SysFreeVM: 104137 MB | No ckpt change
[2026-09-08 08:42:52] PID: 22392 | WS: 112.78 MB (dWS: 1.23 MB) | Commit: 114.29 MB (dPM: 1.13 MB) | VM: 4321.21 MB | CPU: 5350.9s | SysFreeVM: 104143 MB | No ckpt change
[2026-09-08 08:43:03] PID: 22392 | WS: 112.79 MB (dWS: 1.24 MB) | Commit: 114.29 MB (dPM: 1.13 MB) | VM: 4321.21 MB | CPU: 5361.1s | SysFreeVM: 104118 MB | Ckpt: 50MB at 08:42:52
[2026-09-08 08:43:13] PID: 22392 | WS: 112.79 MB (dWS: 1.24 MB) | Commit: 114.29 MB (dPM: 1.13 MB) | VM: 4321.21 MB | CPU: 5371.3s | SysFreeVM: 104117 MB | No ckpt change
[2026-09-08 08:43:23] PID: 22392 | WS: 112.79 MB (dWS: 1.24 MB) | Commit: 114.29 MB (dPM: 1.13 MB) | VM: 4321.21 MB | CPU: 5381.5s | SysFreeVM: 104092 MB | No ckpt change
[2026-09-08 08:43:33] PID: 22392 | WS: 112.79 MB (dWS: 1.24 MB) | Commit: 114.29 MB (dPM: 1.13 MB) | VM: 4321.21 MB | CPU: 5391.7s | SysFreeVM: 104115 MB | No ckpt change
[2026-09-08 08:43:44] PID: 22392 | WS: 112.79 MB (dWS: 1.24 MB) | Commit: 114.29 MB (dPM: 1.13 MB) | VM: 4321.21 MB | CPU: 5401.8s | SysFreeVM: 104155 MB | Ckpt: 50MB at 08:43:34
[2026-09-08 08:43:54] PID: 22392 | WS: 112.79 MB (dWS: 1.24 MB) | Commit: 114.29 MB (dPM: 1.13 MB) | VM: 4321.21 MB | CPU: 5412s | SysFreeVM: 104137 MB | No ckpt change
[2026-09-08 08:44:04] PID: 22392 | WS: 112.79 MB (dWS: 1.24 MB) | Commit: 114.29 MB (dPM: 1.13 MB) | VM: 4321.21 MB | CPU: 5422.2s | SysFreeVM: 104130 MB | No ckpt change
[2026-09-08 08:44:14] PID: 22392 | WS: 112.79 MB (dWS: 1.24 MB) | Commit: 114.29 MB (dPM: 1.13 MB) | VM: 4321.21 MB | CPU: 5432.3s | SysFreeVM: 104145 MB | No ckpt change
[2026-09-08 08:44:25] PID: 22392 | WS: 112.81 MB (dWS: 1.26 MB) | Commit: 114.29 MB (dPM: 1.13 MB) | VM: 4321.21 MB | CPU: 5442.5s | SysFreeVM: 104101 MB | Ckpt: 50MB at 08:44:16
[2026-09-08 08:44:35] PID: 22392 | WS: 112.81 MB (dWS: 1.26 MB) | Commit: 114.29 MB (dPM: 1.13 MB) | VM: 4321.21 MB | CPU: 5452.7s | SysFreeVM: 104101 MB | No ckpt change
[2026-09-08 08:44:45] PID: 22392 | WS: 112.81 MB (dWS: 1.26 MB) | Commit: 114.29 MB (dPM: 1.13 MB) | VM: 4321.21 MB | CPU: 5462.8s | SysFreeVM: 104097 MB | No ckpt change
[2026-09-08 08:44:55] PID: 22392 | WS: 112.81 MB (dWS: 1.26 MB) | Commit: 114.29 MB (dPM: 1.13 MB) | VM: 4321.21 MB | CPU: 5473s | SysFreeVM: 104152 MB | No ckpt change
[2026-09-08 08:45:05] PID: 22392 | WS: 112.81 MB (dWS: 1.26 MB) | Commit: 114.29 MB (dPM: 1.13 MB) | VM: 4321.21 MB | CPU: 5483.2s | SysFreeVM: 104132 MB | Ckpt: 50MB at 08:44:58
[2026-09-08 08:45:16] PID: 22392 | WS: 112.81 MB (dWS: 1.26 MB) | Commit: 114.29 MB (dPM: 1.13 MB) | VM: 4321.21 MB | CPU: 5493.3s | SysFreeVM: 104131 MB | No ckpt change
[2026-09-08 08:45:26] PID: 22392 | WS: 112.81 MB (dWS: 1.26 MB) | Commit: 114.29 MB (dPM: 1.13 MB) | VM: 4321.21 MB | CPU: 5503.5s | SysFreeVM: 104130 MB | No ckpt change
[2026-09-08 08:45:36] PID: 22392 | WS: 112.81 MB (dWS: 1.26 MB) | Commit: 114.29 MB (dPM: 1.13 MB) | VM: 4321.21 MB | CPU: 5513.7s | SysFreeVM: 104120 MB | No ckpt change
[2026-09-08 08:45:46] PID: 22392 | WS: 112.84 MB (dWS: 1.29 MB) | Commit: 114.35 MB (dPM: 1.19 MB) | VM: 4321.21 MB | CPU: 5523.9s | SysFreeVM: 104097 MB | Ckpt: 50MB at 08:45:40
[2026-09-08 08:45:57] PID: 22392 | WS: 112.84 MB (dWS: 1.29 MB) | Commit: 114.35 MB (dPM: 1.19 MB) | VM: 4321.21 MB | CPU: 5534.1s | SysFreeVM: 104102 MB | No ckpt change
[2026-09-08 08:46:07] PID: 22392 | WS: 112.84 MB (dWS: 1.29 MB) | Commit: 114.35 MB (dPM: 1.19 MB) | VM: 4321.21 MB | CPU: 5544.2s | SysFreeVM: 104109 MB | No ckpt change
[2026-09-08 08:46:17] PID: 22392 | WS: 112.84 MB (dWS: 1.29 MB) | Commit: 114.35 MB (dPM: 1.19 MB) | VM: 4321.21 MB | CPU: 5554.4s | SysFreeVM: 104160 MB | No ckpt change
[2026-09-08 08:46:27] PID: 22392 | WS: 112.84 MB (dWS: 1.29 MB) | Commit: 114.35 MB (dPM: 1.19 MB) | VM: 4321.21 MB | CPU: 5564.6s | SysFreeVM: 104127 MB | Ckpt: 50MB at 08:46:22
[2026-09-08 08:46:38] PID: 22392 | WS: 112.84 MB (dWS: 1.29 MB) | Commit: 114.35 MB (dPM: 1.19 MB) | VM: 4321.21 MB | CPU: 5574.8s | SysFreeVM: 104132 MB | No ckpt change
[2026-09-08 08:46:48] PID: 22392 | WS: 112.84 MB (dWS: 1.29 MB) | Commit: 114.35 MB (dPM: 1.19 MB) | VM: 4321.21 MB | CPU: 5585s | SysFreeVM: 104124 MB | No ckpt change
[2026-09-08 08:46:58] PID: 22392 | WS: 112.84 MB (dWS: 1.29 MB) | Commit: 114.35 MB (dPM: 1.19 MB) | VM: 4321.21 MB | CPU: 5595.2s | SysFreeVM: 104137 MB | No ckpt change
[2026-09-08 08:47:08] PID: 22392 | WS: 112.85 MB (dWS: 1.3 MB) | Commit: 114.35 MB (dPM: 1.19 MB) | VM: 4321.21 MB | CPU: 5605.4s | SysFreeVM: 104083 MB | Ckpt: 50MB at 08:47:04
[2026-09-08 08:47:19] PID: 22392 | WS: 112.85 MB (dWS: 1.3 MB) | Commit: 114.35 MB (dPM: 1.19 MB) | VM: 4321.21 MB | CPU: 5615.5s | SysFreeVM: 104081 MB | No ckpt change
[2026-09-08 08:47:29] PID: 22392 | WS: 112.85 MB (dWS: 1.3 MB) | Commit: 114.35 MB (dPM: 1.19 MB) | VM: 4321.21 MB | CPU: 5625.7s | SysFreeVM: 104132 MB | No ckpt change
[2026-09-08 08:47:39] PID: 22392 | WS: 112.85 MB (dWS: 1.3 MB) | Commit: 114.35 MB (dPM: 1.19 MB) | VM: 4321.21 MB | CPU: 5635.9s | SysFreeVM: 104163 MB | No ckpt change
[2026-09-08 08:47:49] PID: 22392 | WS: 112.87 MB (dWS: 1.32 MB) | Commit: 114.35 MB (dPM: 1.19 MB) | VM: 4321.21 MB | CPU: 5646.1s | SysFreeVM: 104138 MB | Ckpt: 50MB at 08:47:46
[2026-09-08 08:48:00] PID: 22392 | WS: 112.87 MB (dWS: 1.32 MB) | Commit: 114.35 MB (dPM: 1.19 MB) | VM: 4321.21 MB | CPU: 5656.3s | SysFreeVM: 104141 MB | No ckpt change
[2026-09-08 08:48:10] PID: 22392 | WS: 112.87 MB (dWS: 1.32 MB) | Commit: 114.35 MB (dPM: 1.19 MB) | VM: 4321.21 MB | CPU: 5666.4s | SysFreeVM: 104152 MB | No ckpt change
[2026-09-08 08:48:20] PID: 22392 | WS: 112.87 MB (dWS: 1.32 MB) | Commit: 114.35 MB (dPM: 1.19 MB) | VM: 4321.21 MB | CPU: 5676.6s | SysFreeVM: 104111 MB | No ckpt change
[2026-09-08 08:48:30] PID: 22392 | WS: 112.88 MB (dWS: 1.33 MB) | Commit: 114.35 MB (dPM: 1.19 MB) | VM: 4321.21 MB | CPU: 5686.8s | SysFreeVM: 104108 MB | Ckpt: 50MB at 08:48:28
[2026-09-08 08:48:40] PID: 22392 | WS: 112.88 MB (dWS: 1.33 MB) | Commit: 114.35 MB (dPM: 1.19 MB) | VM: 4321.21 MB | CPU: 5696.9s | SysFreeVM: 104132 MB | No ckpt change
[2026-09-08 08:48:51] PID: 22392 | WS: 112.88 MB (dWS: 1.33 MB) | Commit: 114.35 MB (dPM: 1.19 MB) | VM: 4321.21 MB | CPU: 5707s | SysFreeVM: 104117 MB | No ckpt change
[2026-09-08 08:49:01] PID: 22392 | WS: 112.88 MB (dWS: 1.33 MB) | Commit: 114.35 MB (dPM: 1.19 MB) | VM: 4321.21 MB | CPU: 5717.2s | SysFreeVM: 104162 MB | No ckpt change
[2026-09-08 08:49:11] PID: 22392 | WS: 112.88 MB (dWS: 1.33 MB) | Commit: 114.35 MB (dPM: 1.19 MB) | VM: 4321.21 MB | CPU: 5727.4s | SysFreeVM: 104151 MB | Ckpt: 50MB at 08:49:10
[2026-09-08 08:49:21] PID: 22392 | WS: 112.88 MB (dWS: 1.33 MB) | Commit: 114.35 MB (dPM: 1.19 MB) | VM: 4321.21 MB | CPU: 5737.6s | SysFreeVM: 104146 MB | No ckpt change
[2026-09-08 08:49:32] PID: 22392 | WS: 112.88 MB (dWS: 1.33 MB) | Commit: 114.35 MB (dPM: 1.19 MB) | VM: 4321.21 MB | CPU: 5747.7s | SysFreeVM: 104108 MB | No ckpt change
[2026-09-08 08:49:42] PID: 22392 | WS: 112.88 MB (dWS: 1.33 MB) | Commit: 114.35 MB (dPM: 1.19 MB) | VM: 4321.21 MB | CPU: 5757.9s | SysFreeVM: 104109 MB | No ckpt change
[2026-09-08 08:49:52] PID: 22392 | WS: 112.88 MB (dWS: 1.33 MB) | Commit: 114.35 MB (dPM: 1.19 MB) | VM: 4321.21 MB | CPU: 5768.1s | SysFreeVM: 104108 MB | No ckpt change
[2026-09-08 08:50:02] PID: 22392 | WS: 112.88 MB (dWS: 1.33 MB) | Commit: 114.35 MB (dPM: 1.19 MB) | VM: 4321.21 MB | CPU: 5778.4s | SysFreeVM: 104118 MB | Ckpt: 50MB at 08:49:52
[2026-09-08 08:50:13] PID: 22392 | WS: 112.88 MB (dWS: 1.33 MB) | Commit: 114.35 MB (dPM: 1.19 MB) | VM: 4321.21 MB | CPU: 5788.5s | SysFreeVM: 104107 MB | No ckpt change
[2026-09-08 08:50:23] PID: 22392 | WS: 112.88 MB (dWS: 1.33 MB) | Commit: 114.35 MB (dPM: 1.19 MB) | VM: 4321.21 MB | CPU: 5798.7s | SysFreeVM: 104160 MB | No ckpt change
[2026-09-08 08:50:33] PID: 22392 | WS: 112.88 MB (dWS: 1.33 MB) | Commit: 114.35 MB (dPM: 1.19 MB) | VM: 4321.21 MB | CPU: 5808.9s | SysFreeVM: 104151 MB | No ckpt change
[2026-09-08 08:50:43] PID: 22392 | WS: 112.88 MB (dWS: 1.33 MB) | Commit: 114.35 MB (dPM: 1.19 MB) | VM: 4321.21 MB | CPU: 5818.9s | SysFreeVM: 104150 MB | Ckpt: 50MB at 08:50:34
[2026-09-08 08:50:53] PID: 22392 | WS: 112.88 MB (dWS: 1.33 MB) | Commit: 114.35 MB (dPM: 1.19 MB) | VM: 4321.21 MB | CPU: 5829.1s | SysFreeVM: 104127 MB | No ckpt change
[2026-09-08 08:51:04] PID: 22392 | WS: 112.88 MB (dWS: 1.33 MB) | Commit: 114.35 MB (dPM: 1.19 MB) | VM: 4321.21 MB | CPU: 5839.2s | SysFreeVM: 104104 MB | No ckpt change
[2026-09-08 08:51:14] PID: 22392 | WS: 112.88 MB (dWS: 1.33 MB) | Commit: 114.35 MB (dPM: 1.19 MB) | VM: 4321.21 MB | CPU: 5849.4s | SysFreeVM: 104123 MB | No ckpt change
[2026-09-08 08:51:24] PID: 22392 | WS: 112.88 MB (dWS: 1.33 MB) | Commit: 114.35 MB (dPM: 1.19 MB) | VM: 4321.21 MB | CPU: 5859.5s | SysFreeVM: 104098 MB | Ckpt: 50MB at 08:51:16
[2026-09-08 08:51:34] PID: 22392 | WS: 112.88 MB (dWS: 1.33 MB) | Commit: 114.35 MB (dPM: 1.19 MB) | VM: 4321.21 MB | CPU: 5869.6s | SysFreeVM: 104101 MB | No ckpt change
[2026-09-08 08:51:45] PID: 22392 | WS: 112.88 MB (dWS: 1.33 MB) | Commit: 114.35 MB (dPM: 1.19 MB) | VM: 4321.21 MB | CPU: 5879.9s | SysFreeVM: 104149 MB | No ckpt change
[2026-09-08 08:51:55] PID: 22392 | WS: 112.88 MB (dWS: 1.33 MB) | Commit: 114.35 MB (dPM: 1.19 MB) | VM: 4321.21 MB | CPU: 5890.1s | SysFreeVM: 104139 MB | No ckpt change
[2026-09-08 08:52:05] PID: 22392 | WS: 112.88 MB (dWS: 1.33 MB) | Commit: 114.35 MB (dPM: 1.19 MB) | VM: 4321.21 MB | CPU: 5900.3s | SysFreeVM: 104111 MB | Ckpt: 50MB at 08:51:58
[2026-09-08 08:52:15] PID: 22392 | WS: 112.88 MB (dWS: 1.33 MB) | Commit: 114.35 MB (dPM: 1.19 MB) | VM: 4321.21 MB | CPU: 5910.6s | SysFreeVM: 104098 MB | No ckpt change
[2026-09-08 08:52:26] PID: 22392 | WS: 112.88 MB (dWS: 1.33 MB) | Commit: 114.35 MB (dPM: 1.19 MB) | VM: 4321.21 MB | CPU: 5920.7s | SysFreeVM: 104091 MB | No ckpt change
[2026-09-08 08:52:36] PID: 22392 | WS: 112.88 MB (dWS: 1.33 MB) | Commit: 114.35 MB (dPM: 1.19 MB) | VM: 4321.21 MB | CPU: 5930.9s | SysFreeVM: 104115 MB | No ckpt change
[2026-09-08 08:52:46] PID: 22392 | WS: 112.89 MB (dWS: 1.34 MB) | Commit: 114.35 MB (dPM: 1.19 MB) | VM: 4321.21 MB | CPU: 5941s | SysFreeVM: 104143 MB | Ckpt: 50MB at 08:52:40
[2026-09-08 08:52:56] PID: 22392 | WS: 112.89 MB (dWS: 1.34 MB) | Commit: 114.35 MB (dPM: 1.19 MB) | VM: 4321.21 MB | CPU: 5951.1s | SysFreeVM: 104136 MB | No ckpt change
[2026-09-08 08:53:07] PID: 22392 | WS: 112.89 MB (dWS: 1.34 MB) | Commit: 114.35 MB (dPM: 1.19 MB) | VM: 4321.21 MB | CPU: 5961.3s | SysFreeVM: 104122 MB | No ckpt change
[2026-09-08 08:53:17] PID: 22392 | WS: 112.89 MB (dWS: 1.34 MB) | Commit: 114.35 MB (dPM: 1.19 MB) | VM: 4321.21 MB | CPU: 5971.6s | SysFreeVM: 104121 MB | No ckpt change
[2026-09-08 08:53:27] PID: 22392 | WS: 112.91 MB (dWS: 1.36 MB) | Commit: 114.42 MB (dPM: 1.26 MB) | VM: 4321.21 MB | CPU: 5981.7s | SysFreeVM: 104101 MB | Ckpt: 50MB at 08:53:22
[2026-09-08 08:53:37] PID: 22392 | WS: 112.91 MB (dWS: 1.36 MB) | Commit: 114.42 MB (dPM: 1.26 MB) | VM: 4321.21 MB | CPU: 5992s | SysFreeVM: 104116 MB | No ckpt change
[2026-09-08 08:53:48] PID: 22392 | WS: 112.91 MB (dWS: 1.36 MB) | Commit: 114.42 MB (dPM: 1.26 MB) | VM: 4321.21 MB | CPU: 6002.2s | SysFreeVM: 104083 MB | No ckpt change
[2026-09-08 08:53:58] PID: 22392 | WS: 112.91 MB (dWS: 1.36 MB) | Commit: 114.42 MB (dPM: 1.26 MB) | VM: 4321.21 MB | CPU: 6012.4s | SysFreeVM: 104140 MB | No ckpt change
[2026-09-08 08:54:08] PID: 22392 | WS: 112.91 MB (dWS: 1.36 MB) | Commit: 114.42 MB (dPM: 1.26 MB) | VM: 4321.21 MB | CPU: 6022.5s | SysFreeVM: 104135 MB | Ckpt: 50MB at 08:54:04
[2026-09-08 08:54:18] PID: 22392 | WS: 112.91 MB (dWS: 1.36 MB) | Commit: 114.42 MB (dPM: 1.26 MB) | VM: 4321.21 MB | CPU: 6032.8s | SysFreeVM: 104145 MB | No ckpt change
[2026-09-08 08:54:29] PID: 22392 | WS: 112.91 MB (dWS: 1.36 MB) | Commit: 114.42 MB (dPM: 1.26 MB) | VM: 4321.21 MB | CPU: 6042.9s | SysFreeVM: 104110 MB | No ckpt change
[2026-09-08 08:54:39] PID: 22392 | WS: 112.91 MB (dWS: 1.36 MB) | Commit: 114.42 MB (dPM: 1.26 MB) | VM: 4321.21 MB | CPU: 6053.1s | SysFreeVM: 104124 MB | No ckpt change
[2026-09-08 08:54:49] PID: 22392 | WS: 112.93 MB (dWS: 1.38 MB) | Commit: 114.42 MB (dPM: 1.26 MB) | VM: 4321.21 MB | CPU: 6063.3s | SysFreeVM: 104112 MB | Ckpt: 50MB at 08:54:46
[2026-09-08 08:54:59] PID: 22392 | WS: 112.93 MB (dWS: 1.38 MB) | Commit: 114.42 MB (dPM: 1.26 MB) | VM: 4321.21 MB | CPU: 6073.5s | SysFreeVM: 104104 MB | No ckpt change
[2026-09-08 08:55:10] PID: 22392 | WS: 112.93 MB (dWS: 1.38 MB) | Commit: 114.42 MB (dPM: 1.26 MB) | VM: 4321.21 MB | CPU: 6083.7s | SysFreeVM: 104147 MB | No ckpt change
[2026-09-08 08:55:20] PID: 22392 | WS: 112.93 MB (dWS: 1.38 MB) | Commit: 114.42 MB (dPM: 1.26 MB) | VM: 4321.21 MB | CPU: 6093.8s | SysFreeVM: 104163 MB | No ckpt change
[2026-09-08 08:55:30] PID: 22392 | WS: 112.95 MB (dWS: 1.4 MB) | Commit: 114.42 MB (dPM: 1.26 MB) | VM: 4321.21 MB | CPU: 6104s | SysFreeVM: 104103 MB | Ckpt: 50MB at 08:55:28
[2026-09-08 08:55:40] PID: 22392 | WS: 112.95 MB (dWS: 1.4 MB) | Commit: 114.42 MB (dPM: 1.26 MB) | VM: 4321.21 MB | CPU: 6114.1s | SysFreeVM: 104147 MB | No ckpt change
[2026-09-08 08:55:51] PID: 22392 | WS: 112.95 MB (dWS: 1.4 MB) | Commit: 114.42 MB (dPM: 1.26 MB) | VM: 4321.21 MB | CPU: 6124.2s | SysFreeVM: 104097 MB | No ckpt change
[2026-09-08 08:56:01] PID: 22392 | WS: 112.95 MB (dWS: 1.4 MB) | Commit: 114.42 MB (dPM: 1.26 MB) | VM: 4321.21 MB | CPU: 6134.4s | SysFreeVM: 104089 MB | No ckpt change
[2026-09-08 08:56:11] PID: 22392 | WS: 112.95 MB (dWS: 1.4 MB) | Commit: 114.42 MB (dPM: 1.26 MB) | VM: 4321.21 MB | CPU: 6144.6s | SysFreeVM: 104147 MB | Ckpt: 50MB at 08:56:10
[2026-09-08 08:56:21] PID: 22392 | WS: 112.95 MB (dWS: 1.4 MB) | Commit: 114.42 MB (dPM: 1.26 MB) | VM: 4321.21 MB | CPU: 6154.8s | SysFreeVM: 104138 MB | No ckpt change
[2026-09-08 08:56:32] PID: 22392 | WS: 112.95 MB (dWS: 1.4 MB) | Commit: 114.42 MB (dPM: 1.26 MB) | VM: 4321.21 MB | CPU: 6165s | SysFreeVM: 104115 MB | No ckpt change
[2026-09-08 08:56:42] PID: 22392 | WS: 112.95 MB (dWS: 1.4 MB) | Commit: 114.42 MB (dPM: 1.26 MB) | VM: 4321.21 MB | CPU: 6175.2s | SysFreeVM: 104099 MB | No ckpt change
[2026-09-08 08:56:52] PID: 22392 | WS: 112.95 MB (dWS: 1.4 MB) | Commit: 114.42 MB (dPM: 1.26 MB) | VM: 4321.21 MB | CPU: 6185.4s | SysFreeVM: 104082 MB | No ckpt change
[2026-09-08 08:57:02] PID: 22392 | WS: 112.95 MB (dWS: 1.4 MB) | Commit: 114.42 MB (dPM: 1.26 MB) | VM: 4321.21 MB | CPU: 6195.5s | SysFreeVM: 104106 MB | Ckpt: 50MB at 08:56:52
[2026-09-08 08:57:13] PID: 22392 | WS: 112.95 MB (dWS: 1.4 MB) | Commit: 114.42 MB (dPM: 1.26 MB) | VM: 4321.21 MB | CPU: 6205.7s | SysFreeVM: 104061 MB | No ckpt change
[2026-09-08 08:57:23] PID: 22392 | WS: 112.95 MB (dWS: 1.4 MB) | Commit: 114.42 MB (dPM: 1.26 MB) | VM: 4321.21 MB | CPU: 6215.9s | SysFreeVM: 104105 MB | No ckpt change
[2026-09-08 08:57:33] PID: 22392 | WS: 112.95 MB (dWS: 1.4 MB) | Commit: 114.42 MB (dPM: 1.26 MB) | VM: 4321.21 MB | CPU: 6226.1s | SysFreeVM: 104133 MB | No ckpt change
[2026-09-08 08:57:43] PID: 22392 | WS: 112.95 MB (dWS: 1.4 MB) | Commit: 114.42 MB (dPM: 1.26 MB) | VM: 4321.21 MB | CPU: 6236.3s | SysFreeVM: 104102 MB | Ckpt: 50MB at 08:57:34
[2026-09-08 08:57:54] PID: 22392 | WS: 112.95 MB (dWS: 1.4 MB) | Commit: 114.42 MB (dPM: 1.26 MB) | VM: 4321.21 MB | CPU: 6246.5s | SysFreeVM: 104123 MB | No ckpt change
[2026-09-08 08:58:04] PID: 22392 | WS: 112.95 MB (dWS: 1.4 MB) | Commit: 114.42 MB (dPM: 1.26 MB) | VM: 4321.21 MB | CPU: 6256.6s | SysFreeVM: 104127 MB | No ckpt change
[2026-09-08 08:58:14] PID: 22392 | WS: 112.95 MB (dWS: 1.4 MB) | Commit: 114.42 MB (dPM: 1.26 MB) | VM: 4321.21 MB | CPU: 6266.8s | SysFreeVM: 104116 MB | No ckpt change
[2026-09-08 08:58:24] PID: 22392 | WS: 112.95 MB (dWS: 1.4 MB) | Commit: 114.42 MB (dPM: 1.26 MB) | VM: 4321.21 MB | CPU: 6277s | SysFreeVM: 104099 MB | Ckpt: 50MB at 08:58:17
[2026-09-08 08:58:34] PID: 22392 | WS: 112.95 MB (dWS: 1.4 MB) | Commit: 114.42 MB (dPM: 1.26 MB) | VM: 4321.21 MB | CPU: 6287.2s | SysFreeVM: 104139 MB | No ckpt change
[2026-09-08 08:58:45] PID: 22392 | WS: 112.95 MB (dWS: 1.4 MB) | Commit: 114.42 MB (dPM: 1.26 MB) | VM: 4321.21 MB | CPU: 6297.4s | SysFreeVM: 104155 MB | No ckpt change
[2026-09-08 08:58:55] PID: 22392 | WS: 112.95 MB (dWS: 1.4 MB) | Commit: 114.42 MB (dPM: 1.26 MB) | VM: 4321.21 MB | CPU: 6307.6s | SysFreeVM: 104151 MB | No ckpt change
[2026-09-08 08:59:05] PID: 22392 | WS: 112.95 MB (dWS: 1.4 MB) | Commit: 114.42 MB (dPM: 1.26 MB) | VM: 4321.21 MB | CPU: 6317.9s | SysFreeVM: 104114 MB | Ckpt: 50MB at 08:58:58
[2026-09-08 08:59:16] PID: 22392 | WS: 112.95 MB (dWS: 1.4 MB) | Commit: 114.42 MB (dPM: 1.26 MB) | VM: 4321.21 MB | CPU: 6328.1s | SysFreeVM: 104125 MB | No ckpt change
[2026-09-08 08:59:26] PID: 22392 | WS: 112.95 MB (dWS: 1.4 MB) | Commit: 114.42 MB (dPM: 1.26 MB) | VM: 4321.21 MB | CPU: 6338.3s | SysFreeVM: 104119 MB | No ckpt change
[2026-09-08 08:59:36] PID: 22392 | WS: 112.95 MB (dWS: 1.4 MB) | Commit: 114.42 MB (dPM: 1.26 MB) | VM: 4321.21 MB | CPU: 6348.5s | SysFreeVM: 104092 MB | No ckpt change
[2026-09-08 08:59:46] PID: 22392 | WS: 113.01 MB (dWS: 1.46 MB) | Commit: 114.49 MB (dPM: 1.33 MB) | VM: 4321.21 MB | CPU: 6358.7s | SysFreeVM: 104141 MB | Ckpt: 50MB at 08:59:40
[2026-09-08 08:59:57] PID: 22392 | WS: 113.01 MB (dWS: 1.46 MB) | Commit: 114.49 MB (dPM: 1.33 MB) | VM: 4321.21 MB | CPU: 6368.9s | SysFreeVM: 104152 MB | No ckpt change
[2026-09-08 09:00:07] PID: 22392 | WS: 113.01 MB (dWS: 1.46 MB) | Commit: 114.49 MB (dPM: 1.33 MB) | VM: 4321.21 MB | CPU: 6379.1s | SysFreeVM: 104124 MB | No ckpt change
[2026-09-08 09:00:17] PID: 22392 | WS: 113.01 MB (dWS: 1.46 MB) | Commit: 114.49 MB (dPM: 1.33 MB) | VM: 4321.21 MB | CPU: 6389.3s | SysFreeVM: 104108 MB | No ckpt change
[2026-09-08 09:00:27] PID: 22392 | WS: 113.03 MB (dWS: 1.48 MB) | Commit: 114.55 MB (dPM: 1.39 MB) | VM: 4321.21 MB | CPU: 6399.5s | SysFreeVM: 104094 MB | Ckpt: 50MB at 09:00:22
[2026-09-08 09:00:38] PID: 22392 | WS: 113.03 MB (dWS: 1.48 MB) | Commit: 114.55 MB (dPM: 1.39 MB) | VM: 4321.21 MB | CPU: 6409.7s | SysFreeVM: 104103 MB | No ckpt change
[2026-09-08 09:00:48] PID: 22392 | WS: 113.03 MB (dWS: 1.48 MB) | Commit: 114.55 MB (dPM: 1.39 MB) | VM: 4321.21 MB | CPU: 6419.8s | SysFreeVM: 104145 MB | No ckpt change
[2026-09-08 09:00:58] PID: 22392 | WS: 113.03 MB (dWS: 1.48 MB) | Commit: 114.55 MB (dPM: 1.39 MB) | VM: 4321.21 MB | CPU: 6430s | SysFreeVM: 104148 MB | No ckpt change
[2026-09-08 09:01:08] PID: 22392 | WS: 113.03 MB (dWS: 1.48 MB) | Commit: 114.55 MB (dPM: 1.39 MB) | VM: 4321.21 MB | CPU: 6440.2s | SysFreeVM: 104118 MB | Ckpt: 50MB at 09:01:04
[2026-09-08 09:01:19] PID: 22392 | WS: 113.03 MB (dWS: 1.48 MB) | Commit: 114.55 MB (dPM: 1.39 MB) | VM: 4321.21 MB | CPU: 6450.4s | SysFreeVM: 104141 MB | No ckpt change
[2026-09-08 09:01:29] PID: 22392 | WS: 113.03 MB (dWS: 1.48 MB) | Commit: 114.55 MB (dPM: 1.39 MB) | VM: 4321.21 MB | CPU: 6460.6s | SysFreeVM: 104087 MB | No ckpt change
[2026-09-08 09:01:39] PID: 22392 | WS: 113.03 MB (dWS: 1.48 MB) | Commit: 114.55 MB (dPM: 1.39 MB) | VM: 4321.21 MB | CPU: 6470.8s | SysFreeVM: 104107 MB | No ckpt change
[2026-09-08 09:01:49] PID: 22392 | WS: 113.03 MB (dWS: 1.48 MB) | Commit: 114.55 MB (dPM: 1.39 MB) | VM: 4321.21 MB | CPU: 6480.9s | SysFreeVM: 104116 MB | Ckpt: 50MB at 09:01:46
[2026-09-08 09:02:00] PID: 22392 | WS: 113.03 MB (dWS: 1.48 MB) | Commit: 114.55 MB (dPM: 1.39 MB) | VM: 4321.21 MB | CPU: 6491.2s | SysFreeVM: 104112 MB | No ckpt change
[2026-09-08 09:02:10] PID: 22392 | WS: 113.03 MB (dWS: 1.48 MB) | Commit: 114.55 MB (dPM: 1.39 MB) | VM: 4321.21 MB | CPU: 6501.3s | SysFreeVM: 104131 MB | No ckpt change
[2026-09-08 09:02:20] PID: 22392 | WS: 113.03 MB (dWS: 1.48 MB) | Commit: 114.55 MB (dPM: 1.39 MB) | VM: 4321.21 MB | CPU: 6511.5s | SysFreeVM: 104137 MB | No ckpt change
[2026-09-08 09:02:30] PID: 22392 | WS: 113.03 MB (dWS: 1.48 MB) | Commit: 114.55 MB (dPM: 1.39 MB) | VM: 4321.21 MB | CPU: 6521.7s | SysFreeVM: 104107 MB | Ckpt: 50MB at 09:02:28
[2026-09-08 09:02:40] PID: 22392 | WS: 113.03 MB (dWS: 1.48 MB) | Commit: 114.55 MB (dPM: 1.39 MB) | VM: 4321.21 MB | CPU: 6531.8s | SysFreeVM: 104115 MB | No ckpt change
[2026-09-08 09:02:51] PID: 22392 | WS: 113.03 MB (dWS: 1.48 MB) | Commit: 114.55 MB (dPM: 1.39 MB) | VM: 4321.21 MB | CPU: 6542s | SysFreeVM: 104133 MB | No ckpt change
[2026-09-08 09:03:01] PID: 22392 | WS: 113.03 MB (dWS: 1.48 MB) | Commit: 114.55 MB (dPM: 1.39 MB) | VM: 4321.21 MB | CPU: 6552.2s | SysFreeVM: 104129 MB | No ckpt change
[2026-09-08 09:03:11] PID: 22392 | WS: 113.03 MB (dWS: 1.48 MB) | Commit: 114.55 MB (dPM: 1.39 MB) | VM: 4321.21 MB | CPU: 6562.3s | SysFreeVM: 104116 MB | Ckpt: 50MB at 09:03:10
[2026-09-08 09:03:21] PID: 22392 | WS: 113.03 MB (dWS: 1.48 MB) | Commit: 114.55 MB (dPM: 1.39 MB) | VM: 4321.21 MB | CPU: 6572.5s | SysFreeVM: 104109 MB | No ckpt change
[2026-09-08 09:03:32] PID: 22392 | WS: 113.03 MB (dWS: 1.48 MB) | Commit: 114.55 MB (dPM: 1.39 MB) | VM: 4321.21 MB | CPU: 6582.6s | SysFreeVM: 104178 MB | No ckpt change
[2026-09-08 09:03:42] PID: 22392 | WS: 113.03 MB (dWS: 1.48 MB) | Commit: 114.55 MB (dPM: 1.39 MB) | VM: 4321.21 MB | CPU: 6592.8s | SysFreeVM: 104143 MB | No ckpt change
[2026-09-08 09:03:52] PID: 22392 | WS: 113.03 MB (dWS: 1.48 MB) | Commit: 114.55 MB (dPM: 1.39 MB) | VM: 4321.21 MB | CPU: 6603s | SysFreeVM: 104096 MB | No ckpt change
[2026-09-08 09:04:02] PID: 22392 | WS: 113.03 MB (dWS: 1.48 MB) | Commit: 114.55 MB (dPM: 1.39 MB) | VM: 4321.21 MB | CPU: 6613.2s | SysFreeVM: 104127 MB | Ckpt: 50MB at 09:03:52
[2026-09-08 09:04:13] PID: 22392 | WS: 113.03 MB (dWS: 1.48 MB) | Commit: 114.55 MB (dPM: 1.39 MB) | VM: 4321.21 MB | CPU: 6623.3s | SysFreeVM: 104112 MB | No ckpt change
[2026-09-08 09:04:23] PID: 22392 | WS: 113.03 MB (dWS: 1.48 MB) | Commit: 114.55 MB (dPM: 1.39 MB) | VM: 4321.21 MB | CPU: 6633.6s | SysFreeVM: 104108 MB | No ckpt change
[2026-09-08 09:04:33] PID: 22392 | WS: 113.03 MB (dWS: 1.48 MB) | Commit: 114.55 MB (dPM: 1.39 MB) | VM: 4321.21 MB | CPU: 6643.7s | SysFreeVM: 104094 MB | No ckpt change
[2026-09-08 09:04:43] PID: 22392 | WS: 113.05 MB (dWS: 1.5 MB) | Commit: 114.55 MB (dPM: 1.39 MB) | VM: 4321.21 MB | CPU: 6653.9s | SysFreeVM: 104133 MB | Ckpt: 50MB at 09:04:34
[2026-09-08 09:04:54] PID: 22392 | WS: 113.05 MB (dWS: 1.5 MB) | Commit: 114.55 MB (dPM: 1.39 MB) | VM: 4321.21 MB | CPU: 6664.1s | SysFreeVM: 104145 MB | No ckpt change
[2026-09-08 09:05:04] PID: 22392 | WS: 113.05 MB (dWS: 1.5 MB) | Commit: 114.55 MB (dPM: 1.39 MB) | VM: 4321.21 MB | CPU: 6674.3s | SysFreeVM: 104142 MB | No ckpt change
[2026-09-08 09:05:14] PID: 22392 | WS: 113.05 MB (dWS: 1.5 MB) | Commit: 114.55 MB (dPM: 1.39 MB) | VM: 4321.21 MB | CPU: 6684.5s | SysFreeVM: 104121 MB | No ckpt change
[2026-09-08 09:05:24] PID: 22392 | WS: 113.05 MB (dWS: 1.5 MB) | Commit: 114.55 MB (dPM: 1.39 MB) | VM: 4321.21 MB | CPU: 6694.6s | SysFreeVM: 104116 MB | Ckpt: 50MB at 09:05:16
[2026-09-08 09:05:35] PID: 22392 | WS: 113.05 MB (dWS: 1.5 MB) | Commit: 114.55 MB (dPM: 1.39 MB) | VM: 4321.21 MB | CPU: 6704.8s | SysFreeVM: 104115 MB | No ckpt change
[2026-09-08 09:05:45] PID: 22392 | WS: 113.05 MB (dWS: 1.5 MB) | Commit: 114.55 MB (dPM: 1.39 MB) | VM: 4321.21 MB | CPU: 6715s | SysFreeVM: 104109 MB | No ckpt change
[2026-09-08 09:05:55] PID: 22392 | WS: 113.05 MB (dWS: 1.5 MB) | Commit: 114.55 MB (dPM: 1.39 MB) | VM: 4321.21 MB | CPU: 6725.2s | SysFreeVM: 104158 MB | No ckpt change
[2026-09-08 09:06:05] PID: 22392 | WS: 113.08 MB (dWS: 1.53 MB) | Commit: 114.55 MB (dPM: 1.39 MB) | VM: 4321.21 MB | CPU: 6735.3s | SysFreeVM: 104127 MB | Ckpt: 50MB at 09:05:58
[2026-09-08 09:06:16] PID: 22392 | WS: 113.08 MB (dWS: 1.53 MB) | Commit: 114.55 MB (dPM: 1.39 MB) | VM: 4321.21 MB | CPU: 6745.5s | SysFreeVM: 104135 MB | No ckpt change
[2026-09-08 09:06:26] PID: 22392 | WS: 113.08 MB (dWS: 1.53 MB) | Commit: 114.55 MB (dPM: 1.39 MB) | VM: 4321.21 MB | CPU: 6755.7s | SysFreeVM: 104134 MB | No ckpt change
[2026-09-08 09:06:36] PID: 22392 | WS: 113.08 MB (dWS: 1.53 MB) | Commit: 114.55 MB (dPM: 1.39 MB) | VM: 4321.21 MB | CPU: 6765.8s | SysFreeVM: 104138 MB | No ckpt change
[2026-09-08 09:06:46] PID: 22392 | WS: 113.08 MB (dWS: 1.53 MB) | Commit: 114.55 MB (dPM: 1.39 MB) | VM: 4321.21 MB | CPU: 6775.9s | SysFreeVM: 104094 MB | Ckpt: 50MB at 09:06:40
[2026-09-08 09:06:57] PID: 22392 | WS: 113.08 MB (dWS: 1.53 MB) | Commit: 114.55 MB (dPM: 1.39 MB) | VM: 4321.21 MB | CPU: 6786s | SysFreeVM: 104119 MB | No ckpt change
[2026-09-08 09:07:07] PID: 22392 | WS: 113.08 MB (dWS: 1.53 MB) | Commit: 114.55 MB (dPM: 1.39 MB) | VM: 4321.21 MB | CPU: 6796s | SysFreeVM: 104080 MB | No ckpt change
[2026-09-08 09:07:17] PID: 22392 | WS: 113.08 MB (dWS: 1.53 MB) | Commit: 114.55 MB (dPM: 1.39 MB) | VM: 4321.21 MB | CPU: 6806.2s | SysFreeVM: 104109 MB | No ckpt change
[2026-09-08 09:07:27] PID: 22392 | WS: 113.11 MB (dWS: 1.56 MB) | Commit: 114.62 MB (dPM: 1.46 MB) | VM: 4321.21 MB | CPU: 6816.4s | SysFreeVM: 104087 MB | Ckpt: 50MB at 09:07:22
[2026-09-08 09:07:37] PID: 22392 | WS: 113.11 MB (dWS: 1.56 MB) | Commit: 114.62 MB (dPM: 1.46 MB) | VM: 4321.21 MB | CPU: 6826.6s | SysFreeVM: 104136 MB | No ckpt change
[2026-09-08 09:07:48] PID: 22392 | WS: 113.11 MB (dWS: 1.56 MB) | Commit: 114.62 MB (dPM: 1.46 MB) | VM: 4321.21 MB | CPU: 6836.8s | SysFreeVM: 104126 MB | No ckpt change
[2026-09-08 09:07:58] PID: 22392 | WS: 113.11 MB (dWS: 1.56 MB) | Commit: 114.62 MB (dPM: 1.46 MB) | VM: 4321.21 MB | CPU: 6846.9s | SysFreeVM: 104128 MB | No ckpt change
[2026-09-08 09:08:08] PID: 22392 | WS: 113.11 MB (dWS: 1.56 MB) | Commit: 114.62 MB (dPM: 1.46 MB) | VM: 4321.21 MB | CPU: 6857.1s | SysFreeVM: 104105 MB | Ckpt: 50MB at 09:08:04
[2026-09-08 09:08:18] PID: 22392 | WS: 113.11 MB (dWS: 1.56 MB) | Commit: 114.62 MB (dPM: 1.46 MB) | VM: 4321.21 MB | CPU: 6867.3s | SysFreeVM: 104104 MB | No ckpt change
[2026-09-08 09:08:29] PID: 22392 | WS: 113.11 MB (dWS: 1.56 MB) | Commit: 114.62 MB (dPM: 1.46 MB) | VM: 4321.21 MB | CPU: 6877.5s | SysFreeVM: 104131 MB | No ckpt change
[2026-09-08 09:08:39] PID: 22392 | WS: 113.11 MB (dWS: 1.56 MB) | Commit: 114.62 MB (dPM: 1.46 MB) | VM: 4321.21 MB | CPU: 6887.6s | SysFreeVM: 104171 MB | No ckpt change
[2026-09-08 09:08:49] PID: 22392 | WS: 113.11 MB (dWS: 1.56 MB) | Commit: 114.62 MB (dPM: 1.46 MB) | VM: 4321.21 MB | CPU: 6897.8s | SysFreeVM: 104123 MB | Ckpt: 50MB at 09:08:46
[2026-09-08 09:08:59] PID: 22392 | WS: 113.11 MB (dWS: 1.56 MB) | Commit: 114.62 MB (dPM: 1.46 MB) | VM: 4321.21 MB | CPU: 6908.1s | SysFreeVM: 104116 MB | No ckpt change
[2026-09-08 09:09:10] PID: 22392 | WS: 113.11 MB (dWS: 1.56 MB) | Commit: 114.62 MB (dPM: 1.46 MB) | VM: 4321.21 MB | CPU: 6918.2s | SysFreeVM: 104110 MB | No ckpt change
[2026-09-08 09:09:20] PID: 22392 | WS: 113.11 MB (dWS: 1.56 MB) | Commit: 114.62 MB (dPM: 1.46 MB) | VM: 4321.21 MB | CPU: 6928.4s | SysFreeVM: 104102 MB | No ckpt change
[2026-09-08 09:09:30] PID: 22392 | WS: 113.13 MB (dWS: 1.58 MB) | Commit: 114.62 MB (dPM: 1.46 MB) | VM: 4321.21 MB | CPU: 6938.5s | SysFreeVM: 104094 MB | Ckpt: 50MB at 09:09:28
[2026-09-08 09:09:40] PID: 22392 | WS: 113.13 MB (dWS: 1.58 MB) | Commit: 114.62 MB (dPM: 1.46 MB) | VM: 4321.21 MB | CPU: 6948.7s | SysFreeVM: 104154 MB | No ckpt change
[2026-09-08 09:09:51] PID: 22392 | WS: 113.13 MB (dWS: 1.58 MB) | Commit: 114.62 MB (dPM: 1.46 MB) | VM: 4321.21 MB | CPU: 6959s | SysFreeVM: 104144 MB | No ckpt change
[2026-09-08 09:10:01] PID: 22392 | WS: 113.13 MB (dWS: 1.58 MB) | Commit: 114.62 MB (dPM: 1.46 MB) | VM: 4321.21 MB | CPU: 6969.2s | SysFreeVM: 104158 MB | No ckpt change
[2026-09-08 09:10:11] PID: 22392 | WS: 113.13 MB (dWS: 1.58 MB) | Commit: 114.62 MB (dPM: 1.46 MB) | VM: 4321.21 MB | CPU: 6979.3s | SysFreeVM: 104131 MB | Ckpt: 50MB at 09:10:10
[2026-09-08 09:10:21] PID: 22392 | WS: 113.13 MB (dWS: 1.58 MB) | Commit: 114.62 MB (dPM: 1.46 MB) | VM: 4321.21 MB | CPU: 6989.5s | SysFreeVM: 104141 MB | No ckpt change
[2026-09-08 09:10:32] PID: 22392 | WS: 113.13 MB (dWS: 1.58 MB) | Commit: 114.62 MB (dPM: 1.46 MB) | VM: 4321.21 MB | CPU: 6999.6s | SysFreeVM: 104102 MB | No ckpt change
[2026-09-08 09:10:42] PID: 22392 | WS: 113.13 MB (dWS: 1.58 MB) | Commit: 114.62 MB (dPM: 1.46 MB) | VM: 4321.21 MB | CPU: 7009.7s | SysFreeVM: 104101 MB | No ckpt change
[2026-09-08 09:10:52] PID: 22392 | WS: 113.13 MB (dWS: 1.58 MB) | Commit: 114.62 MB (dPM: 1.46 MB) | VM: 4321.21 MB | CPU: 7019.9s | SysFreeVM: 104062 MB | No ckpt change
[2026-09-08 09:11:02] PID: 22392 | WS: 113.14 MB (dWS: 1.59 MB) | Commit: 114.62 MB (dPM: 1.46 MB) | VM: 4321.21 MB | CPU: 7030.2s | SysFreeVM: 104143 MB | Ckpt: 50MB at 09:10:52
[2026-09-08 09:11:13] PID: 22392 | WS: 113.14 MB (dWS: 1.59 MB) | Commit: 114.62 MB (dPM: 1.46 MB) | VM: 4321.21 MB | CPU: 7040.4s | SysFreeVM: 104146 MB | No ckpt change
[2026-09-08 09:11:23] PID: 22392 | WS: 113.14 MB (dWS: 1.59 MB) | Commit: 114.62 MB (dPM: 1.46 MB) | VM: 4321.21 MB | CPU: 7050.6s | SysFreeVM: 104131 MB | No ckpt change
[2026-09-08 09:11:33] PID: 22392 | WS: 113.14 MB (dWS: 1.59 MB) | Commit: 114.62 MB (dPM: 1.46 MB) | VM: 4321.21 MB | CPU: 7060.8s | SysFreeVM: 104138 MB | No ckpt change
[2026-09-08 09:11:43] PID: 22392 | WS: 113.14 MB (dWS: 1.59 MB) | Commit: 114.62 MB (dPM: 1.46 MB) | VM: 4321.21 MB | CPU: 7071s | SysFreeVM: 104118 MB | Ckpt: 50MB at 09:11:34
[2026-09-08 09:11:54] PID: 22392 | WS: 113.14 MB (dWS: 1.59 MB) | Commit: 114.62 MB (dPM: 1.46 MB) | VM: 4321.21 MB | CPU: 7081.2s | SysFreeVM: 104101 MB | No ckpt change
[2026-09-08 09:12:04] PID: 22392 | WS: 113.14 MB (dWS: 1.59 MB) | Commit: 114.62 MB (dPM: 1.46 MB) | VM: 4321.21 MB | CPU: 7091.4s | SysFreeVM: 104088 MB | No ckpt change
[2026-09-08 09:12:14] PID: 22392 | WS: 113.14 MB (dWS: 1.59 MB) | Commit: 114.62 MB (dPM: 1.46 MB) | VM: 4321.21 MB | CPU: 7101.6s | SysFreeVM: 104080 MB | No ckpt change
[2026-09-08 09:12:24] PID: 22392 | WS: 113.16 MB (dWS: 1.61 MB) | Commit: 114.62 MB (dPM: 1.46 MB) | VM: 4321.21 MB | CPU: 7111.8s | SysFreeVM: 104076 MB | Ckpt: 50MB at 09:12:16
[2026-09-08 09:12:35] PID: 22392 | WS: 113.16 MB (dWS: 1.61 MB) | Commit: 114.62 MB (dPM: 1.46 MB) | VM: 4321.21 MB | CPU: 7122s | SysFreeVM: 104115 MB | No ckpt change
[2026-09-08 09:12:45] PID: 22392 | WS: 113.16 MB (dWS: 1.61 MB) | Commit: 114.62 MB (dPM: 1.46 MB) | VM: 4321.21 MB | CPU: 7132.2s | SysFreeVM: 104085 MB | No ckpt change
[2026-09-08 09:12:55] PID: 22392 | WS: 113.16 MB (dWS: 1.61 MB) | Commit: 114.62 MB (dPM: 1.46 MB) | VM: 4321.21 MB | CPU: 7142.2s | SysFreeVM: 104097 MB | No ckpt change
[2026-09-08 09:13:05] PID: 22392 | WS: 113.16 MB (dWS: 1.61 MB) | Commit: 114.62 MB (dPM: 1.46 MB) | VM: 4321.21 MB | CPU: 7152.5s | SysFreeVM: 104073 MB | Ckpt: 50MB at 09:12:58
[2026-09-08 09:13:16] PID: 22392 | WS: 113.16 MB (dWS: 1.61 MB) | Commit: 114.62 MB (dPM: 1.46 MB) | VM: 4321.21 MB | CPU: 7162.6s | SysFreeVM: 104096 MB | No ckpt change
[2026-09-08 09:13:26] PID: 22392 | WS: 113.16 MB (dWS: 1.61 MB) | Commit: 114.62 MB (dPM: 1.46 MB) | VM: 4321.21 MB | CPU: 7172.9s | SysFreeVM: 104126 MB | No ckpt change
[2026-09-08 09:13:36] PID: 22392 | WS: 113.16 MB (dWS: 1.61 MB) | Commit: 114.62 MB (dPM: 1.46 MB) | VM: 4321.21 MB | CPU: 7183.1s | SysFreeVM: 104098 MB | No ckpt change
[2026-09-08 09:13:46] PID: 22392 | WS: 113.16 MB (dWS: 1.61 MB) | Commit: 114.62 MB (dPM: 1.46 MB) | VM: 4321.21 MB | CPU: 7193.2s | SysFreeVM: 104110 MB | Ckpt: 50MB at 09:13:40
[2026-09-08 09:13:57] PID: 22392 | WS: 113.16 MB (dWS: 1.61 MB) | Commit: 114.62 MB (dPM: 1.46 MB) | VM: 4321.21 MB | CPU: 7203.4s | SysFreeVM: 104069 MB | No ckpt change
[2026-09-08 09:14:07] PID: 22392 | WS: 113.16 MB (dWS: 1.61 MB) | Commit: 114.62 MB (dPM: 1.46 MB) | VM: 4321.21 MB | CPU: 7213.5s | SysFreeVM: 104031 MB | No ckpt change
[2026-09-08 09:14:17] PID: 22392 | WS: 113.16 MB (dWS: 1.61 MB) | Commit: 114.62 MB (dPM: 1.46 MB) | VM: 4321.21 MB | CPU: 7223.8s | SysFreeVM: 104081 MB | No ckpt change
[2026-09-08 09:14:27] PID: 22392 | WS: 113.19 MB (dWS: 1.64 MB) | Commit: 114.69 MB (dPM: 1.53 MB) | VM: 4321.21 MB | CPU: 7233.9s | SysFreeVM: 104093 MB | Ckpt: 50MB at 09:14:22
[2026-09-08 09:14:38] PID: 22392 | WS: 113.19 MB (dWS: 1.64 MB) | Commit: 114.69 MB (dPM: 1.53 MB) | VM: 4321.21 MB | CPU: 7244.1s | SysFreeVM: 104090 MB | No ckpt change
[2026-09-08 09:14:48] PID: 22392 | WS: 113.19 MB (dWS: 1.64 MB) | Commit: 114.69 MB (dPM: 1.53 MB) | VM: 4321.21 MB | CPU: 7254.3s | SysFreeVM: 104069 MB | No ckpt change
[2026-09-08 09:14:58] PID: 22392 | WS: 113.19 MB (dWS: 1.64 MB) | Commit: 114.69 MB (dPM: 1.53 MB) | VM: 4321.21 MB | CPU: 7264.4s | SysFreeVM: 104061 MB | No ckpt change
[2026-09-08 09:15:08] PID: 22392 | WS: 113.19 MB (dWS: 1.64 MB) | Commit: 114.69 MB (dPM: 1.53 MB) | VM: 4321.21 MB | CPU: 7274.6s | SysFreeVM: 104100 MB | Ckpt: 50MB at 09:15:04
[2026-09-08 09:15:19] PID: 22392 | WS: 113.19 MB (dWS: 1.64 MB) | Commit: 114.69 MB (dPM: 1.53 MB) | VM: 4321.21 MB | CPU: 7284.8s | SysFreeVM: 104098 MB | No ckpt change
[2026-09-08 09:15:29] PID: 22392 | WS: 113.19 MB (dWS: 1.64 MB) | Commit: 114.69 MB (dPM: 1.53 MB) | VM: 4321.21 MB | CPU: 7295s | SysFreeVM: 104146 MB | No ckpt change
[2026-09-08 09:15:39] PID: 22392 | WS: 113.19 MB (dWS: 1.64 MB) | Commit: 114.69 MB (dPM: 1.53 MB) | VM: 4321.21 MB | CPU: 7305.2s | SysFreeVM: 104157 MB | No ckpt change
[2026-09-08 09:15:49] PID: 22392 | WS: 113.21 MB (dWS: 1.66 MB) | Commit: 114.69 MB (dPM: 1.53 MB) | VM: 4321.21 MB | CPU: 7315.3s | SysFreeVM: 104129 MB | Ckpt: 50MB at 09:15:46
[2026-09-08 09:16:00] PID: 22392 | WS: 113.21 MB (dWS: 1.66 MB) | Commit: 114.69 MB (dPM: 1.53 MB) | VM: 4321.21 MB | CPU: 7325.5s | SysFreeVM: 104117 MB | No ckpt change
[2026-09-08 09:16:10] PID: 22392 | WS: 113.21 MB (dWS: 1.66 MB) | Commit: 114.69 MB (dPM: 1.53 MB) | VM: 4321.21 MB | CPU: 7335.7s | SysFreeVM: 104121 MB | No ckpt change
[2026-09-08 09:16:20] PID: 22392 | WS: 113.21 MB (dWS: 1.66 MB) | Commit: 114.69 MB (dPM: 1.53 MB) | VM: 4321.21 MB | CPU: 7345.8s | SysFreeVM: 104123 MB | No ckpt change
[2026-09-08 09:16:30] PID: 22392 | WS: 113.21 MB (dWS: 1.66 MB) | Commit: 114.69 MB (dPM: 1.53 MB) | VM: 4321.21 MB | CPU: 7356s | SysFreeVM: 104107 MB | Ckpt: 50MB at 09:16:28
[2026-09-08 09:16:41] PID: 22392 | WS: 113.21 MB (dWS: 1.66 MB) | Commit: 114.69 MB (dPM: 1.53 MB) | VM: 4321.21 MB | CPU: 7366.2s | SysFreeVM: 104144 MB | No ckpt change
[2026-09-08 09:16:51] PID: 22392 | WS: 113.21 MB (dWS: 1.66 MB) | Commit: 114.69 MB (dPM: 1.53 MB) | VM: 4321.21 MB | CPU: 7376.4s | SysFreeVM: 104156 MB | No ckpt change
[2026-09-08 09:17:01] PID: 22392 | WS: 113.21 MB (dWS: 1.66 MB) | Commit: 114.69 MB (dPM: 1.53 MB) | VM: 4321.21 MB | CPU: 7386.5s | SysFreeVM: 104137 MB | No ckpt change
[2026-09-08 09:17:11] PID: 22392 | WS: 113.22 MB (dWS: 1.67 MB) | Commit: 114.69 MB (dPM: 1.53 MB) | VM: 4321.21 MB | CPU: 7396.6s | SysFreeVM: 104111 MB | Ckpt: 50MB at 09:17:10
[2026-09-08 09:17:22] PID: 22392 | WS: 113.22 MB (dWS: 1.67 MB) | Commit: 114.69 MB (dPM: 1.53 MB) | VM: 4321.21 MB | CPU: 7406.8s | SysFreeVM: 104097 MB | No ckpt change
[2026-09-08 09:17:32] PID: 22392 | WS: 113.22 MB (dWS: 1.67 MB) | Commit: 114.69 MB (dPM: 1.53 MB) | VM: 4321.21 MB | CPU: 7417.1s | SysFreeVM: 104110 MB | No ckpt change
[2026-09-08 09:17:42] PID: 22392 | WS: 113.22 MB (dWS: 1.67 MB) | Commit: 114.69 MB (dPM: 1.53 MB) | VM: 4321.21 MB | CPU: 7427.3s | SysFreeVM: 104104 MB | No ckpt change
[2026-09-08 09:17:52] PID: 22392 | WS: 163.25 MB (dWS: 51.7 MB) | Commit: 164.79 MB (dPM: 51.63 MB) | VM: 4371.27 MB | CPU: 7437.4s | SysFreeVM: 104118 MB | Ckpt: 50MB at 09:17:52
[2026-09-08 09:18:03] PID: 22392 | WS: 113.25 MB (dWS: 1.7 MB) | Commit: 114.75 MB (dPM: 1.59 MB) | VM: 4321.21 MB | CPU: 7447.6s | SysFreeVM: 104152 MB | No ckpt change
[2026-09-08 09:18:13] PID: 22392 | WS: 113.25 MB (dWS: 1.7 MB) | Commit: 114.75 MB (dPM: 1.59 MB) | VM: 4321.21 MB | CPU: 7457.7s | SysFreeVM: 104123 MB | No ckpt change
[2026-09-08 09:18:23] PID: 22392 | WS: 113.25 MB (dWS: 1.7 MB) | Commit: 114.75 MB (dPM: 1.59 MB) | VM: 4321.21 MB | CPU: 7467.9s | SysFreeVM: 104123 MB | No ckpt change
[2026-09-08 09:18:33] PID: 22392 | WS: 113.25 MB (dWS: 1.7 MB) | Commit: 114.75 MB (dPM: 1.59 MB) | VM: 4321.21 MB | CPU: 7478s | SysFreeVM: 104128 MB | No ckpt change
[2026-09-08 09:18:43] PID: 22392 | WS: 113.25 MB (dWS: 1.7 MB) | Commit: 114.75 MB (dPM: 1.59 MB) | VM: 4321.21 MB | CPU: 7488.1s | SysFreeVM: 104121 MB | Ckpt: 50MB at 09:18:34
[2026-09-08 09:18:54] PID: 22392 | WS: 113.25 MB (dWS: 1.7 MB) | Commit: 114.75 MB (dPM: 1.59 MB) | VM: 4321.21 MB | CPU: 7498.3s | SysFreeVM: 104129 MB | No ckpt change
[2026-09-08 09:19:04] PID: 22392 | WS: 113.25 MB (dWS: 1.7 MB) | Commit: 114.75 MB (dPM: 1.59 MB) | VM: 4321.21 MB | CPU: 7508.5s | SysFreeVM: 104107 MB | No ckpt change
[2026-09-08 09:19:14] PID: 22392 | WS: 113.25 MB (dWS: 1.7 MB) | Commit: 114.75 MB (dPM: 1.59 MB) | VM: 4321.21 MB | CPU: 7518.7s | SysFreeVM: 104108 MB | No ckpt change
[2026-09-08 09:19:24] PID: 22392 | WS: 113.25 MB (dWS: 1.7 MB) | Commit: 114.75 MB (dPM: 1.59 MB) | VM: 4321.21 MB | CPU: 7528.8s | SysFreeVM: 104142 MB | Ckpt: 50MB at 09:19:16
[2026-09-08 09:19:35] PID: 22392 | WS: 113.25 MB (dWS: 1.7 MB) | Commit: 114.75 MB (dPM: 1.59 MB) | VM: 4321.21 MB | CPU: 7539s | SysFreeVM: 104131 MB | No ckpt change
[2026-09-08 09:19:45] PID: 22392 | WS: 113.25 MB (dWS: 1.7 MB) | Commit: 114.75 MB (dPM: 1.59 MB) | VM: 4321.21 MB | CPU: 7549.2s | SysFreeVM: 104137 MB | No ckpt change
[2026-09-08 09:19:55] PID: 22392 | WS: 113.25 MB (dWS: 1.7 MB) | Commit: 114.75 MB (dPM: 1.59 MB) | VM: 4321.21 MB | CPU: 7559.3s | SysFreeVM: 104146 MB | No ckpt change
[2026-09-08 09:20:05] PID: 22392 | WS: 113.25 MB (dWS: 1.7 MB) | Commit: 114.75 MB (dPM: 1.59 MB) | VM: 4321.21 MB | CPU: 7569.5s | SysFreeVM: 104106 MB | Ckpt: 50MB at 09:19:58
[2026-09-08 09:20:16] PID: 22392 | WS: 113.25 MB (dWS: 1.7 MB) | Commit: 114.75 MB (dPM: 1.59 MB) | VM: 4321.21 MB | CPU: 7579.7s | SysFreeVM: 104085 MB | No ckpt change
[2026-09-08 09:20:26] PID: 22392 | WS: 113.25 MB (dWS: 1.7 MB) | Commit: 114.75 MB (dPM: 1.59 MB) | VM: 4321.21 MB | CPU: 7589.9s | SysFreeVM: 104123 MB | No ckpt change
[2026-09-08 09:20:36] PID: 22392 | WS: 113.25 MB (dWS: 1.7 MB) | Commit: 114.75 MB (dPM: 1.59 MB) | VM: 4321.21 MB | CPU: 7600s | SysFreeVM: 104088 MB | No ckpt change
[2026-09-08 09:20:46] PID: 22392 | WS: 113.27 MB (dWS: 1.72 MB) | Commit: 114.75 MB (dPM: 1.59 MB) | VM: 4321.21 MB | CPU: 7610.2s | SysFreeVM: 104154 MB | Ckpt: 50MB at 09:20:40
[2026-09-08 09:20:57] PID: 22392 | WS: 113.27 MB (dWS: 1.72 MB) | Commit: 114.75 MB (dPM: 1.59 MB) | VM: 4321.21 MB | CPU: 7620.4s | SysFreeVM: 104152 MB | No ckpt change
[2026-09-08 09:21:07] PID: 22392 | WS: 113.27 MB (dWS: 1.72 MB) | Commit: 114.75 MB (dPM: 1.59 MB) | VM: 4321.21 MB | CPU: 7630.6s | SysFreeVM: 104139 MB | No ckpt change
[2026-09-08 09:21:17] PID: 22392 | WS: 113.27 MB (dWS: 1.72 MB) | Commit: 114.75 MB (dPM: 1.59 MB) | VM: 4321.21 MB | CPU: 7640.8s | SysFreeVM: 104105 MB | No ckpt change
[2026-09-08 09:21:27] PID: 22392 | WS: 113.28 MB (dWS: 1.73 MB) | Commit: 114.75 MB (dPM: 1.59 MB) | VM: 4321.21 MB | CPU: 7650.9s | SysFreeVM: 104111 MB | Ckpt: 50MB at 09:21:22
[2026-09-08 09:21:38] PID: 22392 | WS: 113.28 MB (dWS: 1.73 MB) | Commit: 114.75 MB (dPM: 1.59 MB) | VM: 4321.21 MB | CPU: 7661.1s | SysFreeVM: 104109 MB | No ckpt change
[2026-09-08 09:21:48] PID: 22392 | WS: 113.28 MB (dWS: 1.73 MB) | Commit: 114.75 MB (dPM: 1.59 MB) | VM: 4321.21 MB | CPU: 7671.3s | SysFreeVM: 104096 MB | No ckpt change
[2026-09-08 09:21:58] PID: 22392 | WS: 113.28 MB (dWS: 1.73 MB) | Commit: 114.75 MB (dPM: 1.59 MB) | VM: 4321.21 MB | CPU: 7681.5s | SysFreeVM: 104147 MB | No ckpt change
[2026-09-08 09:22:08] PID: 22392 | WS: 113.28 MB (dWS: 1.73 MB) | Commit: 114.75 MB (dPM: 1.59 MB) | VM: 4321.21 MB | CPU: 7691.6s | SysFreeVM: 104138 MB | Ckpt: 50MB at 09:22:04
[2026-09-08 09:22:18] PID: 22392 | WS: 113.28 MB (dWS: 1.73 MB) | Commit: 114.75 MB (dPM: 1.59 MB) | VM: 4321.21 MB | CPU: 7701.7s | SysFreeVM: 104100 MB | No ckpt change
[2026-09-08 09:22:29] PID: 22392 | WS: 113.28 MB (dWS: 1.73 MB) | Commit: 114.75 MB (dPM: 1.59 MB) | VM: 4321.21 MB | CPU: 7712s | SysFreeVM: 104117 MB | No ckpt change
[2026-09-08 09:22:39] PID: 22392 | WS: 113.28 MB (dWS: 1.73 MB) | Commit: 114.75 MB (dPM: 1.59 MB) | VM: 4321.21 MB | CPU: 7722.1s | SysFreeVM: 104097 MB | No ckpt change
[2026-09-08 09:22:49] PID: 22392 | WS: 113.28 MB (dWS: 1.73 MB) | Commit: 114.75 MB (dPM: 1.59 MB) | VM: 4321.21 MB | CPU: 7732.3s | SysFreeVM: 104098 MB | Ckpt: 50MB at 09:22:46
[2026-09-08 09:22:59] PID: 22392 | WS: 113.28 MB (dWS: 1.73 MB) | Commit: 114.75 MB (dPM: 1.59 MB) | VM: 4321.21 MB | CPU: 7742.5s | SysFreeVM: 104105 MB | No ckpt change
[2026-09-08 09:23:10] PID: 22392 | WS: 113.28 MB (dWS: 1.73 MB) | Commit: 114.75 MB (dPM: 1.59 MB) | VM: 4321.21 MB | CPU: 7752.6s | SysFreeVM: 104087 MB | No ckpt change
[2026-09-08 09:23:20] PID: 22392 | WS: 113.28 MB (dWS: 1.73 MB) | Commit: 114.75 MB (dPM: 1.59 MB) | VM: 4321.21 MB | CPU: 7762.8s | SysFreeVM: 104153 MB | No ckpt change
[2026-09-08 09:23:30] PID: 22392 | WS: 113.28 MB (dWS: 1.73 MB) | Commit: 114.75 MB (dPM: 1.59 MB) | VM: 4321.21 MB | CPU: 7773s | SysFreeVM: 104127 MB | Ckpt: 50MB at 09:23:28
[2026-09-08 09:23:40] PID: 22392 | WS: 113.28 MB (dWS: 1.73 MB) | Commit: 114.75 MB (dPM: 1.59 MB) | VM: 4321.21 MB | CPU: 7783.2s | SysFreeVM: 104119 MB | No ckpt change
[2026-09-08 09:23:51] PID: 22392 | WS: 113.28 MB (dWS: 1.73 MB) | Commit: 114.75 MB (dPM: 1.59 MB) | VM: 4321.21 MB | CPU: 7793.3s | SysFreeVM: 104153 MB | No ckpt change
[2026-09-08 09:24:01] PID: 22392 | WS: 113.28 MB (dWS: 1.73 MB) | Commit: 114.75 MB (dPM: 1.59 MB) | VM: 4321.21 MB | CPU: 7803.4s | SysFreeVM: 104117 MB | No ckpt change
[2026-09-08 09:24:11] PID: 22392 | WS: 113.28 MB (dWS: 1.73 MB) | Commit: 114.75 MB (dPM: 1.59 MB) | VM: 4321.21 MB | CPU: 7813.6s | SysFreeVM: 104127 MB | Ckpt: 50MB at 09:24:10
[2026-09-08 09:24:21] PID: 22392 | WS: 113.28 MB (dWS: 1.73 MB) | Commit: 114.75 MB (dPM: 1.59 MB) | VM: 4321.21 MB | CPU: 7823.7s | SysFreeVM: 104123 MB | No ckpt change
[2026-09-08 09:24:31] PID: 22392 | WS: 113.28 MB (dWS: 1.73 MB) | Commit: 114.75 MB (dPM: 1.59 MB) | VM: 4321.21 MB | CPU: 7833.9s | SysFreeVM: 104085 MB | No ckpt change
[2026-09-08 09:24:42] PID: 22392 | WS: 113.28 MB (dWS: 1.73 MB) | Commit: 114.75 MB (dPM: 1.59 MB) | VM: 4321.21 MB | CPU: 7844s | SysFreeVM: 104157 MB | No ckpt change
[2026-09-08 09:24:52] PID: 22392 | WS: 113.28 MB (dWS: 1.73 MB) | Commit: 114.75 MB (dPM: 1.59 MB) | VM: 4321.21 MB | CPU: 7854.2s | SysFreeVM: 104156 MB | No ckpt change
[2026-09-08 09:25:02] PID: 22392 | WS: 113.28 MB (dWS: 1.73 MB) | Commit: 114.75 MB (dPM: 1.59 MB) | VM: 4321.21 MB | CPU: 7864.3s | SysFreeVM: 104151 MB | Ckpt: 50MB at 09:24:52
[2026-09-08 09:25:12] PID: 22392 | WS: 113.28 MB (dWS: 1.73 MB) | Commit: 114.75 MB (dPM: 1.59 MB) | VM: 4321.21 MB | CPU: 7874.5s | SysFreeVM: 104157 MB | No ckpt change
[2026-09-08 09:25:22] PID: 22392 | WS: 113.28 MB (dWS: 1.73 MB) | Commit: 114.75 MB (dPM: 1.59 MB) | VM: 4321.21 MB | CPU: 7884.7s | SysFreeVM: 104139 MB | No ckpt change
[2026-09-08 09:25:33] PID: 22392 | WS: 113.28 MB (dWS: 1.73 MB) | Commit: 114.75 MB (dPM: 1.59 MB) | VM: 4321.21 MB | CPU: 7894.9s | SysFreeVM: 104115 MB | No ckpt change
[2026-09-08 09:25:43] PID: 22392 | WS: 113.28 MB (dWS: 1.73 MB) | Commit: 114.75 MB (dPM: 1.59 MB) | VM: 4321.21 MB | CPU: 7905.1s | SysFreeVM: 104109 MB | Ckpt: 50MB at 09:25:34
[2026-09-08 09:25:53] PID: 22392 | WS: 113.28 MB (dWS: 1.73 MB) | Commit: 114.75 MB (dPM: 1.59 MB) | VM: 4321.21 MB | CPU: 7915.2s | SysFreeVM: 104102 MB | No ckpt change
[2026-09-08 09:26:03] PID: 22392 | WS: 113.28 MB (dWS: 1.73 MB) | Commit: 114.75 MB (dPM: 1.59 MB) | VM: 4321.21 MB | CPU: 7925.5s | SysFreeVM: 104120 MB | No ckpt change
[2026-09-08 09:26:14] PID: 22392 | WS: 113.28 MB (dWS: 1.73 MB) | Commit: 114.75 MB (dPM: 1.59 MB) | VM: 4321.21 MB | CPU: 7935.7s | SysFreeVM: 104147 MB | No ckpt change
[2026-09-08 09:26:24] PID: 22392 | WS: 113.32 MB (dWS: 1.77 MB) | Commit: 114.82 MB (dPM: 1.66 MB) | VM: 4321.21 MB | CPU: 7945.8s | SysFreeVM: 104113 MB | Ckpt: 50MB at 09:26:16
[2026-09-08 09:26:34] PID: 22392 | WS: 113.32 MB (dWS: 1.77 MB) | Commit: 114.82 MB (dPM: 1.66 MB) | VM: 4321.21 MB | CPU: 7956s | SysFreeVM: 104131 MB | No ckpt change
[2026-09-08 09:26:44] PID: 22392 | WS: 113.32 MB (dWS: 1.77 MB) | Commit: 114.82 MB (dPM: 1.66 MB) | VM: 4321.21 MB | CPU: 7966.1s | SysFreeVM: 104104 MB | No ckpt change
[2026-09-08 09:26:55] PID: 22392 | WS: 113.32 MB (dWS: 1.77 MB) | Commit: 114.82 MB (dPM: 1.66 MB) | VM: 4321.21 MB | CPU: 7976.3s | SysFreeVM: 104124 MB | No ckpt change
[2026-09-08 09:27:05] PID: 22392 | WS: 113.32 MB (dWS: 1.77 MB) | Commit: 114.82 MB (dPM: 1.66 MB) | VM: 4321.21 MB | CPU: 7986.5s | SysFreeVM: 104089 MB | Ckpt: 50MB at 09:26:58
[2026-09-08 09:27:15] PID: 22392 | WS: 113.32 MB (dWS: 1.77 MB) | Commit: 114.82 MB (dPM: 1.66 MB) | VM: 4321.21 MB | CPU: 7996.8s | SysFreeVM: 104099 MB | No ckpt change
[2026-09-08 09:27:25] PID: 22392 | WS: 113.32 MB (dWS: 1.77 MB) | Commit: 114.82 MB (dPM: 1.66 MB) | VM: 4321.21 MB | CPU: 8007s | SysFreeVM: 104091 MB | No ckpt change
[2026-09-08 09:27:36] PID: 22392 | WS: 113.32 MB (dWS: 1.77 MB) | Commit: 114.82 MB (dPM: 1.66 MB) | VM: 4321.21 MB | CPU: 8017.1s | SysFreeVM: 104090 MB | No ckpt change
[2026-09-08 09:27:46] PID: 22392 | WS: 113.33 MB (dWS: 1.78 MB) | Commit: 114.82 MB (dPM: 1.66 MB) | VM: 4321.21 MB | CPU: 8027.3s | SysFreeVM: 104097 MB | Ckpt: 50MB at 09:27:40
[2026-09-08 09:27:56] PID: 22392 | WS: 113.33 MB (dWS: 1.78 MB) | Commit: 114.82 MB (dPM: 1.66 MB) | VM: 4321.21 MB | CPU: 8037.3s | SysFreeVM: 104099 MB | No ckpt change
[2026-09-08 09:28:06] PID: 22392 | WS: 113.33 MB (dWS: 1.78 MB) | Commit: 114.82 MB (dPM: 1.66 MB) | VM: 4321.21 MB | CPU: 8047.5s | SysFreeVM: 104111 MB | No ckpt change
[2026-09-08 09:28:17] PID: 22392 | WS: 113.33 MB (dWS: 1.78 MB) | Commit: 114.82 MB (dPM: 1.66 MB) | VM: 4321.21 MB | CPU: 8057.7s | SysFreeVM: 104112 MB | No ckpt change
[2026-09-08 09:28:27] PID: 22392 | WS: 113.33 MB (dWS: 1.78 MB) | Commit: 114.82 MB (dPM: 1.66 MB) | VM: 4321.21 MB | CPU: 8067.9s | SysFreeVM: 104088 MB | Ckpt: 50MB at 09:28:22
[2026-09-08 09:28:37] PID: 22392 | WS: 113.33 MB (dWS: 1.78 MB) | Commit: 114.82 MB (dPM: 1.66 MB) | VM: 4321.21 MB | CPU: 8078s | SysFreeVM: 104136 MB | No ckpt change
[2026-09-08 09:28:47] PID: 22392 | WS: 113.33 MB (dWS: 1.78 MB) | Commit: 114.82 MB (dPM: 1.66 MB) | VM: 4321.21 MB | CPU: 8088.2s | SysFreeVM: 104146 MB | No ckpt change
[2026-09-08 09:28:58] PID: 22392 | WS: 113.33 MB (dWS: 1.78 MB) | Commit: 114.82 MB (dPM: 1.66 MB) | VM: 4321.21 MB | CPU: 8098.4s | SysFreeVM: 104140 MB | No ckpt change
[2026-09-08 09:29:08] PID: 22392 | WS: 113.33 MB (dWS: 1.78 MB) | Commit: 114.82 MB (dPM: 1.66 MB) | VM: 4321.21 MB | CPU: 8108.5s | SysFreeVM: 104132 MB | Ckpt: 50MB at 09:29:04
[2026-09-08 09:29:18] PID: 22392 | WS: 113.33 MB (dWS: 1.78 MB) | Commit: 114.82 MB (dPM: 1.66 MB) | VM: 4321.21 MB | CPU: 8118.7s | SysFreeVM: 104125 MB | No ckpt change
[2026-09-08 09:29:28] PID: 22392 | WS: 113.33 MB (dWS: 1.78 MB) | Commit: 114.82 MB (dPM: 1.66 MB) | VM: 4321.21 MB | CPU: 8128.8s | SysFreeVM: 104100 MB | No ckpt change
[2026-09-08 09:29:38] PID: 22392 | WS: 113.33 MB (dWS: 1.78 MB) | Commit: 114.82 MB (dPM: 1.66 MB) | VM: 4321.21 MB | CPU: 8139s | SysFreeVM: 104120 MB | No ckpt change
[2026-09-08 09:29:49] PID: 22392 | WS: 113.36 MB (dWS: 1.81 MB) | Commit: 114.82 MB (dPM: 1.66 MB) | VM: 4321.21 MB | CPU: 8149.1s | SysFreeVM: 104071 MB | Ckpt: 50MB at 09:29:46
[2026-09-08 09:29:59] PID: 22392 | WS: 113.36 MB (dWS: 1.81 MB) | Commit: 114.82 MB (dPM: 1.66 MB) | VM: 4321.21 MB | CPU: 8159.4s | SysFreeVM: 104149 MB | No ckpt change
[2026-09-08 09:30:09] PID: 22392 | WS: 113.36 MB (dWS: 1.81 MB) | Commit: 114.82 MB (dPM: 1.66 MB) | VM: 4321.21 MB | CPU: 8169.6s | SysFreeVM: 104127 MB | No ckpt change
[2026-09-08 09:30:19] PID: 22392 | WS: 113.36 MB (dWS: 1.81 MB) | Commit: 114.82 MB (dPM: 1.66 MB) | VM: 4321.21 MB | CPU: 8179.7s | SysFreeVM: 104152 MB | No ckpt change
[2026-09-08 09:30:30] PID: 22392 | WS: 113.37 MB (dWS: 1.82 MB) | Commit: 114.89 MB (dPM: 1.73 MB) | VM: 4321.21 MB | CPU: 8189.8s | SysFreeVM: 104139 MB | Ckpt: 50MB at 09:30:28
[2026-09-08 09:30:40] PID: 22392 | WS: 113.37 MB (dWS: 1.82 MB) | Commit: 114.89 MB (dPM: 1.73 MB) | VM: 4321.21 MB | CPU: 8200s | SysFreeVM: 104105 MB | No ckpt change
[2026-09-08 09:30:50] PID: 22392 | WS: 113.37 MB (dWS: 1.82 MB) | Commit: 114.89 MB (dPM: 1.73 MB) | VM: 4321.21 MB | CPU: 8210.2s | SysFreeVM: 104125 MB | No ckpt change
[2026-09-08 09:31:00] PID: 22392 | WS: 113.37 MB (dWS: 1.82 MB) | Commit: 114.89 MB (dPM: 1.73 MB) | VM: 4321.21 MB | CPU: 8220.3s | SysFreeVM: 104091 MB | No ckpt change
[2026-09-08 09:31:11] PID: 22392 | WS: 113.37 MB (dWS: 1.82 MB) | Commit: 114.89 MB (dPM: 1.73 MB) | VM: 4321.21 MB | CPU: 8230.5s | SysFreeVM: 104149 MB | Ckpt: 50MB at 09:31:10
[2026-09-08 09:31:21] PID: 22392 | WS: 113.37 MB (dWS: 1.82 MB) | Commit: 114.89 MB (dPM: 1.73 MB) | VM: 4321.21 MB | CPU: 8240.7s | SysFreeVM: 104151 MB | No ckpt change
[2026-09-08 09:31:31] PID: 22392 | WS: 113.37 MB (dWS: 1.82 MB) | Commit: 114.89 MB (dPM: 1.73 MB) | VM: 4321.21 MB | CPU: 8250.8s | SysFreeVM: 104160 MB | No ckpt change
[2026-09-08 09:31:41] PID: 22392 | WS: 113.37 MB (dWS: 1.82 MB) | Commit: 114.89 MB (dPM: 1.73 MB) | VM: 4321.21 MB | CPU: 8261.1s | SysFreeVM: 104135 MB | No ckpt change
[2026-09-08 09:31:52] PID: 22392 | WS: 113.37 MB (dWS: 1.82 MB) | Commit: 114.89 MB (dPM: 1.73 MB) | VM: 4321.21 MB | CPU: 8271.3s | SysFreeVM: 104114 MB | No ckpt change
[2026-09-08 09:32:02] PID: 22392 | WS: 113.38 MB (dWS: 1.83 MB) | Commit: 114.89 MB (dPM: 1.73 MB) | VM: 4321.21 MB | CPU: 8281.5s | SysFreeVM: 104124 MB | Ckpt: 50MB at 09:31:52
[2026-09-08 09:32:12] PID: 22392 | WS: 113.38 MB (dWS: 1.83 MB) | Commit: 114.89 MB (dPM: 1.73 MB) | VM: 4321.21 MB | CPU: 8291.7s | SysFreeVM: 104141 MB | No ckpt change
[2026-09-08 09:32:22] PID: 22392 | WS: 113.38 MB (dWS: 1.83 MB) | Commit: 114.89 MB (dPM: 1.73 MB) | VM: 4321.21 MB | CPU: 8301.9s | SysFreeVM: 104140 MB | No ckpt change
[2026-09-08 09:32:32] PID: 22392 | WS: 113.38 MB (dWS: 1.83 MB) | Commit: 114.89 MB (dPM: 1.73 MB) | VM: 4321.21 MB | CPU: 8312s | SysFreeVM: 104139 MB | No ckpt change
[2026-09-08 09:32:43] PID: 22392 | WS: 113.38 MB (dWS: 1.83 MB) | Commit: 114.89 MB (dPM: 1.73 MB) | VM: 4321.21 MB | CPU: 8322.3s | SysFreeVM: 104142 MB | Ckpt: 50MB at 09:32:34
[2026-09-08 09:32:53] PID: 22392 | WS: 113.38 MB (dWS: 1.83 MB) | Commit: 114.89 MB (dPM: 1.73 MB) | VM: 4321.21 MB | CPU: 8332.4s | SysFreeVM: 104132 MB | No ckpt change
[2026-09-08 09:33:03] PID: 22392 | WS: 113.38 MB (dWS: 1.83 MB) | Commit: 114.89 MB (dPM: 1.73 MB) | VM: 4321.21 MB | CPU: 8342.5s | SysFreeVM: 104120 MB | No ckpt change
[2026-09-08 09:33:14] PID: 22392 | WS: 113.38 MB (dWS: 1.83 MB) | Commit: 114.89 MB (dPM: 1.73 MB) | VM: 4321.21 MB | CPU: 8352.7s | SysFreeVM: 104099 MB | No ckpt change
[2026-09-08 09:33:24] PID: 22392 | WS: 113.38 MB (dWS: 1.83 MB) | Commit: 114.89 MB (dPM: 1.73 MB) | VM: 4321.21 MB | CPU: 8362.8s | SysFreeVM: 104127 MB | Ckpt: 50MB at 09:33:16
[2026-09-08 09:33:34] PID: 22392 | WS: 113.38 MB (dWS: 1.83 MB) | Commit: 114.89 MB (dPM: 1.73 MB) | VM: 4321.21 MB | CPU: 8372.9s | SysFreeVM: 104145 MB | No ckpt change
[2026-09-08 09:33:44] PID: 22392 | WS: 113.38 MB (dWS: 1.83 MB) | Commit: 114.89 MB (dPM: 1.73 MB) | VM: 4321.21 MB | CPU: 8383s | SysFreeVM: 104152 MB | No ckpt change
[2026-09-08 09:33:54] PID: 22392 | WS: 113.38 MB (dWS: 1.83 MB) | Commit: 114.89 MB (dPM: 1.73 MB) | VM: 4321.21 MB | CPU: 8393.2s | SysFreeVM: 104144 MB | No ckpt change
[2026-09-08 09:34:05] PID: 22392 | WS: 113.38 MB (dWS: 1.83 MB) | Commit: 114.89 MB (dPM: 1.73 MB) | VM: 4321.21 MB | CPU: 8403.2s | SysFreeVM: 104120 MB | Ckpt: 50MB at 09:33:58
[2026-09-08 09:34:15] PID: 22392 | WS: 113.38 MB (dWS: 1.83 MB) | Commit: 114.89 MB (dPM: 1.73 MB) | VM: 4321.21 MB | CPU: 8413.4s | SysFreeVM: 104117 MB | No ckpt change
[2026-09-08 09:34:25] PID: 22392 | WS: 113.38 MB (dWS: 1.83 MB) | Commit: 114.89 MB (dPM: 1.73 MB) | VM: 4321.21 MB | CPU: 8423.6s | SysFreeVM: 104117 MB | No ckpt change
[2026-09-08 09:34:35] PID: 22392 | WS: 113.38 MB (dWS: 1.83 MB) | Commit: 114.89 MB (dPM: 1.73 MB) | VM: 4321.21 MB | CPU: 8433.8s | SysFreeVM: 104093 MB | No ckpt change
[2026-09-08 09:34:46] PID: 22392 | WS: 113.38 MB (dWS: 1.83 MB) | Commit: 114.89 MB (dPM: 1.73 MB) | VM: 4321.21 MB | CPU: 8443.9s | SysFreeVM: 104146 MB | Ckpt: 50MB at 09:34:40
[2026-09-08 09:34:56] PID: 22392 | WS: 113.38 MB (dWS: 1.83 MB) | Commit: 114.89 MB (dPM: 1.73 MB) | VM: 4321.21 MB | CPU: 8454.1s | SysFreeVM: 104144 MB | No ckpt change
[2026-09-08 09:35:06] PID: 22392 | WS: 113.38 MB (dWS: 1.83 MB) | Commit: 114.89 MB (dPM: 1.73 MB) | VM: 4321.21 MB | CPU: 8464.3s | SysFreeVM: 104145 MB | No ckpt change
[2026-09-08 09:35:16] PID: 22392 | WS: 113.38 MB (dWS: 1.83 MB) | Commit: 114.89 MB (dPM: 1.73 MB) | VM: 4321.21 MB | CPU: 8474.5s | SysFreeVM: 104138 MB | No ckpt change
[2026-09-08 09:35:27] PID: 22392 | WS: 113.41 MB (dWS: 1.86 MB) | Commit: 114.89 MB (dPM: 1.73 MB) | VM: 4321.21 MB | CPU: 8484.7s | SysFreeVM: 104106 MB | Ckpt: 50MB at 09:35:22
[2026-09-08 09:35:37] PID: 22392 | WS: 113.41 MB (dWS: 1.86 MB) | Commit: 114.89 MB (dPM: 1.73 MB) | VM: 4321.21 MB | CPU: 8494.9s | SysFreeVM: 104105 MB | No ckpt change
[2026-09-08 09:35:47] PID: 22392 | WS: 113.41 MB (dWS: 1.86 MB) | Commit: 114.89 MB (dPM: 1.73 MB) | VM: 4321.21 MB | CPU: 8505s | SysFreeVM: 104124 MB | No ckpt change
[2026-09-08 09:35:57] PID: 22392 | WS: 113.41 MB (dWS: 1.86 MB) | Commit: 114.89 MB (dPM: 1.73 MB) | VM: 4321.21 MB | CPU: 8515.2s | SysFreeVM: 104171 MB | No ckpt change
[2026-09-08 09:36:08] PID: 22392 | WS: 113.46 MB (dWS: 1.91 MB) | Commit: 114.95 MB (dPM: 1.79 MB) | VM: 4321.21 MB | CPU: 8525.3s | SysFreeVM: 104145 MB | Ckpt: 50MB at 09:36:04
[2026-09-08 09:36:18] PID: 22392 | WS: 113.46 MB (dWS: 1.91 MB) | Commit: 114.95 MB (dPM: 1.79 MB) | VM: 4321.21 MB | CPU: 8535.5s | SysFreeVM: 104122 MB | No ckpt change
[2026-09-08 09:36:28] PID: 22392 | WS: 113.46 MB (dWS: 1.91 MB) | Commit: 114.95 MB (dPM: 1.79 MB) | VM: 4321.21 MB | CPU: 8545.8s | SysFreeVM: 104138 MB | No ckpt change
[2026-09-08 09:36:38] PID: 22392 | WS: 113.46 MB (dWS: 1.91 MB) | Commit: 114.95 MB (dPM: 1.79 MB) | VM: 4321.21 MB | CPU: 8556s | SysFreeVM: 104125 MB | No ckpt change
[2026-09-08 09:36:48] PID: 22392 | WS: 113.46 MB (dWS: 1.91 MB) | Commit: 114.95 MB (dPM: 1.79 MB) | VM: 4321.21 MB | CPU: 8566.1s | SysFreeVM: 104118 MB | Ckpt: 50MB at 09:36:46
[2026-09-08 09:36:59] PID: 22392 | WS: 113.46 MB (dWS: 1.91 MB) | Commit: 114.95 MB (dPM: 1.79 MB) | VM: 4321.21 MB | CPU: 8576.3s | SysFreeVM: 104099 MB | No ckpt change
[2026-09-08 09:37:09] PID: 22392 | WS: 113.46 MB (dWS: 1.91 MB) | Commit: 114.95 MB (dPM: 1.79 MB) | VM: 4321.21 MB | CPU: 8586.5s | SysFreeVM: 104163 MB | No ckpt change
[2026-09-08 09:37:19] PID: 22392 | WS: 113.46 MB (dWS: 1.91 MB) | Commit: 114.95 MB (dPM: 1.79 MB) | VM: 4321.21 MB | CPU: 8596.7s | SysFreeVM: 104119 MB | No ckpt change
[2026-09-08 09:37:29] PID: 22392 | WS: 113.46 MB (dWS: 1.91 MB) | Commit: 114.95 MB (dPM: 1.79 MB) | VM: 4321.21 MB | CPU: 8606.8s | SysFreeVM: 104139 MB | Ckpt: 50MB at 09:37:28
[2026-09-08 09:37:40] PID: 22392 | WS: 113.46 MB (dWS: 1.91 MB) | Commit: 114.95 MB (dPM: 1.79 MB) | VM: 4321.21 MB | CPU: 8617s | SysFreeVM: 104112 MB | No ckpt change
[2026-09-08 09:37:50] PID: 22392 | WS: 113.46 MB (dWS: 1.91 MB) | Commit: 114.95 MB (dPM: 1.79 MB) | VM: 4321.21 MB | CPU: 8627.2s | SysFreeVM: 104125 MB | No ckpt change
[2026-09-08 09:38:00] PID: 22392 | WS: 113.46 MB (dWS: 1.91 MB) | Commit: 114.95 MB (dPM: 1.79 MB) | VM: 4321.21 MB | CPU: 8637.4s | SysFreeVM: 104120 MB | No ckpt change
[2026-09-08 09:38:10] PID: 22392 | WS: 113.46 MB (dWS: 1.91 MB) | Commit: 114.95 MB (dPM: 1.79 MB) | VM: 4321.21 MB | CPU: 8647.6s | SysFreeVM: 104142 MB | No ckpt change
[2026-09-08 09:38:21] PID: 22392 | WS: 113.5 MB (dWS: 1.95 MB) | Commit: 115.02 MB (dPM: 1.86 MB) | VM: 4321.21 MB | CPU: 8657.7s | SysFreeVM: 104109 MB | Ckpt: 50MB at 09:38:10
[2026-09-08 09:38:31] PID: 22392 | WS: 113.5 MB (dWS: 1.95 MB) | Commit: 115.02 MB (dPM: 1.86 MB) | VM: 4321.21 MB | CPU: 8667.9s | SysFreeVM: 104164 MB | No ckpt change
[2026-09-08 09:38:41] PID: 22392 | WS: 113.5 MB (dWS: 1.95 MB) | Commit: 115.02 MB (dPM: 1.86 MB) | VM: 4321.21 MB | CPU: 8678.1s | SysFreeVM: 104154 MB | No ckpt change
[2026-09-08 09:38:51] PID: 22392 | WS: 113.5 MB (dWS: 1.95 MB) | Commit: 115.02 MB (dPM: 1.86 MB) | VM: 4321.21 MB | CPU: 8688.3s | SysFreeVM: 104151 MB | No ckpt change
[2026-09-08 09:39:02] PID: 22392 | WS: 113.52 MB (dWS: 1.97 MB) | Commit: 115.02 MB (dPM: 1.86 MB) | VM: 4321.21 MB | CPU: 8698.5s | SysFreeVM: 104132 MB | Ckpt: 50MB at 09:38:52
[2026-09-08 09:39:12] PID: 22392 | WS: 113.52 MB (dWS: 1.97 MB) | Commit: 115.02 MB (dPM: 1.86 MB) | VM: 4321.21 MB | CPU: 8708.7s | SysFreeVM: 104138 MB | No ckpt change
[2026-09-08 09:39:22] PID: 22392 | WS: 113.52 MB (dWS: 1.97 MB) | Commit: 115.02 MB (dPM: 1.86 MB) | VM: 4321.21 MB | CPU: 8718.9s | SysFreeVM: 104139 MB | No ckpt change
[2026-09-08 09:39:32] PID: 22392 | WS: 113.52 MB (dWS: 1.97 MB) | Commit: 115.02 MB (dPM: 1.86 MB) | VM: 4321.21 MB | CPU: 8729.2s | SysFreeVM: 104122 MB | No ckpt change
[2026-09-08 09:39:43] PID: 22392 | WS: 113.52 MB (dWS: 1.97 MB) | Commit: 115.02 MB (dPM: 1.86 MB) | VM: 4321.21 MB | CPU: 8739.3s | SysFreeVM: 104117 MB | Ckpt: 50MB at 09:39:34
[2026-09-08 09:39:53] PID: 22392 | WS: 113.52 MB (dWS: 1.97 MB) | Commit: 115.02 MB (dPM: 1.86 MB) | VM: 4321.21 MB | CPU: 8749.5s | SysFreeVM: 104142 MB | No ckpt change
[2026-09-08 09:40:03] PID: 22392 | WS: 113.52 MB (dWS: 1.97 MB) | Commit: 115.02 MB (dPM: 1.86 MB) | VM: 4321.21 MB | CPU: 8759.7s | SysFreeVM: 104134 MB | No ckpt change
[2026-09-08 09:40:13] PID: 22392 | WS: 113.52 MB (dWS: 1.97 MB) | Commit: 115.02 MB (dPM: 1.86 MB) | VM: 4321.21 MB | CPU: 8769.9s | SysFreeVM: 104143 MB | No ckpt change
[2026-09-08 09:40:24] PID: 22392 | WS: 113.52 MB (dWS: 1.97 MB) | Commit: 115.02 MB (dPM: 1.86 MB) | VM: 4321.21 MB | CPU: 8780.1s | SysFreeVM: 104097 MB | Ckpt: 50MB at 09:40:16
[2026-09-08 09:40:34] PID: 22392 | WS: 113.52 MB (dWS: 1.97 MB) | Commit: 115.02 MB (dPM: 1.86 MB) | VM: 4321.21 MB | CPU: 8790.2s | SysFreeVM: 104112 MB | No ckpt change
[2026-09-08 09:40:44] PID: 22392 | WS: 113.52 MB (dWS: 1.97 MB) | Commit: 115.02 MB (dPM: 1.86 MB) | VM: 4321.21 MB | CPU: 8800.4s | SysFreeVM: 104105 MB | No ckpt change
[2026-09-08 09:40:54] PID: 22392 | WS: 113.52 MB (dWS: 1.97 MB) | Commit: 115.02 MB (dPM: 1.86 MB) | VM: 4321.21 MB | CPU: 8810.6s | SysFreeVM: 104149 MB | No ckpt change
[2026-09-08 09:41:05] PID: 22392 | WS: 113.53 MB (dWS: 1.98 MB) | Commit: 115.02 MB (dPM: 1.86 MB) | VM: 4321.21 MB | CPU: 8820.8s | SysFreeVM: 104120 MB | Ckpt: 50MB at 09:40:58
[2026-09-08 09:41:15] PID: 22392 | WS: 113.53 MB (dWS: 1.98 MB) | Commit: 115.02 MB (dPM: 1.86 MB) | VM: 4321.21 MB | CPU: 8830.9s | SysFreeVM: 104148 MB | No ckpt change
[2026-09-08 09:41:25] PID: 22392 | WS: 113.53 MB (dWS: 1.98 MB) | Commit: 115.02 MB (dPM: 1.86 MB) | VM: 4321.21 MB | CPU: 8841.1s | SysFreeVM: 104118 MB | No ckpt change
[2026-09-08 09:41:35] PID: 22392 | WS: 113.53 MB (dWS: 1.98 MB) | Commit: 115.02 MB (dPM: 1.86 MB) | VM: 4321.21 MB | CPU: 8851.3s | SysFreeVM: 104118 MB | No ckpt change
[2026-09-08 09:41:46] PID: 22392 | WS: 113.53 MB (dWS: 1.98 MB) | Commit: 115.02 MB (dPM: 1.86 MB) | VM: 4321.21 MB | CPU: 8861.4s | SysFreeVM: 104114 MB | Ckpt: 50MB at 09:41:40
[2026-09-08 09:41:56] PID: 22392 | WS: 113.53 MB (dWS: 1.98 MB) | Commit: 115.02 MB (dPM: 1.86 MB) | VM: 4321.21 MB | CPU: 8871.6s | SysFreeVM: 104088 MB | No ckpt change
[2026-09-08 09:42:06] PID: 22392 | WS: 113.53 MB (dWS: 1.98 MB) | Commit: 115.02 MB (dPM: 1.86 MB) | VM: 4321.21 MB | CPU: 8881.8s | SysFreeVM: 104145 MB | No ckpt change
[2026-09-08 09:42:16] PID: 22392 | WS: 113.53 MB (dWS: 1.98 MB) | Commit: 115.02 MB (dPM: 1.86 MB) | VM: 4321.21 MB | CPU: 8891.9s | SysFreeVM: 104098 MB | No ckpt change
[2026-09-08 09:42:26] PID: 22392 | WS: 113.53 MB (dWS: 1.98 MB) | Commit: 115.02 MB (dPM: 1.86 MB) | VM: 4321.21 MB | CPU: 8902.1s | SysFreeVM: 104089 MB | Ckpt: 50MB at 09:42:22
[2026-09-08 09:42:37] PID: 22392 | WS: 113.53 MB (dWS: 1.98 MB) | Commit: 115.02 MB (dPM: 1.86 MB) | VM: 4321.21 MB | CPU: 8912.3s | SysFreeVM: 104092 MB | No ckpt change
[2026-09-08 09:42:47] PID: 22392 | WS: 113.53 MB (dWS: 1.98 MB) | Commit: 115.02 MB (dPM: 1.86 MB) | VM: 4321.21 MB | CPU: 8922.5s | SysFreeVM: 104098 MB | No ckpt change
[2026-09-08 09:42:57] PID: 22392 | WS: 113.53 MB (dWS: 1.98 MB) | Commit: 115.02 MB (dPM: 1.86 MB) | VM: 4321.21 MB | CPU: 8932.7s | SysFreeVM: 104084 MB | No ckpt change
[2026-09-08 09:43:08] PID: 22392 | WS: 113.55 MB (dWS: 2 MB) | Commit: 115.02 MB (dPM: 1.86 MB) | VM: 4321.21 MB | CPU: 8942.8s | SysFreeVM: 104063 MB | Ckpt: 50MB at 09:43:04
[2026-09-08 09:43:18] PID: 22392 | WS: 113.55 MB (dWS: 2 MB) | Commit: 115.02 MB (dPM: 1.86 MB) | VM: 4321.21 MB | CPU: 8953s | SysFreeVM: 104139 MB | No ckpt change
[2026-09-08 09:43:28] PID: 22392 | WS: 113.55 MB (dWS: 2 MB) | Commit: 115.02 MB (dPM: 1.86 MB) | VM: 4321.21 MB | CPU: 8963.2s | SysFreeVM: 104138 MB | No ckpt change
[2026-09-08 09:43:38] PID: 22392 | WS: 113.55 MB (dWS: 2 MB) | Commit: 115.02 MB (dPM: 1.86 MB) | VM: 4321.21 MB | CPU: 8973.3s | SysFreeVM: 104133 MB | No ckpt change
[2026-09-08 09:43:48] PID: 22392 | WS: 113.55 MB (dWS: 2 MB) | Commit: 115.02 MB (dPM: 1.86 MB) | VM: 4321.21 MB | CPU: 8983.4s | SysFreeVM: 104109 MB | Ckpt: 50MB at 09:43:46
[2026-09-08 09:43:59] PID: 22392 | WS: 113.55 MB (dWS: 2 MB) | Commit: 115.02 MB (dPM: 1.86 MB) | VM: 4321.21 MB | CPU: 8993.5s | SysFreeVM: 104116 MB | No ckpt change
[2026-09-08 09:44:09] PID: 22392 | WS: 113.55 MB (dWS: 2 MB) | Commit: 115.02 MB (dPM: 1.86 MB) | VM: 4321.21 MB | CPU: 9003.8s | SysFreeVM: 104092 MB | No ckpt change
[2026-09-08 09:44:19] PID: 22392 | WS: 113.55 MB (dWS: 2 MB) | Commit: 115.02 MB (dPM: 1.86 MB) | VM: 4321.21 MB | CPU: 9013.9s | SysFreeVM: 104107 MB | No ckpt change
[2026-09-08 09:44:29] PID: 22392 | WS: 113.55 MB (dWS: 2 MB) | Commit: 115.02 MB (dPM: 1.86 MB) | VM: 4321.21 MB | CPU: 9024.1s | SysFreeVM: 104120 MB | Ckpt: 50MB at 09:44:28
[2026-09-08 09:44:40] PID: 22392 | WS: 113.55 MB (dWS: 2 MB) | Commit: 115.02 MB (dPM: 1.86 MB) | VM: 4321.21 MB | CPU: 9034.2s | SysFreeVM: 104155 MB | No ckpt change
[2026-09-08 09:44:50] PID: 22392 | WS: 113.55 MB (dWS: 2 MB) | Commit: 115.02 MB (dPM: 1.86 MB) | VM: 4321.21 MB | CPU: 9044.5s | SysFreeVM: 104134 MB | No ckpt change
[2026-09-08 09:45:00] PID: 22392 | WS: 113.55 MB (dWS: 2 MB) | Commit: 115.02 MB (dPM: 1.86 MB) | VM: 4321.21 MB | CPU: 9054.6s | SysFreeVM: 104108 MB | No ckpt change
[2026-09-08 09:45:10] PID: 22392 | WS: 113.55 MB (dWS: 2 MB) | Commit: 115.02 MB (dPM: 1.86 MB) | VM: 4321.21 MB | CPU: 9064.8s | SysFreeVM: 104112 MB | No ckpt change
[2026-09-08 09:45:21] PID: 22392 | WS: 113.6 MB (dWS: 2.05 MB) | Commit: 115.09 MB (dPM: 1.93 MB) | VM: 4321.21 MB | CPU: 9074.9s | SysFreeVM: 104100 MB | Ckpt: 50MB at 09:45:11
[2026-09-08 09:45:31] PID: 22392 | WS: 113.6 MB (dWS: 2.05 MB) | Commit: 115.09 MB (dPM: 1.93 MB) | VM: 4321.21 MB | CPU: 9085s | SysFreeVM: 104102 MB | No ckpt change
[2026-09-08 09:45:41] PID: 22392 | WS: 113.6 MB (dWS: 2.05 MB) | Commit: 115.09 MB (dPM: 1.93 MB) | VM: 4321.21 MB | CPU: 9095.2s | SysFreeVM: 104163 MB | No ckpt change
[2026-09-08 09:45:51] PID: 22392 | WS: 113.6 MB (dWS: 2.05 MB) | Commit: 115.09 MB (dPM: 1.93 MB) | VM: 4321.21 MB | CPU: 9105.4s | SysFreeVM: 104164 MB | No ckpt change
[2026-09-08 09:46:02] PID: 22392 | WS: 113.6 MB (dWS: 2.05 MB) | Commit: 115.09 MB (dPM: 1.93 MB) | VM: 4321.21 MB | CPU: 9115.5s | SysFreeVM: 104119 MB | Ckpt: 50MB at 09:45:53
[2026-09-08 09:46:12] PID: 22392 | WS: 113.6 MB (dWS: 2.05 MB) | Commit: 115.09 MB (dPM: 1.93 MB) | VM: 4321.21 MB | CPU: 9125.7s | SysFreeVM: 104137 MB | No ckpt change
[2026-09-08 09:46:22] PID: 22392 | WS: 113.6 MB (dWS: 2.05 MB) | Commit: 115.09 MB (dPM: 1.93 MB) | VM: 4321.21 MB | CPU: 9135.9s | SysFreeVM: 104113 MB | No ckpt change
[2026-09-08 09:46:32] PID: 22392 | WS: 113.6 MB (dWS: 2.05 MB) | Commit: 115.09 MB (dPM: 1.93 MB) | VM: 4321.21 MB | CPU: 9146.1s | SysFreeVM: 104092 MB | No ckpt change
[2026-09-08 09:46:43] PID: 22392 | WS: 113.64 MB (dWS: 2.09 MB) | Commit: 115.15 MB (dPM: 1.99 MB) | VM: 4321.21 MB | CPU: 9156.3s | SysFreeVM: 104155 MB | Ckpt: 50MB at 09:46:35
[2026-09-08 09:46:53] PID: 22392 | WS: 113.64 MB (dWS: 2.09 MB) | Commit: 115.15 MB (dPM: 1.99 MB) | VM: 4321.21 MB | CPU: 9166.5s | SysFreeVM: 104173 MB | No ckpt change
[2026-09-08 09:47:03] PID: 22392 | WS: 113.64 MB (dWS: 2.09 MB) | Commit: 115.15 MB (dPM: 1.99 MB) | VM: 4321.21 MB | CPU: 9176.6s | SysFreeVM: 104149 MB | No ckpt change
[2026-09-08 09:47:13] PID: 22392 | WS: 113.64 MB (dWS: 2.09 MB) | Commit: 115.15 MB (dPM: 1.99 MB) | VM: 4321.21 MB | CPU: 9186.7s | SysFreeVM: 104133 MB | No ckpt change
[2026-09-08 09:47:24] PID: 22392 | WS: 113.64 MB (dWS: 2.09 MB) | Commit: 115.15 MB (dPM: 1.99 MB) | VM: 4321.21 MB | CPU: 9196.8s | SysFreeVM: 104107 MB | Ckpt: 50MB at 09:47:17
[2026-09-08 09:47:34] PID: 22392 | WS: 113.64 MB (dWS: 2.09 MB) | Commit: 115.15 MB (dPM: 1.99 MB) | VM: 4321.21 MB | CPU: 9207s | SysFreeVM: 104110 MB | No ckpt change
[2026-09-08 09:47:44] PID: 22392 | WS: 113.64 MB (dWS: 2.09 MB) | Commit: 115.15 MB (dPM: 1.99 MB) | VM: 4321.21 MB | CPU: 9217.1s | SysFreeVM: 104086 MB | No ckpt change
[2026-09-08 09:47:54] PID: 22392 | WS: 113.64 MB (dWS: 2.09 MB) | Commit: 115.15 MB (dPM: 1.99 MB) | VM: 4321.21 MB | CPU: 9227.3s | SysFreeVM: 104158 MB | No ckpt change
[2026-09-08 09:48:05] PID: 22392 | WS: 113.64 MB (dWS: 2.09 MB) | Commit: 115.15 MB (dPM: 1.99 MB) | VM: 4321.21 MB | CPU: 9237.4s | SysFreeVM: 104130 MB | Ckpt: 50MB at 09:47:59
[2026-09-08 09:48:15] PID: 22392 | WS: 113.64 MB (dWS: 2.09 MB) | Commit: 115.15 MB (dPM: 1.99 MB) | VM: 4321.21 MB | CPU: 9247.6s | SysFreeVM: 104139 MB | No ckpt change
[2026-09-08 09:48:25] PID: 22392 | WS: 113.64 MB (dWS: 2.09 MB) | Commit: 115.15 MB (dPM: 1.99 MB) | VM: 4321.21 MB | CPU: 9257.7s | SysFreeVM: 104126 MB | No ckpt change
[2026-09-08 09:48:35] PID: 22392 | WS: 113.64 MB (dWS: 2.09 MB) | Commit: 115.15 MB (dPM: 1.99 MB) | VM: 4321.21 MB | CPU: 9267.8s | SysFreeVM: 104118 MB | No ckpt change
[2026-09-08 09:48:45] PID: 22392 | WS: 113.64 MB (dWS: 2.09 MB) | Commit: 115.15 MB (dPM: 1.99 MB) | VM: 4321.21 MB | CPU: 9277.9s | SysFreeVM: 104100 MB | Ckpt: 50MB at 09:48:41
[2026-09-08 09:48:56] PID: 22392 | WS: 113.64 MB (dWS: 2.09 MB) | Commit: 115.15 MB (dPM: 1.99 MB) | VM: 4321.21 MB | CPU: 9288.1s | SysFreeVM: 104113 MB | No ckpt change
[2026-09-08 09:49:06] PID: 22392 | WS: 113.64 MB (dWS: 2.09 MB) | Commit: 115.15 MB (dPM: 1.99 MB) | VM: 4321.21 MB | CPU: 9298.3s | SysFreeVM: 104150 MB | No ckpt change
[2026-09-08 09:49:16] PID: 22392 | WS: 113.64 MB (dWS: 2.09 MB) | Commit: 115.15 MB (dPM: 1.99 MB) | VM: 4321.21 MB | CPU: 9308.5s | SysFreeVM: 104146 MB | No ckpt change
[2026-09-08 09:49:26] PID: 22392 | WS: 113.64 MB (dWS: 2.09 MB) | Commit: 115.15 MB (dPM: 1.99 MB) | VM: 4321.21 MB | CPU: 9318.6s | SysFreeVM: 104130 MB | Ckpt: 50MB at 09:49:23
[2026-09-08 09:49:37] PID: 22392 | WS: 113.64 MB (dWS: 2.09 MB) | Commit: 115.15 MB (dPM: 1.99 MB) | VM: 4321.21 MB | CPU: 9328.9s | SysFreeVM: 104083 MB | No ckpt change
[2026-09-08 09:49:47] PID: 22392 | WS: 113.64 MB (dWS: 2.09 MB) | Commit: 115.15 MB (dPM: 1.99 MB) | VM: 4321.21 MB | CPU: 9339.1s | SysFreeVM: 104121 MB | No ckpt change
[2026-09-08 09:49:57] PID: 22392 | WS: 113.64 MB (dWS: 2.09 MB) | Commit: 115.15 MB (dPM: 1.99 MB) | VM: 4321.21 MB | CPU: 9349.3s | SysFreeVM: 104108 MB | No ckpt change
[2026-09-08 09:50:07] PID: 22392 | WS: 113.64 MB (dWS: 2.09 MB) | Commit: 115.15 MB (dPM: 1.99 MB) | VM: 4321.21 MB | CPU: 9359.4s | SysFreeVM: 104092 MB | Ckpt: 50MB at 09:50:05
[2026-09-08 09:50:18] PID: 22392 | WS: 113.64 MB (dWS: 2.09 MB) | Commit: 115.15 MB (dPM: 1.99 MB) | VM: 4321.21 MB | CPU: 9369.6s | SysFreeVM: 104143 MB | No ckpt change
[2026-09-08 09:50:28] PID: 22392 | WS: 113.64 MB (dWS: 2.09 MB) | Commit: 115.15 MB (dPM: 1.99 MB) | VM: 4321.21 MB | CPU: 9379.8s | SysFreeVM: 104129 MB | No ckpt change
[2026-09-08 09:50:38] PID: 22392 | WS: 113.64 MB (dWS: 2.09 MB) | Commit: 115.15 MB (dPM: 1.99 MB) | VM: 4321.21 MB | CPU: 9390s | SysFreeVM: 104125 MB | No ckpt change
[2026-09-08 09:50:48] PID: 22392 | WS: 113.64 MB (dWS: 2.09 MB) | Commit: 115.15 MB (dPM: 1.99 MB) | VM: 4321.21 MB | CPU: 9400.2s | SysFreeVM: 104115 MB | Ckpt: 50MB at 09:50:47
[2026-09-08 09:50:59] PID: 22392 | WS: 113.64 MB (dWS: 2.09 MB) | Commit: 115.15 MB (dPM: 1.99 MB) | VM: 4321.21 MB | CPU: 9410.4s | SysFreeVM: 104089 MB | No ckpt change
[2026-09-08 09:51:09] PID: 22392 | WS: 113.64 MB (dWS: 2.09 MB) | Commit: 115.15 MB (dPM: 1.99 MB) | VM: 4321.21 MB | CPU: 9420.5s | SysFreeVM: 104114 MB | No ckpt change
[2026-09-08 09:51:19] PID: 22392 | WS: 113.64 MB (dWS: 2.09 MB) | Commit: 115.15 MB (dPM: 1.99 MB) | VM: 4321.21 MB | CPU: 9430.7s | SysFreeVM: 104163 MB | No ckpt change
[2026-09-08 09:51:29] PID: 22392 | WS: 113.66 MB (dWS: 2.11 MB) | Commit: 115.15 MB (dPM: 1.99 MB) | VM: 4321.21 MB | CPU: 9440.8s | SysFreeVM: 104157 MB | Ckpt: 50MB at 09:51:29
[2026-09-08 09:51:40] PID: 22392 | WS: 113.66 MB (dWS: 2.11 MB) | Commit: 115.15 MB (dPM: 1.99 MB) | VM: 4321.21 MB | CPU: 9451s | SysFreeVM: 104138 MB | No ckpt change
[2026-09-08 09:51:50] PID: 22392 | WS: 113.66 MB (dWS: 2.11 MB) | Commit: 115.15 MB (dPM: 1.99 MB) | VM: 4321.21 MB | CPU: 9461.1s | SysFreeVM: 104141 MB | No ckpt change
[2026-09-08 09:52:00] PID: 22392 | WS: 113.66 MB (dWS: 2.11 MB) | Commit: 115.15 MB (dPM: 1.99 MB) | VM: 4321.21 MB | CPU: 9471.2s | SysFreeVM: 104126 MB | No ckpt change
[2026-09-08 09:52:10] PID: 22392 | WS: 113.66 MB (dWS: 2.11 MB) | Commit: 115.15 MB (dPM: 1.99 MB) | VM: 4321.21 MB | CPU: 9481.4s | SysFreeVM: 104135 MB | No ckpt change
[2026-09-08 09:52:21] PID: 22392 | WS: 113.66 MB (dWS: 2.11 MB) | Commit: 115.15 MB (dPM: 1.99 MB) | VM: 4321.21 MB | CPU: 9491.6s | SysFreeVM: 104148 MB | Ckpt: 50MB at 09:52:11
[2026-09-08 09:52:31] PID: 22392 | WS: 113.66 MB (dWS: 2.11 MB) | Commit: 115.15 MB (dPM: 1.99 MB) | VM: 4321.21 MB | CPU: 9501.8s | SysFreeVM: 104141 MB | No ckpt change
[2026-09-08 09:52:41] PID: 22392 | WS: 113.66 MB (dWS: 2.11 MB) | Commit: 115.15 MB (dPM: 1.99 MB) | VM: 4321.21 MB | CPU: 9512s | SysFreeVM: 104123 MB | No ckpt change
[2026-09-08 09:52:51] PID: 22392 | WS: 113.66 MB (dWS: 2.11 MB) | Commit: 115.15 MB (dPM: 1.99 MB) | VM: 4321.21 MB | CPU: 9522.2s | SysFreeVM: 104158 MB | No ckpt change
[2026-09-08 09:53:02] PID: 22392 | WS: 113.66 MB (dWS: 2.11 MB) | Commit: 115.15 MB (dPM: 1.99 MB) | VM: 4321.21 MB | CPU: 9532.3s | SysFreeVM: 104104 MB | Ckpt: 50MB at 09:52:53
[2026-09-08 09:53:12] PID: 22392 | WS: 113.66 MB (dWS: 2.11 MB) | Commit: 115.15 MB (dPM: 1.99 MB) | VM: 4321.21 MB | CPU: 9542.4s | SysFreeVM: 104117 MB | No ckpt change
[2026-09-08 09:53:22] PID: 22392 | WS: 113.66 MB (dWS: 2.11 MB) | Commit: 115.15 MB (dPM: 1.99 MB) | VM: 4321.21 MB | CPU: 9552.6s | SysFreeVM: 104118 MB | No ckpt change
[2026-09-08 09:53:32] PID: 22392 | WS: 113.66 MB (dWS: 2.11 MB) | Commit: 115.15 MB (dPM: 1.99 MB) | VM: 4321.21 MB | CPU: 9562.7s | SysFreeVM: 104166 MB | No ckpt change
[2026-09-08 09:53:43] PID: 22392 | WS: 113.66 MB (dWS: 2.11 MB) | Commit: 115.15 MB (dPM: 1.99 MB) | VM: 4321.21 MB | CPU: 9572.9s | SysFreeVM: 104140 MB | Ckpt: 50MB at 09:53:35
[2026-09-08 09:53:53] PID: 22392 | WS: 113.66 MB (dWS: 2.11 MB) | Commit: 115.15 MB (dPM: 1.99 MB) | VM: 4321.21 MB | CPU: 9583s | SysFreeVM: 104161 MB | No ckpt change
[2026-09-08 09:54:03] PID: 22392 | WS: 113.66 MB (dWS: 2.11 MB) | Commit: 115.15 MB (dPM: 1.99 MB) | VM: 4321.21 MB | CPU: 9593.1s | SysFreeVM: 104138 MB | No ckpt change
[2026-09-08 09:54:13] PID: 22392 | WS: 113.66 MB (dWS: 2.11 MB) | Commit: 115.15 MB (dPM: 1.99 MB) | VM: 4321.21 MB | CPU: 9603.3s | SysFreeVM: 104131 MB | No ckpt change
[2026-09-08 09:54:24] PID: 22392 | WS: 113.72 MB (dWS: 2.17 MB) | Commit: 115.22 MB (dPM: 2.06 MB) | VM: 4321.21 MB | CPU: 9613.5s | SysFreeVM: 104102 MB | Ckpt: 50MB at 09:54:17
[2026-09-08 09:54:34] PID: 22392 | WS: 113.72 MB (dWS: 2.17 MB) | Commit: 115.22 MB (dPM: 2.06 MB) | VM: 4321.21 MB | CPU: 9623.7s | SysFreeVM: 104087 MB | No ckpt change
[2026-09-08 09:54:44] PID: 22392 | WS: 113.72 MB (dWS: 2.17 MB) | Commit: 115.22 MB (dPM: 2.06 MB) | VM: 4321.21 MB | CPU: 9633.9s | SysFreeVM: 104159 MB | No ckpt change
[2026-09-08 09:54:54] PID: 22392 | WS: 113.72 MB (dWS: 2.17 MB) | Commit: 115.22 MB (dPM: 2.06 MB) | VM: 4321.21 MB | CPU: 9644.1s | SysFreeVM: 104156 MB | No ckpt change
[2026-09-08 09:55:05] PID: 22392 | WS: 113.73 MB (dWS: 2.18 MB) | Commit: 115.22 MB (dPM: 2.06 MB) | VM: 4321.21 MB | CPU: 9654.3s | SysFreeVM: 104116 MB | Ckpt: 50MB at 09:54:59
[2026-09-08 09:55:15] PID: 22392 | WS: 113.73 MB (dWS: 2.18 MB) | Commit: 115.22 MB (dPM: 2.06 MB) | VM: 4321.21 MB | CPU: 9664.5s | SysFreeVM: 104130 MB | No ckpt change
[2026-09-08 09:55:25] PID: 22392 | WS: 113.73 MB (dWS: 2.18 MB) | Commit: 115.22 MB (dPM: 2.06 MB) | VM: 4321.21 MB | CPU: 9674.7s | SysFreeVM: 104125 MB | No ckpt change
[2026-09-08 09:55:35] PID: 22392 | WS: 113.73 MB (dWS: 2.18 MB) | Commit: 115.22 MB (dPM: 2.06 MB) | VM: 4321.21 MB | CPU: 9685s | SysFreeVM: 104115 MB | No ckpt change
[2026-09-08 09:55:46] PID: 22392 | WS: 113.73 MB (dWS: 2.18 MB) | Commit: 115.22 MB (dPM: 2.06 MB) | VM: 4321.21 MB | CPU: 9695.1s | SysFreeVM: 104116 MB | Ckpt: 50MB at 09:55:41
[2026-09-08 09:55:56] PID: 22392 | WS: 113.73 MB (dWS: 2.18 MB) | Commit: 115.22 MB (dPM: 2.06 MB) | VM: 4321.21 MB | CPU: 9705.3s | SysFreeVM: 104123 MB | No ckpt change
[2026-09-08 09:56:06] PID: 22392 | WS: 113.73 MB (dWS: 2.18 MB) | Commit: 115.22 MB (dPM: 2.06 MB) | VM: 4321.21 MB | CPU: 9715.5s | SysFreeVM: 104120 MB | No ckpt change
[2026-09-08 09:56:16] PID: 22392 | WS: 113.73 MB (dWS: 2.18 MB) | Commit: 115.22 MB (dPM: 2.06 MB) | VM: 4321.21 MB | CPU: 9725.7s | SysFreeVM: 104109 MB | No ckpt change
[2026-09-08 09:56:27] PID: 22392 | WS: 113.79 MB (dWS: 2.24 MB) | Commit: 115.29 MB (dPM: 2.13 MB) | VM: 4321.21 MB | CPU: 9735.8s | SysFreeVM: 104101 MB | Ckpt: 50MB at 09:56:23
[2026-09-08 09:56:37] PID: 22392 | WS: 113.79 MB (dWS: 2.24 MB) | Commit: 115.29 MB (dPM: 2.13 MB) | VM: 4321.21 MB | CPU: 9746s | SysFreeVM: 104094 MB | No ckpt change
[2026-09-08 09:56:47] PID: 22392 | WS: 113.79 MB (dWS: 2.24 MB) | Commit: 115.29 MB (dPM: 2.13 MB) | VM: 4321.21 MB | CPU: 9756.2s | SysFreeVM: 104093 MB | No ckpt change
[2026-09-08 09:56:57] PID: 22392 | WS: 113.79 MB (dWS: 2.24 MB) | Commit: 115.29 MB (dPM: 2.13 MB) | VM: 4321.21 MB | CPU: 9766.4s | SysFreeVM: 104097 MB | No ckpt change
[2026-09-08 09:57:08] PID: 22392 | WS: 113.79 MB (dWS: 2.24 MB) | Commit: 115.29 MB (dPM: 2.13 MB) | VM: 4321.21 MB | CPU: 9776.6s | SysFreeVM: 104091 MB | Ckpt: 50MB at 09:57:05
[2026-09-08 09:57:18] PID: 22392 | WS: 113.79 MB (dWS: 2.24 MB) | Commit: 115.29 MB (dPM: 2.13 MB) | VM: 4321.21 MB | CPU: 9786.8s | SysFreeVM: 104103 MB | No ckpt change
[2026-09-08 09:57:28] PID: 22392 | WS: 113.79 MB (dWS: 2.24 MB) | Commit: 115.29 MB (dPM: 2.13 MB) | VM: 4321.21 MB | CPU: 9797s | SysFreeVM: 104091 MB | No ckpt change
[2026-09-08 09:57:38] PID: 22392 | WS: 113.79 MB (dWS: 2.24 MB) | Commit: 115.29 MB (dPM: 2.13 MB) | VM: 4321.21 MB | CPU: 9807.3s | SysFreeVM: 104075 MB | No ckpt change
[2026-09-08 09:57:49] PID: 22392 | WS: 113.79 MB (dWS: 2.24 MB) | Commit: 115.29 MB (dPM: 2.13 MB) | VM: 4321.21 MB | CPU: 9817.5s | SysFreeVM: 104078 MB | Ckpt: 50MB at 09:57:47
[2026-09-08 09:57:59] PID: 22392 | WS: 113.79 MB (dWS: 2.24 MB) | Commit: 115.29 MB (dPM: 2.13 MB) | VM: 4321.21 MB | CPU: 9827.6s | SysFreeVM: 104110 MB | No ckpt change
[2026-09-08 09:58:09] PID: 22392 | WS: 113.79 MB (dWS: 2.24 MB) | Commit: 115.29 MB (dPM: 2.13 MB) | VM: 4321.21 MB | CPU: 9837.8s | SysFreeVM: 104124 MB | No ckpt change
[2026-09-08 09:58:19] PID: 22392 | WS: 113.79 MB (dWS: 2.24 MB) | Commit: 115.29 MB (dPM: 2.13 MB) | VM: 4321.21 MB | CPU: 9847.9s | SysFreeVM: 104095 MB | No ckpt change
[2026-09-08 09:58:30] PID: 22392 | WS: 113.79 MB (dWS: 2.24 MB) | Commit: 115.29 MB (dPM: 2.13 MB) | VM: 4321.21 MB | CPU: 9858.1s | SysFreeVM: 104157 MB | Ckpt: 50MB at 09:58:29
[2026-09-08 09:58:40] PID: 22392 | WS: 113.79 MB (dWS: 2.24 MB) | Commit: 115.29 MB (dPM: 2.13 MB) | VM: 4321.21 MB | CPU: 9868.2s | SysFreeVM: 104131 MB | No ckpt change
[2026-09-08 09:58:50] PID: 22392 | WS: 113.79 MB (dWS: 2.24 MB) | Commit: 115.29 MB (dPM: 2.13 MB) | VM: 4321.21 MB | CPU: 9878.4s | SysFreeVM: 104128 MB | No ckpt change
[2026-09-08 09:59:00] PID: 22392 | WS: 113.79 MB (dWS: 2.24 MB) | Commit: 115.29 MB (dPM: 2.13 MB) | VM: 4321.21 MB | CPU: 9888.5s | SysFreeVM: 104140 MB | No ckpt change
[2026-09-08 09:59:11] PID: 22392 | WS: 113.79 MB (dWS: 2.24 MB) | Commit: 115.29 MB (dPM: 2.13 MB) | VM: 4321.21 MB | CPU: 9898.7s | SysFreeVM: 104146 MB | No ckpt change
[2026-09-08 09:59:21] PID: 22392 | WS: 113.79 MB (dWS: 2.24 MB) | Commit: 115.29 MB (dPM: 2.13 MB) | VM: 4321.21 MB | CPU: 9908.9s | SysFreeVM: 104114 MB | Ckpt: 50MB at 09:59:11
[2026-09-08 09:59:31] PID: 22392 | WS: 113.79 MB (dWS: 2.24 MB) | Commit: 115.29 MB (dPM: 2.13 MB) | VM: 4321.21 MB | CPU: 9919.1s | SysFreeVM: 104129 MB | No ckpt change
[2026-09-08 09:59:41] PID: 22392 | WS: 113.79 MB (dWS: 2.24 MB) | Commit: 115.29 MB (dPM: 2.13 MB) | VM: 4321.21 MB | CPU: 9929.3s | SysFreeVM: 104121 MB | No ckpt change
[2026-09-08 09:59:52] PID: 22392 | WS: 113.79 MB (dWS: 2.24 MB) | Commit: 115.29 MB (dPM: 2.13 MB) | VM: 4321.21 MB | CPU: 9939.5s | SysFreeVM: 104134 MB | No ckpt change
[2026-09-08 10:00:02] PID: 22392 | WS: 113.79 MB (dWS: 2.24 MB) | Commit: 115.29 MB (dPM: 2.13 MB) | VM: 4321.21 MB | CPU: 9949.6s | SysFreeVM: 104117 MB | Ckpt: 50MB at 09:59:53
[2026-09-08 10:00:12] PID: 22392 | WS: 113.79 MB (dWS: 2.24 MB) | Commit: 115.29 MB (dPM: 2.13 MB) | VM: 4321.21 MB | CPU: 9959.8s | SysFreeVM: 104125 MB | No ckpt change
[2026-09-08 10:00:22] PID: 22392 | WS: 113.79 MB (dWS: 2.24 MB) | Commit: 115.29 MB (dPM: 2.13 MB) | VM: 4321.21 MB | CPU: 9970s | SysFreeVM: 104121 MB | No ckpt change
[2026-09-08 10:00:32] PID: 22392 | WS: 113.79 MB (dWS: 2.24 MB) | Commit: 115.29 MB (dPM: 2.13 MB) | VM: 4321.21 MB | CPU: 9980.2s | SysFreeVM: 104115 MB | No ckpt change
[2026-09-08 10:00:43] PID: 22392 | WS: 113.79 MB (dWS: 2.24 MB) | Commit: 115.29 MB (dPM: 2.13 MB) | VM: 4321.21 MB | CPU: 9990.2s | SysFreeVM: 104120 MB | Ckpt: 50MB at 10:00:35
[2026-09-08 10:00:53] PID: 22392 | WS: 113.79 MB (dWS: 2.24 MB) | Commit: 115.29 MB (dPM: 2.13 MB) | VM: 4321.21 MB | CPU: 10000.3s | SysFreeVM: 104133 MB | No ckpt change
[2026-09-08 10:01:03] PID: 22392 | WS: 113.79 MB (dWS: 2.24 MB) | Commit: 115.29 MB (dPM: 2.13 MB) | VM: 4321.21 MB | CPU: 10010.5s | SysFreeVM: 104124 MB | No ckpt change
[2026-09-08 10:01:13] PID: 22392 | WS: 113.79 MB (dWS: 2.24 MB) | Commit: 115.29 MB (dPM: 2.13 MB) | VM: 4321.21 MB | CPU: 10020.8s | SysFreeVM: 104152 MB | No ckpt change
[2026-09-08 10:01:24] PID: 22392 | WS: 113.79 MB (dWS: 2.24 MB) | Commit: 115.29 MB (dPM: 2.13 MB) | VM: 4321.21 MB | CPU: 10030.9s | SysFreeVM: 104123 MB | Ckpt: 50MB at 10:01:17
[2026-09-08 10:01:34] PID: 22392 | WS: 113.79 MB (dWS: 2.24 MB) | Commit: 115.29 MB (dPM: 2.13 MB) | VM: 4321.21 MB | CPU: 10041.2s | SysFreeVM: 104140 MB | No ckpt change
[2026-09-08 10:01:44] PID: 22392 | WS: 113.79 MB (dWS: 2.24 MB) | Commit: 115.29 MB (dPM: 2.13 MB) | VM: 4321.21 MB | CPU: 10051.4s | SysFreeVM: 104117 MB | No ckpt change
[2026-09-08 10:01:54] PID: 22392 | WS: 113.79 MB (dWS: 2.24 MB) | Commit: 115.29 MB (dPM: 2.13 MB) | VM: 4321.21 MB | CPU: 10061.6s | SysFreeVM: 104104 MB | No ckpt change
[2026-09-08 10:02:05] PID: 22392 | WS: 113.79 MB (dWS: 2.24 MB) | Commit: 115.29 MB (dPM: 2.13 MB) | VM: 4321.21 MB | CPU: 10071.7s | SysFreeVM: 104087 MB | Ckpt: 50MB at 10:01:59
[2026-09-08 10:02:15] PID: 22392 | WS: 113.79 MB (dWS: 2.24 MB) | Commit: 115.29 MB (dPM: 2.13 MB) | VM: 4321.21 MB | CPU: 10082s | SysFreeVM: 104155 MB | No ckpt change
[2026-09-08 10:02:25] PID: 22392 | WS: 113.79 MB (dWS: 2.24 MB) | Commit: 115.29 MB (dPM: 2.13 MB) | VM: 4321.21 MB | CPU: 10092.1s | SysFreeVM: 104125 MB | No ckpt change
[2026-09-08 10:02:35] PID: 22392 | WS: 113.79 MB (dWS: 2.24 MB) | Commit: 115.29 MB (dPM: 2.13 MB) | VM: 4321.21 MB | CPU: 10102.3s | SysFreeVM: 104128 MB | No ckpt change
[2026-09-08 10:02:46] PID: 22392 | WS: 113.79 MB (dWS: 2.24 MB) | Commit: 115.29 MB (dPM: 2.13 MB) | VM: 4321.21 MB | CPU: 10112.5s | SysFreeVM: 104116 MB | Ckpt: 50MB at 10:02:41
[2026-09-08 10:02:56] PID: 22392 | WS: 113.79 MB (dWS: 2.24 MB) | Commit: 115.29 MB (dPM: 2.13 MB) | VM: 4321.21 MB | CPU: 10122.6s | SysFreeVM: 104101 MB | No ckpt change
[2026-09-08 10:03:06] PID: 22392 | WS: 113.79 MB (dWS: 2.24 MB) | Commit: 115.29 MB (dPM: 2.13 MB) | VM: 4321.21 MB | CPU: 10132.8s | SysFreeVM: 104114 MB | No ckpt change
[2026-09-08 10:03:16] PID: 22392 | WS: 113.79 MB (dWS: 2.24 MB) | Commit: 115.29 MB (dPM: 2.13 MB) | VM: 4321.21 MB | CPU: 10143s | SysFreeVM: 104127 MB | No ckpt change
[2026-09-08 10:03:27] PID: 22392 | WS: 113.82 MB (dWS: 2.27 MB) | Commit: 115.35 MB (dPM: 2.19 MB) | VM: 4321.21 MB | CPU: 10153.1s | SysFreeVM: 104129 MB | Ckpt: 50MB at 10:03:23
[2026-09-08 10:03:37] PID: 22392 | WS: 113.82 MB (dWS: 2.27 MB) | Commit: 115.35 MB (dPM: 2.19 MB) | VM: 4321.21 MB | CPU: 10163.3s | SysFreeVM: 104136 MB | No ckpt change
[2026-09-08 10:03:47] PID: 22392 | WS: 113.82 MB (dWS: 2.27 MB) | Commit: 115.35 MB (dPM: 2.19 MB) | VM: 4321.21 MB | CPU: 10173.5s | SysFreeVM: 104145 MB | No ckpt change
[2026-09-08 10:03:57] PID: 22392 | WS: 113.82 MB (dWS: 2.27 MB) | Commit: 115.35 MB (dPM: 2.19 MB) | VM: 4321.21 MB | CPU: 10183.6s | SysFreeVM: 104150 MB | No ckpt change
[2026-09-08 10:04:08] PID: 22392 | WS: 113.82 MB (dWS: 2.27 MB) | Commit: 115.35 MB (dPM: 2.19 MB) | VM: 4321.21 MB | CPU: 10193.7s | SysFreeVM: 104108 MB | Ckpt: 50MB at 10:04:05
[2026-09-08 10:04:18] PID: 22392 | WS: 113.82 MB (dWS: 2.27 MB) | Commit: 115.35 MB (dPM: 2.19 MB) | VM: 4321.21 MB | CPU: 10203.8s | SysFreeVM: 104124 MB | No ckpt change
[2026-09-08 10:04:28] PID: 22392 | WS: 113.82 MB (dWS: 2.27 MB) | Commit: 115.35 MB (dPM: 2.19 MB) | VM: 4321.21 MB | CPU: 10214s | SysFreeVM: 104090 MB | No ckpt change
[2026-09-08 10:04:38] PID: 22392 | WS: 113.82 MB (dWS: 2.27 MB) | Commit: 115.35 MB (dPM: 2.19 MB) | VM: 4321.21 MB | CPU: 10224.1s | SysFreeVM: 104107 MB | No ckpt change
[2026-09-08 10:04:49] PID: 22392 | WS: 113.84 MB (dWS: 2.29 MB) | Commit: 115.35 MB (dPM: 2.19 MB) | VM: 4321.21 MB | CPU: 10234.3s | SysFreeVM: 104139 MB | Ckpt: 50MB at 10:04:47
[2026-09-08 10:04:59] PID: 22392 | WS: 113.84 MB (dWS: 2.29 MB) | Commit: 115.35 MB (dPM: 2.19 MB) | VM: 4321.21 MB | CPU: 10244.5s | SysFreeVM: 104138 MB | No ckpt change
[2026-09-08 10:05:09] PID: 22392 | WS: 113.84 MB (dWS: 2.29 MB) | Commit: 115.35 MB (dPM: 2.19 MB) | VM: 4321.21 MB | CPU: 10254.7s | SysFreeVM: 104146 MB | No ckpt change
[2026-09-08 10:05:19] PID: 22392 | WS: 113.84 MB (dWS: 2.29 MB) | Commit: 115.35 MB (dPM: 2.19 MB) | VM: 4321.21 MB | CPU: 10264.9s | SysFreeVM: 104133 MB | No ckpt change
[2026-09-08 10:05:30] PID: 22392 | WS: 113.84 MB (dWS: 2.29 MB) | Commit: 115.35 MB (dPM: 2.19 MB) | VM: 4321.21 MB | CPU: 10275.1s | SysFreeVM: 104117 MB | Ckpt: 50MB at 10:05:29
[2026-09-08 10:05:40] PID: 22392 | WS: 113.84 MB (dWS: 2.29 MB) | Commit: 115.35 MB (dPM: 2.19 MB) | VM: 4321.21 MB | CPU: 10285.3s | SysFreeVM: 104119 MB | No ckpt change
[2026-09-08 10:05:50] PID: 22392 | WS: 113.84 MB (dWS: 2.29 MB) | Commit: 115.35 MB (dPM: 2.19 MB) | VM: 4321.21 MB | CPU: 10295.5s | SysFreeVM: 104119 MB | No ckpt change
[2026-09-08 10:06:00] PID: 22392 | WS: 113.84 MB (dWS: 2.29 MB) | Commit: 115.35 MB (dPM: 2.19 MB) | VM: 4321.21 MB | CPU: 10305.7s | SysFreeVM: 104151 MB | No ckpt change
[2026-09-08 10:06:11] PID: 22392 | WS: 113.84 MB (dWS: 2.29 MB) | Commit: 115.35 MB (dPM: 2.19 MB) | VM: 4321.21 MB | CPU: 10315.8s | SysFreeVM: 104131 MB | No ckpt change
[2026-09-08 10:06:21] PID: 22392 | WS: 113.84 MB (dWS: 2.29 MB) | Commit: 115.35 MB (dPM: 2.19 MB) | VM: 4321.21 MB | CPU: 10326s | SysFreeVM: 104152 MB | Ckpt: 50MB at 10:06:11
[2026-09-08 10:06:31] PID: 22392 | WS: 113.84 MB (dWS: 2.29 MB) | Commit: 115.35 MB (dPM: 2.19 MB) | VM: 4321.21 MB | CPU: 10336.2s | SysFreeVM: 104118 MB | No ckpt change
[2026-09-08 10:06:41] PID: 22392 | WS: 113.84 MB (dWS: 2.29 MB) | Commit: 115.35 MB (dPM: 2.19 MB) | VM: 4321.21 MB | CPU: 10346.4s | SysFreeVM: 104129 MB | No ckpt change
[2026-09-08 10:06:52] PID: 22392 | WS: 113.84 MB (dWS: 2.29 MB) | Commit: 115.35 MB (dPM: 2.19 MB) | VM: 4321.21 MB | CPU: 10356.6s | SysFreeVM: 104114 MB | No ckpt change
[2026-09-08 10:07:02] PID: 22392 | WS: 113.89 MB (dWS: 2.34 MB) | Commit: 115.42 MB (dPM: 2.26 MB) | VM: 4321.21 MB | CPU: 10366.7s | SysFreeVM: 104107 MB | Ckpt: 50MB at 10:06:53
[2026-09-08 10:07:12] PID: 22392 | WS: 113.89 MB (dWS: 2.34 MB) | Commit: 115.42 MB (dPM: 2.26 MB) | VM: 4321.21 MB | CPU: 10376.9s | SysFreeVM: 104140 MB | No ckpt change
[2026-09-08 10:07:22] PID: 22392 | WS: 113.89 MB (dWS: 2.34 MB) | Commit: 115.42 MB (dPM: 2.26 MB) | VM: 4321.21 MB | CPU: 10387.1s | SysFreeVM: 104121 MB | No ckpt change
[2026-09-08 10:07:32] PID: 22392 | WS: 113.89 MB (dWS: 2.34 MB) | Commit: 115.42 MB (dPM: 2.26 MB) | VM: 4321.21 MB | CPU: 10397.3s | SysFreeVM: 104121 MB | No ckpt change
[2026-09-08 10:07:43] PID: 22392 | WS: 113.89 MB (dWS: 2.34 MB) | Commit: 115.42 MB (dPM: 2.26 MB) | VM: 4321.21 MB | CPU: 10407.5s | SysFreeVM: 104100 MB | Ckpt: 50MB at 10:07:35
[2026-09-08 10:07:53] PID: 22392 | WS: 113.89 MB (dWS: 2.34 MB) | Commit: 115.42 MB (dPM: 2.26 MB) | VM: 4321.21 MB | CPU: 10417.5s | SysFreeVM: 104091 MB | No ckpt change
[2026-09-08 10:08:03] PID: 22392 | WS: 113.89 MB (dWS: 2.34 MB) | Commit: 115.42 MB (dPM: 2.26 MB) | VM: 4321.21 MB | CPU: 10427.7s | SysFreeVM: 104099 MB | No ckpt change
[2026-09-08 10:08:13] PID: 22392 | WS: 113.89 MB (dWS: 2.34 MB) | Commit: 115.42 MB (dPM: 2.26 MB) | VM: 4321.21 MB | CPU: 10437.9s | SysFreeVM: 104115 MB | No ckpt change
[2026-09-08 10:08:24] PID: 22392 | WS: 113.91 MB (dWS: 2.36 MB) | Commit: 115.42 MB (dPM: 2.26 MB) | VM: 4321.21 MB | CPU: 10448s | SysFreeVM: 104148 MB | Ckpt: 50MB at 10:08:17
[2026-09-08 10:08:34] PID: 22392 | WS: 113.91 MB (dWS: 2.36 MB) | Commit: 115.42 MB (dPM: 2.26 MB) | VM: 4321.21 MB | CPU: 10458.2s | SysFreeVM: 104136 MB | No ckpt change
[2026-09-08 10:08:44] PID: 22392 | WS: 113.91 MB (dWS: 2.36 MB) | Commit: 115.42 MB (dPM: 2.26 MB) | VM: 4321.21 MB | CPU: 10468.4s | SysFreeVM: 104098 MB | No ckpt change
[2026-09-08 10:08:54] PID: 22392 | WS: 113.91 MB (dWS: 2.36 MB) | Commit: 115.42 MB (dPM: 2.26 MB) | VM: 4321.21 MB | CPU: 10478.5s | SysFreeVM: 104111 MB | No ckpt change
[2026-09-08 10:09:05] PID: 22392 | WS: 113.91 MB (dWS: 2.36 MB) | Commit: 115.42 MB (dPM: 2.26 MB) | VM: 4321.21 MB | CPU: 10488.7s | SysFreeVM: 104075 MB | Ckpt: 50MB at 10:08:59
[2026-09-08 10:09:15] PID: 22392 | WS: 113.91 MB (dWS: 2.36 MB) | Commit: 115.42 MB (dPM: 2.26 MB) | VM: 4321.21 MB | CPU: 10498.8s | SysFreeVM: 104068 MB | No ckpt change
[2026-09-08 10:09:25] PID: 22392 | WS: 113.91 MB (dWS: 2.36 MB) | Commit: 115.42 MB (dPM: 2.26 MB) | VM: 4321.21 MB | CPU: 10508.9s | SysFreeVM: 104123 MB | No ckpt change
[2026-09-08 10:09:35] PID: 22392 | WS: 113.91 MB (dWS: 2.36 MB) | Commit: 115.42 MB (dPM: 2.26 MB) | VM: 4321.21 MB | CPU: 10519s | SysFreeVM: 104125 MB | No ckpt change
[2026-09-08 10:09:46] PID: 22392 | WS: 113.92 MB (dWS: 2.37 MB) | Commit: 115.42 MB (dPM: 2.26 MB) | VM: 4321.21 MB | CPU: 10529.1s | SysFreeVM: 104108 MB | Ckpt: 50MB at 10:09:41
[2026-09-08 10:09:56] PID: 22392 | WS: 113.92 MB (dWS: 2.37 MB) | Commit: 115.42 MB (dPM: 2.26 MB) | VM: 4321.21 MB | CPU: 10539.3s | SysFreeVM: 104110 MB | No ckpt change
[2026-09-08 10:10:06] PID: 22392 | WS: 113.92 MB (dWS: 2.37 MB) | Commit: 115.42 MB (dPM: 2.26 MB) | VM: 4321.21 MB | CPU: 10549.5s | SysFreeVM: 104103 MB | No ckpt change
[2026-09-08 10:10:16] PID: 22392 | WS: 113.92 MB (dWS: 2.37 MB) | Commit: 115.42 MB (dPM: 2.26 MB) | VM: 4321.21 MB | CPU: 10559.7s | SysFreeVM: 104072 MB | No ckpt change
[2026-09-08 10:10:27] PID: 22392 | WS: 113.92 MB (dWS: 2.37 MB) | Commit: 115.42 MB (dPM: 2.26 MB) | VM: 4321.21 MB | CPU: 10569.9s | SysFreeVM: 104056 MB | Ckpt: 50MB at 10:10:23
[2026-09-08 10:10:37] PID: 22392 | WS: 113.92 MB (dWS: 2.37 MB) | Commit: 115.42 MB (dPM: 2.26 MB) | VM: 4321.21 MB | CPU: 10580s | SysFreeVM: 104099 MB | No ckpt change
[2026-09-08 10:10:47] PID: 22392 | WS: 113.92 MB (dWS: 2.37 MB) | Commit: 115.42 MB (dPM: 2.26 MB) | VM: 4321.21 MB | CPU: 10590.1s | SysFreeVM: 104094 MB | No ckpt change
[2026-09-08 10:10:57] PID: 22392 | WS: 113.92 MB (dWS: 2.37 MB) | Commit: 115.42 MB (dPM: 2.26 MB) | VM: 4321.21 MB | CPU: 10600.3s | SysFreeVM: 104101 MB | No ckpt change
[2026-09-08 10:11:08] PID: 22392 | WS: 113.95 MB (dWS: 2.4 MB) | Commit: 115.42 MB (dPM: 2.26 MB) | VM: 4321.21 MB | CPU: 10610.5s | SysFreeVM: 104092 MB | Ckpt: 50MB at 10:11:05
[2026-09-08 10:11:18] PID: 22392 | WS: 113.95 MB (dWS: 2.4 MB) | Commit: 115.42 MB (dPM: 2.26 MB) | VM: 4321.21 MB | CPU: 10620.7s | SysFreeVM: 104092 MB | No ckpt change
[2026-09-08 10:11:28] PID: 22392 | WS: 113.95 MB (dWS: 2.4 MB) | Commit: 115.42 MB (dPM: 2.26 MB) | VM: 4321.21 MB | CPU: 10630.9s | SysFreeVM: 104085 MB | No ckpt change
[2026-09-08 10:11:38] PID: 22392 | WS: 113.95 MB (dWS: 2.4 MB) | Commit: 115.42 MB (dPM: 2.26 MB) | VM: 4321.21 MB | CPU: 10641s | SysFreeVM: 104111 MB | No ckpt change
[2026-09-08 10:11:49] PID: 22392 | WS: 113.95 MB (dWS: 2.4 MB) | Commit: 115.42 MB (dPM: 2.26 MB) | VM: 4321.21 MB | CPU: 10651.2s | SysFreeVM: 104136 MB | Ckpt: 50MB at 10:11:47
[2026-09-08 10:11:59] PID: 22392 | WS: 113.95 MB (dWS: 2.4 MB) | Commit: 115.42 MB (dPM: 2.26 MB) | VM: 4321.21 MB | CPU: 10661.4s | SysFreeVM: 104105 MB | No ckpt change
[2026-09-08 10:12:09] PID: 22392 | WS: 113.95 MB (dWS: 2.4 MB) | Commit: 115.42 MB (dPM: 2.26 MB) | VM: 4321.21 MB | CPU: 10671.6s | SysFreeVM: 104073 MB | No ckpt change
[2026-09-08 10:12:19] PID: 22392 | WS: 113.95 MB (dWS: 2.4 MB) | Commit: 115.42 MB (dPM: 2.26 MB) | VM: 4321.21 MB | CPU: 10681.8s | SysFreeVM: 104075 MB | No ckpt change
[2026-09-08 10:12:30] PID: 22392 | WS: 113.95 MB (dWS: 2.4 MB) | Commit: 115.42 MB (dPM: 2.26 MB) | VM: 4321.21 MB | CPU: 10692s | SysFreeVM: 104067 MB | No ckpt change
[2026-09-08 10:12:40] PID: 22392 | WS: 113.98 MB (dWS: 2.43 MB) | Commit: 115.48 MB (dPM: 2.32 MB) | VM: 4321.21 MB | CPU: 10702.2s | SysFreeVM: 104061 MB | Ckpt: 50MB at 10:12:30
[2026-09-08 10:12:50] PID: 22392 | WS: 113.98 MB (dWS: 2.43 MB) | Commit: 115.48 MB (dPM: 2.32 MB) | VM: 4321.21 MB | CPU: 10712.4s | SysFreeVM: 104097 MB | No ckpt change
[2026-09-08 10:13:00] PID: 22392 | WS: 113.98 MB (dWS: 2.43 MB) | Commit: 115.48 MB (dPM: 2.32 MB) | VM: 4321.21 MB | CPU: 10722.6s | SysFreeVM: 104112 MB | No ckpt change
[2026-09-08 10:13:11] PID: 22392 | WS: 113.98 MB (dWS: 2.43 MB) | Commit: 115.48 MB (dPM: 2.32 MB) | VM: 4321.21 MB | CPU: 10732.8s | SysFreeVM: 104104 MB | No ckpt change
[2026-09-08 10:13:21] PID: 22392 | WS: 113.98 MB (dWS: 2.43 MB) | Commit: 115.48 MB (dPM: 2.32 MB) | VM: 4321.21 MB | CPU: 10742.9s | SysFreeVM: 104118 MB | Ckpt: 50MB at 10:13:12
[2026-09-08 10:13:31] PID: 22392 | WS: 113.98 MB (dWS: 2.43 MB) | Commit: 115.48 MB (dPM: 2.32 MB) | VM: 4321.21 MB | CPU: 10753.2s | SysFreeVM: 104089 MB | No ckpt change
[2026-09-08 10:13:41] PID: 22392 | WS: 113.98 MB (dWS: 2.43 MB) | Commit: 115.48 MB (dPM: 2.32 MB) | VM: 4321.21 MB | CPU: 10763.4s | SysFreeVM: 104084 MB | No ckpt change
[2026-09-08 10:13:52] PID: 22392 | WS: 113.98 MB (dWS: 2.43 MB) | Commit: 115.48 MB (dPM: 2.32 MB) | VM: 4321.21 MB | CPU: 10773.7s | SysFreeVM: 104134 MB | No ckpt change
[2026-09-08 10:14:02] PID: 22392 | WS: 113.98 MB (dWS: 2.43 MB) | Commit: 115.48 MB (dPM: 2.32 MB) | VM: 4321.21 MB | CPU: 10783.8s | SysFreeVM: 104114 MB | Ckpt: 50MB at 10:13:54
[2026-09-08 10:14:12] PID: 22392 | WS: 113.98 MB (dWS: 2.43 MB) | Commit: 115.48 MB (dPM: 2.32 MB) | VM: 4321.21 MB | CPU: 10794s | SysFreeVM: 104095 MB | No ckpt change
[2026-09-08 10:14:22] PID: 22392 | WS: 113.98 MB (dWS: 2.43 MB) | Commit: 115.48 MB (dPM: 2.32 MB) | VM: 4321.21 MB | CPU: 10804.1s | SysFreeVM: 104076 MB | No ckpt change
[2026-09-08 10:14:33] PID: 22392 | WS: 113.98 MB (dWS: 2.43 MB) | Commit: 115.48 MB (dPM: 2.32 MB) | VM: 4321.21 MB | CPU: 10814.2s | SysFreeVM: 104088 MB | No ckpt change
[2026-09-08 10:14:43] PID: 22392 | WS: 113.98 MB (dWS: 2.43 MB) | Commit: 115.48 MB (dPM: 2.32 MB) | VM: 4321.21 MB | CPU: 10824.3s | SysFreeVM: 104071 MB | Ckpt: 50MB at 10:14:36
[2026-09-08 10:14:53] PID: 22392 | WS: 113.98 MB (dWS: 2.43 MB) | Commit: 115.48 MB (dPM: 2.32 MB) | VM: 4321.21 MB | CPU: 10834.4s | SysFreeVM: 104085 MB | No ckpt change
[2026-09-08 10:15:03] PID: 22392 | WS: 113.98 MB (dWS: 2.43 MB) | Commit: 115.48 MB (dPM: 2.32 MB) | VM: 4321.21 MB | CPU: 10844.5s | SysFreeVM: 104097 MB | No ckpt change
[2026-09-08 10:15:14] PID: 22392 | WS: 113.98 MB (dWS: 2.43 MB) | Commit: 115.48 MB (dPM: 2.32 MB) | VM: 4321.21 MB | CPU: 10854.7s | SysFreeVM: 104134 MB | No ckpt change
[2026-09-08 10:15:24] PID: 22392 | WS: 114.05 MB (dWS: 2.5 MB) | Commit: 115.55 MB (dPM: 2.39 MB) | VM: 4321.21 MB | CPU: 10864.8s | SysFreeVM: 104123 MB | Ckpt: 50MB at 10:15:18
[2026-09-08 10:15:34] PID: 22392 | WS: 114.05 MB (dWS: 2.5 MB) | Commit: 115.55 MB (dPM: 2.39 MB) | VM: 4321.21 MB | CPU: 10875.1s | SysFreeVM: 104125 MB | No ckpt change
[2026-09-08 10:15:44] PID: 22392 | WS: 114.05 MB (dWS: 2.5 MB) | Commit: 115.55 MB (dPM: 2.39 MB) | VM: 4321.21 MB | CPU: 10885.3s | SysFreeVM: 104111 MB | No ckpt change
[2026-09-08 10:15:55] PID: 22392 | WS: 114.05 MB (dWS: 2.5 MB) | Commit: 115.55 MB (dPM: 2.39 MB) | VM: 4321.21 MB | CPU: 10895.5s | SysFreeVM: 104089 MB | No ckpt change
[2026-09-08 10:16:05] PID: 22392 | WS: 114.07 MB (dWS: 2.52 MB) | Commit: 115.55 MB (dPM: 2.39 MB) | VM: 4321.21 MB | CPU: 10905.7s | SysFreeVM: 104077 MB | Ckpt: 50MB at 10:16:00
[2026-09-08 10:16:15] PID: 22392 | WS: 114.07 MB (dWS: 2.52 MB) | Commit: 115.55 MB (dPM: 2.39 MB) | VM: 4321.21 MB | CPU: 10915.9s | SysFreeVM: 104091 MB | No ckpt change
[2026-09-08 10:16:25] PID: 22392 | WS: 114.07 MB (dWS: 2.52 MB) | Commit: 115.55 MB (dPM: 2.39 MB) | VM: 4321.21 MB | CPU: 10926s | SysFreeVM: 104127 MB | No ckpt change
[2026-09-08 10:16:35] PID: 22392 | WS: 114.07 MB (dWS: 2.52 MB) | Commit: 115.55 MB (dPM: 2.39 MB) | VM: 4321.21 MB | CPU: 10936.1s | SysFreeVM: 104145 MB | No ckpt change
[2026-09-08 10:16:46] PID: 22392 | WS: 114.07 MB (dWS: 2.52 MB) | Commit: 115.55 MB (dPM: 2.39 MB) | VM: 4321.21 MB | CPU: 10946.3s | SysFreeVM: 104102 MB | Ckpt: 50MB at 10:16:42
[2026-09-08 10:16:56] PID: 22392 | WS: 114.07 MB (dWS: 2.52 MB) | Commit: 115.55 MB (dPM: 2.39 MB) | VM: 4321.21 MB | CPU: 10956.5s | SysFreeVM: 104120 MB | No ckpt change
[2026-09-08 10:17:06] PID: 22392 | WS: 114.07 MB (dWS: 2.52 MB) | Commit: 115.55 MB (dPM: 2.39 MB) | VM: 4321.21 MB | CPU: 10966.7s | SysFreeVM: 104108 MB | No ckpt change
[2026-09-08 10:17:16] PID: 22392 | WS: 114.07 MB (dWS: 2.52 MB) | Commit: 115.55 MB (dPM: 2.39 MB) | VM: 4321.21 MB | CPU: 10976.9s | SysFreeVM: 104101 MB | No ckpt change
[2026-09-08 10:17:27] PID: 22392 | WS: 114.07 MB (dWS: 2.52 MB) | Commit: 115.55 MB (dPM: 2.39 MB) | VM: 4321.21 MB | CPU: 10987s | SysFreeVM: 104039 MB | Ckpt: 50MB at 10:17:24
[2026-09-08 10:17:37] PID: 22392 | WS: 114.07 MB (dWS: 2.52 MB) | Commit: 115.55 MB (dPM: 2.39 MB) | VM: 4321.21 MB | CPU: 10997.1s | SysFreeVM: 104034 MB | No ckpt change
[2026-09-08 10:17:47] PID: 22392 | WS: 114.07 MB (dWS: 2.52 MB) | Commit: 115.55 MB (dPM: 2.39 MB) | VM: 4321.21 MB | CPU: 11007.3s | SysFreeVM: 104095 MB | No ckpt change
[2026-09-08 10:17:57] PID: 22392 | WS: 114.07 MB (dWS: 2.52 MB) | Commit: 115.55 MB (dPM: 2.39 MB) | VM: 4321.21 MB | CPU: 11017.5s | SysFreeVM: 104099 MB | No ckpt change
[2026-09-08 10:18:08] PID: 22392 | WS: 114.07 MB (dWS: 2.52 MB) | Commit: 115.55 MB (dPM: 2.39 MB) | VM: 4321.21 MB | CPU: 11027.7s | SysFreeVM: 104112 MB | Ckpt: 50MB at 10:18:06
[2026-09-08 10:18:18] PID: 22392 | WS: 114.07 MB (dWS: 2.52 MB) | Commit: 115.55 MB (dPM: 2.39 MB) | VM: 4321.21 MB | CPU: 11037.9s | SysFreeVM: 104108 MB | No ckpt change
[2026-09-08 10:18:28] PID: 22392 | WS: 114.07 MB (dWS: 2.52 MB) | Commit: 115.55 MB (dPM: 2.39 MB) | VM: 4321.21 MB | CPU: 11048.1s | SysFreeVM: 104076 MB | No ckpt change
[2026-09-08 10:18:38] PID: 22392 | WS: 114.07 MB (dWS: 2.52 MB) | Commit: 115.55 MB (dPM: 2.39 MB) | VM: 4321.21 MB | CPU: 11058.3s | SysFreeVM: 104092 MB | No ckpt change
[2026-09-08 10:18:49] PID: 22392 | WS: 114.07 MB (dWS: 2.52 MB) | Commit: 115.55 MB (dPM: 2.39 MB) | VM: 4321.21 MB | CPU: 11068.5s | SysFreeVM: 104087 MB | Ckpt: 50MB at 10:18:48
[2026-09-08 10:18:59] PID: 22392 | WS: 114.07 MB (dWS: 2.52 MB) | Commit: 115.55 MB (dPM: 2.39 MB) | VM: 4321.21 MB | CPU: 11078.6s | SysFreeVM: 104115 MB | No ckpt change
[2026-09-08 10:19:09] PID: 22392 | WS: 114.07 MB (dWS: 2.52 MB) | Commit: 115.55 MB (dPM: 2.39 MB) | VM: 4321.21 MB | CPU: 11088.8s | SysFreeVM: 104140 MB | No ckpt change
[2026-09-08 10:19:19] PID: 22392 | WS: 114.07 MB (dWS: 2.52 MB) | Commit: 115.55 MB (dPM: 2.39 MB) | VM: 4321.21 MB | CPU: 11099s | SysFreeVM: 104095 MB | No ckpt change
[2026-09-08 10:19:30] PID: 22392 | WS: 114.07 MB (dWS: 2.52 MB) | Commit: 115.55 MB (dPM: 2.39 MB) | VM: 4321.21 MB | CPU: 11109.2s | SysFreeVM: 104092 MB | No ckpt change
[2026-09-08 10:19:40] PID: 22392 | WS: 114.07 MB (dWS: 2.52 MB) | Commit: 115.55 MB (dPM: 2.39 MB) | VM: 4321.21 MB | CPU: 11119.2s | SysFreeVM: 104086 MB | Ckpt: 50MB at 10:19:30
[2026-09-08 10:19:50] PID: 22392 | WS: 114.07 MB (dWS: 2.52 MB) | Commit: 115.55 MB (dPM: 2.39 MB) | VM: 4321.21 MB | CPU: 11129.5s | SysFreeVM: 104077 MB | No ckpt change
[2026-09-08 10:20:00] PID: 22392 | WS: 114.07 MB (dWS: 2.52 MB) | Commit: 115.55 MB (dPM: 2.39 MB) | VM: 4321.21 MB | CPU: 11139.6s | SysFreeVM: 104108 MB | No ckpt change
[2026-09-08 10:20:11] PID: 22392 | WS: 114.07 MB (dWS: 2.52 MB) | Commit: 115.55 MB (dPM: 2.39 MB) | VM: 4321.21 MB | CPU: 11149.8s | SysFreeVM: 104118 MB | No ckpt change
[2026-09-08 10:20:21] PID: 22392 | WS: 114.07 MB (dWS: 2.52 MB) | Commit: 115.55 MB (dPM: 2.39 MB) | VM: 4321.21 MB | CPU: 11160s | SysFreeVM: 104106 MB | Ckpt: 50MB at 10:20:12
[2026-09-08 10:20:31] PID: 22392 | WS: 114.07 MB (dWS: 2.52 MB) | Commit: 115.55 MB (dPM: 2.39 MB) | VM: 4321.21 MB | CPU: 11170.2s | SysFreeVM: 104107 MB | No ckpt change
[2026-09-08 10:20:41] PID: 22392 | WS: 114.07 MB (dWS: 2.52 MB) | Commit: 115.55 MB (dPM: 2.39 MB) | VM: 4321.21 MB | CPU: 11180.4s | SysFreeVM: 104106 MB | No ckpt change
[2026-09-08 10:20:52] PID: 22392 | WS: 114.07 MB (dWS: 2.52 MB) | Commit: 115.55 MB (dPM: 2.39 MB) | VM: 4321.21 MB | CPU: 11190.6s | SysFreeVM: 104091 MB | No ckpt change
[2026-09-08 10:21:02] PID: 22392 | WS: 114.07 MB (dWS: 2.52 MB) | Commit: 115.55 MB (dPM: 2.39 MB) | VM: 4321.21 MB | CPU: 11200.7s | SysFreeVM: 104051 MB | Ckpt: 50MB at 10:20:54
[2026-09-08 10:21:12] PID: 22392 | WS: 114.07 MB (dWS: 2.52 MB) | Commit: 115.55 MB (dPM: 2.39 MB) | VM: 4321.21 MB | CPU: 11210.9s | SysFreeVM: 104147 MB | No ckpt change
[2026-09-08 10:21:22] PID: 22392 | WS: 114.07 MB (dWS: 2.52 MB) | Commit: 115.55 MB (dPM: 2.39 MB) | VM: 4321.21 MB | CPU: 11221.1s | SysFreeVM: 104106 MB | No ckpt change
[2026-09-08 10:21:32] PID: 22392 | WS: 114.07 MB (dWS: 2.52 MB) | Commit: 115.55 MB (dPM: 2.39 MB) | VM: 4321.21 MB | CPU: 11231.1s | SysFreeVM: 104116 MB | No ckpt change
[2026-09-08 10:21:43] PID: 22392 | WS: 114.07 MB (dWS: 2.52 MB) | Commit: 115.55 MB (dPM: 2.39 MB) | VM: 4321.21 MB | CPU: 11241.2s | SysFreeVM: 104087 MB | Ckpt: 50MB at 10:21:36
[2026-09-08 10:21:53] PID: 22392 | WS: 114.07 MB (dWS: 2.52 MB) | Commit: 115.55 MB (dPM: 2.39 MB) | VM: 4321.21 MB | CPU: 11251.3s | SysFreeVM: 104102 MB | No ckpt change
[2026-09-08 10:22:03] PID: 22392 | WS: 114.07 MB (dWS: 2.52 MB) | Commit: 115.55 MB (dPM: 2.39 MB) | VM: 4321.21 MB | CPU: 11261.3s | SysFreeVM: 104102 MB | No ckpt change
[2026-09-08 10:22:13] PID: 22392 | WS: 114.07 MB (dWS: 2.52 MB) | Commit: 115.55 MB (dPM: 2.39 MB) | VM: 4321.21 MB | CPU: 11271.5s | SysFreeVM: 104083 MB | No ckpt change
[2026-09-08 10:22:24] PID: 22392 | WS: 114.08 MB (dWS: 2.53 MB) | Commit: 115.55 MB (dPM: 2.39 MB) | VM: 4321.21 MB | CPU: 11281.6s | SysFreeVM: 104100 MB | Ckpt: 50MB at 10:22:18
[2026-09-08 10:22:34] PID: 22392 | WS: 114.08 MB (dWS: 2.53 MB) | Commit: 115.55 MB (dPM: 2.39 MB) | VM: 4321.21 MB | CPU: 11291.8s | SysFreeVM: 104106 MB | No ckpt change
[2026-09-08 10:22:44] PID: 22392 | WS: 114.08 MB (dWS: 2.53 MB) | Commit: 115.55 MB (dPM: 2.39 MB) | VM: 4321.21 MB | CPU: 11302s | SysFreeVM: 104076 MB | No ckpt change
[2026-09-08 10:22:54] PID: 22392 | WS: 114.08 MB (dWS: 2.53 MB) | Commit: 115.55 MB (dPM: 2.39 MB) | VM: 4321.21 MB | CPU: 11312.2s | SysFreeVM: 104071 MB | No ckpt change
[2026-09-08 10:23:05] PID: 22392 | WS: 114.08 MB (dWS: 2.53 MB) | Commit: 115.55 MB (dPM: 2.39 MB) | VM: 4321.21 MB | CPU: 11322.2s | SysFreeVM: 104061 MB | Ckpt: 50MB at 10:23:00
[2026-09-08 10:23:15] PID: 22392 | WS: 114.08 MB (dWS: 2.53 MB) | Commit: 115.55 MB (dPM: 2.39 MB) | VM: 4321.21 MB | CPU: 11332.3s | SysFreeVM: 104078 MB | No ckpt change
[2026-09-08 10:23:25] PID: 22392 | WS: 114.08 MB (dWS: 2.53 MB) | Commit: 115.55 MB (dPM: 2.39 MB) | VM: 4321.21 MB | CPU: 11342.5s | SysFreeVM: 104050 MB | No ckpt change
[2026-09-08 10:23:35] PID: 22392 | WS: 114.08 MB (dWS: 2.53 MB) | Commit: 115.55 MB (dPM: 2.39 MB) | VM: 4321.21 MB | CPU: 11352.8s | SysFreeVM: 104043 MB | No ckpt change
[2026-09-08 10:23:46] PID: 22392 | WS: 114.08 MB (dWS: 2.53 MB) | Commit: 115.55 MB (dPM: 2.39 MB) | VM: 4321.21 MB | CPU: 11363s | SysFreeVM: 104099 MB | Ckpt: 50MB at 10:23:42
[2026-09-08 10:23:56] PID: 22392 | WS: 114.08 MB (dWS: 2.53 MB) | Commit: 115.55 MB (dPM: 2.39 MB) | VM: 4321.21 MB | CPU: 11373.2s | SysFreeVM: 104088 MB | No ckpt change
[2026-09-08 10:24:06] PID: 22392 | WS: 114.08 MB (dWS: 2.53 MB) | Commit: 115.55 MB (dPM: 2.39 MB) | VM: 4321.21 MB | CPU: 11383.4s | SysFreeVM: 104102 MB | No ckpt change
[2026-09-08 10:24:16] PID: 22392 | WS: 114.08 MB (dWS: 2.53 MB) | Commit: 115.55 MB (dPM: 2.39 MB) | VM: 4321.21 MB | CPU: 11393.5s | SysFreeVM: 104108 MB | No ckpt change
[2026-09-08 10:24:27] PID: 22392 | WS: 114.08 MB (dWS: 2.53 MB) | Commit: 115.55 MB (dPM: 2.39 MB) | VM: 4321.21 MB | CPU: 11403.7s | SysFreeVM: 104050 MB | Ckpt: 50MB at 10:24:24
[2026-09-08 10:24:37] PID: 22392 | WS: 114.08 MB (dWS: 2.53 MB) | Commit: 115.55 MB (dPM: 2.39 MB) | VM: 4321.21 MB | CPU: 11413.9s | SysFreeVM: 104053 MB | No ckpt change
[2026-09-08 10:24:47] PID: 22392 | WS: 114.08 MB (dWS: 2.53 MB) | Commit: 115.55 MB (dPM: 2.39 MB) | VM: 4321.21 MB | CPU: 11424.2s | SysFreeVM: 104070 MB | No ckpt change
[2026-09-08 10:24:57] PID: 22392 | WS: 114.08 MB (dWS: 2.53 MB) | Commit: 115.55 MB (dPM: 2.39 MB) | VM: 4321.21 MB | CPU: 11434.4s | SysFreeVM: 104137 MB | No ckpt change
[2026-09-08 10:25:08] PID: 22392 | WS: 114.08 MB (dWS: 2.53 MB) | Commit: 115.55 MB (dPM: 2.39 MB) | VM: 4321.21 MB | CPU: 11444.5s | SysFreeVM: 104116 MB | Ckpt: 50MB at 10:25:06
[2026-09-08 10:25:18] PID: 22392 | WS: 114.08 MB (dWS: 2.53 MB) | Commit: 115.55 MB (dPM: 2.39 MB) | VM: 4321.21 MB | CPU: 11454.7s | SysFreeVM: 104104 MB | No ckpt change
[2026-09-08 10:25:28] PID: 22392 | WS: 114.08 MB (dWS: 2.53 MB) | Commit: 115.55 MB (dPM: 2.39 MB) | VM: 4321.21 MB | CPU: 11464.9s | SysFreeVM: 104121 MB | No ckpt change
[2026-09-08 10:25:38] PID: 22392 | WS: 114.08 MB (dWS: 2.53 MB) | Commit: 115.55 MB (dPM: 2.39 MB) | VM: 4321.21 MB | CPU: 11475.1s | SysFreeVM: 104114 MB | No ckpt change
[2026-09-08 10:25:49] PID: 22392 | WS: 164.08 MB (dWS: 52.53 MB) | Commit: 165.65 MB (dPM: 52.49 MB) | VM: 4371.23 MB | CPU: 11485.3s | SysFreeVM: 104076 MB | Ckpt: 50MB at 10:25:48
[2026-09-08 10:25:59] PID: 22392 | WS: 114.08 MB (dWS: 2.53 MB) | Commit: 115.55 MB (dPM: 2.39 MB) | VM: 4321.21 MB | CPU: 11495.4s | SysFreeVM: 104080 MB | No ckpt change
[2026-09-08 10:26:09] PID: 22392 | WS: 114.08 MB (dWS: 2.53 MB) | Commit: 115.55 MB (dPM: 2.39 MB) | VM: 4321.21 MB | CPU: 11505.6s | SysFreeVM: 104121 MB | No ckpt change
[2026-09-08 10:26:19] PID: 22392 | WS: 114.08 MB (dWS: 2.53 MB) | Commit: 115.55 MB (dPM: 2.39 MB) | VM: 4321.21 MB | CPU: 11515.8s | SysFreeVM: 104104 MB | No ckpt change
[2026-09-08 10:26:30] PID: 22392 | WS: 114.08 MB (dWS: 2.53 MB) | Commit: 115.55 MB (dPM: 2.39 MB) | VM: 4321.21 MB | CPU: 11526s | SysFreeVM: 104116 MB | No ckpt change
[2026-09-08 10:26:40] PID: 22392 | WS: 114.08 MB (dWS: 2.53 MB) | Commit: 115.55 MB (dPM: 2.39 MB) | VM: 4321.21 MB | CPU: 11536.2s | SysFreeVM: 104117 MB | Ckpt: 50MB at 10:26:30
[2026-09-08 10:26:50] PID: 22392 | WS: 114.08 MB (dWS: 2.53 MB) | Commit: 115.55 MB (dPM: 2.39 MB) | VM: 4321.21 MB | CPU: 11546.4s | SysFreeVM: 104091 MB | No ckpt change
[2026-09-08 10:27:00] PID: 22392 | WS: 114.08 MB (dWS: 2.53 MB) | Commit: 115.55 MB (dPM: 2.39 MB) | VM: 4321.21 MB | CPU: 11556.5s | SysFreeVM: 104085 MB | No ckpt change
[2026-09-08 10:27:11] PID: 22392 | WS: 114.08 MB (dWS: 2.53 MB) | Commit: 115.55 MB (dPM: 2.39 MB) | VM: 4321.21 MB | CPU: 11566.6s | SysFreeVM: 104085 MB | No ckpt change
[2026-09-08 10:27:21] PID: 22392 | WS: 114.1 MB (dWS: 2.55 MB) | Commit: 115.62 MB (dPM: 2.46 MB) | VM: 4321.21 MB | CPU: 11576.8s | SysFreeVM: 104106 MB | Ckpt: 50MB at 10:27:13
[2026-09-08 10:27:31] PID: 22392 | WS: 114.1 MB (dWS: 2.55 MB) | Commit: 115.62 MB (dPM: 2.46 MB) | VM: 4321.21 MB | CPU: 11586.9s | SysFreeVM: 104068 MB | No ckpt change
[2026-09-08 10:27:41] PID: 22392 | WS: 114.1 MB (dWS: 2.55 MB) | Commit: 115.62 MB (dPM: 2.46 MB) | VM: 4321.21 MB | CPU: 11597.1s | SysFreeVM: 104054 MB | No ckpt change
[2026-09-08 10:27:52] PID: 22392 | WS: 114.1 MB (dWS: 2.55 MB) | Commit: 115.62 MB (dPM: 2.46 MB) | VM: 4321.21 MB | CPU: 11607.2s | SysFreeVM: 104073 MB | No ckpt change
[2026-09-08 10:28:02] PID: 22392 | WS: 114.1 MB (dWS: 2.55 MB) | Commit: 115.62 MB (dPM: 2.46 MB) | VM: 4321.21 MB | CPU: 11617.3s | SysFreeVM: 104061 MB | Ckpt: 50MB at 10:27:55
[2026-09-08 10:28:12] PID: 22392 | WS: 114.1 MB (dWS: 2.55 MB) | Commit: 115.62 MB (dPM: 2.46 MB) | VM: 4321.21 MB | CPU: 11627.5s | SysFreeVM: 104058 MB | No ckpt change
[2026-09-08 10:28:22] PID: 22392 | WS: 114.1 MB (dWS: 2.55 MB) | Commit: 115.62 MB (dPM: 2.46 MB) | VM: 4321.21 MB | CPU: 11637.7s | SysFreeVM: 104121 MB | No ckpt change
[2026-09-08 10:28:32] PID: 22392 | WS: 114.1 MB (dWS: 2.55 MB) | Commit: 115.62 MB (dPM: 2.46 MB) | VM: 4321.21 MB | CPU: 11647.9s | SysFreeVM: 104117 MB | No ckpt change
[2026-09-08 10:28:43] PID: 22392 | WS: 114.1 MB (dWS: 2.55 MB) | Commit: 115.62 MB (dPM: 2.46 MB) | VM: 4321.21 MB | CPU: 11658s | SysFreeVM: 104088 MB | Ckpt: 50MB at 10:28:37
[2026-09-08 10:28:53] PID: 22392 | WS: 114.1 MB (dWS: 2.55 MB) | Commit: 115.62 MB (dPM: 2.46 MB) | VM: 4321.21 MB | CPU: 11668.2s | SysFreeVM: 104088 MB | No ckpt change
[2026-09-08 10:29:03] PID: 22392 | WS: 114.1 MB (dWS: 2.55 MB) | Commit: 115.62 MB (dPM: 2.46 MB) | VM: 4321.21 MB | CPU: 11678.4s | SysFreeVM: 104082 MB | No ckpt change
[2026-09-08 10:29:13] PID: 22392 | WS: 114.1 MB (dWS: 2.55 MB) | Commit: 115.62 MB (dPM: 2.46 MB) | VM: 4321.21 MB | CPU: 11688.6s | SysFreeVM: 104080 MB | No ckpt change
[2026-09-08 10:29:24] PID: 22392 | WS: 114.1 MB (dWS: 2.55 MB) | Commit: 115.62 MB (dPM: 2.46 MB) | VM: 4321.21 MB | CPU: 11698.8s | SysFreeVM: 104126 MB | Ckpt: 50MB at 10:29:19
[2026-09-08 10:29:34] PID: 22392 | WS: 114.1 MB (dWS: 2.55 MB) | Commit: 115.62 MB (dPM: 2.46 MB) | VM: 4321.21 MB | CPU: 11709s | SysFreeVM: 104127 MB | No ckpt change
[2026-09-08 10:29:44] PID: 22392 | WS: 114.1 MB (dWS: 2.55 MB) | Commit: 115.62 MB (dPM: 2.46 MB) | VM: 4321.21 MB | CPU: 11719.2s | SysFreeVM: 104115 MB | No ckpt change
[2026-09-08 10:29:54] PID: 22392 | WS: 114.1 MB (dWS: 2.55 MB) | Commit: 115.62 MB (dPM: 2.46 MB) | VM: 4321.21 MB | CPU: 11729.3s | SysFreeVM: 104119 MB | No ckpt change
[2026-09-08 10:30:05] PID: 22392 | WS: 114.1 MB (dWS: 2.55 MB) | Commit: 115.62 MB (dPM: 2.46 MB) | VM: 4321.21 MB | CPU: 11739.4s | SysFreeVM: 104080 MB | Ckpt: 50MB at 10:30:01
[2026-09-08 10:30:15] PID: 22392 | WS: 114.1 MB (dWS: 2.55 MB) | Commit: 115.62 MB (dPM: 2.46 MB) | VM: 4321.21 MB | CPU: 11749.6s | SysFreeVM: 104074 MB | No ckpt change
[2026-09-08 10:30:25] PID: 22392 | WS: 114.1 MB (dWS: 2.55 MB) | Commit: 115.62 MB (dPM: 2.46 MB) | VM: 4321.21 MB | CPU: 11759.8s | SysFreeVM: 104088 MB | No ckpt change
[2026-09-08 10:30:35] PID: 22392 | WS: 114.1 MB (dWS: 2.55 MB) | Commit: 115.62 MB (dPM: 2.46 MB) | VM: 4321.21 MB | CPU: 11770.1s | SysFreeVM: 104138 MB | No ckpt change
[2026-09-08 10:30:46] PID: 22392 | WS: 114.15 MB (dWS: 2.6 MB) | Commit: 115.68 MB (dPM: 2.52 MB) | VM: 4321.21 MB | CPU: 11780.2s | SysFreeVM: 104102 MB | Ckpt: 50MB at 10:30:43
[2026-09-08 10:30:56] PID: 22392 | WS: 114.15 MB (dWS: 2.6 MB) | Commit: 115.68 MB (dPM: 2.52 MB) | VM: 4321.21 MB | CPU: 11790.4s | SysFreeVM: 104123 MB | No ckpt change
[2026-09-08 10:31:06] PID: 22392 | WS: 114.15 MB (dWS: 2.6 MB) | Commit: 115.68 MB (dPM: 2.52 MB) | VM: 4321.21 MB | CPU: 11800.6s | SysFreeVM: 104107 MB | No ckpt change
[2026-09-08 10:31:16] PID: 22392 | WS: 114.15 MB (dWS: 2.6 MB) | Commit: 115.68 MB (dPM: 2.52 MB) | VM: 4321.21 MB | CPU: 11810.7s | SysFreeVM: 104086 MB | No ckpt change
[2026-09-08 10:31:27] PID: 22392 | WS: 114.19 MB (dWS: 2.64 MB) | Commit: 115.68 MB (dPM: 2.52 MB) | VM: 4321.21 MB | CPU: 11820.9s | SysFreeVM: 104074 MB | Ckpt: 50MB at 10:31:25
[2026-09-08 10:31:37] PID: 22392 | WS: 114.19 MB (dWS: 2.64 MB) | Commit: 115.68 MB (dPM: 2.52 MB) | VM: 4321.21 MB | CPU: 11831.1s | SysFreeVM: 104075 MB | No ckpt change
[2026-09-08 10:31:47] PID: 22392 | WS: 114.19 MB (dWS: 2.64 MB) | Commit: 115.68 MB (dPM: 2.52 MB) | VM: 4321.21 MB | CPU: 11841.3s | SysFreeVM: 104111 MB | No ckpt change
[2026-09-08 10:31:57] PID: 22392 | WS: 114.19 MB (dWS: 2.64 MB) | Commit: 115.68 MB (dPM: 2.52 MB) | VM: 4321.21 MB | CPU: 11851.4s | SysFreeVM: 104097 MB | No ckpt change
[2026-09-08 10:32:08] PID: 22392 | WS: 114.19 MB (dWS: 2.64 MB) | Commit: 115.68 MB (dPM: 2.52 MB) | VM: 4321.21 MB | CPU: 11861.6s | SysFreeVM: 104132 MB | Ckpt: 50MB at 10:32:07
[2026-09-08 10:32:18] PID: 22392 | WS: 114.19 MB (dWS: 2.64 MB) | Commit: 115.68 MB (dPM: 2.52 MB) | VM: 4321.21 MB | CPU: 11871.8s | SysFreeVM: 104102 MB | No ckpt change
[2026-09-08 10:32:28] PID: 22392 | WS: 114.19 MB (dWS: 2.64 MB) | Commit: 115.68 MB (dPM: 2.52 MB) | VM: 4321.21 MB | CPU: 11882s | SysFreeVM: 104060 MB | No ckpt change
[2026-09-08 10:32:38] PID: 22392 | WS: 114.19 MB (dWS: 2.64 MB) | Commit: 115.68 MB (dPM: 2.52 MB) | VM: 4321.21 MB | CPU: 11892.1s | SysFreeVM: 104069 MB | No ckpt change
[2026-09-08 10:32:49] PID: 22392 | WS: 114.19 MB (dWS: 2.64 MB) | Commit: 115.68 MB (dPM: 2.52 MB) | VM: 4321.21 MB | CPU: 11902.2s | SysFreeVM: 104073 MB | No ckpt change
[2026-09-08 10:32:59] PID: 22392 | WS: 114.19 MB (dWS: 2.64 MB) | Commit: 115.68 MB (dPM: 2.52 MB) | VM: 4321.21 MB | CPU: 11912.4s | SysFreeVM: 104133 MB | Ckpt: 50MB at 10:32:49
[2026-09-08 10:33:09] PID: 22392 | WS: 114.19 MB (dWS: 2.64 MB) | Commit: 115.68 MB (dPM: 2.52 MB) | VM: 4321.21 MB | CPU: 11922.5s | SysFreeVM: 104119 MB | No ckpt change
[2026-09-08 10:33:19] PID: 22392 | WS: 114.19 MB (dWS: 2.64 MB) | Commit: 115.68 MB (dPM: 2.52 MB) | VM: 4321.21 MB | CPU: 11932.7s | SysFreeVM: 104112 MB | No ckpt change
[2026-09-08 10:33:30] PID: 22392 | WS: 114.19 MB (dWS: 2.64 MB) | Commit: 115.68 MB (dPM: 2.52 MB) | VM: 4321.21 MB | CPU: 11942.8s | SysFreeVM: 104092 MB | No ckpt change
[2026-09-08 10:33:40] PID: 22392 | WS: 114.19 MB (dWS: 2.64 MB) | Commit: 115.68 MB (dPM: 2.52 MB) | VM: 4321.21 MB | CPU: 11953s | SysFreeVM: 104085 MB | Ckpt: 50MB at 10:33:31
[2026-09-08 10:33:50] PID: 22392 | WS: 114.19 MB (dWS: 2.64 MB) | Commit: 115.68 MB (dPM: 2.52 MB) | VM: 4321.21 MB | CPU: 11963.1s | SysFreeVM: 104072 MB | No ckpt change
[2026-09-08 10:34:00] PID: 22392 | WS: 114.19 MB (dWS: 2.64 MB) | Commit: 115.68 MB (dPM: 2.52 MB) | VM: 4321.21 MB | CPU: 11973.3s | SysFreeVM: 104064 MB | No ckpt change
[2026-09-08 10:34:10] PID: 22392 | WS: 114.19 MB (dWS: 2.64 MB) | Commit: 115.68 MB (dPM: 2.52 MB) | VM: 4321.21 MB | CPU: 11983.5s | SysFreeVM: 104146 MB | No ckpt change
[2026-09-08 10:34:21] PID: 22392 | WS: 114.19 MB (dWS: 2.64 MB) | Commit: 115.68 MB (dPM: 2.52 MB) | VM: 4321.21 MB | CPU: 11993.6s | SysFreeVM: 104098 MB | Ckpt: 50MB at 10:34:13
[2026-09-08 10:34:31] PID: 22392 | WS: 114.19 MB (dWS: 2.64 MB) | Commit: 115.68 MB (dPM: 2.52 MB) | VM: 4321.21 MB | CPU: 12003.8s | SysFreeVM: 104122 MB | No ckpt change
[2026-09-08 10:34:41] PID: 22392 | WS: 114.19 MB (dWS: 2.64 MB) | Commit: 115.68 MB (dPM: 2.52 MB) | VM: 4321.21 MB | CPU: 12014s | SysFreeVM: 104107 MB | No ckpt change
[2026-09-08 10:34:51] PID: 22392 | WS: 114.19 MB (dWS: 2.64 MB) | Commit: 115.68 MB (dPM: 2.52 MB) | VM: 4321.21 MB | CPU: 12024.2s | SysFreeVM: 104100 MB | No ckpt change
[2026-09-08 10:35:02] PID: 22392 | WS: 114.19 MB (dWS: 2.64 MB) | Commit: 115.68 MB (dPM: 2.52 MB) | VM: 4321.21 MB | CPU: 12034.3s | SysFreeVM: 104058 MB | Ckpt: 50MB at 10:34:55
[2026-09-08 10:35:12] PID: 22392 | WS: 114.19 MB (dWS: 2.64 MB) | Commit: 115.68 MB (dPM: 2.52 MB) | VM: 4321.21 MB | CPU: 12044.5s | SysFreeVM: 104129 MB | No ckpt change
[2026-09-08 10:35:22] PID: 22392 | WS: 114.19 MB (dWS: 2.64 MB) | Commit: 115.68 MB (dPM: 2.52 MB) | VM: 4321.21 MB | CPU: 12054.7s | SysFreeVM: 104121 MB | No ckpt change
[2026-09-08 10:35:32] PID: 22392 | WS: 114.19 MB (dWS: 2.64 MB) | Commit: 115.68 MB (dPM: 2.52 MB) | VM: 4321.21 MB | CPU: 12064.8s | SysFreeVM: 104110 MB | No ckpt change
[2026-09-08 10:35:43] PID: 22392 | WS: 114.19 MB (dWS: 2.64 MB) | Commit: 115.68 MB (dPM: 2.52 MB) | VM: 4321.21 MB | CPU: 12075s | SysFreeVM: 104095 MB | Ckpt: 50MB at 10:35:37
[2026-09-08 10:35:53] PID: 22392 | WS: 114.19 MB (dWS: 2.64 MB) | Commit: 115.68 MB (dPM: 2.52 MB) | VM: 4321.21 MB | CPU: 12085.1s | SysFreeVM: 104104 MB | No ckpt change
[2026-09-08 10:36:03] PID: 22392 | WS: 114.19 MB (dWS: 2.64 MB) | Commit: 115.68 MB (dPM: 2.52 MB) | VM: 4321.21 MB | CPU: 12095.3s | SysFreeVM: 104086 MB | No ckpt change
[2026-09-08 10:36:13] PID: 22392 | WS: 114.19 MB (dWS: 2.64 MB) | Commit: 115.68 MB (dPM: 2.52 MB) | VM: 4321.21 MB | CPU: 12105.5s | SysFreeVM: 104073 MB | No ckpt change
[2026-09-08 10:36:24] PID: 22392 | WS: 114.19 MB (dWS: 2.64 MB) | Commit: 115.68 MB (dPM: 2.52 MB) | VM: 4321.21 MB | CPU: 12115.7s | SysFreeVM: 104113 MB | Ckpt: 50MB at 10:36:19
[2026-09-08 10:36:34] PID: 22392 | WS: 114.19 MB (dWS: 2.64 MB) | Commit: 115.68 MB (dPM: 2.52 MB) | VM: 4321.21 MB | CPU: 12125.9s | SysFreeVM: 104100 MB | No ckpt change
[2026-09-08 10:36:44] PID: 22392 | WS: 114.19 MB (dWS: 2.64 MB) | Commit: 115.68 MB (dPM: 2.52 MB) | VM: 4321.21 MB | CPU: 12136s | SysFreeVM: 104118 MB | No ckpt change
[2026-09-08 10:36:54] PID: 22392 | WS: 114.19 MB (dWS: 2.64 MB) | Commit: 115.68 MB (dPM: 2.52 MB) | VM: 4321.21 MB | CPU: 12146.2s | SysFreeVM: 104115 MB | No ckpt change
[2026-09-08 10:37:05] PID: 22392 | WS: 114.19 MB (dWS: 2.64 MB) | Commit: 115.68 MB (dPM: 2.52 MB) | VM: 4321.21 MB | CPU: 12156.4s | SysFreeVM: 104094 MB | Ckpt: 50MB at 10:37:01
[2026-09-08 10:37:15] PID: 22392 | WS: 114.19 MB (dWS: 2.64 MB) | Commit: 115.68 MB (dPM: 2.52 MB) | VM: 4321.21 MB | CPU: 12166.5s | SysFreeVM: 104079 MB | No ckpt change
[2026-09-08 10:37:25] PID: 22392 | WS: 114.19 MB (dWS: 2.64 MB) | Commit: 115.68 MB (dPM: 2.52 MB) | VM: 4321.21 MB | CPU: 12176.8s | SysFreeVM: 104150 MB | No ckpt change
[2026-09-08 10:37:35] PID: 22392 | WS: 114.19 MB (dWS: 2.64 MB) | Commit: 115.68 MB (dPM: 2.52 MB) | VM: 4321.21 MB | CPU: 12187s | SysFreeVM: 104116 MB | No ckpt change
[2026-09-08 10:37:46] PID: 22392 | WS: 114.27 MB (dWS: 2.72 MB) | Commit: 115.75 MB (dPM: 2.59 MB) | VM: 4329.21 MB | CPU: 12197.2s | SysFreeVM: 104103 MB | Ckpt: 50MB at 10:37:43
[2026-09-08 10:37:56] PID: 22392 | WS: 114.27 MB (dWS: 2.72 MB) | Commit: 115.75 MB (dPM: 2.59 MB) | VM: 4329.21 MB | CPU: 12207.4s | SysFreeVM: 104085 MB | No ckpt change
[2026-09-08 10:38:06] PID: 22392 | WS: 114.27 MB (dWS: 2.72 MB) | Commit: 115.75 MB (dPM: 2.59 MB) | VM: 4329.21 MB | CPU: 12217.5s | SysFreeVM: 104045 MB | No ckpt change
[2026-09-08 10:38:16] PID: 22392 | WS: 114.27 MB (dWS: 2.72 MB) | Commit: 115.75 MB (dPM: 2.59 MB) | VM: 4329.21 MB | CPU: 12227.6s | SysFreeVM: 104066 MB | No ckpt change
[2026-09-08 10:38:27] PID: 22392 | WS: 114.27 MB (dWS: 2.72 MB) | Commit: 115.75 MB (dPM: 2.59 MB) | VM: 4329.21 MB | CPU: 12237.8s | SysFreeVM: 104069 MB | Ckpt: 50MB at 10:38:26
[2026-09-08 10:38:37] PID: 22392 | WS: 114.27 MB (dWS: 2.72 MB) | Commit: 115.75 MB (dPM: 2.59 MB) | VM: 4329.21 MB | CPU: 12248s | SysFreeVM: 104048 MB | No ckpt change
[2026-09-08 10:38:47] PID: 22392 | WS: 114.27 MB (dWS: 2.72 MB) | Commit: 115.75 MB (dPM: 2.59 MB) | VM: 4329.21 MB | CPU: 12258.1s | SysFreeVM: 104121 MB | No ckpt change
[2026-09-08 10:38:57] PID: 22392 | WS: 114.27 MB (dWS: 2.72 MB) | Commit: 115.75 MB (dPM: 2.59 MB) | VM: 4329.21 MB | CPU: 12268.4s | SysFreeVM: 104086 MB | No ckpt change
[2026-09-08 10:39:08] PID: 22392 | WS: 114.27 MB (dWS: 2.72 MB) | Commit: 115.75 MB (dPM: 2.59 MB) | VM: 4329.21 MB | CPU: 12278.5s | SysFreeVM: 104087 MB | No ckpt change
[2026-09-08 10:39:18] PID: 22392 | WS: 114.27 MB (dWS: 2.72 MB) | Commit: 115.75 MB (dPM: 2.59 MB) | VM: 4329.21 MB | CPU: 12288.7s | SysFreeVM: 104081 MB | Ckpt: 50MB at 10:39:08
[2026-09-08 10:39:28] PID: 22392 | WS: 114.27 MB (dWS: 2.72 MB) | Commit: 115.75 MB (dPM: 2.59 MB) | VM: 4329.21 MB | CPU: 12299s | SysFreeVM: 104077 MB | No ckpt change
[2026-09-08 10:39:38] PID: 22392 | WS: 114.27 MB (dWS: 2.72 MB) | Commit: 115.75 MB (dPM: 2.59 MB) | VM: 4329.21 MB | CPU: 12309.1s | SysFreeVM: 104079 MB | No ckpt change
[2026-09-08 10:39:49] PID: 22392 | WS: 114.27 MB (dWS: 2.72 MB) | Commit: 115.75 MB (dPM: 2.59 MB) | VM: 4329.21 MB | CPU: 12319.3s | SysFreeVM: 104067 MB | No ckpt change
[2026-09-08 10:39:59] PID: 22392 | WS: 114.27 MB (dWS: 2.72 MB) | Commit: 115.75 MB (dPM: 2.59 MB) | VM: 4329.21 MB | CPU: 12329.5s | SysFreeVM: 104087 MB | Ckpt: 50MB at 10:39:50
[2026-09-08 10:40:09] PID: 22392 | WS: 114.27 MB (dWS: 2.72 MB) | Commit: 115.75 MB (dPM: 2.59 MB) | VM: 4329.21 MB | CPU: 12339.6s | SysFreeVM: 104076 MB | No ckpt change
[2026-09-08 10:40:19] PID: 22392 | WS: 114.36 MB (dWS: 2.81 MB) | Commit: 115.85 MB (dPM: 2.69 MB) | VM: 4329.3 MB | CPU: 12349.8s | SysFreeVM: 104109 MB | Ckpt: 50MB at 10:40:19
[2026-09-08 10:40:30] PID: 22392 | WS: 114.36 MB (dWS: 2.81 MB) | Commit: 115.85 MB (dPM: 2.69 MB) | VM: 4329.3 MB | CPU: 12360s | SysFreeVM: 104096 MB | No ckpt change
[2026-09-08 10:40:40] PID: 22392 | WS: 114.36 MB (dWS: 2.81 MB) | Commit: 115.85 MB (dPM: 2.69 MB) | VM: 4329.3 MB | CPU: 12370.2s | SysFreeVM: 104081 MB | No ckpt change
[2026-09-08 10:40:50] PID: 22392 | WS: 114.36 MB (dWS: 2.81 MB) | Commit: 115.85 MB (dPM: 2.69 MB) | VM: 4329.3 MB | CPU: 12380.4s | SysFreeVM: 104030 MB | No ckpt change
[2026-09-08 10:41:01] PID: 22392 | WS: 114.36 MB (dWS: 2.81 MB) | Commit: 115.85 MB (dPM: 2.69 MB) | VM: 4329.3 MB | CPU: 12390.6s | SysFreeVM: 104086 MB | No ckpt change
[2026-09-08 10:41:11] PID: 22392 | WS: 114.36 MB (dWS: 2.81 MB) | Commit: 115.85 MB (dPM: 2.69 MB) | VM: 4329.3 MB | CPU: 12400.7s | SysFreeVM: 104099 MB | Ckpt: 50MB at 10:41:01
[2026-09-08 10:41:21] PID: 22392 | WS: 114.36 MB (dWS: 2.81 MB) | Commit: 115.85 MB (dPM: 2.69 MB) | VM: 4329.3 MB | CPU: 12410.8s | SysFreeVM: 104093 MB | No ckpt change
[2026-09-08 10:41:31] PID: 22392 | WS: 114.36 MB (dWS: 2.81 MB) | Commit: 115.85 MB (dPM: 2.69 MB) | VM: 4329.3 MB | CPU: 12421.1s | SysFreeVM: 104014 MB | No ckpt change
[2026-09-08 10:41:42] PID: 22392 | WS: 114.36 MB (dWS: 2.81 MB) | Commit: 115.85 MB (dPM: 2.69 MB) | VM: 4329.3 MB | CPU: 12431.4s | SysFreeVM: 103811 MB | No ckpt change
[2026-09-08 10:41:52] PID: 22392 | WS: 114.36 MB (dWS: 2.81 MB) | Commit: 115.85 MB (dPM: 2.69 MB) | VM: 4329.3 MB | CPU: 12441.6s | SysFreeVM: 103777 MB | Ckpt: 50MB at 10:41:43
[2026-09-08 10:42:02] PID: 22392 | WS: 114.36 MB (dWS: 2.81 MB) | Commit: 115.85 MB (dPM: 2.69 MB) | VM: 4329.3 MB | CPU: 12451.8s | SysFreeVM: 103790 MB | No ckpt change
[2026-09-08 10:42:12] PID: 22392 | WS: 114.36 MB (dWS: 2.81 MB) | Commit: 115.85 MB (dPM: 2.69 MB) | VM: 4329.3 MB | CPU: 12462s | SysFreeVM: 103752 MB | No ckpt change
[2026-09-08 10:42:23] PID: 22392 | WS: 114.36 MB (dWS: 2.81 MB) | Commit: 115.85 MB (dPM: 2.69 MB) | VM: 4329.3 MB | CPU: 12472.2s | SysFreeVM: 103748 MB | No ckpt change
[2026-09-08 10:42:33] PID: 22392 | WS: 114.36 MB (dWS: 2.81 MB) | Commit: 115.85 MB (dPM: 2.69 MB) | VM: 4329.3 MB | CPU: 12482.4s | SysFreeVM: 104046 MB | Ckpt: 50MB at 10:42:25
[2026-09-08 10:42:43] PID: 22392 | WS: 114.36 MB (dWS: 2.81 MB) | Commit: 115.85 MB (dPM: 2.69 MB) | VM: 4329.3 MB | CPU: 12492.6s | SysFreeVM: 104045 MB | No ckpt change
[2026-09-08 10:42:53] PID: 22392 | WS: 114.36 MB (dWS: 2.81 MB) | Commit: 115.85 MB (dPM: 2.69 MB) | VM: 4329.3 MB | CPU: 12502.8s | SysFreeVM: 104038 MB | No ckpt change
[2026-09-08 10:43:04] PID: 22392 | WS: 114.36 MB (dWS: 2.81 MB) | Commit: 115.85 MB (dPM: 2.69 MB) | VM: 4329.3 MB | CPU: 12513s | SysFreeVM: 104061 MB | No ckpt change
[2026-09-08 10:43:14] PID: 22392 | WS: 114.36 MB (dWS: 2.81 MB) | Commit: 115.85 MB (dPM: 2.69 MB) | VM: 4329.3 MB | CPU: 12523.2s | SysFreeVM: 104081 MB | Ckpt: 50MB at 10:43:07
[2026-09-08 10:43:24] PID: 22392 | WS: 114.36 MB (dWS: 2.81 MB) | Commit: 115.85 MB (dPM: 2.69 MB) | VM: 4329.3 MB | CPU: 12533.3s | SysFreeVM: 104112 MB | No ckpt change
[2026-09-08 10:43:34] PID: 22392 | WS: 114.36 MB (dWS: 2.81 MB) | Commit: 115.85 MB (dPM: 2.69 MB) | VM: 4329.3 MB | CPU: 12543.5s | SysFreeVM: 104089 MB | No ckpt change
[2026-09-08 10:43:45] PID: 22392 | WS: 114.36 MB (dWS: 2.81 MB) | Commit: 115.85 MB (dPM: 2.69 MB) | VM: 4329.3 MB | CPU: 12553.7s | SysFreeVM: 104098 MB | No ckpt change
[2026-09-08 10:43:55] PID: 22392 | WS: 114.36 MB (dWS: 2.81 MB) | Commit: 115.85 MB (dPM: 2.69 MB) | VM: 4329.3 MB | CPU: 12563.8s | SysFreeVM: 104070 MB | Ckpt: 50MB at 10:43:49
[2026-09-08 10:44:05] PID: 22392 | WS: 114.36 MB (dWS: 2.81 MB) | Commit: 115.85 MB (dPM: 2.69 MB) | VM: 4329.3 MB | CPU: 12574s | SysFreeVM: 104070 MB | No ckpt change
[2026-09-08 10:44:15] PID: 22392 | WS: 114.36 MB (dWS: 2.81 MB) | Commit: 115.85 MB (dPM: 2.69 MB) | VM: 4329.3 MB | CPU: 12584.1s | SysFreeVM: 104055 MB | No ckpt change
[2026-09-08 10:44:25] PID: 22392 | WS: 114.36 MB (dWS: 2.81 MB) | Commit: 115.85 MB (dPM: 2.69 MB) | VM: 4329.3 MB | CPU: 12594.3s | SysFreeVM: 104104 MB | No ckpt change
[2026-09-08 10:44:36] PID: 22392 | WS: 114.36 MB (dWS: 2.81 MB) | Commit: 115.85 MB (dPM: 2.69 MB) | VM: 4329.3 MB | CPU: 12604.5s | SysFreeVM: 104075 MB | Ckpt: 50MB at 10:44:32
[2026-09-08 10:44:46] PID: 22392 | WS: 114.36 MB (dWS: 2.81 MB) | Commit: 115.85 MB (dPM: 2.69 MB) | VM: 4329.3 MB | CPU: 12614.7s | SysFreeVM: 104075 MB | No ckpt change
[2026-09-08 10:44:56] PID: 22392 | WS: 114.36 MB (dWS: 2.81 MB) | Commit: 115.85 MB (dPM: 2.69 MB) | VM: 4329.3 MB | CPU: 12624.8s | SysFreeVM: 104093 MB | No ckpt change
[2026-09-08 10:45:07] PID: 22392 | WS: 114.36 MB (dWS: 2.81 MB) | Commit: 115.85 MB (dPM: 2.69 MB) | VM: 4329.3 MB | CPU: 12635s | SysFreeVM: 104081 MB | No ckpt change
[2026-09-08 10:45:17] PID: 22392 | WS: 114.36 MB (dWS: 2.81 MB) | Commit: 115.85 MB (dPM: 2.69 MB) | VM: 4329.3 MB | CPU: 12645.2s | SysFreeVM: 104046 MB | Ckpt: 50MB at 10:45:14
[2026-09-08 10:45:27] PID: 22392 | WS: 114.36 MB (dWS: 2.81 MB) | Commit: 115.85 MB (dPM: 2.69 MB) | VM: 4329.3 MB | CPU: 12655.4s | SysFreeVM: 104048 MB | No ckpt change
[2026-09-08 10:45:37] PID: 22392 | WS: 114.36 MB (dWS: 2.81 MB) | Commit: 115.85 MB (dPM: 2.69 MB) | VM: 4329.3 MB | CPU: 12665.7s | SysFreeVM: 104033 MB | No ckpt change
[2026-09-08 10:45:47] PID: 22392 | WS: 114.36 MB (dWS: 2.81 MB) | Commit: 115.85 MB (dPM: 2.69 MB) | VM: 4329.3 MB | CPU: 12675.8s | SysFreeVM: 104085 MB | No ckpt change
[2026-09-08 10:45:58] PID: 22392 | WS: 114.4 MB (dWS: 2.85 MB) | Commit: 115.91 MB (dPM: 2.75 MB) | VM: 4329.3 MB | CPU: 12685.9s | SysFreeVM: 104043 MB | Ckpt: 50MB at 10:45:56
[2026-09-08 10:46:08] PID: 22392 | WS: 114.4 MB (dWS: 2.85 MB) | Commit: 115.91 MB (dPM: 2.75 MB) | VM: 4329.3 MB | CPU: 12696s | SysFreeVM: 104075 MB | No ckpt change
[2026-09-08 10:46:18] PID: 22392 | WS: 114.4 MB (dWS: 2.85 MB) | Commit: 115.91 MB (dPM: 2.75 MB) | VM: 4329.3 MB | CPU: 12706.1s | SysFreeVM: 104083 MB | No ckpt change
[2026-09-08 10:46:28] PID: 22392 | WS: 114.4 MB (dWS: 2.85 MB) | Commit: 115.91 MB (dPM: 2.75 MB) | VM: 4329.3 MB | CPU: 12716.2s | SysFreeVM: 104050 MB | No ckpt change
[2026-09-08 10:46:39] PID: 22392 | WS: 114.46 MB (dWS: 2.91 MB) | Commit: 115.98 MB (dPM: 2.82 MB) | VM: 4329.3 MB | CPU: 12726.3s | SysFreeVM: 104058 MB | Ckpt: 50MB at 10:46:38
[2026-09-08 10:46:49] PID: 22392 | WS: 114.46 MB (dWS: 2.91 MB) | Commit: 115.98 MB (dPM: 2.82 MB) | VM: 4329.3 MB | CPU: 12736.5s | SysFreeVM: 104072 MB | No ckpt change
[2026-09-08 10:46:59] PID: 22392 | WS: 114.46 MB (dWS: 2.91 MB) | Commit: 115.98 MB (dPM: 2.82 MB) | VM: 4329.3 MB | CPU: 12746.6s | SysFreeVM: 104077 MB | No ckpt change
[2026-09-08 10:47:09] PID: 22392 | WS: 114.46 MB (dWS: 2.91 MB) | Commit: 115.98 MB (dPM: 2.82 MB) | VM: 4329.3 MB | CPU: 12756.7s | SysFreeVM: 104088 MB | No ckpt change
[2026-09-08 10:47:20] PID: 22392 | WS: 114.46 MB (dWS: 2.91 MB) | Commit: 115.98 MB (dPM: 2.82 MB) | VM: 4329.3 MB | CPU: 12766.9s | SysFreeVM: 104070 MB | No ckpt change
[2026-09-08 10:47:30] PID: 22392 | WS: 114.46 MB (dWS: 2.91 MB) | Commit: 115.98 MB (dPM: 2.82 MB) | VM: 4329.3 MB | CPU: 12777.1s | SysFreeVM: 104088 MB | Ckpt: 50MB at 10:47:20
[2026-09-08 10:47:40] PID: 22392 | WS: 114.46 MB (dWS: 2.91 MB) | Commit: 115.98 MB (dPM: 2.82 MB) | VM: 4329.3 MB | CPU: 12787.3s | SysFreeVM: 104040 MB | No ckpt change
[2026-09-08 10:47:50] PID: 22392 | WS: 114.46 MB (dWS: 2.91 MB) | Commit: 115.98 MB (dPM: 2.82 MB) | VM: 4329.3 MB | CPU: 12797.5s | SysFreeVM: 104044 MB | No ckpt change
[2026-09-08 10:48:01] PID: 22392 | WS: 114.46 MB (dWS: 2.91 MB) | Commit: 115.98 MB (dPM: 2.82 MB) | VM: 4329.3 MB | CPU: 12807.7s | SysFreeVM: 104039 MB | No ckpt change
[2026-09-08 10:48:11] PID: 22392 | WS: 114.48 MB (dWS: 2.93 MB) | Commit: 115.98 MB (dPM: 2.82 MB) | VM: 4329.3 MB | CPU: 12817.8s | SysFreeVM: 104101 MB | Ckpt: 50MB at 10:48:02
[2026-09-08 10:48:21] PID: 22392 | WS: 114.48 MB (dWS: 2.93 MB) | Commit: 115.98 MB (dPM: 2.82 MB) | VM: 4329.3 MB | CPU: 12828.1s | SysFreeVM: 104130 MB | No ckpt change
[2026-09-08 10:48:31] PID: 22392 | WS: 114.48 MB (dWS: 2.93 MB) | Commit: 115.98 MB (dPM: 2.82 MB) | VM: 4329.3 MB | CPU: 12838.2s | SysFreeVM: 104135 MB | No ckpt change
[2026-09-08 10:48:42] PID: 22392 | WS: 114.48 MB (dWS: 2.93 MB) | Commit: 115.98 MB (dPM: 2.82 MB) | VM: 4329.3 MB | CPU: 12848.5s | SysFreeVM: 104095 MB | No ckpt change
[2026-09-08 10:48:52] PID: 22392 | WS: 114.49 MB (dWS: 2.94 MB) | Commit: 115.98 MB (dPM: 2.82 MB) | VM: 4329.3 MB | CPU: 12858.7s | SysFreeVM: 104095 MB | Ckpt: 50MB at 10:48:44
[2026-09-08 10:49:02] PID: 22392 | WS: 114.49 MB (dWS: 2.94 MB) | Commit: 115.98 MB (dPM: 2.82 MB) | VM: 4329.3 MB | CPU: 12868.9s | SysFreeVM: 104089 MB | No ckpt change
[2026-09-08 10:49:12] PID: 22392 | WS: 114.49 MB (dWS: 2.94 MB) | Commit: 115.98 MB (dPM: 2.82 MB) | VM: 4329.3 MB | CPU: 12879.1s | SysFreeVM: 104091 MB | No ckpt change
[2026-09-08 10:49:23] PID: 22392 | WS: 114.49 MB (dWS: 2.94 MB) | Commit: 115.98 MB (dPM: 2.82 MB) | VM: 4329.3 MB | CPU: 12889.3s | SysFreeVM: 104130 MB | No ckpt change
[2026-09-08 10:49:33] PID: 22392 | WS: 114.54 MB (dWS: 2.99 MB) | Commit: 116.05 MB (dPM: 2.89 MB) | VM: 4329.3 MB | CPU: 12899.5s | SysFreeVM: 104119 MB | Ckpt: 50MB at 10:49:26
[2026-09-08 10:49:43] PID: 22392 | WS: 114.54 MB (dWS: 2.99 MB) | Commit: 116.05 MB (dPM: 2.89 MB) | VM: 4329.3 MB | CPU: 12909.8s | SysFreeVM: 104106 MB | No ckpt change
[2026-09-08 10:49:53] PID: 22392 | WS: 114.54 MB (dWS: 2.99 MB) | Commit: 116.05 MB (dPM: 2.89 MB) | VM: 4329.3 MB | CPU: 12920s | SysFreeVM: 104102 MB | No ckpt change
[2026-09-08 10:50:04] PID: 22392 | WS: 114.54 MB (dWS: 2.99 MB) | Commit: 116.05 MB (dPM: 2.89 MB) | VM: 4329.3 MB | CPU: 12930.2s | SysFreeVM: 104107 MB | No ckpt change
[2026-09-08 10:50:14] PID: 22392 | WS: 114.54 MB (dWS: 2.99 MB) | Commit: 116.05 MB (dPM: 2.89 MB) | VM: 4329.3 MB | CPU: 12940.3s | SysFreeVM: 104093 MB | Ckpt: 50MB at 10:50:08
[2026-09-08 10:50:24] PID: 22392 | WS: 114.54 MB (dWS: 2.99 MB) | Commit: 116.05 MB (dPM: 2.89 MB) | VM: 4329.3 MB | CPU: 12950.5s | SysFreeVM: 104082 MB | No ckpt change
[2026-09-08 10:50:34] PID: 22392 | WS: 114.54 MB (dWS: 2.99 MB) | Commit: 116.05 MB (dPM: 2.89 MB) | VM: 4329.3 MB | CPU: 12960.6s | SysFreeVM: 104134 MB | No ckpt change
[2026-09-08 10:50:45] PID: 22392 | WS: 114.54 MB (dWS: 2.99 MB) | Commit: 116.05 MB (dPM: 2.89 MB) | VM: 4329.3 MB | CPU: 12970.9s | SysFreeVM: 104115 MB | No ckpt change
[2026-09-08 10:50:55] PID: 22392 | WS: 114.58 MB (dWS: 3.03 MB) | Commit: 116.11 MB (dPM: 2.95 MB) | VM: 4329.3 MB | CPU: 12981s | SysFreeVM: 104100 MB | Ckpt: 50MB at 10:50:50
[2026-09-08 10:51:05] PID: 22392 | WS: 114.58 MB (dWS: 3.03 MB) | Commit: 116.11 MB (dPM: 2.95 MB) | VM: 4329.3 MB | CPU: 12991.2s | SysFreeVM: 104086 MB | No ckpt change
[2026-09-08 10:51:15] PID: 22392 | WS: 114.58 MB (dWS: 3.03 MB) | Commit: 116.11 MB (dPM: 2.95 MB) | VM: 4329.3 MB | CPU: 13001.4s | SysFreeVM: 104075 MB | No ckpt change
[2026-09-08 10:51:26] PID: 22392 | WS: 114.58 MB (dWS: 3.03 MB) | Commit: 116.11 MB (dPM: 2.95 MB) | VM: 4329.3 MB | CPU: 13011.6s | SysFreeVM: 104054 MB | No ckpt change
[2026-09-08 10:51:36] PID: 22392 | WS: 114.58 MB (dWS: 3.03 MB) | Commit: 116.11 MB (dPM: 2.95 MB) | VM: 4329.3 MB | CPU: 13021.8s | SysFreeVM: 104060 MB | Ckpt: 50MB at 10:51:32
[2026-09-08 10:51:46] PID: 22392 | WS: 114.58 MB (dWS: 3.03 MB) | Commit: 116.11 MB (dPM: 2.95 MB) | VM: 4329.3 MB | CPU: 13032s | SysFreeVM: 104110 MB | No ckpt change
[2026-09-08 10:51:56] PID: 22392 | WS: 114.58 MB (dWS: 3.03 MB) | Commit: 116.11 MB (dPM: 2.95 MB) | VM: 4329.3 MB | CPU: 13042.2s | SysFreeVM: 104126 MB | No ckpt change
[2026-09-08 10:52:07] PID: 22392 | WS: 114.58 MB (dWS: 3.03 MB) | Commit: 116.11 MB (dPM: 2.95 MB) | VM: 4329.3 MB | CPU: 13052.3s | SysFreeVM: 104121 MB | No ckpt change
[2026-09-08 10:52:17] PID: 22392 | WS: 114.58 MB (dWS: 3.03 MB) | Commit: 116.11 MB (dPM: 2.95 MB) | VM: 4329.3 MB | CPU: 13062.5s | SysFreeVM: 104098 MB | Ckpt: 50MB at 10:52:14
[2026-09-08 10:52:27] PID: 22392 | WS: 114.58 MB (dWS: 3.03 MB) | Commit: 116.11 MB (dPM: 2.95 MB) | VM: 4329.3 MB | CPU: 13072.7s | SysFreeVM: 104080 MB | No ckpt change
[2026-09-08 10:52:37] PID: 22392 | WS: 114.58 MB (dWS: 3.03 MB) | Commit: 116.11 MB (dPM: 2.95 MB) | VM: 4329.3 MB | CPU: 13082.9s | SysFreeVM: 104065 MB | No ckpt change
[2026-09-08 10:52:47] PID: 22392 | WS: 114.58 MB (dWS: 3.03 MB) | Commit: 116.11 MB (dPM: 2.95 MB) | VM: 4329.3 MB | CPU: 13093s | SysFreeVM: 104047 MB | No ckpt change
[2026-09-08 10:52:58] PID: 22392 | WS: 114.58 MB (dWS: 3.03 MB) | Commit: 116.11 MB (dPM: 2.95 MB) | VM: 4329.3 MB | CPU: 13103.2s | SysFreeVM: 104102 MB | Ckpt: 50MB at 10:52:56
[2026-09-08 10:53:08] PID: 22392 | WS: 114.58 MB (dWS: 3.03 MB) | Commit: 116.11 MB (dPM: 2.95 MB) | VM: 4329.3 MB | CPU: 13113.4s | SysFreeVM: 104117 MB | No ckpt change
[2026-09-08 10:53:18] PID: 22392 | WS: 114.58 MB (dWS: 3.03 MB) | Commit: 116.11 MB (dPM: 2.95 MB) | VM: 4329.3 MB | CPU: 13123.6s | SysFreeVM: 104116 MB | No ckpt change
[2026-09-08 10:53:28] PID: 22392 | WS: 114.58 MB (dWS: 3.03 MB) | Commit: 116.11 MB (dPM: 2.95 MB) | VM: 4329.3 MB | CPU: 13133.9s | SysFreeVM: 104101 MB | No ckpt change
[2026-09-08 10:53:39] PID: 22392 | WS: 114.58 MB (dWS: 3.03 MB) | Commit: 116.11 MB (dPM: 2.95 MB) | VM: 4329.3 MB | CPU: 13144s | SysFreeVM: 104083 MB | Ckpt: 50MB at 10:53:38
[2026-09-08 10:53:49] PID: 22392 | WS: 114.58 MB (dWS: 3.03 MB) | Commit: 116.11 MB (dPM: 2.95 MB) | VM: 4329.3 MB | CPU: 13154.1s | SysFreeVM: 104091 MB | No ckpt change
[2026-09-08 10:53:59] PID: 22392 | WS: 114.58 MB (dWS: 3.03 MB) | Commit: 116.11 MB (dPM: 2.95 MB) | VM: 4329.3 MB | CPU: 13164.4s | SysFreeVM: 104088 MB | No ckpt change
[2026-09-08 10:54:09] PID: 22392 | WS: 114.58 MB (dWS: 3.03 MB) | Commit: 116.11 MB (dPM: 2.95 MB) | VM: 4329.3 MB | CPU: 13174.6s | SysFreeVM: 104091 MB | No ckpt change
[2026-09-08 10:54:20] PID: 22392 | WS: 114.58 MB (dWS: 3.03 MB) | Commit: 116.11 MB (dPM: 2.95 MB) | VM: 4329.3 MB | CPU: 13184.8s | SysFreeVM: 104127 MB | No ckpt change
[2026-09-08 10:54:30] PID: 22392 | WS: 114.58 MB (dWS: 3.03 MB) | Commit: 116.11 MB (dPM: 2.95 MB) | VM: 4329.3 MB | CPU: 13195s | SysFreeVM: 104136 MB | Ckpt: 50MB at 10:54:20
[2026-09-08 10:54:40] PID: 22392 | WS: 114.58 MB (dWS: 3.03 MB) | Commit: 116.11 MB (dPM: 2.95 MB) | VM: 4329.3 MB | CPU: 13205.2s | SysFreeVM: 104110 MB | No ckpt change
[2026-09-08 10:54:50] PID: 22392 | WS: 114.58 MB (dWS: 3.03 MB) | Commit: 116.11 MB (dPM: 2.95 MB) | VM: 4329.3 MB | CPU: 13215.4s | SysFreeVM: 104083 MB | No ckpt change
[2026-09-08 10:55:01] PID: 22392 | WS: 114.58 MB (dWS: 3.03 MB) | Commit: 116.11 MB (dPM: 2.95 MB) | VM: 4329.3 MB | CPU: 13225.5s | SysFreeVM: 104094 MB | No ckpt change
[2026-09-08 10:55:11] PID: 22392 | WS: 114.58 MB (dWS: 3.03 MB) | Commit: 116.11 MB (dPM: 2.95 MB) | VM: 4329.3 MB | CPU: 13235.7s | SysFreeVM: 104076 MB | Ckpt: 50MB at 10:55:03
[2026-09-08 10:55:21] PID: 22392 | WS: 114.58 MB (dWS: 3.03 MB) | Commit: 116.11 MB (dPM: 2.95 MB) | VM: 4329.3 MB | CPU: 13245.9s | SysFreeVM: 104087 MB | No ckpt change
[2026-09-08 10:55:31] PID: 22392 | WS: 114.58 MB (dWS: 3.03 MB) | Commit: 116.11 MB (dPM: 2.95 MB) | VM: 4329.3 MB | CPU: 13256.1s | SysFreeVM: 104067 MB | No ckpt change
[2026-09-08 10:55:42] PID: 22392 | WS: 114.58 MB (dWS: 3.03 MB) | Commit: 116.11 MB (dPM: 2.95 MB) | VM: 4329.3 MB | CPU: 13266.3s | SysFreeVM: 104123 MB | No ckpt change
[2026-09-08 10:55:52] PID: 22392 | WS: 114.58 MB (dWS: 3.03 MB) | Commit: 116.11 MB (dPM: 2.95 MB) | VM: 4329.3 MB | CPU: 13276.5s | SysFreeVM: 104091 MB | Ckpt: 50MB at 10:55:45
[2026-09-08 10:56:02] PID: 22392 | WS: 114.58 MB (dWS: 3.03 MB) | Commit: 116.11 MB (dPM: 2.95 MB) | VM: 4329.3 MB | CPU: 13286.6s | SysFreeVM: 104082 MB | No ckpt change
[2026-09-08 10:56:12] PID: 22392 | WS: 114.58 MB (dWS: 3.03 MB) | Commit: 116.11 MB (dPM: 2.95 MB) | VM: 4329.3 MB | CPU: 13296.8s | SysFreeVM: 104089 MB | No ckpt change
[2026-09-08 10:56:22] PID: 22392 | WS: 114.58 MB (dWS: 3.03 MB) | Commit: 116.11 MB (dPM: 2.95 MB) | VM: 4329.3 MB | CPU: 13307s | SysFreeVM: 104085 MB | No ckpt change
[2026-09-08 10:56:33] PID: 22392 | WS: 114.58 MB (dWS: 3.03 MB) | Commit: 116.11 MB (dPM: 2.95 MB) | VM: 4329.3 MB | CPU: 13317.1s | SysFreeVM: 104074 MB | Ckpt: 50MB at 10:56:27
[2026-09-08 10:56:43] PID: 22392 | WS: 114.58 MB (dWS: 3.03 MB) | Commit: 116.11 MB (dPM: 2.95 MB) | VM: 4329.3 MB | CPU: 13327.3s | SysFreeVM: 104076 MB | No ckpt change
[2026-09-08 10:56:53] PID: 22392 | WS: 114.58 MB (dWS: 3.03 MB) | Commit: 116.11 MB (dPM: 2.95 MB) | VM: 4329.3 MB | CPU: 13337.5s | SysFreeVM: 104106 MB | No ckpt change
[2026-09-08 10:57:03] PID: 22392 | WS: 114.58 MB (dWS: 3.03 MB) | Commit: 116.11 MB (dPM: 2.95 MB) | VM: 4329.3 MB | CPU: 13347.7s | SysFreeVM: 104117 MB | No ckpt change
[2026-09-08 10:57:14] PID: 22392 | WS: 114.58 MB (dWS: 3.03 MB) | Commit: 116.11 MB (dPM: 2.95 MB) | VM: 4329.3 MB | CPU: 13357.9s | SysFreeVM: 104097 MB | Ckpt: 50MB at 10:57:09
[2026-09-08 10:57:24] PID: 22392 | WS: 114.58 MB (dWS: 3.03 MB) | Commit: 116.11 MB (dPM: 2.95 MB) | VM: 4329.3 MB | CPU: 13367.9s | SysFreeVM: 104077 MB | No ckpt change
[2026-09-08 10:57:34] PID: 22392 | WS: 114.58 MB (dWS: 3.03 MB) | Commit: 116.11 MB (dPM: 2.95 MB) | VM: 4329.3 MB | CPU: 13378s | SysFreeVM: 104073 MB | No ckpt change
[2026-09-08 10:57:44] PID: 22392 | WS: 114.58 MB (dWS: 3.03 MB) | Commit: 116.11 MB (dPM: 2.95 MB) | VM: 4329.3 MB | CPU: 13388.2s | SysFreeVM: 104048 MB | No ckpt change
[2026-09-08 10:57:55] PID: 22392 | WS: 114.61 MB (dWS: 3.06 MB) | Commit: 116.11 MB (dPM: 2.95 MB) | VM: 4329.3 MB | CPU: 13398.4s | SysFreeVM: 104033 MB | Ckpt: 50MB at 10:57:51
[2026-09-08 10:58:05] PID: 22392 | WS: 114.61 MB (dWS: 3.06 MB) | Commit: 116.11 MB (dPM: 2.95 MB) | VM: 4329.3 MB | CPU: 13408.6s | SysFreeVM: 104041 MB | No ckpt change
[2026-09-08 10:58:15] PID: 22392 | WS: 114.61 MB (dWS: 3.06 MB) | Commit: 116.11 MB (dPM: 2.95 MB) | VM: 4329.3 MB | CPU: 13418.8s | SysFreeVM: 104114 MB | No ckpt change
[2026-09-08 10:58:25] PID: 22392 | WS: 114.61 MB (dWS: 3.06 MB) | Commit: 116.11 MB (dPM: 2.95 MB) | VM: 4329.3 MB | CPU: 13429s | SysFreeVM: 104105 MB | No ckpt change
[2026-09-08 10:58:36] PID: 22392 | WS: 114.61 MB (dWS: 3.06 MB) | Commit: 116.11 MB (dPM: 2.95 MB) | VM: 4329.3 MB | CPU: 13439.1s | SysFreeVM: 104076 MB | Ckpt: 50MB at 10:58:33
[2026-09-08 10:58:46] PID: 22392 | WS: 114.61 MB (dWS: 3.06 MB) | Commit: 116.11 MB (dPM: 2.95 MB) | VM: 4329.3 MB | CPU: 13449.3s | SysFreeVM: 104070 MB | No ckpt change
[2026-09-08 10:58:56] PID: 22392 | WS: 114.61 MB (dWS: 3.06 MB) | Commit: 116.11 MB (dPM: 2.95 MB) | VM: 4329.3 MB | CPU: 13459.5s | SysFreeVM: 104081 MB | No ckpt change
[2026-09-08 10:59:06] PID: 22392 | WS: 114.61 MB (dWS: 3.06 MB) | Commit: 116.11 MB (dPM: 2.95 MB) | VM: 4329.3 MB | CPU: 13469.6s | SysFreeVM: 104069 MB | No ckpt change
[2026-09-08 10:59:17] PID: 22392 | WS: 114.61 MB (dWS: 3.06 MB) | Commit: 116.11 MB (dPM: 2.95 MB) | VM: 4329.3 MB | CPU: 13479.8s | SysFreeVM: 104123 MB | Ckpt: 50MB at 10:59:16
[2026-09-08 10:59:27] PID: 22392 | WS: 114.61 MB (dWS: 3.06 MB) | Commit: 116.11 MB (dPM: 2.95 MB) | VM: 4329.3 MB | CPU: 13490s | SysFreeVM: 104107 MB | No ckpt change
[2026-09-08 10:59:37] PID: 22392 | WS: 114.61 MB (dWS: 3.06 MB) | Commit: 116.11 MB (dPM: 2.95 MB) | VM: 4329.3 MB | CPU: 13500.3s | SysFreeVM: 104086 MB | No ckpt change
[2026-09-08 10:59:47] PID: 22392 | WS: 114.61 MB (dWS: 3.06 MB) | Commit: 116.11 MB (dPM: 2.95 MB) | VM: 4329.3 MB | CPU: 13510.5s | SysFreeVM: 104065 MB | No ckpt change
[2026-09-08 10:59:58] PID: 22392 | WS: 114.61 MB (dWS: 3.06 MB) | Commit: 116.11 MB (dPM: 2.95 MB) | VM: 4329.3 MB | CPU: 13520.8s | SysFreeVM: 104064 MB | No ckpt change
[2026-09-08 11:00:08] PID: 22392 | WS: 114.65 MB (dWS: 3.1 MB) | Commit: 116.18 MB (dPM: 3.02 MB) | VM: 4329.3 MB | CPU: 13531s | SysFreeVM: 104075 MB | Ckpt: 50MB at 10:59:58
[2026-09-08 11:00:18] PID: 22392 | WS: 114.65 MB (dWS: 3.1 MB) | Commit: 116.18 MB (dPM: 3.02 MB) | VM: 4329.3 MB | CPU: 13541.2s | SysFreeVM: 104064 MB | No ckpt change
[2026-09-08 11:00:28] PID: 22392 | WS: 114.65 MB (dWS: 3.1 MB) | Commit: 116.18 MB (dPM: 3.02 MB) | VM: 4329.3 MB | CPU: 13551.3s | SysFreeVM: 104088 MB | No ckpt change
[2026-09-08 11:00:39] PID: 22392 | WS: 114.65 MB (dWS: 3.1 MB) | Commit: 116.18 MB (dPM: 3.02 MB) | VM: 4329.3 MB | CPU: 13561.5s | SysFreeVM: 104116 MB | No ckpt change
[2026-09-08 11:00:49] PID: 22392 | WS: 114.65 MB (dWS: 3.1 MB) | Commit: 116.18 MB (dPM: 3.02 MB) | VM: 4329.3 MB | CPU: 13571.7s | SysFreeVM: 104111 MB | Ckpt: 50MB at 11:00:40
[2026-09-08 11:00:59] PID: 22392 | WS: 114.65 MB (dWS: 3.1 MB) | Commit: 116.18 MB (dPM: 3.02 MB) | VM: 4329.3 MB | CPU: 13581.9s | SysFreeVM: 104095 MB | No ckpt change
[2026-09-08 11:01:09] PID: 22392 | WS: 114.65 MB (dWS: 3.1 MB) | Commit: 116.18 MB (dPM: 3.02 MB) | VM: 4329.3 MB | CPU: 13592s | SysFreeVM: 104104 MB | No ckpt change
[2026-09-08 11:01:20] PID: 22392 | WS: 114.65 MB (dWS: 3.1 MB) | Commit: 116.18 MB (dPM: 3.02 MB) | VM: 4329.3 MB | CPU: 13602.3s | SysFreeVM: 104072 MB | No ckpt change
[2026-09-08 11:01:30] PID: 22392 | WS: 114.65 MB (dWS: 3.1 MB) | Commit: 116.18 MB (dPM: 3.02 MB) | VM: 4329.3 MB | CPU: 13612.4s | SysFreeVM: 104049 MB | Ckpt: 50MB at 11:01:22
[2026-09-08 11:01:40] PID: 22392 | WS: 114.65 MB (dWS: 3.1 MB) | Commit: 116.18 MB (dPM: 3.02 MB) | VM: 4329.3 MB | CPU: 13622.6s | SysFreeVM: 104087 MB | No ckpt change
[2026-09-08 11:01:50] PID: 22392 | WS: 114.65 MB (dWS: 3.1 MB) | Commit: 116.18 MB (dPM: 3.02 MB) | VM: 4329.3 MB | CPU: 13632.7s | SysFreeVM: 104119 MB | No ckpt change
[2026-09-08 11:02:01] PID: 22392 | WS: 114.65 MB (dWS: 3.1 MB) | Commit: 116.18 MB (dPM: 3.02 MB) | VM: 4329.3 MB | CPU: 13642.9s | SysFreeVM: 104108 MB | No ckpt change
[2026-09-08 11:02:11] PID: 22392 | WS: 114.65 MB (dWS: 3.1 MB) | Commit: 116.18 MB (dPM: 3.02 MB) | VM: 4329.3 MB | CPU: 13652.9s | SysFreeVM: 104115 MB | Ckpt: 50MB at 11:02:04
[2026-09-08 11:02:21] PID: 22392 | WS: 114.65 MB (dWS: 3.1 MB) | Commit: 116.18 MB (dPM: 3.02 MB) | VM: 4329.3 MB | CPU: 13663s | SysFreeVM: 104101 MB | No ckpt change
[2026-09-08 11:02:31] PID: 22392 | WS: 114.65 MB (dWS: 3.1 MB) | Commit: 116.18 MB (dPM: 3.02 MB) | VM: 4329.3 MB | CPU: 13673.2s | SysFreeVM: 104102 MB | No ckpt change
[2026-09-08 11:02:42] PID: 22392 | WS: 114.65 MB (dWS: 3.1 MB) | Commit: 116.18 MB (dPM: 3.02 MB) | VM: 4329.3 MB | CPU: 13683.4s | SysFreeVM: 104071 MB | No ckpt change
[2026-09-08 11:02:52] PID: 22392 | WS: 114.65 MB (dWS: 3.1 MB) | Commit: 116.18 MB (dPM: 3.02 MB) | VM: 4329.3 MB | CPU: 13693.5s | SysFreeVM: 104060 MB | Ckpt: 50MB at 11:02:46
[2026-09-08 11:03:02] PID: 22392 | WS: 114.65 MB (dWS: 3.1 MB) | Commit: 116.18 MB (dPM: 3.02 MB) | VM: 4329.3 MB | CPU: 13703.5s | SysFreeVM: 104062 MB | No ckpt change
[2026-09-08 11:03:12] PID: 22392 | WS: 114.65 MB (dWS: 3.1 MB) | Commit: 116.18 MB (dPM: 3.02 MB) | VM: 4329.3 MB | CPU: 13713.7s | SysFreeVM: 104108 MB | No ckpt change
[2026-09-08 11:03:22] PID: 22392 | WS: 114.65 MB (dWS: 3.1 MB) | Commit: 116.18 MB (dPM: 3.02 MB) | VM: 4329.3 MB | CPU: 13723.8s | SysFreeVM: 104133 MB | No ckpt change
[2026-09-08 11:03:33] PID: 22392 | WS: 114.65 MB (dWS: 3.1 MB) | Commit: 116.18 MB (dPM: 3.02 MB) | VM: 4329.3 MB | CPU: 13734s | SysFreeVM: 104106 MB | Ckpt: 50MB at 11:03:28
[2026-09-08 11:03:43] PID: 22392 | WS: 114.65 MB (dWS: 3.1 MB) | Commit: 116.18 MB (dPM: 3.02 MB) | VM: 4329.3 MB | CPU: 13744.2s | SysFreeVM: 104111 MB | No ckpt change
[2026-09-08 11:03:53] PID: 22392 | WS: 114.65 MB (dWS: 3.1 MB) | Commit: 116.18 MB (dPM: 3.02 MB) | VM: 4329.3 MB | CPU: 13754.2s | SysFreeVM: 104097 MB | No ckpt change
[2026-09-08 11:04:03] PID: 22392 | WS: 114.65 MB (dWS: 3.1 MB) | Commit: 116.18 MB (dPM: 3.02 MB) | VM: 4329.3 MB | CPU: 13764.4s | SysFreeVM: 104104 MB | No ckpt change
[2026-09-08 11:04:14] PID: 22392 | WS: 114.65 MB (dWS: 3.1 MB) | Commit: 116.18 MB (dPM: 3.02 MB) | VM: 4329.3 MB | CPU: 13774.6s | SysFreeVM: 104080 MB | Ckpt: 50MB at 11:04:10
[2026-09-08 11:04:24] PID: 22392 | WS: 114.65 MB (dWS: 3.1 MB) | Commit: 116.18 MB (dPM: 3.02 MB) | VM: 4329.3 MB | CPU: 13784.8s | SysFreeVM: 104015 MB | No ckpt change
[2026-09-08 11:04:34] PID: 22392 | WS: 114.65 MB (dWS: 3.1 MB) | Commit: 116.18 MB (dPM: 3.02 MB) | VM: 4329.3 MB | CPU: 13794.9s | SysFreeVM: 104035 MB | No ckpt change
[2026-09-08 11:04:44] PID: 22392 | WS: 114.65 MB (dWS: 3.1 MB) | Commit: 116.18 MB (dPM: 3.02 MB) | VM: 4329.3 MB | CPU: 13805.1s | SysFreeVM: 104022 MB | No ckpt change
[2026-09-08 11:04:55] PID: 22392 | WS: 114.65 MB (dWS: 3.1 MB) | Commit: 116.18 MB (dPM: 3.02 MB) | VM: 4329.3 MB | CPU: 13815.2s | SysFreeVM: 104008 MB | Ckpt: 50MB at 11:04:52
[2026-09-08 11:05:05] PID: 22392 | WS: 114.65 MB (dWS: 3.1 MB) | Commit: 116.18 MB (dPM: 3.02 MB) | VM: 4329.3 MB | CPU: 13825.4s | SysFreeVM: 103998 MB | No ckpt change
[2026-09-08 11:05:15] PID: 22392 | WS: 114.65 MB (dWS: 3.1 MB) | Commit: 116.18 MB (dPM: 3.02 MB) | VM: 4329.3 MB | CPU: 13835.6s | SysFreeVM: 104190 MB | No ckpt change
[2026-09-08 11:05:25] PID: 22392 | WS: 114.65 MB (dWS: 3.1 MB) | Commit: 116.18 MB (dPM: 3.02 MB) | VM: 4329.3 MB | CPU: 13845.9s | SysFreeVM: 104182 MB | No ckpt change
[2026-09-08 11:05:36] PID: 22392 | WS: 114.68 MB (dWS: 3.13 MB) | Commit: 116.18 MB (dPM: 3.02 MB) | VM: 4329.3 MB | CPU: 13856.1s | SysFreeVM: 104152 MB | Ckpt: 50MB at 11:05:34
[2026-09-08 11:05:46] PID: 22392 | WS: 114.68 MB (dWS: 3.13 MB) | Commit: 116.18 MB (dPM: 3.02 MB) | VM: 4329.3 MB | CPU: 13866.4s | SysFreeVM: 104191 MB | No ckpt change
[2026-09-08 11:05:56] PID: 22392 | WS: 114.68 MB (dWS: 3.13 MB) | Commit: 116.18 MB (dPM: 3.02 MB) | VM: 4329.3 MB | CPU: 13876.6s | SysFreeVM: 104187 MB | No ckpt change
[2026-09-08 11:06:06] PID: 22392 | WS: 114.68 MB (dWS: 3.13 MB) | Commit: 116.18 MB (dPM: 3.02 MB) | VM: 4329.3 MB | CPU: 13886.9s | SysFreeVM: 104190 MB | No ckpt change
[2026-09-08 11:06:17] PID: 22392 | WS: 114.68 MB (dWS: 3.13 MB) | Commit: 116.18 MB (dPM: 3.02 MB) | VM: 4329.3 MB | CPU: 13897.1s | SysFreeVM: 104178 MB | No ckpt change
[2026-09-08 11:06:27] PID: 22392 | WS: 114.68 MB (dWS: 3.13 MB) | Commit: 116.18 MB (dPM: 3.02 MB) | VM: 4329.3 MB | CPU: 13907.3s | SysFreeVM: 104180 MB | Ckpt: 50MB at 11:06:17
[2026-09-08 11:06:37] PID: 22392 | WS: 114.68 MB (dWS: 3.13 MB) | Commit: 116.18 MB (dPM: 3.02 MB) | VM: 4329.3 MB | CPU: 13917.5s | SysFreeVM: 104219 MB | No ckpt change
[2026-09-08 11:06:48] PID: 22392 | WS: 114.68 MB (dWS: 3.13 MB) | Commit: 116.18 MB (dPM: 3.02 MB) | VM: 4329.3 MB | CPU: 13927.7s | SysFreeVM: 104217 MB | No ckpt change
[2026-09-08 11:06:58] PID: 22392 | WS: 114.68 MB (dWS: 3.13 MB) | Commit: 116.18 MB (dPM: 3.02 MB) | VM: 4329.3 MB | CPU: 13937.9s | SysFreeVM: 104211 MB | No ckpt change
[2026-09-08 11:07:08] PID: 22392 | WS: 114.74 MB (dWS: 3.19 MB) | Commit: 116.25 MB (dPM: 3.09 MB) | VM: 4329.3 MB | CPU: 13948s | SysFreeVM: 104227 MB | Ckpt: 50MB at 11:06:59
[2026-09-08 11:07:18] PID: 22392 | WS: 114.74 MB (dWS: 3.19 MB) | Commit: 116.25 MB (dPM: 3.09 MB) | VM: 4329.3 MB | CPU: 13958.2s | SysFreeVM: 104214 MB | No ckpt change
[2026-09-08 11:07:28] PID: 22392 | WS: 114.74 MB (dWS: 3.19 MB) | Commit: 116.25 MB (dPM: 3.09 MB) | VM: 4329.3 MB | CPU: 13968.5s | SysFreeVM: 104185 MB | No ckpt change
[2026-09-08 11:07:39] PID: 22392 | WS: 114.74 MB (dWS: 3.19 MB) | Commit: 116.25 MB (dPM: 3.09 MB) | VM: 4329.3 MB | CPU: 13978.7s | SysFreeVM: 104194 MB | No ckpt change
[2026-09-08 11:07:49] PID: 22392 | WS: 114.75 MB (dWS: 3.2 MB) | Commit: 116.25 MB (dPM: 3.09 MB) | VM: 4329.3 MB | CPU: 13988.9s | SysFreeVM: 104146 MB | Ckpt: 50MB at 11:07:41
[2026-09-08 11:07:59] PID: 22392 | WS: 114.75 MB (dWS: 3.2 MB) | Commit: 116.25 MB (dPM: 3.09 MB) | VM: 4329.3 MB | CPU: 13999s | SysFreeVM: 104197 MB | No ckpt change
[2026-09-08 11:08:09] PID: 22392 | WS: 114.75 MB (dWS: 3.2 MB) | Commit: 116.25 MB (dPM: 3.09 MB) | VM: 4329.3 MB | CPU: 14009.2s | SysFreeVM: 104198 MB | No ckpt change
[2026-09-08 11:08:20] PID: 22392 | WS: 114.75 MB (dWS: 3.2 MB) | Commit: 116.25 MB (dPM: 3.09 MB) | VM: 4329.3 MB | CPU: 14019.5s | SysFreeVM: 104207 MB | No ckpt change
[2026-09-08 11:08:30] PID: 22392 | WS: 114.75 MB (dWS: 3.2 MB) | Commit: 116.25 MB (dPM: 3.09 MB) | VM: 4329.3 MB | CPU: 14029.6s | SysFreeVM: 104193 MB | Ckpt: 50MB at 11:08:23
[2026-09-08 11:08:40] PID: 22392 | WS: 114.75 MB (dWS: 3.2 MB) | Commit: 116.25 MB (dPM: 3.09 MB) | VM: 4329.3 MB | CPU: 14039.8s | SysFreeVM: 104187 MB | No ckpt change
[2026-09-08 11:08:50] PID: 22392 | WS: 114.75 MB (dWS: 3.2 MB) | Commit: 116.25 MB (dPM: 3.09 MB) | VM: 4329.3 MB | CPU: 14050s | SysFreeVM: 104205 MB | No ckpt change
[2026-09-08 11:09:01] PID: 22392 | WS: 114.75 MB (dWS: 3.2 MB) | Commit: 116.25 MB (dPM: 3.09 MB) | VM: 4329.3 MB | CPU: 14060.1s | SysFreeVM: 104166 MB | No ckpt change
[2026-09-08 11:09:11] PID: 22392 | WS: 114.75 MB (dWS: 3.2 MB) | Commit: 116.25 MB (dPM: 3.09 MB) | VM: 4329.3 MB | CPU: 14070.2s | SysFreeVM: 104191 MB | Ckpt: 50MB at 11:09:05
[2026-09-08 11:09:21] PID: 22392 | WS: 114.75 MB (dWS: 3.2 MB) | Commit: 116.25 MB (dPM: 3.09 MB) | VM: 4329.3 MB | CPU: 14080.4s | SysFreeVM: 104205 MB | No ckpt change
[2026-09-08 11:09:31] PID: 22392 | WS: 114.75 MB (dWS: 3.2 MB) | Commit: 116.25 MB (dPM: 3.09 MB) | VM: 4329.3 MB | CPU: 14090.7s | SysFreeVM: 104198 MB | No ckpt change
[2026-09-08 11:09:42] PID: 22392 | WS: 114.75 MB (dWS: 3.2 MB) | Commit: 116.25 MB (dPM: 3.09 MB) | VM: 4329.3 MB | CPU: 14100.9s | SysFreeVM: 104205 MB | No ckpt change
[2026-09-08 11:09:52] PID: 22392 | WS: 114.75 MB (dWS: 3.2 MB) | Commit: 116.25 MB (dPM: 3.09 MB) | VM: 4329.3 MB | CPU: 14111s | SysFreeVM: 104206 MB | Ckpt: 50MB at 11:09:47
[2026-09-08 11:10:02] PID: 22392 | WS: 114.75 MB (dWS: 3.2 MB) | Commit: 116.25 MB (dPM: 3.09 MB) | VM: 4329.3 MB | CPU: 14121.2s | SysFreeVM: 104232 MB | No ckpt change
[2026-09-08 11:10:12] PID: 22392 | WS: 114.75 MB (dWS: 3.2 MB) | Commit: 116.25 MB (dPM: 3.09 MB) | VM: 4329.3 MB | CPU: 14131.3s | SysFreeVM: 104207 MB | No ckpt change
[2026-09-08 11:10:23] PID: 22392 | WS: 114.75 MB (dWS: 3.2 MB) | Commit: 116.25 MB (dPM: 3.09 MB) | VM: 4329.3 MB | CPU: 14141.5s | SysFreeVM: 104193 MB | No ckpt change
[2026-09-08 11:10:33] PID: 22392 | WS: 114.75 MB (dWS: 3.2 MB) | Commit: 116.25 MB (dPM: 3.09 MB) | VM: 4329.3 MB | CPU: 14151.6s | SysFreeVM: 104242 MB | Ckpt: 50MB at 11:10:29
[2026-09-08 11:10:43] PID: 22392 | WS: 114.75 MB (dWS: 3.2 MB) | Commit: 116.25 MB (dPM: 3.09 MB) | VM: 4329.3 MB | CPU: 14161.8s | SysFreeVM: 104237 MB | No ckpt change
[2026-09-08 11:10:53] PID: 22392 | WS: 114.75 MB (dWS: 3.2 MB) | Commit: 116.25 MB (dPM: 3.09 MB) | VM: 4329.3 MB | CPU: 14172s | SysFreeVM: 104211 MB | No ckpt change
[2026-09-08 11:11:04] PID: 22392 | WS: 114.75 MB (dWS: 3.2 MB) | Commit: 116.25 MB (dPM: 3.09 MB) | VM: 4329.3 MB | CPU: 14182.2s | SysFreeVM: 104202 MB | No ckpt change
[2026-09-08 11:11:14] PID: 22392 | WS: 114.75 MB (dWS: 3.2 MB) | Commit: 116.25 MB (dPM: 3.09 MB) | VM: 4329.3 MB | CPU: 14192.3s | SysFreeVM: 104190 MB | Ckpt: 50MB at 11:11:11
[2026-09-08 11:11:24] PID: 22392 | WS: 114.75 MB (dWS: 3.2 MB) | Commit: 116.25 MB (dPM: 3.09 MB) | VM: 4329.3 MB | CPU: 14202.4s | SysFreeVM: 104191 MB | No ckpt change
[2026-09-08 11:11:34] PID: 22392 | WS: 114.75 MB (dWS: 3.2 MB) | Commit: 116.25 MB (dPM: 3.09 MB) | VM: 4329.3 MB | CPU: 14212.7s | SysFreeVM: 104241 MB | No ckpt change
[2026-09-08 11:11:44] PID: 22392 | WS: 114.75 MB (dWS: 3.2 MB) | Commit: 116.25 MB (dPM: 3.09 MB) | VM: 4329.3 MB | CPU: 14222.8s | SysFreeVM: 104228 MB | No ckpt change
[2026-09-08 11:11:55] PID: 22392 | WS: 114.75 MB (dWS: 3.2 MB) | Commit: 116.25 MB (dPM: 3.09 MB) | VM: 4329.3 MB | CPU: 14232.9s | SysFreeVM: 104208 MB | Ckpt: 50MB at 11:11:53
[2026-09-08 11:12:05] PID: 22392 | WS: 114.75 MB (dWS: 3.2 MB) | Commit: 116.25 MB (dPM: 3.09 MB) | VM: 4329.3 MB | CPU: 14243.1s | SysFreeVM: 104211 MB | No ckpt change
[2026-09-08 11:12:15] PID: 22392 | WS: 114.75 MB (dWS: 3.2 MB) | Commit: 116.25 MB (dPM: 3.09 MB) | VM: 4329.3 MB | CPU: 14253.3s | SysFreeVM: 104205 MB | No ckpt change
[2026-09-08 11:12:25] PID: 22392 | WS: 114.75 MB (dWS: 3.2 MB) | Commit: 116.25 MB (dPM: 3.09 MB) | VM: 4329.3 MB | CPU: 14263.4s | SysFreeVM: 104218 MB | No ckpt change
[2026-09-08 11:12:36] PID: 22392 | WS: 114.77 MB (dWS: 3.22 MB) | Commit: 116.25 MB (dPM: 3.09 MB) | VM: 4329.3 MB | CPU: 14273.6s | SysFreeVM: 104212 MB | Ckpt: 50MB at 11:12:35
[2026-09-08 11:12:46] PID: 22392 | WS: 114.77 MB (dWS: 3.22 MB) | Commit: 116.25 MB (dPM: 3.09 MB) | VM: 4329.3 MB | CPU: 14283.8s | SysFreeVM: 104162 MB | No ckpt change
[2026-09-08 11:12:56] PID: 22392 | WS: 114.77 MB (dWS: 3.22 MB) | Commit: 116.25 MB (dPM: 3.09 MB) | VM: 4329.3 MB | CPU: 14294s | SysFreeVM: 104233 MB | No ckpt change
[2026-09-08 11:13:06] PID: 22392 | WS: 114.77 MB (dWS: 3.22 MB) | Commit: 116.25 MB (dPM: 3.09 MB) | VM: 4329.3 MB | CPU: 14304.1s | SysFreeVM: 104220 MB | No ckpt change
[2026-09-08 11:13:17] PID: 22392 | WS: 114.77 MB (dWS: 3.22 MB) | Commit: 116.25 MB (dPM: 3.09 MB) | VM: 4329.3 MB | CPU: 14314.3s | SysFreeVM: 104239 MB | No ckpt change
[2026-09-08 11:13:27] PID: 22392 | WS: 114.77 MB (dWS: 3.22 MB) | Commit: 116.25 MB (dPM: 3.09 MB) | VM: 4329.3 MB | CPU: 14324.5s | SysFreeVM: 104214 MB | Ckpt: 50MB at 11:13:17
[2026-09-08 11:13:37] PID: 22392 | WS: 114.77 MB (dWS: 3.22 MB) | Commit: 116.25 MB (dPM: 3.09 MB) | VM: 4329.3 MB | CPU: 14334.6s | SysFreeVM: 104214 MB | No ckpt change
[2026-09-08 11:13:47] PID: 22392 | WS: 114.77 MB (dWS: 3.22 MB) | Commit: 116.25 MB (dPM: 3.09 MB) | VM: 4329.3 MB | CPU: 14344.9s | SysFreeVM: 104190 MB | No ckpt change
[2026-09-08 11:13:58] PID: 22392 | WS: 114.77 MB (dWS: 3.22 MB) | Commit: 116.25 MB (dPM: 3.09 MB) | VM: 4329.3 MB | CPU: 14355s | SysFreeVM: 104166 MB | No ckpt change
[2026-09-08 11:14:08] PID: 22392 | WS: 114.77 MB (dWS: 3.22 MB) | Commit: 116.25 MB (dPM: 3.09 MB) | VM: 4329.3 MB | CPU: 14365.2s | SysFreeVM: 104194 MB | Ckpt: 50MB at 11:13:59
[2026-09-08 11:14:18] PID: 22392 | WS: 114.77 MB (dWS: 3.22 MB) | Commit: 116.25 MB (dPM: 3.09 MB) | VM: 4329.3 MB | CPU: 14375.4s | SysFreeVM: 104217 MB | No ckpt change
[2026-09-08 11:14:28] PID: 22392 | WS: 114.77 MB (dWS: 3.22 MB) | Commit: 116.25 MB (dPM: 3.09 MB) | VM: 4329.3 MB | CPU: 14385.5s | SysFreeVM: 104186 MB | No ckpt change
[2026-09-08 11:14:39] PID: 22392 | WS: 114.77 MB (dWS: 3.22 MB) | Commit: 116.25 MB (dPM: 3.09 MB) | VM: 4329.3 MB | CPU: 14395.7s | SysFreeVM: 104174 MB | No ckpt change
[2026-09-08 11:14:49] PID: 22392 | WS: 114.79 MB (dWS: 3.24 MB) | Commit: 116.25 MB (dPM: 3.09 MB) | VM: 4329.3 MB | CPU: 14405.9s | SysFreeVM: 104168 MB | Ckpt: 50MB at 11:14:42
[2026-09-08 11:14:59] PID: 22392 | WS: 114.79 MB (dWS: 3.24 MB) | Commit: 116.25 MB (dPM: 3.09 MB) | VM: 4329.3 MB | CPU: 14416.1s | SysFreeVM: 104194 MB | No ckpt change
[2026-09-08 11:15:09] PID: 22392 | WS: 114.79 MB (dWS: 3.24 MB) | Commit: 116.25 MB (dPM: 3.09 MB) | VM: 4329.3 MB | CPU: 14426.2s | SysFreeVM: 104201 MB | No ckpt change
[2026-09-08 11:15:20] PID: 22392 | WS: 114.79 MB (dWS: 3.24 MB) | Commit: 116.25 MB (dPM: 3.09 MB) | VM: 4329.3 MB | CPU: 14436.4s | SysFreeVM: 104256 MB | No ckpt change
[2026-09-08 11:15:30] PID: 22392 | WS: 114.79 MB (dWS: 3.24 MB) | Commit: 116.25 MB (dPM: 3.09 MB) | VM: 4329.3 MB | CPU: 14446.6s | SysFreeVM: 104259 MB | Ckpt: 50MB at 11:15:24
[2026-09-08 11:15:40] PID: 22392 | WS: 114.79 MB (dWS: 3.24 MB) | Commit: 116.25 MB (dPM: 3.09 MB) | VM: 4329.3 MB | CPU: 14456.8s | SysFreeVM: 104253 MB | No ckpt change
[2026-09-08 11:15:51] PID: 22392 | WS: 114.79 MB (dWS: 3.24 MB) | Commit: 116.25 MB (dPM: 3.09 MB) | VM: 4329.3 MB | CPU: 14467s | SysFreeVM: 104234 MB | No ckpt change
[2026-09-08 11:16:01] PID: 22392 | WS: 114.79 MB (dWS: 3.24 MB) | Commit: 116.25 MB (dPM: 3.09 MB) | VM: 4329.3 MB | CPU: 14477.1s | SysFreeVM: 104206 MB | No ckpt change
[2026-09-08 11:16:11] PID: 22392 | WS: 114.79 MB (dWS: 3.24 MB) | Commit: 116.25 MB (dPM: 3.09 MB) | VM: 4329.3 MB | CPU: 14487.1s | SysFreeVM: 104195 MB | Ckpt: 50MB at 11:16:06
[2026-09-08 11:16:21] PID: 22392 | WS: 114.79 MB (dWS: 3.24 MB) | Commit: 116.25 MB (dPM: 3.09 MB) | VM: 4329.3 MB | CPU: 14497.2s | SysFreeVM: 104213 MB | No ckpt change
[2026-09-08 11:16:31] PID: 22392 | WS: 114.79 MB (dWS: 3.24 MB) | Commit: 116.25 MB (dPM: 3.09 MB) | VM: 4329.3 MB | CPU: 14507.5s | SysFreeVM: 104242 MB | No ckpt change
[2026-09-08 11:16:42] PID: 22392 | WS: 114.79 MB (dWS: 3.24 MB) | Commit: 116.25 MB (dPM: 3.09 MB) | VM: 4329.3 MB | CPU: 14517.7s | SysFreeVM: 104255 MB | No ckpt change
[2026-09-08 11:16:52] PID: 22392 | WS: 114.79 MB (dWS: 3.24 MB) | Commit: 116.25 MB (dPM: 3.09 MB) | VM: 4329.3 MB | CPU: 14527.8s | SysFreeVM: 104234 MB | Ckpt: 50MB at 11:16:48
[2026-09-08 11:17:02] PID: 22392 | WS: 114.79 MB (dWS: 3.24 MB) | Commit: 116.25 MB (dPM: 3.09 MB) | VM: 4329.3 MB | CPU: 14538.1s | SysFreeVM: 104241 MB | No ckpt change
[2026-09-08 11:17:12] PID: 22392 | WS: 114.79 MB (dWS: 3.24 MB) | Commit: 116.25 MB (dPM: 3.09 MB) | VM: 4329.3 MB | CPU: 14548.2s | SysFreeVM: 104235 MB | No ckpt change
[2026-09-08 11:17:23] PID: 22392 | WS: 114.79 MB (dWS: 3.24 MB) | Commit: 116.25 MB (dPM: 3.09 MB) | VM: 4329.3 MB | CPU: 14558.3s | SysFreeVM: 104222 MB | No ckpt change
[2026-09-08 11:17:33] PID: 22392 | WS: 114.85 MB (dWS: 3.3 MB) | Commit: 116.31 MB (dPM: 3.15 MB) | VM: 4329.3 MB | CPU: 14568.5s | SysFreeVM: 104210 MB | Ckpt: 50MB at 11:17:30
[2026-09-08 11:17:43] PID: 22392 | WS: 114.85 MB (dWS: 3.3 MB) | Commit: 116.31 MB (dPM: 3.15 MB) | VM: 4329.3 MB | CPU: 14578.7s | SysFreeVM: 104230 MB | No ckpt change
[2026-09-08 11:17:53] PID: 22392 | WS: 114.85 MB (dWS: 3.3 MB) | Commit: 116.31 MB (dPM: 3.15 MB) | VM: 4329.3 MB | CPU: 14588.9s | SysFreeVM: 104233 MB | No ckpt change
[2026-09-08 11:18:04] PID: 22392 | WS: 114.85 MB (dWS: 3.3 MB) | Commit: 116.31 MB (dPM: 3.15 MB) | VM: 4329.3 MB | CPU: 14599s | SysFreeVM: 104197 MB | No ckpt change
[2026-09-08 11:18:14] PID: 22392 | WS: 114.85 MB (dWS: 3.3 MB) | Commit: 116.31 MB (dPM: 3.15 MB) | VM: 4329.3 MB | CPU: 14609.2s | SysFreeVM: 104224 MB | Ckpt: 50MB at 11:18:12
[2026-09-08 11:18:24] PID: 22392 | WS: 114.85 MB (dWS: 3.3 MB) | Commit: 116.31 MB (dPM: 3.15 MB) | VM: 4329.3 MB | CPU: 14619.4s | SysFreeVM: 104233 MB | No ckpt change
[2026-09-08 11:18:34] PID: 22392 | WS: 114.85 MB (dWS: 3.3 MB) | Commit: 116.31 MB (dPM: 3.15 MB) | VM: 4329.3 MB | CPU: 14629.7s | SysFreeVM: 104237 MB | No ckpt change
[2026-09-08 11:18:45] PID: 22392 | WS: 114.85 MB (dWS: 3.3 MB) | Commit: 116.31 MB (dPM: 3.15 MB) | VM: 4329.3 MB | CPU: 14639.9s | SysFreeVM: 104211 MB | No ckpt change
[2026-09-08 11:18:55] PID: 22392 | WS: 114.85 MB (dWS: 3.3 MB) | Commit: 116.31 MB (dPM: 3.15 MB) | VM: 4329.3 MB | CPU: 14650s | SysFreeVM: 104259 MB | Ckpt: 50MB at 11:18:54
[2026-09-08 11:19:05] PID: 22392 | WS: 114.85 MB (dWS: 3.3 MB) | Commit: 116.31 MB (dPM: 3.15 MB) | VM: 4329.3 MB | CPU: 14660.2s | SysFreeVM: 104249 MB | No ckpt change
[2026-09-08 11:19:15] PID: 22392 | WS: 114.85 MB (dWS: 3.3 MB) | Commit: 116.31 MB (dPM: 3.15 MB) | VM: 4329.3 MB | CPU: 14670.5s | SysFreeVM: 104252 MB | No ckpt change
[2026-09-08 11:19:26] PID: 22392 | WS: 114.85 MB (dWS: 3.3 MB) | Commit: 116.31 MB (dPM: 3.15 MB) | VM: 4329.3 MB | CPU: 14680.5s | SysFreeVM: 104234 MB | No ckpt change
[2026-09-08 11:19:36] PID: 22392 | WS: 114.85 MB (dWS: 3.3 MB) | Commit: 116.31 MB (dPM: 3.15 MB) | VM: 4329.3 MB | CPU: 14690.6s | SysFreeVM: 104225 MB | No ckpt change
[2026-09-08 11:19:46] PID: 22392 | WS: 114.89 MB (dWS: 3.34 MB) | Commit: 116.38 MB (dPM: 3.22 MB) | VM: 4329.3 MB | CPU: 14700.8s | SysFreeVM: 104216 MB | Ckpt: 50MB at 11:19:36
[2026-09-08 11:19:56] PID: 22392 | WS: 114.89 MB (dWS: 3.34 MB) | Commit: 116.38 MB (dPM: 3.22 MB) | VM: 4329.3 MB | CPU: 14710.8s | SysFreeVM: 104244 MB | No ckpt change
[2026-09-08 11:20:07] PID: 22392 | WS: 114.89 MB (dWS: 3.34 MB) | Commit: 116.38 MB (dPM: 3.22 MB) | VM: 4329.3 MB | CPU: 14721s | SysFreeVM: 104255 MB | No ckpt change
[2026-09-08 11:20:17] PID: 22392 | WS: 114.89 MB (dWS: 3.34 MB) | Commit: 116.38 MB (dPM: 3.22 MB) | VM: 4329.3 MB | CPU: 14731.2s | SysFreeVM: 104261 MB | No ckpt change
[2026-09-08 11:20:27] PID: 22392 | WS: 114.91 MB (dWS: 3.36 MB) | Commit: 116.38 MB (dPM: 3.22 MB) | VM: 4329.3 MB | CPU: 14741.4s | SysFreeVM: 104218 MB | Ckpt: 50MB at 11:20:19
[2026-09-08 11:20:37] PID: 22392 | WS: 114.91 MB (dWS: 3.36 MB) | Commit: 116.38 MB (dPM: 3.22 MB) | VM: 4329.3 MB | CPU: 14751.6s | SysFreeVM: 104232 MB | No ckpt change
[2026-09-08 11:20:48] PID: 22392 | WS: 114.91 MB (dWS: 3.36 MB) | Commit: 116.38 MB (dPM: 3.22 MB) | VM: 4329.3 MB | CPU: 14761.7s | SysFreeVM: 104247 MB | No ckpt change
[2026-09-08 11:20:58] PID: 22392 | WS: 114.91 MB (dWS: 3.36 MB) | Commit: 116.38 MB (dPM: 3.22 MB) | VM: 4329.3 MB | CPU: 14771.9s | SysFreeVM: 104244 MB | No ckpt change
[2026-09-08 11:21:08] PID: 22392 | WS: 114.91 MB (dWS: 3.36 MB) | Commit: 116.38 MB (dPM: 3.22 MB) | VM: 4329.3 MB | CPU: 14782s | SysFreeVM: 104247 MB | Ckpt: 50MB at 11:21:01
[2026-09-08 11:21:18] PID: 22392 | WS: 114.91 MB (dWS: 3.36 MB) | Commit: 116.38 MB (dPM: 3.22 MB) | VM: 4329.3 MB | CPU: 14792.2s | SysFreeVM: 104269 MB | No ckpt change
[2026-09-08 11:21:29] PID: 22392 | WS: 114.91 MB (dWS: 3.36 MB) | Commit: 116.38 MB (dPM: 3.22 MB) | VM: 4329.3 MB | CPU: 14802.3s | SysFreeVM: 104243 MB | No ckpt change
[2026-09-08 11:21:39] PID: 22392 | WS: 114.91 MB (dWS: 3.36 MB) | Commit: 116.38 MB (dPM: 3.22 MB) | VM: 4329.3 MB | CPU: 14812.4s | SysFreeVM: 104233 MB | No ckpt change
[2026-09-08 11:21:49] PID: 22392 | WS: 114.91 MB (dWS: 3.36 MB) | Commit: 116.38 MB (dPM: 3.22 MB) | VM: 4329.3 MB | CPU: 14822.6s | SysFreeVM: 104215 MB | Ckpt: 50MB at 11:21:43
[2026-09-08 11:21:59] PID: 22392 | WS: 114.91 MB (dWS: 3.36 MB) | Commit: 116.38 MB (dPM: 3.22 MB) | VM: 4329.3 MB | CPU: 14832.7s | SysFreeVM: 104223 MB | No ckpt change
[2026-09-08 11:22:10] PID: 22392 | WS: 114.91 MB (dWS: 3.36 MB) | Commit: 116.38 MB (dPM: 3.22 MB) | VM: 4329.3 MB | CPU: 14842.9s | SysFreeVM: 104258 MB | No ckpt change
[2026-09-08 11:22:20] PID: 22392 | WS: 114.91 MB (dWS: 3.36 MB) | Commit: 116.38 MB (dPM: 3.22 MB) | VM: 4329.3 MB | CPU: 14853.1s | SysFreeVM: 104275 MB | No ckpt change
[2026-09-08 11:22:30] PID: 22392 | WS: 114.91 MB (dWS: 3.36 MB) | Commit: 116.38 MB (dPM: 3.22 MB) | VM: 4329.3 MB | CPU: 14863.2s | SysFreeVM: 104231 MB | Ckpt: 50MB at 11:22:25
[2026-09-08 11:22:40] PID: 22392 | WS: 114.91 MB (dWS: 3.36 MB) | Commit: 116.38 MB (dPM: 3.22 MB) | VM: 4329.3 MB | CPU: 14873.4s | SysFreeVM: 104223 MB | No ckpt change
[2026-09-08 11:22:51] PID: 22392 | WS: 114.91 MB (dWS: 3.36 MB) | Commit: 116.38 MB (dPM: 3.22 MB) | VM: 4329.3 MB | CPU: 14883.6s | SysFreeVM: 104231 MB | No ckpt change
[2026-09-08 11:23:01] PID: 22392 | WS: 114.91 MB (dWS: 3.36 MB) | Commit: 116.38 MB (dPM: 3.22 MB) | VM: 4329.3 MB | CPU: 14893.7s | SysFreeVM: 104216 MB | No ckpt change
[2026-09-08 11:23:11] PID: 22392 | WS: 114.91 MB (dWS: 3.36 MB) | Commit: 116.38 MB (dPM: 3.22 MB) | VM: 4329.3 MB | CPU: 14903.8s | SysFreeVM: 104225 MB | Ckpt: 50MB at 11:23:07
[2026-09-08 11:23:21] PID: 22392 | WS: 114.91 MB (dWS: 3.36 MB) | Commit: 116.38 MB (dPM: 3.22 MB) | VM: 4329.3 MB | CPU: 14913.9s | SysFreeVM: 104265 MB | No ckpt change
[2026-09-08 11:23:31] PID: 22392 | WS: 114.91 MB (dWS: 3.36 MB) | Commit: 116.38 MB (dPM: 3.22 MB) | VM: 4329.3 MB | CPU: 14924.1s | SysFreeVM: 104260 MB | No ckpt change
[2026-09-08 11:23:42] PID: 22392 | WS: 114.91 MB (dWS: 3.36 MB) | Commit: 116.38 MB (dPM: 3.22 MB) | VM: 4329.3 MB | CPU: 14934.2s | SysFreeVM: 104240 MB | No ckpt change
[2026-09-08 11:23:52] PID: 22392 | WS: 114.91 MB (dWS: 3.36 MB) | Commit: 116.38 MB (dPM: 3.22 MB) | VM: 4329.3 MB | CPU: 14944.4s | SysFreeVM: 104250 MB | Ckpt: 50MB at 11:23:49
[2026-09-08 11:24:02] PID: 22392 | WS: 114.91 MB (dWS: 3.36 MB) | Commit: 116.38 MB (dPM: 3.22 MB) | VM: 4329.3 MB | CPU: 14954.5s | SysFreeVM: 104236 MB | No ckpt change
[2026-09-08 11:24:12] PID: 22392 | WS: 114.91 MB (dWS: 3.36 MB) | Commit: 116.38 MB (dPM: 3.22 MB) | VM: 4329.3 MB | CPU: 14964.8s | SysFreeVM: 104247 MB | No ckpt change
[2026-09-08 11:24:23] PID: 22392 | WS: 114.91 MB (dWS: 3.36 MB) | Commit: 116.38 MB (dPM: 3.22 MB) | VM: 4329.3 MB | CPU: 14974.9s | SysFreeVM: 104248 MB | No ckpt change
[2026-09-08 11:24:33] PID: 22392 | WS: 114.91 MB (dWS: 3.36 MB) | Commit: 116.38 MB (dPM: 3.22 MB) | VM: 4329.3 MB | CPU: 14985s | SysFreeVM: 104233 MB | Ckpt: 50MB at 11:24:31
[2026-09-08 11:24:43] PID: 22392 | WS: 114.91 MB (dWS: 3.36 MB) | Commit: 116.38 MB (dPM: 3.22 MB) | VM: 4329.3 MB | CPU: 14995.2s | SysFreeVM: 104252 MB | No ckpt change
[2026-09-08 11:24:53] PID: 22392 | WS: 114.91 MB (dWS: 3.36 MB) | Commit: 116.38 MB (dPM: 3.22 MB) | VM: 4329.3 MB | CPU: 15005.4s | SysFreeVM: 104274 MB | No ckpt change
[2026-09-08 11:25:04] PID: 22392 | WS: 114.91 MB (dWS: 3.36 MB) | Commit: 116.38 MB (dPM: 3.22 MB) | VM: 4329.3 MB | CPU: 15015.6s | SysFreeVM: 104255 MB | No ckpt change
[2026-09-08 11:25:14] PID: 22392 | WS: 114.91 MB (dWS: 3.36 MB) | Commit: 116.38 MB (dPM: 3.22 MB) | VM: 4329.3 MB | CPU: 15025.8s | SysFreeVM: 104256 MB | Ckpt: 50MB at 11:25:13
[2026-09-08 11:25:24] PID: 22392 | WS: 114.91 MB (dWS: 3.36 MB) | Commit: 116.38 MB (dPM: 3.22 MB) | VM: 4329.3 MB | CPU: 15036s | SysFreeVM: 104204 MB | No ckpt change
[2026-09-08 11:25:34] PID: 22392 | WS: 114.91 MB (dWS: 3.36 MB) | Commit: 116.38 MB (dPM: 3.22 MB) | VM: 4329.3 MB | CPU: 15046.2s | SysFreeVM: 104218 MB | No ckpt change
[2026-09-08 11:25:45] PID: 22392 | WS: 114.91 MB (dWS: 3.36 MB) | Commit: 116.38 MB (dPM: 3.22 MB) | VM: 4329.3 MB | CPU: 15056.4s | SysFreeVM: 104256 MB | No ckpt change
[2026-09-08 11:25:55] PID: 22392 | WS: 114.91 MB (dWS: 3.36 MB) | Commit: 116.38 MB (dPM: 3.22 MB) | VM: 4329.3 MB | CPU: 15066.5s | SysFreeVM: 104238 MB | No ckpt change
[2026-09-08 11:26:05] PID: 22392 | WS: 114.96 MB (dWS: 3.41 MB) | Commit: 116.45 MB (dPM: 3.29 MB) | VM: 4329.3 MB | CPU: 15076.6s | SysFreeVM: 104233 MB | Ckpt: 50MB at 11:25:55
[2026-09-08 11:26:15] PID: 22392 | WS: 114.96 MB (dWS: 3.41 MB) | Commit: 116.45 MB (dPM: 3.29 MB) | VM: 4329.3 MB | CPU: 15086.7s | SysFreeVM: 104230 MB | No ckpt change
[2026-09-08 11:26:26] PID: 22392 | WS: 114.96 MB (dWS: 3.41 MB) | Commit: 116.45 MB (dPM: 3.29 MB) | VM: 4329.3 MB | CPU: 15097s | SysFreeVM: 104239 MB | No ckpt change
[2026-09-08 11:26:36] PID: 22392 | WS: 114.96 MB (dWS: 3.41 MB) | Commit: 116.45 MB (dPM: 3.29 MB) | VM: 4329.3 MB | CPU: 15107.2s | SysFreeVM: 104242 MB | No ckpt change
[2026-09-08 11:26:46] PID: 22392 | WS: 114.96 MB (dWS: 3.41 MB) | Commit: 116.45 MB (dPM: 3.29 MB) | VM: 4329.3 MB | CPU: 15117.3s | SysFreeVM: 104222 MB | Ckpt: 50MB at 11:26:38
[2026-09-08 11:26:56] PID: 22392 | WS: 114.96 MB (dWS: 3.41 MB) | Commit: 116.45 MB (dPM: 3.29 MB) | VM: 4329.3 MB | CPU: 15127.5s | SysFreeVM: 104230 MB | No ckpt change
[2026-09-08 11:27:06] PID: 22392 | WS: 114.96 MB (dWS: 3.41 MB) | Commit: 116.45 MB (dPM: 3.29 MB) | VM: 4329.3 MB | CPU: 15137.6s | SysFreeVM: 104261 MB | No ckpt change
[2026-09-08 11:27:17] PID: 22392 | WS: 114.96 MB (dWS: 3.41 MB) | Commit: 116.45 MB (dPM: 3.29 MB) | VM: 4329.3 MB | CPU: 15147.8s | SysFreeVM: 104245 MB | No ckpt change
[2026-09-08 11:27:27] PID: 22392 | WS: 115.02 MB (dWS: 3.47 MB) | Commit: 116.51 MB (dPM: 3.35 MB) | VM: 4329.3 MB | CPU: 15157.8s | SysFreeVM: 104223 MB | Ckpt: 50MB at 11:27:20
[2026-09-08 11:27:37] PID: 22392 | WS: 115.02 MB (dWS: 3.47 MB) | Commit: 116.51 MB (dPM: 3.35 MB) | VM: 4329.3 MB | CPU: 15168s | SysFreeVM: 104232 MB | No ckpt change
[2026-09-08 11:27:47] PID: 22392 | WS: 115.02 MB (dWS: 3.47 MB) | Commit: 116.51 MB (dPM: 3.35 MB) | VM: 4329.3 MB | CPU: 15178.1s | SysFreeVM: 104186 MB | No ckpt change
[2026-09-08 11:27:58] PID: 22392 | WS: 115.02 MB (dWS: 3.47 MB) | Commit: 116.51 MB (dPM: 3.35 MB) | VM: 4329.3 MB | CPU: 15188.3s | SysFreeVM: 104213 MB | No ckpt change
[2026-09-08 11:28:08] PID: 22392 | WS: 115.09 MB (dWS: 3.54 MB) | Commit: 116.58 MB (dPM: 3.42 MB) | VM: 4329.3 MB | CPU: 15198.5s | SysFreeVM: 104207 MB | Ckpt: 50MB at 11:28:02
[2026-09-08 11:28:18] PID: 22392 | WS: 115.09 MB (dWS: 3.54 MB) | Commit: 116.58 MB (dPM: 3.42 MB) | VM: 4329.3 MB | CPU: 15208.6s | SysFreeVM: 104225 MB | No ckpt change
[2026-09-08 11:28:28] PID: 22392 | WS: 115.09 MB (dWS: 3.54 MB) | Commit: 116.58 MB (dPM: 3.42 MB) | VM: 4329.3 MB | CPU: 15218.9s | SysFreeVM: 104224 MB | No ckpt change
[2026-09-08 11:28:39] PID: 22392 | WS: 115.09 MB (dWS: 3.54 MB) | Commit: 116.58 MB (dPM: 3.42 MB) | VM: 4329.3 MB | CPU: 15229s | SysFreeVM: 104236 MB | No ckpt change
[2026-09-08 11:28:49] PID: 22392 | WS: 115.09 MB (dWS: 3.54 MB) | Commit: 116.58 MB (dPM: 3.42 MB) | VM: 4329.3 MB | CPU: 15239.2s | SysFreeVM: 104191 MB | Ckpt: 50MB at 11:28:44
[2026-09-08 11:28:59] PID: 22392 | WS: 115.09 MB (dWS: 3.54 MB) | Commit: 116.58 MB (dPM: 3.42 MB) | VM: 4329.3 MB | CPU: 15249.4s | SysFreeVM: 104207 MB | No ckpt change
[2026-09-08 11:29:10] PID: 22392 | WS: 115.09 MB (dWS: 3.54 MB) | Commit: 116.58 MB (dPM: 3.42 MB) | VM: 4329.3 MB | CPU: 15259.6s | SysFreeVM: 104261 MB | No ckpt change
[2026-09-08 11:29:20] PID: 22392 | WS: 115.09 MB (dWS: 3.54 MB) | Commit: 116.58 MB (dPM: 3.42 MB) | VM: 4329.3 MB | CPU: 15269.8s | SysFreeVM: 104244 MB | No ckpt change
[2026-09-08 11:29:30] PID: 22392 | WS: 115.09 MB (dWS: 3.54 MB) | Commit: 116.58 MB (dPM: 3.42 MB) | VM: 4329.3 MB | CPU: 15279.9s | SysFreeVM: 104261 MB | Ckpt: 50MB at 11:29:26
[2026-09-08 11:29:40] PID: 22392 | WS: 115.09 MB (dWS: 3.54 MB) | Commit: 116.58 MB (dPM: 3.42 MB) | VM: 4329.3 MB | CPU: 15290.2s | SysFreeVM: 104245 MB | No ckpt change
[2026-09-08 11:29:50] PID: 22392 | WS: 115.09 MB (dWS: 3.54 MB) | Commit: 116.58 MB (dPM: 3.42 MB) | VM: 4329.3 MB | CPU: 15300.3s | SysFreeVM: 104245 MB | No ckpt change
[2026-09-08 11:30:01] PID: 22392 | WS: 115.09 MB (dWS: 3.54 MB) | Commit: 116.58 MB (dPM: 3.42 MB) | VM: 4329.3 MB | CPU: 15310.5s | SysFreeVM: 104250 MB | No ckpt change
[2026-09-08 11:30:11] PID: 22392 | WS: 115.12 MB (dWS: 3.57 MB) | Commit: 116.58 MB (dPM: 3.42 MB) | VM: 4329.3 MB | CPU: 15320.7s | SysFreeVM: 104218 MB | Ckpt: 50MB at 11:30:08
[2026-09-08 11:30:21] PID: 22392 | WS: 115.12 MB (dWS: 3.57 MB) | Commit: 116.58 MB (dPM: 3.42 MB) | VM: 4329.3 MB | CPU: 15330.9s | SysFreeVM: 104229 MB | No ckpt change
[2026-09-08 11:30:31] PID: 22392 | WS: 115.12 MB (dWS: 3.57 MB) | Commit: 116.58 MB (dPM: 3.42 MB) | VM: 4329.3 MB | CPU: 15341s | SysFreeVM: 104236 MB | No ckpt change
[2026-09-08 11:30:42] PID: 22392 | WS: 115.12 MB (dWS: 3.57 MB) | Commit: 116.58 MB (dPM: 3.42 MB) | VM: 4329.3 MB | CPU: 15351.1s | SysFreeVM: 104281 MB | No ckpt change
[2026-09-08 11:30:52] PID: 22392 | WS: 115.12 MB (dWS: 3.57 MB) | Commit: 116.58 MB (dPM: 3.42 MB) | VM: 4329.3 MB | CPU: 15361.3s | SysFreeVM: 104262 MB | Ckpt: 50MB at 11:30:51
[2026-09-08 11:31:02] PID: 22392 | WS: 115.12 MB (dWS: 3.57 MB) | Commit: 116.58 MB (dPM: 3.42 MB) | VM: 4329.3 MB | CPU: 15371.4s | SysFreeVM: 104243 MB | No ckpt change
[2026-09-08 11:31:12] PID: 22392 | WS: 115.12 MB (dWS: 3.57 MB) | Commit: 116.58 MB (dPM: 3.42 MB) | VM: 4329.3 MB | CPU: 15381.6s | SysFreeVM: 104236 MB | No ckpt change
[2026-09-08 11:31:23] PID: 22392 | WS: 115.12 MB (dWS: 3.57 MB) | Commit: 116.58 MB (dPM: 3.42 MB) | VM: 4329.3 MB | CPU: 15391.7s | SysFreeVM: 104243 MB | No ckpt change
[2026-09-08 11:31:33] PID: 22392 | WS: 165.12 MB (dWS: 53.57 MB) | Commit: 166.68 MB (dPM: 53.52 MB) | VM: 4379.36 MB | CPU: 15401.9s | SysFreeVM: 104229 MB | Ckpt: 50MB at 11:31:33
[2026-09-08 11:31:43] PID: 22392 | WS: 115.12 MB (dWS: 3.57 MB) | Commit: 116.58 MB (dPM: 3.42 MB) | VM: 4329.3 MB | CPU: 15412.1s | SysFreeVM: 104247 MB | No ckpt change
[2026-09-08 11:31:53] PID: 22392 | WS: 115.12 MB (dWS: 3.57 MB) | Commit: 116.58 MB (dPM: 3.42 MB) | VM: 4329.3 MB | CPU: 15422.3s | SysFreeVM: 104293 MB | No ckpt change
[2026-09-08 11:32:04] PID: 22392 | WS: 115.12 MB (dWS: 3.57 MB) | Commit: 116.58 MB (dPM: 3.42 MB) | VM: 4329.3 MB | CPU: 15432.5s | SysFreeVM: 104266 MB | No ckpt change
[2026-09-08 11:32:14] PID: 22392 | WS: 115.12 MB (dWS: 3.57 MB) | Commit: 116.58 MB (dPM: 3.42 MB) | VM: 4329.3 MB | CPU: 15442.6s | SysFreeVM: 104263 MB | No ckpt change
[2026-09-08 11:32:24] PID: 22392 | WS: 115.12 MB (dWS: 3.57 MB) | Commit: 116.58 MB (dPM: 3.42 MB) | VM: 4329.3 MB | CPU: 15452.8s | SysFreeVM: 104253 MB | Ckpt: 50MB at 11:32:15
[2026-09-08 11:32:34] PID: 22392 | WS: 115.12 MB (dWS: 3.57 MB) | Commit: 116.58 MB (dPM: 3.42 MB) | VM: 4329.3 MB | CPU: 15462.9s | SysFreeVM: 104245 MB | No ckpt change
[2026-09-08 11:32:45] PID: 22392 | WS: 115.12 MB (dWS: 3.57 MB) | Commit: 116.58 MB (dPM: 3.42 MB) | VM: 4329.3 MB | CPU: 15473.2s | SysFreeVM: 104232 MB | No ckpt change
[2026-09-08 11:32:55] PID: 22392 | WS: 115.12 MB (dWS: 3.57 MB) | Commit: 116.58 MB (dPM: 3.42 MB) | VM: 4329.3 MB | CPU: 15483.2s | SysFreeVM: 104216 MB | No ckpt change
[2026-09-08 11:33:05] PID: 22392 | WS: 115.12 MB (dWS: 3.57 MB) | Commit: 116.58 MB (dPM: 3.42 MB) | VM: 4329.3 MB | CPU: 15493.3s | SysFreeVM: 104267 MB | Ckpt: 50MB at 11:32:57
[2026-09-08 11:33:15] PID: 22392 | WS: 115.12 MB (dWS: 3.57 MB) | Commit: 116.58 MB (dPM: 3.42 MB) | VM: 4329.3 MB | CPU: 15503.5s | SysFreeVM: 104241 MB | No ckpt change
[2026-09-08 11:33:26] PID: 22392 | WS: 115.12 MB (dWS: 3.57 MB) | Commit: 116.58 MB (dPM: 3.42 MB) | VM: 4329.3 MB | CPU: 15513.7s | SysFreeVM: 104219 MB | No ckpt change
[2026-09-08 11:33:36] PID: 22392 | WS: 115.12 MB (dWS: 3.57 MB) | Commit: 116.58 MB (dPM: 3.42 MB) | VM: 4329.3 MB | CPU: 15523.8s | SysFreeVM: 104215 MB | No ckpt change
[2026-09-08 11:33:46] PID: 22392 | WS: 115.12 MB (dWS: 3.57 MB) | Commit: 116.58 MB (dPM: 3.42 MB) | VM: 4329.3 MB | CPU: 15533.9s | SysFreeVM: 104219 MB | Ckpt: 50MB at 11:33:39
[2026-09-08 11:33:56] PID: 22392 | WS: 115.12 MB (dWS: 3.57 MB) | Commit: 116.58 MB (dPM: 3.42 MB) | VM: 4329.3 MB | CPU: 15544s | SysFreeVM: 104260 MB | No ckpt change
[2026-09-08 11:34:07] PID: 22392 | WS: 115.12 MB (dWS: 3.57 MB) | Commit: 116.58 MB (dPM: 3.42 MB) | VM: 4329.3 MB | CPU: 15554.2s | SysFreeVM: 104251 MB | No ckpt change
[2026-09-08 11:34:17] PID: 22392 | WS: 115.12 MB (dWS: 3.57 MB) | Commit: 116.58 MB (dPM: 3.42 MB) | VM: 4329.3 MB | CPU: 15564.3s | SysFreeVM: 104262 MB | No ckpt change
[2026-09-08 11:34:27] PID: 22392 | WS: 115.12 MB (dWS: 3.57 MB) | Commit: 116.58 MB (dPM: 3.42 MB) | VM: 4329.3 MB | CPU: 15574.5s | SysFreeVM: 104237 MB | Ckpt: 50MB at 11:34:21
[2026-09-08 11:34:37] PID: 22392 | WS: 115.12 MB (dWS: 3.57 MB) | Commit: 116.58 MB (dPM: 3.42 MB) | VM: 4329.3 MB | CPU: 15584.7s | SysFreeVM: 104241 MB | No ckpt change
[2026-09-08 11:34:48] PID: 22392 | WS: 115.12 MB (dWS: 3.57 MB) | Commit: 116.58 MB (dPM: 3.42 MB) | VM: 4329.3 MB | CPU: 15594.9s | SysFreeVM: 104207 MB | No ckpt change
[2026-09-08 11:34:58] PID: 22392 | WS: 115.12 MB (dWS: 3.57 MB) | Commit: 116.58 MB (dPM: 3.42 MB) | VM: 4329.3 MB | CPU: 15605.1s | SysFreeVM: 104198 MB | No ckpt change
[2026-09-08 11:35:08] PID: 22392 | WS: 115.12 MB (dWS: 3.57 MB) | Commit: 116.58 MB (dPM: 3.42 MB) | VM: 4329.3 MB | CPU: 15615.2s | SysFreeVM: 104252 MB | Ckpt: 50MB at 11:35:03
[2026-09-08 11:35:18] PID: 22392 | WS: 115.12 MB (dWS: 3.57 MB) | Commit: 116.58 MB (dPM: 3.42 MB) | VM: 4329.3 MB | CPU: 15625.4s | SysFreeVM: 104243 MB | No ckpt change
[2026-09-08 11:35:29] PID: 22392 | WS: 115.12 MB (dWS: 3.57 MB) | Commit: 116.58 MB (dPM: 3.42 MB) | VM: 4329.3 MB | CPU: 15635.6s | SysFreeVM: 104252 MB | No ckpt change
[2026-09-08 11:35:39] PID: 22392 | WS: 115.12 MB (dWS: 3.57 MB) | Commit: 116.58 MB (dPM: 3.42 MB) | VM: 4329.3 MB | CPU: 15645.8s | SysFreeVM: 104252 MB | No ckpt change
[2026-09-08 11:35:49] PID: 22392 | WS: 115.12 MB (dWS: 3.57 MB) | Commit: 116.58 MB (dPM: 3.42 MB) | VM: 4329.3 MB | CPU: 15655.9s | SysFreeVM: 104222 MB | Ckpt: 50MB at 11:35:46
[2026-09-08 11:35:59] PID: 22392 | WS: 115.12 MB (dWS: 3.57 MB) | Commit: 116.58 MB (dPM: 3.42 MB) | VM: 4329.3 MB | CPU: 15666s | SysFreeVM: 104205 MB | No ckpt change
[2026-09-08 11:36:10] PID: 22392 | WS: 115.12 MB (dWS: 3.57 MB) | Commit: 116.58 MB (dPM: 3.42 MB) | VM: 4329.3 MB | CPU: 15676.1s | SysFreeVM: 104240 MB | No ckpt change
[2026-09-08 11:36:20] PID: 22392 | WS: 115.12 MB (dWS: 3.57 MB) | Commit: 116.58 MB (dPM: 3.42 MB) | VM: 4329.3 MB | CPU: 15686.3s | SysFreeVM: 104275 MB | No ckpt change
[2026-09-08 11:36:30] PID: 22392 | WS: 115.12 MB (dWS: 3.57 MB) | Commit: 116.58 MB (dPM: 3.42 MB) | VM: 4329.3 MB | CPU: 15696.5s | SysFreeVM: 104242 MB | Ckpt: 50MB at 11:36:28
[2026-09-08 11:36:40] PID: 22392 | WS: 115.12 MB (dWS: 3.57 MB) | Commit: 116.58 MB (dPM: 3.42 MB) | VM: 4329.3 MB | CPU: 15706.6s | SysFreeVM: 104250 MB | No ckpt change
[2026-09-08 11:36:51] PID: 22392 | WS: 115.12 MB (dWS: 3.57 MB) | Commit: 116.58 MB (dPM: 3.42 MB) | VM: 4329.3 MB | CPU: 15716.8s | SysFreeVM: 104258 MB | No ckpt change
[2026-09-08 11:37:01] PID: 22392 | WS: 115.12 MB (dWS: 3.57 MB) | Commit: 116.58 MB (dPM: 3.42 MB) | VM: 4329.3 MB | CPU: 15727s | SysFreeVM: 104246 MB | No ckpt change
[2026-09-08 11:37:11] PID: 22392 | WS: 115.12 MB (dWS: 3.57 MB) | Commit: 116.58 MB (dPM: 3.42 MB) | VM: 4329.3 MB | CPU: 15737.1s | SysFreeVM: 104220 MB | Ckpt: 50MB at 11:37:10
[2026-09-08 11:37:21] PID: 22392 | WS: 115.12 MB (dWS: 3.57 MB) | Commit: 116.58 MB (dPM: 3.42 MB) | VM: 4329.3 MB | CPU: 15747.3s | SysFreeVM: 104229 MB | No ckpt change
[2026-09-08 11:37:32] PID: 22392 | WS: 115.12 MB (dWS: 3.57 MB) | Commit: 116.58 MB (dPM: 3.42 MB) | VM: 4329.3 MB | CPU: 15757.5s | SysFreeVM: 104279 MB | No ckpt change
[2026-09-08 11:37:42] PID: 22392 | WS: 115.12 MB (dWS: 3.57 MB) | Commit: 116.58 MB (dPM: 3.42 MB) | VM: 4329.3 MB | CPU: 15767.6s | SysFreeVM: 104288 MB | No ckpt change
[2026-09-08 11:37:52] PID: 22392 | WS: 115.12 MB (dWS: 3.57 MB) | Commit: 116.58 MB (dPM: 3.42 MB) | VM: 4329.3 MB | CPU: 15777.8s | SysFreeVM: 104267 MB | No ckpt change
[2026-09-08 11:38:02] PID: 22392 | WS: 115.12 MB (dWS: 3.57 MB) | Commit: 116.58 MB (dPM: 3.42 MB) | VM: 4329.3 MB | CPU: 15787.9s | SysFreeVM: 104198 MB | Ckpt: 50MB at 11:37:52
[2026-09-08 11:38:13] PID: 22392 | WS: 115.12 MB (dWS: 3.57 MB) | Commit: 116.58 MB (dPM: 3.42 MB) | VM: 4329.3 MB | CPU: 15798.1s | SysFreeVM: 104205 MB | No ckpt change
[2026-09-08 11:38:23] PID: 22392 | WS: 115.12 MB (dWS: 3.57 MB) | Commit: 116.58 MB (dPM: 3.42 MB) | VM: 4329.3 MB | CPU: 15808.3s | SysFreeVM: 104196 MB | No ckpt change
[2026-09-08 11:38:33] PID: 22392 | WS: 115.12 MB (dWS: 3.57 MB) | Commit: 116.58 MB (dPM: 3.42 MB) | VM: 4329.3 MB | CPU: 15818.5s | SysFreeVM: 104201 MB | No ckpt change
[2026-09-08 11:38:43] PID: 22392 | WS: 115.12 MB (dWS: 3.57 MB) | Commit: 116.58 MB (dPM: 3.42 MB) | VM: 4329.3 MB | CPU: 15828.6s | SysFreeVM: 104244 MB | Ckpt: 50MB at 11:38:34
[2026-09-08 11:38:54] PID: 22392 | WS: 115.12 MB (dWS: 3.57 MB) | Commit: 116.58 MB (dPM: 3.42 MB) | VM: 4329.3 MB | CPU: 15838.8s | SysFreeVM: 104236 MB | No ckpt change
[2026-09-08 11:39:04] PID: 22392 | WS: 115.12 MB (dWS: 3.57 MB) | Commit: 116.58 MB (dPM: 3.42 MB) | VM: 4329.3 MB | CPU: 15849s | SysFreeVM: 104264 MB | No ckpt change
[2026-09-08 11:39:14] PID: 22392 | WS: 115.12 MB (dWS: 3.57 MB) | Commit: 116.58 MB (dPM: 3.42 MB) | VM: 4329.3 MB | CPU: 15859.1s | SysFreeVM: 104268 MB | No ckpt change
[2026-09-08 11:39:24] PID: 22392 | WS: 115.12 MB (dWS: 3.57 MB) | Commit: 116.58 MB (dPM: 3.42 MB) | VM: 4329.3 MB | CPU: 15869.2s | SysFreeVM: 104229 MB | Ckpt: 50MB at 11:39:16
[2026-09-08 11:39:34] PID: 22392 | WS: 115.12 MB (dWS: 3.57 MB) | Commit: 116.58 MB (dPM: 3.42 MB) | VM: 4329.3 MB | CPU: 15879.4s | SysFreeVM: 104210 MB | No ckpt change
[2026-09-08 11:39:45] PID: 22392 | WS: 115.12 MB (dWS: 3.57 MB) | Commit: 116.58 MB (dPM: 3.42 MB) | VM: 4329.3 MB | CPU: 15889.5s | SysFreeVM: 104215 MB | No ckpt change
[2026-09-08 11:39:55] PID: 22392 | WS: 115.12 MB (dWS: 3.57 MB) | Commit: 116.58 MB (dPM: 3.42 MB) | VM: 4329.3 MB | CPU: 15899.7s | SysFreeVM: 104216 MB | No ckpt change
[2026-09-08 11:40:05] PID: 22392 | WS: 115.12 MB (dWS: 3.57 MB) | Commit: 116.58 MB (dPM: 3.42 MB) | VM: 4329.3 MB | CPU: 15909.8s | SysFreeVM: 104202 MB | Ckpt: 50MB at 11:39:59
[2026-09-08 11:40:15] PID: 22392 | WS: 115.12 MB (dWS: 3.57 MB) | Commit: 116.58 MB (dPM: 3.42 MB) | VM: 4329.3 MB | CPU: 15919.8s | SysFreeVM: 104263 MB | No ckpt change
[2026-09-08 11:40:26] PID: 22392 | WS: 115.12 MB (dWS: 3.57 MB) | Commit: 116.58 MB (dPM: 3.42 MB) | VM: 4329.3 MB | CPU: 15930s | SysFreeVM: 104253 MB | No ckpt change
[2026-09-08 11:40:36] PID: 22392 | WS: 115.12 MB (dWS: 3.57 MB) | Commit: 116.58 MB (dPM: 3.42 MB) | VM: 4329.3 MB | CPU: 15940.2s | SysFreeVM: 104243 MB | No ckpt change
[2026-09-08 11:40:46] PID: 22392 | WS: 115.13 MB (dWS: 3.58 MB) | Commit: 116.58 MB (dPM: 3.42 MB) | VM: 4329.3 MB | CPU: 15950.4s | SysFreeVM: 104227 MB | Ckpt: 50MB at 11:40:41
[2026-09-08 11:40:56] PID: 22392 | WS: 115.13 MB (dWS: 3.58 MB) | Commit: 116.58 MB (dPM: 3.42 MB) | VM: 4329.3 MB | CPU: 15960.6s | SysFreeVM: 104236 MB | No ckpt change
[2026-09-08 11:41:07] PID: 22392 | WS: 115.13 MB (dWS: 3.58 MB) | Commit: 116.58 MB (dPM: 3.42 MB) | VM: 4329.3 MB | CPU: 15970.8s | SysFreeVM: 104225 MB | No ckpt change
[2026-09-08 11:41:17] PID: 22392 | WS: 115.13 MB (dWS: 3.58 MB) | Commit: 116.58 MB (dPM: 3.42 MB) | VM: 4329.3 MB | CPU: 15980.9s | SysFreeVM: 104205 MB | No ckpt change
[2026-09-08 11:41:27] PID: 22392 | WS: 115.13 MB (dWS: 3.58 MB) | Commit: 116.58 MB (dPM: 3.42 MB) | VM: 4329.3 MB | CPU: 15991.1s | SysFreeVM: 104258 MB | Ckpt: 50MB at 11:41:23
[2026-09-08 11:41:37] PID: 22392 | WS: 115.13 MB (dWS: 3.58 MB) | Commit: 116.58 MB (dPM: 3.42 MB) | VM: 4329.3 MB | CPU: 16001.2s | SysFreeVM: 104241 MB | No ckpt change
[2026-09-08 11:41:47] PID: 22392 | WS: 115.13 MB (dWS: 3.58 MB) | Commit: 116.58 MB (dPM: 3.42 MB) | VM: 4329.3 MB | CPU: 16011.5s | SysFreeVM: 104254 MB | No ckpt change
[2026-09-08 11:41:58] PID: 22392 | WS: 115.13 MB (dWS: 3.58 MB) | Commit: 116.58 MB (dPM: 3.42 MB) | VM: 4329.3 MB | CPU: 16021.6s | SysFreeVM: 104248 MB | No ckpt change
[2026-09-08 11:42:08] PID: 22392 | WS: 115.13 MB (dWS: 3.58 MB) | Commit: 116.58 MB (dPM: 3.42 MB) | VM: 4329.3 MB | CPU: 16031.7s | SysFreeVM: 104240 MB | Ckpt: 50MB at 11:42:05
[2026-09-08 11:42:18] PID: 22392 | WS: 115.13 MB (dWS: 3.58 MB) | Commit: 116.58 MB (dPM: 3.42 MB) | VM: 4329.3 MB | CPU: 16041.9s | SysFreeVM: 104211 MB | No ckpt change
[2026-09-08 11:42:28] PID: 22392 | WS: 115.13 MB (dWS: 3.58 MB) | Commit: 116.58 MB (dPM: 3.42 MB) | VM: 4329.3 MB | CPU: 16052.1s | SysFreeVM: 104236 MB | No ckpt change
[2026-09-08 11:42:39] PID: 22392 | WS: 115.13 MB (dWS: 3.58 MB) | Commit: 116.58 MB (dPM: 3.42 MB) | VM: 4329.3 MB | CPU: 16062.3s | SysFreeVM: 104216 MB | No ckpt change
[2026-09-08 11:42:49] PID: 22392 | WS: 115.13 MB (dWS: 3.58 MB) | Commit: 116.58 MB (dPM: 3.42 MB) | VM: 4329.3 MB | CPU: 16072.5s | SysFreeVM: 104191 MB | Ckpt: 50MB at 11:42:47
[2026-09-08 11:42:59] PID: 22392 | WS: 115.13 MB (dWS: 3.58 MB) | Commit: 116.58 MB (dPM: 3.42 MB) | VM: 4329.3 MB | CPU: 16082.7s | SysFreeVM: 104273 MB | No ckpt change
[2026-09-08 11:43:09] PID: 22392 | WS: 115.13 MB (dWS: 3.58 MB) | Commit: 116.58 MB (dPM: 3.42 MB) | VM: 4329.3 MB | CPU: 16092.8s | SysFreeVM: 104246 MB | No ckpt change
[2026-09-08 11:43:20] PID: 22392 | WS: 115.13 MB (dWS: 3.58 MB) | Commit: 116.58 MB (dPM: 3.42 MB) | VM: 4329.3 MB | CPU: 16103s | SysFreeVM: 104206 MB | No ckpt change
[2026-09-08 11:43:30] PID: 22392 | WS: 115.13 MB (dWS: 3.58 MB) | Commit: 116.58 MB (dPM: 3.42 MB) | VM: 4329.3 MB | CPU: 16113.2s | SysFreeVM: 104230 MB | Ckpt: 50MB at 11:43:29
[2026-09-08 11:43:40] PID: 22392 | WS: 115.13 MB (dWS: 3.58 MB) | Commit: 116.58 MB (dPM: 3.42 MB) | VM: 4329.3 MB | CPU: 16123.4s | SysFreeVM: 104223 MB | No ckpt change
[2026-09-08 11:43:50] PID: 22392 | WS: 115.13 MB (dWS: 3.58 MB) | Commit: 116.58 MB (dPM: 3.42 MB) | VM: 4329.3 MB | CPU: 16133.5s | SysFreeVM: 104219 MB | No ckpt change
[2026-09-08 11:44:01] PID: 22392 | WS: 115.13 MB (dWS: 3.58 MB) | Commit: 116.58 MB (dPM: 3.42 MB) | VM: 4329.3 MB | CPU: 16143.6s | SysFreeVM: 104236 MB | No ckpt change
[2026-09-08 11:44:11] PID: 22392 | WS: 115.13 MB (dWS: 3.58 MB) | Commit: 116.58 MB (dPM: 3.42 MB) | VM: 4329.3 MB | CPU: 16153.8s | SysFreeVM: 104265 MB | No ckpt change
[2026-09-08 11:44:21] PID: 22392 | WS: 115.18 MB (dWS: 3.63 MB) | Commit: 116.64 MB (dPM: 3.48 MB) | VM: 4329.3 MB | CPU: 16164s | SysFreeVM: 104253 MB | Ckpt: 50MB at 11:44:11
[2026-09-08 11:44:31] PID: 22392 | WS: 115.18 MB (dWS: 3.63 MB) | Commit: 116.64 MB (dPM: 3.48 MB) | VM: 4329.3 MB | CPU: 16174.2s | SysFreeVM: 104231 MB | No ckpt change
[2026-09-08 11:44:42] PID: 22392 | WS: 115.18 MB (dWS: 3.63 MB) | Commit: 116.64 MB (dPM: 3.48 MB) | VM: 4329.3 MB | CPU: 16184.4s | SysFreeVM: 104220 MB | No ckpt change
[2026-09-08 11:44:52] PID: 22392 | WS: 115.18 MB (dWS: 3.63 MB) | Commit: 116.64 MB (dPM: 3.48 MB) | VM: 4329.3 MB | CPU: 16194.6s | SysFreeVM: 104210 MB | No ckpt change
[2026-09-08 11:45:02] PID: 22392 | WS: 115.19 MB (dWS: 3.64 MB) | Commit: 116.64 MB (dPM: 3.48 MB) | VM: 4329.3 MB | CPU: 16204.8s | SysFreeVM: 104214 MB | Ckpt: 50MB at 11:44:54
[2026-09-08 11:45:12] PID: 22392 | WS: 115.19 MB (dWS: 3.64 MB) | Commit: 116.64 MB (dPM: 3.48 MB) | VM: 4329.3 MB | CPU: 16215s | SysFreeVM: 104273 MB | No ckpt change
[2026-09-08 11:45:23] PID: 22392 | WS: 115.19 MB (dWS: 3.64 MB) | Commit: 116.64 MB (dPM: 3.48 MB) | VM: 4329.3 MB | CPU: 16225.2s | SysFreeVM: 104258 MB | No ckpt change
[2026-09-08 11:45:33] PID: 22392 | WS: 115.19 MB (dWS: 3.64 MB) | Commit: 116.64 MB (dPM: 3.48 MB) | VM: 4329.3 MB | CPU: 16235.4s | SysFreeVM: 104255 MB | No ckpt change
[2026-09-08 11:45:43] PID: 22392 | WS: 115.19 MB (dWS: 3.64 MB) | Commit: 116.64 MB (dPM: 3.48 MB) | VM: 4329.3 MB | CPU: 16245.5s | SysFreeVM: 104207 MB | Ckpt: 50MB at 11:45:36
[2026-09-08 11:45:53] PID: 22392 | WS: 115.19 MB (dWS: 3.64 MB) | Commit: 116.64 MB (dPM: 3.48 MB) | VM: 4329.3 MB | CPU: 16255.7s | SysFreeVM: 104223 MB | No ckpt change
[2026-09-08 11:46:04] PID: 22392 | WS: 115.19 MB (dWS: 3.64 MB) | Commit: 116.64 MB (dPM: 3.48 MB) | VM: 4329.3 MB | CPU: 16265.9s | SysFreeVM: 104185 MB | No ckpt change
[2026-09-08 11:46:14] PID: 22392 | WS: 115.19 MB (dWS: 3.64 MB) | Commit: 116.64 MB (dPM: 3.48 MB) | VM: 4329.3 MB | CPU: 16276s | SysFreeVM: 104207 MB | No ckpt change
[2026-09-08 11:46:24] PID: 22392 | WS: 115.19 MB (dWS: 3.64 MB) | Commit: 116.64 MB (dPM: 3.48 MB) | VM: 4329.3 MB | CPU: 16286.2s | SysFreeVM: 104241 MB | Ckpt: 50MB at 11:46:18
[2026-09-08 11:46:34] PID: 22392 | WS: 115.19 MB (dWS: 3.64 MB) | Commit: 116.64 MB (dPM: 3.48 MB) | VM: 4329.3 MB | CPU: 16296.4s | SysFreeVM: 104246 MB | No ckpt change
[2026-09-08 11:46:44] PID: 22392 | WS: 115.19 MB (dWS: 3.64 MB) | Commit: 116.64 MB (dPM: 3.48 MB) | VM: 4329.3 MB | CPU: 16306.6s | SysFreeVM: 104262 MB | No ckpt change
[2026-09-08 11:46:55] PID: 22392 | WS: 115.19 MB (dWS: 3.64 MB) | Commit: 116.64 MB (dPM: 3.48 MB) | VM: 4329.3 MB | CPU: 16316.7s | SysFreeVM: 104226 MB | No ckpt change
[2026-09-08 11:47:05] PID: 22392 | WS: 115.19 MB (dWS: 3.64 MB) | Commit: 116.64 MB (dPM: 3.48 MB) | VM: 4329.3 MB | CPU: 16326.9s | SysFreeVM: 104219 MB | Ckpt: 50MB at 11:47:00
[2026-09-08 11:47:15] PID: 22392 | WS: 115.19 MB (dWS: 3.64 MB) | Commit: 116.64 MB (dPM: 3.48 MB) | VM: 4329.3 MB | CPU: 16337.1s | SysFreeVM: 104204 MB | No ckpt change
[2026-09-08 11:47:26] PID: 22392 | WS: 115.19 MB (dWS: 3.64 MB) | Commit: 116.64 MB (dPM: 3.48 MB) | VM: 4329.3 MB | CPU: 16347.3s | SysFreeVM: 104182 MB | No ckpt change
[2026-09-08 11:47:36] PID: 22392 | WS: 115.19 MB (dWS: 3.64 MB) | Commit: 116.64 MB (dPM: 3.48 MB) | VM: 4329.3 MB | CPU: 16357.5s | SysFreeVM: 104193 MB | No ckpt change
[2026-09-08 11:47:46] PID: 22392 | WS: 115.19 MB (dWS: 3.64 MB) | Commit: 116.64 MB (dPM: 3.48 MB) | VM: 4329.3 MB | CPU: 16367.5s | SysFreeVM: 104206 MB | Ckpt: 50MB at 11:47:42
[2026-09-08 11:47:56] PID: 22392 | WS: 115.19 MB (dWS: 3.64 MB) | Commit: 116.64 MB (dPM: 3.48 MB) | VM: 4329.3 MB | CPU: 16377.8s | SysFreeVM: 104227 MB | No ckpt change
[2026-09-08 11:48:06] PID: 22392 | WS: 115.19 MB (dWS: 3.64 MB) | Commit: 116.64 MB (dPM: 3.48 MB) | VM: 4329.3 MB | CPU: 16388s | SysFreeVM: 104223 MB | No ckpt change
[2026-09-08 11:48:17] PID: 22392 | WS: 115.19 MB (dWS: 3.64 MB) | Commit: 116.64 MB (dPM: 3.48 MB) | VM: 4329.3 MB | CPU: 16398.1s | SysFreeVM: 104213 MB | No ckpt change
[2026-09-08 11:48:27] PID: 22392 | WS: 115.19 MB (dWS: 3.64 MB) | Commit: 116.64 MB (dPM: 3.48 MB) | VM: 4329.3 MB | CPU: 16408.2s | SysFreeVM: 104194 MB | Ckpt: 50MB at 11:48:25
[2026-09-08 11:48:37] PID: 22392 | WS: 115.19 MB (dWS: 3.64 MB) | Commit: 116.64 MB (dPM: 3.48 MB) | VM: 4329.3 MB | CPU: 16418.5s | SysFreeVM: 104175 MB | No ckpt change
[2026-09-08 11:48:47] PID: 22392 | WS: 115.19 MB (dWS: 3.64 MB) | Commit: 116.64 MB (dPM: 3.48 MB) | VM: 4329.3 MB | CPU: 16428.7s | SysFreeVM: 104198 MB | No ckpt change
[2026-09-08 11:48:58] PID: 22392 | WS: 115.19 MB (dWS: 3.64 MB) | Commit: 116.64 MB (dPM: 3.48 MB) | VM: 4329.3 MB | CPU: 16438.8s | SysFreeVM: 104232 MB | No ckpt change
[2026-09-08 11:49:08] PID: 22392 | WS: 115.19 MB (dWS: 3.64 MB) | Commit: 116.64 MB (dPM: 3.48 MB) | VM: 4329.3 MB | CPU: 16449s | SysFreeVM: 104253 MB | Ckpt: 50MB at 11:49:07
[2026-09-08 11:49:18] PID: 22392 | WS: 115.19 MB (dWS: 3.64 MB) | Commit: 116.64 MB (dPM: 3.48 MB) | VM: 4329.3 MB | CPU: 16459.2s | SysFreeVM: 104236 MB | No ckpt change
[2026-09-08 11:49:28] PID: 22392 | WS: 115.19 MB (dWS: 3.64 MB) | Commit: 116.64 MB (dPM: 3.48 MB) | VM: 4329.3 MB | CPU: 16469.4s | SysFreeVM: 104227 MB | No ckpt change
[2026-09-08 11:49:39] PID: 22392 | WS: 115.19 MB (dWS: 3.64 MB) | Commit: 116.64 MB (dPM: 3.48 MB) | VM: 4329.3 MB | CPU: 16479.5s | SysFreeVM: 104223 MB | No ckpt change
[2026-09-08 11:49:49] PID: 22392 | WS: 115.19 MB (dWS: 3.64 MB) | Commit: 116.64 MB (dPM: 3.48 MB) | VM: 4329.3 MB | CPU: 16489.8s | SysFreeVM: 104234 MB | No ckpt change
[2026-09-08 11:49:59] PID: 22392 | WS: 115.19 MB (dWS: 3.64 MB) | Commit: 116.64 MB (dPM: 3.48 MB) | VM: 4329.3 MB | CPU: 16499.9s | SysFreeVM: 104216 MB | Ckpt: 50MB at 11:49:49
[2026-09-08 11:50:09] PID: 22392 | WS: 115.19 MB (dWS: 3.64 MB) | Commit: 116.64 MB (dPM: 3.48 MB) | VM: 4329.3 MB | CPU: 16510.1s | SysFreeVM: 104228 MB | No ckpt change
[2026-09-08 11:50:20] PID: 22392 | WS: 115.19 MB (dWS: 3.64 MB) | Commit: 116.64 MB (dPM: 3.48 MB) | VM: 4329.3 MB | CPU: 16520.4s | SysFreeVM: 104232 MB | No ckpt change
[2026-09-08 11:50:30] PID: 22392 | WS: 115.19 MB (dWS: 3.64 MB) | Commit: 116.64 MB (dPM: 3.48 MB) | VM: 4329.3 MB | CPU: 16530.6s | SysFreeVM: 104223 MB | No ckpt change
[2026-09-08 11:50:40] PID: 22392 | WS: 115.19 MB (dWS: 3.64 MB) | Commit: 116.64 MB (dPM: 3.48 MB) | VM: 4329.3 MB | CPU: 16540.8s | SysFreeVM: 104197 MB | Ckpt: 50MB at 11:50:31
[2026-09-08 11:50:50] PID: 22392 | WS: 115.19 MB (dWS: 3.64 MB) | Commit: 116.64 MB (dPM: 3.48 MB) | VM: 4329.3 MB | CPU: 16551s | SysFreeVM: 104191 MB | No ckpt change
[2026-09-08 11:51:01] PID: 22392 | WS: 115.19 MB (dWS: 3.64 MB) | Commit: 116.64 MB (dPM: 3.48 MB) | VM: 4329.3 MB | CPU: 16561.1s | SysFreeVM: 104162 MB | No ckpt change
[2026-09-08 11:51:11] PID: 22392 | WS: 115.19 MB (dWS: 3.64 MB) | Commit: 116.64 MB (dPM: 3.48 MB) | VM: 4329.3 MB | CPU: 16571.3s | SysFreeVM: 104209 MB | No ckpt change
[2026-09-08 11:51:21] PID: 22392 | WS: 115.19 MB (dWS: 3.64 MB) | Commit: 116.64 MB (dPM: 3.48 MB) | VM: 4329.3 MB | CPU: 16581.5s | SysFreeVM: 104236 MB | Ckpt: 50MB at 11:51:13
[2026-09-08 11:51:31] PID: 22392 | WS: 115.19 MB (dWS: 3.64 MB) | Commit: 116.64 MB (dPM: 3.48 MB) | VM: 4329.3 MB | CPU: 16591.7s | SysFreeVM: 104239 MB | No ckpt change
[2026-09-08 11:51:42] PID: 22392 | WS: 115.19 MB (dWS: 3.64 MB) | Commit: 116.64 MB (dPM: 3.48 MB) | VM: 4329.3 MB | CPU: 16601.9s | SysFreeVM: 104225 MB | No ckpt change
[2026-09-08 11:51:52] PID: 22392 | WS: 115.19 MB (dWS: 3.64 MB) | Commit: 116.64 MB (dPM: 3.48 MB) | VM: 4329.3 MB | CPU: 16612s | SysFreeVM: 104222 MB | No ckpt change
[2026-09-08 11:52:02] PID: 22392 | WS: 115.19 MB (dWS: 3.64 MB) | Commit: 116.64 MB (dPM: 3.48 MB) | VM: 4329.3 MB | CPU: 16622.2s | SysFreeVM: 104210 MB | Ckpt: 50MB at 11:51:55
[2026-09-08 11:52:12] PID: 22392 | WS: 115.19 MB (dWS: 3.64 MB) | Commit: 116.64 MB (dPM: 3.48 MB) | VM: 4329.3 MB | CPU: 16632.3s | SysFreeVM: 104202 MB | No ckpt change
[2026-09-08 11:52:22] PID: 22392 | WS: 115.19 MB (dWS: 3.64 MB) | Commit: 116.64 MB (dPM: 3.48 MB) | VM: 4329.3 MB | CPU: 16642.5s | SysFreeVM: 104215 MB | No ckpt change
[2026-09-08 11:52:33] PID: 22392 | WS: 115.19 MB (dWS: 3.64 MB) | Commit: 116.64 MB (dPM: 3.48 MB) | VM: 4329.3 MB | CPU: 16652.7s | SysFreeVM: 104188 MB | No ckpt change
[2026-09-08 11:52:43] PID: 22392 | WS: 115.25 MB (dWS: 3.7 MB) | Commit: 116.71 MB (dPM: 3.55 MB) | VM: 4329.3 MB | CPU: 16662.9s | SysFreeVM: 104197 MB | Ckpt: 50MB at 11:52:37
[2026-09-08 11:52:53] PID: 22392 | WS: 115.25 MB (dWS: 3.7 MB) | Commit: 116.71 MB (dPM: 3.55 MB) | VM: 4329.3 MB | CPU: 16673.2s | SysFreeVM: 104236 MB | No ckpt change
[2026-09-08 11:53:03] PID: 22392 | WS: 115.25 MB (dWS: 3.7 MB) | Commit: 116.71 MB (dPM: 3.55 MB) | VM: 4329.3 MB | CPU: 16683.3s | SysFreeVM: 104205 MB | No ckpt change
[2026-09-08 11:53:14] PID: 22392 | WS: 115.25 MB (dWS: 3.7 MB) | Commit: 116.71 MB (dPM: 3.55 MB) | VM: 4329.3 MB | CPU: 16693.5s | SysFreeVM: 104182 MB | No ckpt change
[2026-09-08 11:53:24] PID: 22392 | WS: 115.25 MB (dWS: 3.7 MB) | Commit: 116.71 MB (dPM: 3.55 MB) | VM: 4329.3 MB | CPU: 16703.7s | SysFreeVM: 104158 MB | Ckpt: 50MB at 11:53:20
[2026-09-08 11:53:34] PID: 22392 | WS: 115.25 MB (dWS: 3.7 MB) | Commit: 116.71 MB (dPM: 3.55 MB) | VM: 4329.3 MB | CPU: 16713.8s | SysFreeVM: 104157 MB | No ckpt change
[2026-09-08 11:53:44] PID: 22392 | WS: 115.25 MB (dWS: 3.7 MB) | Commit: 116.71 MB (dPM: 3.55 MB) | VM: 4329.3 MB | CPU: 16724s | SysFreeVM: 104191 MB | No ckpt change
[2026-09-08 11:53:55] PID: 22392 | WS: 115.25 MB (dWS: 3.7 MB) | Commit: 116.71 MB (dPM: 3.55 MB) | VM: 4329.3 MB | CPU: 16734.2s | SysFreeVM: 104244 MB | No ckpt change
[2026-09-08 11:54:05] PID: 22392 | WS: 115.29 MB (dWS: 3.74 MB) | Commit: 116.78 MB (dPM: 3.62 MB) | VM: 4329.3 MB | CPU: 16744.4s | SysFreeVM: 104204 MB | Ckpt: 50MB at 11:54:02
[2026-09-08 11:54:15] PID: 22392 | WS: 115.29 MB (dWS: 3.74 MB) | Commit: 116.78 MB (dPM: 3.62 MB) | VM: 4329.3 MB | CPU: 16754.5s | SysFreeVM: 104202 MB | No ckpt change
[2026-09-08 11:54:25] PID: 22392 | WS: 115.29 MB (dWS: 3.74 MB) | Commit: 116.78 MB (dPM: 3.62 MB) | VM: 4329.3 MB | CPU: 16764.7s | SysFreeVM: 104214 MB | No ckpt change
[2026-09-08 11:54:36] PID: 22392 | WS: 115.29 MB (dWS: 3.74 MB) | Commit: 116.78 MB (dPM: 3.62 MB) | VM: 4329.3 MB | CPU: 16774.9s | SysFreeVM: 104185 MB | No ckpt change
[2026-09-08 11:54:46] PID: 22392 | WS: 115.29 MB (dWS: 3.74 MB) | Commit: 116.78 MB (dPM: 3.62 MB) | VM: 4329.3 MB | CPU: 16785.1s | SysFreeVM: 104168 MB | Ckpt: 50MB at 11:54:44
[2026-09-08 11:54:56] PID: 22392 | WS: 115.29 MB (dWS: 3.74 MB) | Commit: 116.78 MB (dPM: 3.62 MB) | VM: 4329.3 MB | CPU: 16795.3s | SysFreeVM: 104179 MB | No ckpt change
[2026-09-08 11:55:06] PID: 22392 | WS: 115.29 MB (dWS: 3.74 MB) | Commit: 116.78 MB (dPM: 3.62 MB) | VM: 4329.3 MB | CPU: 16805.5s | SysFreeVM: 104207 MB | No ckpt change
[2026-09-08 11:55:17] PID: 22392 | WS: 115.29 MB (dWS: 3.74 MB) | Commit: 116.78 MB (dPM: 3.62 MB) | VM: 4329.3 MB | CPU: 16815.7s | SysFreeVM: 104193 MB | No ckpt change
[2026-09-08 11:55:27] PID: 22392 | WS: 115.29 MB (dWS: 3.74 MB) | Commit: 116.78 MB (dPM: 3.62 MB) | VM: 4329.3 MB | CPU: 16825.8s | SysFreeVM: 104205 MB | Ckpt: 50MB at 11:55:26
[2026-09-08 11:55:37] PID: 22392 | WS: 115.29 MB (dWS: 3.74 MB) | Commit: 116.78 MB (dPM: 3.62 MB) | VM: 4329.3 MB | CPU: 16835.9s | SysFreeVM: 104202 MB | No ckpt change
[2026-09-08 11:55:47] PID: 22392 | WS: 115.29 MB (dWS: 3.74 MB) | Commit: 116.78 MB (dPM: 3.62 MB) | VM: 4329.3 MB | CPU: 16846s | SysFreeVM: 104221 MB | No ckpt change
[2026-09-08 11:55:58] PID: 22392 | WS: 115.29 MB (dWS: 3.74 MB) | Commit: 116.78 MB (dPM: 3.62 MB) | VM: 4329.3 MB | CPU: 16856.2s | SysFreeVM: 104173 MB | No ckpt change
[2026-09-08 11:56:08] PID: 22392 | WS: 115.29 MB (dWS: 3.74 MB) | Commit: 116.78 MB (dPM: 3.62 MB) | VM: 4329.3 MB | CPU: 16866.3s | SysFreeVM: 104185 MB | No ckpt change
[2026-09-08 11:56:18] PID: 22392 | WS: 115.29 MB (dWS: 3.74 MB) | Commit: 116.78 MB (dPM: 3.62 MB) | VM: 4329.3 MB | CPU: 16876.5s | SysFreeVM: 104193 MB | Ckpt: 50MB at 11:56:08
[2026-09-08 11:56:28] PID: 22392 | WS: 115.29 MB (dWS: 3.74 MB) | Commit: 116.78 MB (dPM: 3.62 MB) | VM: 4329.3 MB | CPU: 16886.8s | SysFreeVM: 104189 MB | No ckpt change
[2026-09-08 11:56:39] PID: 22392 | WS: 115.29 MB (dWS: 3.74 MB) | Commit: 116.78 MB (dPM: 3.62 MB) | VM: 4329.3 MB | CPU: 16897s | SysFreeVM: 104177 MB | No ckpt change
[2026-09-08 11:56:49] PID: 22392 | WS: 115.29 MB (dWS: 3.74 MB) | Commit: 116.78 MB (dPM: 3.62 MB) | VM: 4329.3 MB | CPU: 16907.2s | SysFreeVM: 104196 MB | No ckpt change
[2026-09-08 11:56:59] PID: 22392 | WS: 115.41 MB (dWS: 3.86 MB) | Commit: 116.91 MB (dPM: 3.75 MB) | VM: 4329.3 MB | CPU: 16917.3s | SysFreeVM: 104184 MB | Ckpt: 50MB at 11:56:50
[2026-09-08 11:57:10] PID: 22392 | WS: 115.41 MB (dWS: 3.86 MB) | Commit: 116.91 MB (dPM: 3.75 MB) | VM: 4329.3 MB | CPU: 16927.4s | SysFreeVM: 104220 MB | No ckpt change
[2026-09-08 11:57:20] PID: 22392 | WS: 115.41 MB (dWS: 3.86 MB) | Commit: 116.91 MB (dPM: 3.75 MB) | VM: 4329.3 MB | CPU: 16937.6s | SysFreeVM: 104217 MB | No ckpt change
[2026-09-08 11:57:30] PID: 22392 | WS: 115.41 MB (dWS: 3.86 MB) | Commit: 116.91 MB (dPM: 3.75 MB) | VM: 4329.3 MB | CPU: 16947.7s | SysFreeVM: 104189 MB | No ckpt change
[2026-09-08 11:57:40] PID: 22392 | WS: 115.43 MB (dWS: 3.88 MB) | Commit: 116.91 MB (dPM: 3.75 MB) | VM: 4329.3 MB | CPU: 16957.8s | SysFreeVM: 104162 MB | Ckpt: 50MB at 11:57:33
[2026-09-08 11:57:51] PID: 22392 | WS: 115.43 MB (dWS: 3.88 MB) | Commit: 116.91 MB (dPM: 3.75 MB) | VM: 4329.3 MB | CPU: 16968s | SysFreeVM: 104172 MB | No ckpt change
[2026-09-08 11:58:01] PID: 22392 | WS: 115.43 MB (dWS: 3.88 MB) | Commit: 116.91 MB (dPM: 3.75 MB) | VM: 4329.3 MB | CPU: 16978.2s | SysFreeVM: 104188 MB | No ckpt change
[2026-09-08 11:58:11] PID: 22392 | WS: 115.43 MB (dWS: 3.88 MB) | Commit: 116.91 MB (dPM: 3.75 MB) | VM: 4329.3 MB | CPU: 16988.3s | SysFreeVM: 104173 MB | No ckpt change
[2026-09-08 11:58:21] PID: 22392 | WS: 115.48 MB (dWS: 3.93 MB) | Commit: 116.98 MB (dPM: 3.82 MB) | VM: 4329.3 MB | CPU: 16998.5s | SysFreeVM: 104179 MB | Ckpt: 50MB at 11:58:15
[2026-09-08 11:58:31] PID: 22392 | WS: 115.48 MB (dWS: 3.93 MB) | Commit: 116.98 MB (dPM: 3.82 MB) | VM: 4329.3 MB | CPU: 17008.7s | SysFreeVM: 104203 MB | No ckpt change
[2026-09-08 11:58:42] PID: 22392 | WS: 115.48 MB (dWS: 3.93 MB) | Commit: 116.98 MB (dPM: 3.82 MB) | VM: 4329.3 MB | CPU: 17018.9s | SysFreeVM: 104198 MB | No ckpt change
[2026-09-08 11:58:52] PID: 22392 | WS: 115.48 MB (dWS: 3.93 MB) | Commit: 116.98 MB (dPM: 3.82 MB) | VM: 4329.3 MB | CPU: 17029.1s | SysFreeVM: 104209 MB | No ckpt change
[2026-09-08 11:59:02] PID: 22392 | WS: 115.49 MB (dWS: 3.94 MB) | Commit: 116.98 MB (dPM: 3.82 MB) | VM: 4329.3 MB | CPU: 17039.3s | SysFreeVM: 104202 MB | Ckpt: 50MB at 11:58:57
[2026-09-08 11:59:12] PID: 22392 | WS: 115.49 MB (dWS: 3.94 MB) | Commit: 116.98 MB (dPM: 3.82 MB) | VM: 4329.3 MB | CPU: 17049.4s | SysFreeVM: 104195 MB | No ckpt change
[2026-09-08 11:59:23] PID: 22392 | WS: 115.49 MB (dWS: 3.94 MB) | Commit: 116.98 MB (dPM: 3.82 MB) | VM: 4329.3 MB | CPU: 17059.6s | SysFreeVM: 104098 MB | No ckpt change
[2026-09-08 11:59:33] PID: 22392 | WS: 115.47 MB (dWS: 3.92 MB) | Commit: 117.04 MB (dPM: 3.88 MB) | VM: 4457.3 MB | CPU: 17069.8s | SysFreeVM: 104043 MB | No ckpt change
[2026-09-08 11:59:43] PID: 22392 | WS: 115.47 MB (dWS: 3.92 MB) | Commit: 117.04 MB (dPM: 3.88 MB) | VM: 4457.3 MB | CPU: 17080s | SysFreeVM: 104020 MB | Ckpt: 50MB at 11:59:40
[2026-09-08 11:59:53] PID: 22392 | WS: 115.47 MB (dWS: 3.92 MB) | Commit: 117.04 MB (dPM: 3.88 MB) | VM: 4457.3 MB | CPU: 17090.2s | SysFreeVM: 104023 MB | No ckpt change
[2026-09-08 12:00:04] PID: 22392 | WS: 115.47 MB (dWS: 3.92 MB) | Commit: 117.04 MB (dPM: 3.88 MB) | VM: 4457.3 MB | CPU: 17100.5s | SysFreeVM: 103991 MB | No ckpt change
[2026-09-08 12:00:14] PID: 22392 | WS: 115.47 MB (dWS: 3.92 MB) | Commit: 117.04 MB (dPM: 3.88 MB) | VM: 4457.3 MB | CPU: 17110.7s | SysFreeVM: 103948 MB | No ckpt change
[2026-09-08 12:00:24] PID: 22392 | WS: 115.47 MB (dWS: 3.92 MB) | Commit: 117.04 MB (dPM: 3.88 MB) | VM: 4457.3 MB | CPU: 17120.8s | SysFreeVM: 103997 MB | Ckpt: 50MB at 12:00:23
[2026-09-08 12:00:34] PID: 22392 | WS: 115.47 MB (dWS: 3.92 MB) | Commit: 117.04 MB (dPM: 3.88 MB) | VM: 4457.3 MB | CPU: 17131.1s | SysFreeVM: 104026 MB | No ckpt change
[2026-09-08 12:00:45] PID: 22392 | WS: 115.47 MB (dWS: 3.92 MB) | Commit: 117.04 MB (dPM: 3.88 MB) | VM: 4457.3 MB | CPU: 17141.3s | SysFreeVM: 104066 MB | No ckpt change
[2026-09-08 12:00:55] PID: 22392 | WS: 115.47 MB (dWS: 3.92 MB) | Commit: 117.04 MB (dPM: 3.88 MB) | VM: 4457.3 MB | CPU: 17151.5s | SysFreeVM: 104097 MB | No ckpt change
[2026-09-08 12:01:05] PID: 22392 | WS: 115.47 MB (dWS: 3.92 MB) | Commit: 117.04 MB (dPM: 3.88 MB) | VM: 4457.3 MB | CPU: 17161.7s | SysFreeVM: 104087 MB | Ckpt: 50MB at 12:01:05
[2026-09-08 12:01:15] PID: 22392 | WS: 115.44 MB (dWS: 3.89 MB) | Commit: 116.98 MB (dPM: 3.82 MB) | VM: 4329.3 MB | CPU: 17171.8s | SysFreeVM: 104079 MB | No ckpt change
[2026-09-08 12:01:26] PID: 22392 | WS: 115.44 MB (dWS: 3.89 MB) | Commit: 116.98 MB (dPM: 3.82 MB) | VM: 4329.3 MB | CPU: 17182s | SysFreeVM: 104118 MB | No ckpt change
[2026-09-08 12:01:36] PID: 22392 | WS: 115.44 MB (dWS: 3.89 MB) | Commit: 116.98 MB (dPM: 3.82 MB) | VM: 4329.3 MB | CPU: 17192.1s | SysFreeVM: 104091 MB | No ckpt change
[2026-09-08 12:01:46] PID: 22392 | WS: 115.44 MB (dWS: 3.89 MB) | Commit: 116.98 MB (dPM: 3.82 MB) | VM: 4329.3 MB | CPU: 17202.3s | SysFreeVM: 104147 MB | No ckpt change
[2026-09-08 12:01:56] PID: 22392 | WS: 115.44 MB (dWS: 3.89 MB) | Commit: 116.98 MB (dPM: 3.82 MB) | VM: 4329.3 MB | CPU: 17212.3s | SysFreeVM: 104145 MB | Ckpt: 50MB at 12:01:47
[2026-09-08 12:02:07] PID: 22392 | WS: 115.44 MB (dWS: 3.89 MB) | Commit: 116.98 MB (dPM: 3.82 MB) | VM: 4329.3 MB | CPU: 17222.5s | SysFreeVM: 104129 MB | No ckpt change
[2026-09-08 12:02:17] PID: 22392 | WS: 115.44 MB (dWS: 3.89 MB) | Commit: 116.98 MB (dPM: 3.82 MB) | VM: 4329.3 MB | CPU: 17232.6s | SysFreeVM: 104138 MB | No ckpt change
[2026-09-08 12:02:27] PID: 22392 | WS: 115.44 MB (dWS: 3.89 MB) | Commit: 116.98 MB (dPM: 3.82 MB) | VM: 4329.3 MB | CPU: 17242.8s | SysFreeVM: 104140 MB | No ckpt change
[2026-09-08 12:02:37] PID: 22392 | WS: 115.44 MB (dWS: 3.89 MB) | Commit: 116.98 MB (dPM: 3.82 MB) | VM: 4329.3 MB | CPU: 17253s | SysFreeVM: 104097 MB | Ckpt: 50MB at 12:02:29
[2026-09-08 12:02:48] PID: 22392 | WS: 115.44 MB (dWS: 3.89 MB) | Commit: 116.98 MB (dPM: 3.82 MB) | VM: 4329.3 MB | CPU: 17263.2s | SysFreeVM: 104127 MB | No ckpt change
[2026-09-08 12:02:58] PID: 22392 | WS: 115.44 MB (dWS: 3.89 MB) | Commit: 116.98 MB (dPM: 3.82 MB) | VM: 4329.3 MB | CPU: 17273.3s | SysFreeVM: 104119 MB | No ckpt change
[2026-09-08 12:03:08] PID: 22392 | WS: 115.44 MB (dWS: 3.89 MB) | Commit: 116.98 MB (dPM: 3.82 MB) | VM: 4329.3 MB | CPU: 17283.5s | SysFreeVM: 104171 MB | No ckpt change
[2026-09-08 12:03:18] PID: 22392 | WS: 115.44 MB (dWS: 3.89 MB) | Commit: 116.98 MB (dPM: 3.82 MB) | VM: 4329.3 MB | CPU: 17293.6s | SysFreeVM: 104135 MB | Ckpt: 50MB at 12:03:11
[2026-09-08 12:03:28] PID: 22392 | WS: 115.44 MB (dWS: 3.89 MB) | Commit: 116.98 MB (dPM: 3.82 MB) | VM: 4329.3 MB | CPU: 17303.8s | SysFreeVM: 104132 MB | No ckpt change
[2026-09-08 12:03:39] PID: 22392 | WS: 115.44 MB (dWS: 3.89 MB) | Commit: 116.98 MB (dPM: 3.82 MB) | VM: 4329.3 MB | CPU: 17313.9s | SysFreeVM: 104124 MB | No ckpt change
[2026-09-08 12:03:49] PID: 22392 | WS: 115.44 MB (dWS: 3.89 MB) | Commit: 116.98 MB (dPM: 3.82 MB) | VM: 4329.3 MB | CPU: 17324.1s | SysFreeVM: 104133 MB | No ckpt change
[2026-09-08 12:03:59] PID: 22392 | WS: 115.44 MB (dWS: 3.89 MB) | Commit: 116.98 MB (dPM: 3.82 MB) | VM: 4329.3 MB | CPU: 17334.3s | SysFreeVM: 104122 MB | Ckpt: 50MB at 12:03:54
[2026-09-08 12:04:09] PID: 22392 | WS: 115.44 MB (dWS: 3.89 MB) | Commit: 116.98 MB (dPM: 3.82 MB) | VM: 4329.3 MB | CPU: 17344.5s | SysFreeVM: 104129 MB | No ckpt change
[2026-09-08 12:04:20] PID: 22392 | WS: 115.44 MB (dWS: 3.89 MB) | Commit: 116.98 MB (dPM: 3.82 MB) | VM: 4329.3 MB | CPU: 17354.6s | SysFreeVM: 104132 MB | No ckpt change
[2026-09-08 12:04:30] PID: 22392 | WS: 115.44 MB (dWS: 3.89 MB) | Commit: 116.98 MB (dPM: 3.82 MB) | VM: 4329.3 MB | CPU: 17364.7s | SysFreeVM: 104142 MB | No ckpt change
[2026-09-08 12:04:40] PID: 22392 | WS: 115.44 MB (dWS: 3.89 MB) | Commit: 116.98 MB (dPM: 3.82 MB) | VM: 4329.3 MB | CPU: 17374.8s | SysFreeVM: 104129 MB | Ckpt: 50MB at 12:04:36
[2026-09-08 12:04:51] PID: 22392 | WS: 115.44 MB (dWS: 3.89 MB) | Commit: 116.98 MB (dPM: 3.82 MB) | VM: 4329.3 MB | CPU: 17385s | SysFreeVM: 104118 MB | No ckpt change
[2026-09-08 12:05:01] PID: 22392 | WS: 115.44 MB (dWS: 3.89 MB) | Commit: 116.98 MB (dPM: 3.82 MB) | VM: 4329.3 MB | CPU: 17395.1s | SysFreeVM: 104138 MB | No ckpt change
[2026-09-08 12:05:11] PID: 22392 | WS: 115.44 MB (dWS: 3.89 MB) | Commit: 116.98 MB (dPM: 3.82 MB) | VM: 4329.3 MB | CPU: 17405.3s | SysFreeVM: 104100 MB | No ckpt change
[2026-09-08 12:05:21] PID: 22392 | WS: 115.44 MB (dWS: 3.89 MB) | Commit: 116.98 MB (dPM: 3.82 MB) | VM: 4329.3 MB | CPU: 17415.4s | SysFreeVM: 104093 MB | Ckpt: 50MB at 12:05:18
[2026-09-08 12:05:31] PID: 22392 | WS: 115.44 MB (dWS: 3.89 MB) | Commit: 116.98 MB (dPM: 3.82 MB) | VM: 4329.3 MB | CPU: 17425.6s | SysFreeVM: 104137 MB | No ckpt change
[2026-09-08 12:05:42] PID: 22392 | WS: 115.44 MB (dWS: 3.89 MB) | Commit: 116.98 MB (dPM: 3.82 MB) | VM: 4329.3 MB | CPU: 17435.7s | SysFreeVM: 104152 MB | No ckpt change
[2026-09-08 12:05:52] PID: 22392 | WS: 115.44 MB (dWS: 3.89 MB) | Commit: 116.98 MB (dPM: 3.82 MB) | VM: 4329.3 MB | CPU: 17445.9s | SysFreeVM: 104150 MB | No ckpt change
[2026-09-08 12:06:02] PID: 22392 | WS: 115.44 MB (dWS: 3.89 MB) | Commit: 116.98 MB (dPM: 3.82 MB) | VM: 4329.3 MB | CPU: 17456s | SysFreeVM: 104149 MB | Ckpt: 50MB at 12:06:00
[2026-09-08 12:06:12] PID: 22392 | WS: 115.44 MB (dWS: 3.89 MB) | Commit: 116.98 MB (dPM: 3.82 MB) | VM: 4329.3 MB | CPU: 17466.2s | SysFreeVM: 104141 MB | No ckpt change
[2026-09-08 12:06:23] PID: 22392 | WS: 115.44 MB (dWS: 3.89 MB) | Commit: 116.98 MB (dPM: 3.82 MB) | VM: 4329.3 MB | CPU: 17476.4s | SysFreeVM: 104141 MB | No ckpt change
[2026-09-08 12:06:33] PID: 22392 | WS: 115.44 MB (dWS: 3.89 MB) | Commit: 116.98 MB (dPM: 3.82 MB) | VM: 4329.3 MB | CPU: 17486.6s | SysFreeVM: 104120 MB | No ckpt change
[2026-09-08 12:06:43] PID: 22392 | WS: 115.45 MB (dWS: 3.9 MB) | Commit: 116.98 MB (dPM: 3.82 MB) | VM: 4329.3 MB | CPU: 17496.8s | SysFreeVM: 104185 MB | Ckpt: 50MB at 12:06:42
[2026-09-08 12:06:53] PID: 22392 | WS: 115.45 MB (dWS: 3.9 MB) | Commit: 116.98 MB (dPM: 3.82 MB) | VM: 4329.3 MB | CPU: 17507s | SysFreeVM: 104167 MB | No ckpt change
[2026-09-08 12:07:04] PID: 22392 | WS: 115.45 MB (dWS: 3.9 MB) | Commit: 116.98 MB (dPM: 3.82 MB) | VM: 4329.3 MB | CPU: 17517.1s | SysFreeVM: 104172 MB | No ckpt change
[2026-09-08 12:07:14] PID: 22392 | WS: 115.45 MB (dWS: 3.9 MB) | Commit: 116.98 MB (dPM: 3.82 MB) | VM: 4329.3 MB | CPU: 17527.2s | SysFreeVM: 104168 MB | No ckpt change
[2026-09-08 12:07:24] PID: 22392 | WS: 115.45 MB (dWS: 3.9 MB) | Commit: 116.98 MB (dPM: 3.82 MB) | VM: 4329.3 MB | CPU: 17537.5s | SysFreeVM: 104158 MB | No ckpt change
[2026-09-08 12:07:34] PID: 22392 | WS: 115.45 MB (dWS: 3.9 MB) | Commit: 116.98 MB (dPM: 3.82 MB) | VM: 4329.3 MB | CPU: 17547.6s | SysFreeVM: 104165 MB | Ckpt: 50MB at 12:07:24
[2026-09-08 12:07:45] PID: 22392 | WS: 115.45 MB (dWS: 3.9 MB) | Commit: 116.98 MB (dPM: 3.82 MB) | VM: 4329.3 MB | CPU: 17557.8s | SysFreeVM: 104150 MB | No ckpt change
[2026-09-08 12:07:55] PID: 22392 | WS: 115.45 MB (dWS: 3.9 MB) | Commit: 116.98 MB (dPM: 3.82 MB) | VM: 4329.3 MB | CPU: 17568s | SysFreeVM: 104136 MB | No ckpt change
[2026-09-08 12:08:05] PID: 22392 | WS: 115.45 MB (dWS: 3.9 MB) | Commit: 116.98 MB (dPM: 3.82 MB) | VM: 4329.3 MB | CPU: 17578.2s | SysFreeVM: 104175 MB | No ckpt change
[2026-09-08 12:08:15] PID: 22392 | WS: 115.51 MB (dWS: 3.96 MB) | Commit: 117.04 MB (dPM: 3.88 MB) | VM: 4329.3 MB | CPU: 17588.4s | SysFreeVM: 104170 MB | Ckpt: 50MB at 12:08:06
[2026-09-08 12:08:26] PID: 22392 | WS: 115.51 MB (dWS: 3.96 MB) | Commit: 117.04 MB (dPM: 3.88 MB) | VM: 4329.3 MB | CPU: 17598.5s | SysFreeVM: 104160 MB | No ckpt change
[2026-09-08 12:08:36] PID: 22392 | WS: 115.51 MB (dWS: 3.96 MB) | Commit: 117.04 MB (dPM: 3.88 MB) | VM: 4329.3 MB | CPU: 17608.7s | SysFreeVM: 104139 MB | No ckpt change
[2026-09-08 12:08:46] PID: 22392 | WS: 115.51 MB (dWS: 3.96 MB) | Commit: 117.04 MB (dPM: 3.88 MB) | VM: 4329.3 MB | CPU: 17618.8s | SysFreeVM: 104146 MB | No ckpt change
[2026-09-08 12:08:56] PID: 22392 | WS: 115.51 MB (dWS: 3.96 MB) | Commit: 117.04 MB (dPM: 3.88 MB) | VM: 4329.3 MB | CPU: 17629s | SysFreeVM: 104125 MB | Ckpt: 50MB at 12:08:49
[2026-09-08 12:09:07] PID: 22392 | WS: 115.51 MB (dWS: 3.96 MB) | Commit: 117.04 MB (dPM: 3.88 MB) | VM: 4329.3 MB | CPU: 17639.2s | SysFreeVM: 104183 MB | No ckpt change
[2026-09-08 12:09:17] PID: 22392 | WS: 115.51 MB (dWS: 3.96 MB) | Commit: 117.04 MB (dPM: 3.88 MB) | VM: 4329.3 MB | CPU: 17649.4s | SysFreeVM: 104192 MB | No ckpt change
[2026-09-08 12:09:27] PID: 22392 | WS: 115.51 MB (dWS: 3.96 MB) | Commit: 117.04 MB (dPM: 3.88 MB) | VM: 4329.3 MB | CPU: 17659.6s | SysFreeVM: 104151 MB | No ckpt change
[2026-09-08 12:09:37] PID: 22392 | WS: 115.54 MB (dWS: 3.99 MB) | Commit: 117.04 MB (dPM: 3.88 MB) | VM: 4329.3 MB | CPU: 17669.7s | SysFreeVM: 104157 MB | Ckpt: 50MB at 12:09:31
[2026-09-08 12:09:48] PID: 22392 | WS: 115.54 MB (dWS: 3.99 MB) | Commit: 117.04 MB (dPM: 3.88 MB) | VM: 4329.3 MB | CPU: 17679.9s | SysFreeVM: 104151 MB | No ckpt change
[2026-09-08 12:09:58] PID: 22392 | WS: 115.54 MB (dWS: 3.99 MB) | Commit: 117.04 MB (dPM: 3.88 MB) | VM: 4329.3 MB | CPU: 17690.1s | SysFreeVM: 104145 MB | No ckpt change
[2026-09-08 12:10:08] PID: 22392 | WS: 115.54 MB (dWS: 3.99 MB) | Commit: 117.04 MB (dPM: 3.88 MB) | VM: 4329.3 MB | CPU: 17700.2s | SysFreeVM: 104145 MB | No ckpt change
[2026-09-08 12:10:18] PID: 22392 | WS: 115.54 MB (dWS: 3.99 MB) | Commit: 117.04 MB (dPM: 3.88 MB) | VM: 4329.3 MB | CPU: 17710.4s | SysFreeVM: 104154 MB | Ckpt: 50MB at 12:10:13
[2026-09-08 12:10:28] PID: 22392 | WS: 115.54 MB (dWS: 3.99 MB) | Commit: 117.04 MB (dPM: 3.88 MB) | VM: 4329.3 MB | CPU: 17720.5s | SysFreeVM: 104210 MB | No ckpt change
[2026-09-08 12:10:39] PID: 22392 | WS: 115.54 MB (dWS: 3.99 MB) | Commit: 117.04 MB (dPM: 3.88 MB) | VM: 4329.3 MB | CPU: 17730.7s | SysFreeVM: 104221 MB | No ckpt change
[2026-09-08 12:10:49] PID: 22392 | WS: 115.54 MB (dWS: 3.99 MB) | Commit: 117.04 MB (dPM: 3.88 MB) | VM: 4329.3 MB | CPU: 17741s | SysFreeVM: 104218 MB | No ckpt change
[2026-09-08 12:10:59] PID: 22392 | WS: 115.54 MB (dWS: 3.99 MB) | Commit: 117.04 MB (dPM: 3.88 MB) | VM: 4329.3 MB | CPU: 17751.1s | SysFreeVM: 104195 MB | Ckpt: 50MB at 12:10:55
[2026-09-08 12:11:09] PID: 22392 | WS: 115.54 MB (dWS: 3.99 MB) | Commit: 117.04 MB (dPM: 3.88 MB) | VM: 4329.3 MB | CPU: 17761.2s | SysFreeVM: 104193 MB | No ckpt change
[2026-09-08 12:11:20] PID: 22392 | WS: 115.54 MB (dWS: 3.99 MB) | Commit: 117.04 MB (dPM: 3.88 MB) | VM: 4329.3 MB | CPU: 17771.4s | SysFreeVM: 104190 MB | No ckpt change
[2026-09-08 12:11:30] PID: 22392 | WS: 115.54 MB (dWS: 3.99 MB) | Commit: 117.04 MB (dPM: 3.88 MB) | VM: 4329.3 MB | CPU: 17781.5s | SysFreeVM: 104179 MB | No ckpt change
[2026-09-08 12:11:40] PID: 22392 | WS: 115.54 MB (dWS: 3.99 MB) | Commit: 117.04 MB (dPM: 3.88 MB) | VM: 4329.3 MB | CPU: 17791.7s | SysFreeVM: 104194 MB | Ckpt: 50MB at 12:11:38
[2026-09-08 12:11:50] PID: 22392 | WS: 115.54 MB (dWS: 3.99 MB) | Commit: 117.04 MB (dPM: 3.88 MB) | VM: 4329.3 MB | CPU: 17801.9s | SysFreeVM: 104216 MB | No ckpt change
[2026-09-08 12:12:01] PID: 22392 | WS: 115.54 MB (dWS: 3.99 MB) | Commit: 117.04 MB (dPM: 3.88 MB) | VM: 4329.3 MB | CPU: 17812.1s | SysFreeVM: 104182 MB | No ckpt change
[2026-09-08 12:12:11] PID: 22392 | WS: 115.54 MB (dWS: 3.99 MB) | Commit: 117.04 MB (dPM: 3.88 MB) | VM: 4329.3 MB | CPU: 17822.3s | SysFreeVM: 104208 MB | No ckpt change
[2026-09-08 12:12:21] PID: 22392 | WS: 115.56 MB (dWS: 4.01 MB) | Commit: 117.11 MB (dPM: 3.95 MB) | VM: 4329.3 MB | CPU: 17832.4s | SysFreeVM: 104179 MB | Ckpt: 50MB at 12:12:20
[2026-09-08 12:12:31] PID: 22392 | WS: 115.56 MB (dWS: 4.01 MB) | Commit: 117.11 MB (dPM: 3.95 MB) | VM: 4329.3 MB | CPU: 17842.7s | SysFreeVM: 104193 MB | No ckpt change
[2026-09-08 12:12:42] PID: 22392 | WS: 115.56 MB (dWS: 4.01 MB) | Commit: 117.11 MB (dPM: 3.95 MB) | VM: 4329.3 MB | CPU: 17852.9s | SysFreeVM: 104230 MB | No ckpt change
[2026-09-08 12:12:52] PID: 22392 | WS: 115.56 MB (dWS: 4.01 MB) | Commit: 117.11 MB (dPM: 3.95 MB) | VM: 4329.3 MB | CPU: 17863s | SysFreeVM: 104228 MB | No ckpt change
[2026-09-08 12:13:02] PID: 22392 | WS: 115.56 MB (dWS: 4.01 MB) | Commit: 117.11 MB (dPM: 3.95 MB) | VM: 4329.3 MB | CPU: 17873.2s | SysFreeVM: 104220 MB | Ckpt: 50MB at 12:13:02
[2026-09-08 12:13:12] PID: 22392 | WS: 115.56 MB (dWS: 4.01 MB) | Commit: 117.11 MB (dPM: 3.95 MB) | VM: 4329.3 MB | CPU: 17883.3s | SysFreeVM: 104202 MB | No ckpt change
[2026-09-08 12:13:23] PID: 22392 | WS: 115.56 MB (dWS: 4.01 MB) | Commit: 117.11 MB (dPM: 3.95 MB) | VM: 4329.3 MB | CPU: 17893.5s | SysFreeVM: 104194 MB | No ckpt change
[2026-09-08 12:13:33] PID: 22392 | WS: 115.56 MB (dWS: 4.01 MB) | Commit: 117.11 MB (dPM: 3.95 MB) | VM: 4329.3 MB | CPU: 17903.6s | SysFreeVM: 104169 MB | No ckpt change
[2026-09-08 12:13:43] PID: 22392 | WS: 115.56 MB (dWS: 4.01 MB) | Commit: 117.11 MB (dPM: 3.95 MB) | VM: 4329.3 MB | CPU: 17913.9s | SysFreeVM: 104168 MB | No ckpt change
[2026-09-08 12:13:53] PID: 22392 | WS: 115.58 MB (dWS: 4.03 MB) | Commit: 117.11 MB (dPM: 3.95 MB) | VM: 4329.3 MB | CPU: 17924s | SysFreeVM: 104195 MB | Ckpt: 50MB at 12:13:44
[2026-09-08 12:14:04] PID: 22392 | WS: 115.58 MB (dWS: 4.03 MB) | Commit: 117.11 MB (dPM: 3.95 MB) | VM: 4329.3 MB | CPU: 17934.2s | SysFreeVM: 104208 MB | No ckpt change
[2026-09-08 12:14:14] PID: 22392 | WS: 115.58 MB (dWS: 4.03 MB) | Commit: 117.11 MB (dPM: 3.95 MB) | VM: 4329.3 MB | CPU: 17944.3s | SysFreeVM: 104238 MB | No ckpt change
[2026-09-08 12:14:24] PID: 22392 | WS: 115.58 MB (dWS: 4.03 MB) | Commit: 117.11 MB (dPM: 3.95 MB) | VM: 4329.3 MB | CPU: 17954.5s | SysFreeVM: 104217 MB | No ckpt change
[2026-09-08 12:14:34] PID: 22392 | WS: 115.59 MB (dWS: 4.04 MB) | Commit: 117.14 MB (dPM: 3.98 MB) | VM: 4393.3 MB | CPU: 17964.7s | SysFreeVM: 104153 MB | Ckpt: 50MB at 12:14:26
[2026-09-08 12:14:45] PID: 22392 | WS: 115.59 MB (dWS: 4.04 MB) | Commit: 117.14 MB (dPM: 3.98 MB) | VM: 4393.3 MB | CPU: 17974.9s | SysFreeVM: 104162 MB | No ckpt change
[2026-09-08 12:14:55] PID: 22392 | WS: 115.59 MB (dWS: 4.04 MB) | Commit: 117.14 MB (dPM: 3.98 MB) | VM: 4393.3 MB | CPU: 17985s | SysFreeVM: 104164 MB | No ckpt change
[2026-09-08 12:15:05] PID: 22392 | WS: 115.59 MB (dWS: 4.04 MB) | Commit: 117.14 MB (dPM: 3.98 MB) | VM: 4393.3 MB | CPU: 17995.1s | SysFreeVM: 104145 MB | No ckpt change
[2026-09-08 12:15:15] PID: 22392 | WS: 115.6 MB (dWS: 4.05 MB) | Commit: 117.14 MB (dPM: 3.98 MB) | VM: 4393.3 MB | CPU: 18005.3s | SysFreeVM: 104205 MB | Ckpt: 50MB at 12:15:09
[2026-09-08 12:15:26] PID: 22392 | WS: 115.6 MB (dWS: 4.05 MB) | Commit: 117.14 MB (dPM: 3.98 MB) | VM: 4393.3 MB | CPU: 18015.6s | SysFreeVM: 104211 MB | No ckpt change
[2026-09-08 12:15:36] PID: 22392 | WS: 115.6 MB (dWS: 4.05 MB) | Commit: 117.14 MB (dPM: 3.98 MB) | VM: 4393.3 MB | CPU: 18025.8s | SysFreeVM: 104205 MB | No ckpt change
[2026-09-08 12:15:46] PID: 22392 | WS: 115.58 MB (dWS: 4.03 MB) | Commit: 117.11 MB (dPM: 3.95 MB) | VM: 4329.3 MB | CPU: 18036s | SysFreeVM: 104197 MB | No ckpt change
[2026-09-08 12:15:56] PID: 22392 | WS: 115.58 MB (dWS: 4.03 MB) | Commit: 117.11 MB (dPM: 3.95 MB) | VM: 4329.3 MB | CPU: 18046.1s | SysFreeVM: 104182 MB | Ckpt: 50MB at 12:15:51
[2026-09-08 12:16:07] PID: 22392 | WS: 115.58 MB (dWS: 4.03 MB) | Commit: 117.11 MB (dPM: 3.95 MB) | VM: 4329.3 MB | CPU: 18056.3s | SysFreeVM: 104180 MB | No ckpt change
[2026-09-08 12:16:17] PID: 22392 | WS: 115.58 MB (dWS: 4.03 MB) | Commit: 117.11 MB (dPM: 3.95 MB) | VM: 4329.3 MB | CPU: 18066.5s | SysFreeVM: 104187 MB | No ckpt change
[2026-09-08 12:16:27] PID: 22392 | WS: 115.58 MB (dWS: 4.03 MB) | Commit: 117.11 MB (dPM: 3.95 MB) | VM: 4329.3 MB | CPU: 18076.6s | SysFreeVM: 104243 MB | No ckpt change
[2026-09-08 12:16:37] PID: 22392 | WS: 115.58 MB (dWS: 4.03 MB) | Commit: 117.11 MB (dPM: 3.95 MB) | VM: 4329.3 MB | CPU: 18086.7s | SysFreeVM: 104236 MB | Ckpt: 50MB at 12:16:33
[2026-09-08 12:16:48] PID: 22392 | WS: 115.58 MB (dWS: 4.03 MB) | Commit: 117.11 MB (dPM: 3.95 MB) | VM: 4329.3 MB | CPU: 18096.9s | SysFreeVM: 104243 MB | No ckpt change
[2026-09-08 12:16:58] PID: 22392 | WS: 115.58 MB (dWS: 4.03 MB) | Commit: 117.11 MB (dPM: 3.95 MB) | VM: 4329.3 MB | CPU: 18107.1s | SysFreeVM: 104234 MB | No ckpt change
[2026-09-08 12:17:08] PID: 22392 | WS: 115.58 MB (dWS: 4.03 MB) | Commit: 117.11 MB (dPM: 3.95 MB) | VM: 4329.3 MB | CPU: 18117.3s | SysFreeVM: 104197 MB | No ckpt change
[2026-09-08 12:17:18] PID: 22392 | WS: 115.58 MB (dWS: 4.03 MB) | Commit: 117.11 MB (dPM: 3.95 MB) | VM: 4329.3 MB | CPU: 18127.4s | SysFreeVM: 104157 MB | Ckpt: 50MB at 12:17:15
[2026-09-08 12:17:29] PID: 22392 | WS: 115.58 MB (dWS: 4.03 MB) | Commit: 117.11 MB (dPM: 3.95 MB) | VM: 4329.3 MB | CPU: 18137.7s | SysFreeVM: 104195 MB | No ckpt change
[2026-09-08 12:17:39] PID: 22392 | WS: 115.58 MB (dWS: 4.03 MB) | Commit: 117.11 MB (dPM: 3.95 MB) | VM: 4329.3 MB | CPU: 18147.8s | SysFreeVM: 104185 MB | No ckpt change
[2026-09-08 12:17:49] PID: 22392 | WS: 115.58 MB (dWS: 4.03 MB) | Commit: 117.11 MB (dPM: 3.95 MB) | VM: 4329.3 MB | CPU: 18158s | SysFreeVM: 104227 MB | No ckpt change
[2026-09-08 12:17:59] PID: 22392 | WS: 115.58 MB (dWS: 4.03 MB) | Commit: 117.11 MB (dPM: 3.95 MB) | VM: 4329.3 MB | CPU: 18168.1s | SysFreeVM: 104223 MB | Ckpt: 50MB at 12:17:57
[2026-09-08 12:18:09] PID: 22392 | WS: 115.58 MB (dWS: 4.03 MB) | Commit: 117.11 MB (dPM: 3.95 MB) | VM: 4329.3 MB | CPU: 18178.3s | SysFreeVM: 104221 MB | No ckpt change
[2026-09-08 12:18:20] PID: 22392 | WS: 115.58 MB (dWS: 4.03 MB) | Commit: 117.11 MB (dPM: 3.95 MB) | VM: 4329.3 MB | CPU: 18188.4s | SysFreeVM: 104194 MB | No ckpt change
[2026-09-08 12:18:30] PID: 22392 | WS: 115.58 MB (dWS: 4.03 MB) | Commit: 117.11 MB (dPM: 3.95 MB) | VM: 4329.3 MB | CPU: 18198.6s | SysFreeVM: 104199 MB | No ckpt change
[2026-09-08 12:18:40] PID: 22392 | WS: 115.58 MB (dWS: 4.03 MB) | Commit: 117.11 MB (dPM: 3.95 MB) | VM: 4329.3 MB | CPU: 18208.8s | SysFreeVM: 104167 MB | Ckpt: 50MB at 12:18:39
[2026-09-08 12:18:50] PID: 22392 | WS: 115.58 MB (dWS: 4.03 MB) | Commit: 117.11 MB (dPM: 3.95 MB) | VM: 4329.3 MB | CPU: 18219s | SysFreeVM: 104219 MB | No ckpt change
[2026-09-08 12:19:01] PID: 22392 | WS: 115.58 MB (dWS: 4.03 MB) | Commit: 117.11 MB (dPM: 3.95 MB) | VM: 4329.3 MB | CPU: 18229.2s | SysFreeVM: 104194 MB | No ckpt change
[2026-09-08 12:19:11] PID: 22392 | WS: 115.58 MB (dWS: 4.03 MB) | Commit: 117.11 MB (dPM: 3.95 MB) | VM: 4329.3 MB | CPU: 18239.4s | SysFreeVM: 104248 MB | No ckpt change
[2026-09-08 12:19:21] PID: 22392 | WS: 115.58 MB (dWS: 4.03 MB) | Commit: 117.11 MB (dPM: 3.95 MB) | VM: 4329.3 MB | CPU: 18249.6s | SysFreeVM: 104224 MB | No ckpt change
[2026-09-08 12:19:31] PID: 22392 | WS: 115.58 MB (dWS: 4.03 MB) | Commit: 117.11 MB (dPM: 3.95 MB) | VM: 4329.3 MB | CPU: 18259.7s | SysFreeVM: 104236 MB | Ckpt: 50MB at 12:19:22
[2026-09-08 12:19:42] PID: 22392 | WS: 115.58 MB (dWS: 4.03 MB) | Commit: 117.11 MB (dPM: 3.95 MB) | VM: 4329.3 MB | CPU: 18269.9s | SysFreeVM: 104205 MB | No ckpt change
[2026-09-08 12:19:52] PID: 22392 | WS: 115.58 MB (dWS: 4.03 MB) | Commit: 117.11 MB (dPM: 3.95 MB) | VM: 4329.3 MB | CPU: 18280.1s | SysFreeVM: 104214 MB | No ckpt change
[2026-09-08 12:20:02] PID: 22392 | WS: 115.58 MB (dWS: 4.03 MB) | Commit: 117.11 MB (dPM: 3.95 MB) | VM: 4329.3 MB | CPU: 18290.2s | SysFreeVM: 104232 MB | No ckpt change
[2026-09-08 12:20:12] PID: 22392 | WS: 115.58 MB (dWS: 4.03 MB) | Commit: 117.11 MB (dPM: 3.95 MB) | VM: 4329.3 MB | CPU: 18300.3s | SysFreeVM: 104222 MB | Ckpt: 50MB at 12:20:04
[2026-09-08 12:20:23] PID: 22392 | WS: 115.58 MB (dWS: 4.03 MB) | Commit: 117.11 MB (dPM: 3.95 MB) | VM: 4329.3 MB | CPU: 18310.5s | SysFreeVM: 104262 MB | No ckpt change
[2026-09-08 12:20:33] PID: 22392 | WS: 115.58 MB (dWS: 4.03 MB) | Commit: 117.11 MB (dPM: 3.95 MB) | VM: 4329.3 MB | CPU: 18320.7s | SysFreeVM: 104257 MB | No ckpt change
[2026-09-08 12:20:43] PID: 22392 | WS: 115.58 MB (dWS: 4.03 MB) | Commit: 117.11 MB (dPM: 3.95 MB) | VM: 4329.3 MB | CPU: 18330.9s | SysFreeVM: 104240 MB | No ckpt change
[2026-09-08 12:20:53] PID: 22392 | WS: 115.69 MB (dWS: 4.14 MB) | Commit: 117.24 MB (dPM: 4.08 MB) | VM: 4329.3 MB | CPU: 18341s | SysFreeVM: 104219 MB | Ckpt: 50MB at 12:20:46
[2026-09-08 12:21:04] PID: 22392 | WS: 115.69 MB (dWS: 4.14 MB) | Commit: 117.24 MB (dPM: 4.08 MB) | VM: 4329.3 MB | CPU: 18351.1s | SysFreeVM: 104200 MB | No ckpt change
[2026-09-08 12:21:14] PID: 22392 | WS: 115.69 MB (dWS: 4.14 MB) | Commit: 117.24 MB (dPM: 4.08 MB) | VM: 4329.3 MB | CPU: 18361.3s | SysFreeVM: 104245 MB | No ckpt change
[2026-09-08 12:21:24] PID: 22392 | WS: 115.69 MB (dWS: 4.14 MB) | Commit: 117.24 MB (dPM: 4.08 MB) | VM: 4329.3 MB | CPU: 18371.5s | SysFreeVM: 104211 MB | No ckpt change
[2026-09-08 12:21:34] PID: 22392 | WS: 115.69 MB (dWS: 4.14 MB) | Commit: 117.24 MB (dPM: 4.08 MB) | VM: 4329.3 MB | CPU: 18381.7s | SysFreeVM: 104189 MB | Ckpt: 50MB at 12:21:28
[2026-09-08 12:21:45] PID: 22392 | WS: 115.69 MB (dWS: 4.14 MB) | Commit: 117.24 MB (dPM: 4.08 MB) | VM: 4329.3 MB | CPU: 18391.8s | SysFreeVM: 104235 MB | No ckpt change
[2026-09-08 12:21:55] PID: 22392 | WS: 115.69 MB (dWS: 4.14 MB) | Commit: 117.24 MB (dPM: 4.08 MB) | VM: 4329.3 MB | CPU: 18402s | SysFreeVM: 104255 MB | No ckpt change
[2026-09-08 12:22:05] PID: 22392 | WS: 115.69 MB (dWS: 4.14 MB) | Commit: 117.24 MB (dPM: 4.08 MB) | VM: 4329.3 MB | CPU: 18412.2s | SysFreeVM: 104257 MB | No ckpt change
[2026-09-08 12:22:15] PID: 22392 | WS: 115.69 MB (dWS: 4.14 MB) | Commit: 117.24 MB (dPM: 4.08 MB) | VM: 4329.3 MB | CPU: 18422.3s | SysFreeVM: 104230 MB | Ckpt: 50MB at 12:22:10
[2026-09-08 12:22:25] PID: 22392 | WS: 115.69 MB (dWS: 4.14 MB) | Commit: 117.24 MB (dPM: 4.08 MB) | VM: 4329.3 MB | CPU: 18432.5s | SysFreeVM: 104218 MB | No ckpt change
[2026-09-08 12:22:36] PID: 22392 | WS: 115.69 MB (dWS: 4.14 MB) | Commit: 117.24 MB (dPM: 4.08 MB) | VM: 4329.3 MB | CPU: 18442.6s | SysFreeVM: 104213 MB | No ckpt change
[2026-09-08 12:22:46] PID: 22392 | WS: 115.69 MB (dWS: 4.14 MB) | Commit: 117.24 MB (dPM: 4.08 MB) | VM: 4329.3 MB | CPU: 18452.7s | SysFreeVM: 104211 MB | No ckpt change
[2026-09-08 12:22:56] PID: 22392 | WS: 115.69 MB (dWS: 4.14 MB) | Commit: 117.24 MB (dPM: 4.08 MB) | VM: 4329.3 MB | CPU: 18462.8s | SysFreeVM: 104207 MB | Ckpt: 50MB at 12:22:53
[2026-09-08 12:23:06] PID: 22392 | WS: 115.69 MB (dWS: 4.14 MB) | Commit: 117.24 MB (dPM: 4.08 MB) | VM: 4329.3 MB | CPU: 18473s | SysFreeVM: 104197 MB | No ckpt change
[2026-09-08 12:23:17] PID: 22392 | WS: 115.69 MB (dWS: 4.14 MB) | Commit: 117.24 MB (dPM: 4.08 MB) | VM: 4329.3 MB | CPU: 18483.1s | SysFreeVM: 104164 MB | No ckpt change
[2026-09-08 12:23:27] PID: 22392 | WS: 115.69 MB (dWS: 4.14 MB) | Commit: 117.24 MB (dPM: 4.08 MB) | VM: 4329.3 MB | CPU: 18493.3s | SysFreeVM: 104103 MB | No ckpt change
[2026-09-08 12:23:37] PID: 22392 | WS: 115.69 MB (dWS: 4.14 MB) | Commit: 117.24 MB (dPM: 4.08 MB) | VM: 4329.3 MB | CPU: 18503.5s | SysFreeVM: 104039 MB | Ckpt: 50MB at 12:23:35
[2026-09-08 12:23:47] PID: 22392 | WS: 115.69 MB (dWS: 4.14 MB) | Commit: 117.24 MB (dPM: 4.08 MB) | VM: 4329.3 MB | CPU: 18513.7s | SysFreeVM: 104088 MB | No ckpt change
[2026-09-08 12:23:58] PID: 22392 | WS: 115.69 MB (dWS: 4.14 MB) | Commit: 117.24 MB (dPM: 4.08 MB) | VM: 4329.3 MB | CPU: 18524s | SysFreeVM: 104095 MB | No ckpt change
[2026-09-08 12:24:08] PID: 22392 | WS: 115.69 MB (dWS: 4.14 MB) | Commit: 117.24 MB (dPM: 4.08 MB) | VM: 4329.3 MB | CPU: 18534.2s | SysFreeVM: 104122 MB | No ckpt change
[2026-09-08 12:24:18] PID: 22392 | WS: 115.77 MB (dWS: 4.22 MB) | Commit: 117.3 MB (dPM: 4.14 MB) | VM: 4329.3 MB | CPU: 18544.5s | SysFreeVM: 104106 MB | Ckpt: 50MB at 12:24:18
[2026-09-08 12:24:28] PID: 22392 | WS: 115.77 MB (dWS: 4.22 MB) | Commit: 117.3 MB (dPM: 4.14 MB) | VM: 4329.3 MB | CPU: 18554.6s | SysFreeVM: 104176 MB | No ckpt change
[2026-09-08 12:24:39] PID: 22392 | WS: 115.77 MB (dWS: 4.22 MB) | Commit: 117.3 MB (dPM: 4.14 MB) | VM: 4329.3 MB | CPU: 18564.8s | SysFreeVM: 104168 MB | No ckpt change
[2026-09-08 12:24:49] PID: 22392 | WS: 115.77 MB (dWS: 4.22 MB) | Commit: 117.3 MB (dPM: 4.14 MB) | VM: 4329.3 MB | CPU: 18575s | SysFreeVM: 104168 MB | No ckpt change
[2026-09-08 12:24:59] PID: 22392 | WS: 115.77 MB (dWS: 4.22 MB) | Commit: 117.3 MB (dPM: 4.14 MB) | VM: 4329.3 MB | CPU: 18585.2s | SysFreeVM: 104160 MB | No ckpt change
[2026-09-08 12:25:09] PID: 22392 | WS: 115.77 MB (dWS: 4.22 MB) | Commit: 117.3 MB (dPM: 4.14 MB) | VM: 4329.3 MB | CPU: 18595.3s | SysFreeVM: 104165 MB | Ckpt: 50MB at 12:25:00
[2026-09-08 12:25:20] PID: 22392 | WS: 115.77 MB (dWS: 4.22 MB) | Commit: 117.3 MB (dPM: 4.14 MB) | VM: 4329.3 MB | CPU: 18605.5s | SysFreeVM: 104165 MB | No ckpt change
[2026-09-08 12:25:30] PID: 22392 | WS: 115.77 MB (dWS: 4.22 MB) | Commit: 117.3 MB (dPM: 4.14 MB) | VM: 4329.3 MB | CPU: 18615.7s | SysFreeVM: 104146 MB | No ckpt change
[2026-09-08 12:25:40] PID: 22392 | WS: 115.77 MB (dWS: 4.22 MB) | Commit: 117.3 MB (dPM: 4.14 MB) | VM: 4329.3 MB | CPU: 18625.9s | SysFreeVM: 104212 MB | No ckpt change
[2026-09-08 12:25:50] PID: 22392 | WS: 115.77 MB (dWS: 4.22 MB) | Commit: 117.3 MB (dPM: 4.14 MB) | VM: 4329.3 MB | CPU: 18636.1s | SysFreeVM: 104205 MB | Ckpt: 50MB at 12:25:42
[2026-09-08 12:26:01] PID: 22392 | WS: 115.77 MB (dWS: 4.22 MB) | Commit: 117.3 MB (dPM: 4.14 MB) | VM: 4329.3 MB | CPU: 18646.2s | SysFreeVM: 104181 MB | No ckpt change
[2026-09-08 12:26:11] PID: 22392 | WS: 115.77 MB (dWS: 4.22 MB) | Commit: 117.3 MB (dPM: 4.14 MB) | VM: 4329.3 MB | CPU: 18656.4s | SysFreeVM: 104158 MB | No ckpt change
[2026-09-08 12:26:21] PID: 22392 | WS: 115.77 MB (dWS: 4.22 MB) | Commit: 117.3 MB (dPM: 4.14 MB) | VM: 4329.3 MB | CPU: 18666.6s | SysFreeVM: 104159 MB | No ckpt change
[2026-09-08 12:26:31] PID: 22392 | WS: 115.77 MB (dWS: 4.22 MB) | Commit: 117.3 MB (dPM: 4.14 MB) | VM: 4329.3 MB | CPU: 18676.8s | SysFreeVM: 104152 MB | Ckpt: 50MB at 12:26:25
[2026-09-08 12:26:42] PID: 22392 | WS: 115.77 MB (dWS: 4.22 MB) | Commit: 117.3 MB (dPM: 4.14 MB) | VM: 4329.3 MB | CPU: 18686.9s | SysFreeVM: 104130 MB | No ckpt change
[2026-09-08 12:26:52] PID: 22392 | WS: 115.78 MB (dWS: 4.23 MB) | Commit: 117.34 MB (dPM: 4.18 MB) | VM: 4393.3 MB | CPU: 18697.1s | SysFreeVM: 104114 MB | No ckpt change
[2026-09-08 12:27:02] PID: 22392 | WS: 115.78 MB (dWS: 4.23 MB) | Commit: 117.34 MB (dPM: 4.18 MB) | VM: 4393.3 MB | CPU: 18707.2s | SysFreeVM: 104173 MB | No ckpt change
[2026-09-08 12:27:12] PID: 22392 | WS: 115.79 MB (dWS: 4.24 MB) | Commit: 117.34 MB (dPM: 4.18 MB) | VM: 4393.3 MB | CPU: 18717.5s | SysFreeVM: 104147 MB | Ckpt: 50MB at 12:27:07
[2026-09-08 12:27:23] PID: 22392 | WS: 115.79 MB (dWS: 4.24 MB) | Commit: 117.34 MB (dPM: 4.18 MB) | VM: 4393.3 MB | CPU: 18727.7s | SysFreeVM: 104029 MB | No ckpt change
[2026-09-08 12:27:33] PID: 22392 | WS: 115.79 MB (dWS: 4.24 MB) | Commit: 117.34 MB (dPM: 4.18 MB) | VM: 4393.3 MB | CPU: 18737.9s | SysFreeVM: 104054 MB | No ckpt change
[2026-09-08 12:27:43] PID: 22392 | WS: 115.79 MB (dWS: 4.24 MB) | Commit: 117.34 MB (dPM: 4.18 MB) | VM: 4393.3 MB | CPU: 18748.1s | SysFreeVM: 104104 MB | No ckpt change
[2026-09-08 12:27:53] PID: 22392 | WS: 115.84 MB (dWS: 4.29 MB) | Commit: 117.4 MB (dPM: 4.24 MB) | VM: 4393.3 MB | CPU: 18758.3s | SysFreeVM: 104080 MB | Ckpt: 50MB at 12:27:50
[2026-09-08 12:28:04] PID: 22392 | WS: 115.83 MB (dWS: 4.28 MB) | Commit: 117.37 MB (dPM: 4.21 MB) | VM: 4329.3 MB | CPU: 18768.5s | SysFreeVM: 104081 MB | No ckpt change
[2026-09-08 12:28:14] PID: 22392 | WS: 115.83 MB (dWS: 4.28 MB) | Commit: 117.37 MB (dPM: 4.21 MB) | VM: 4329.3 MB | CPU: 18778.6s | SysFreeVM: 104157 MB | No ckpt change
[2026-09-08 12:28:24] PID: 22392 | WS: 115.83 MB (dWS: 4.28 MB) | Commit: 117.37 MB (dPM: 4.21 MB) | VM: 4329.3 MB | CPU: 18788.8s | SysFreeVM: 104051 MB | No ckpt change
[2026-09-08 12:28:34] PID: 22392 | WS: 115.83 MB (dWS: 4.28 MB) | Commit: 117.37 MB (dPM: 4.21 MB) | VM: 4329.3 MB | CPU: 18799s | SysFreeVM: 104106 MB | Ckpt: 50MB at 12:28:32
[2026-09-08 12:28:45] PID: 22392 | WS: 115.83 MB (dWS: 4.28 MB) | Commit: 117.37 MB (dPM: 4.21 MB) | VM: 4329.3 MB | CPU: 18809.2s | SysFreeVM: 104152 MB | No ckpt change
[2026-09-08 12:28:55] PID: 22392 | WS: 115.83 MB (dWS: 4.28 MB) | Commit: 117.37 MB (dPM: 4.21 MB) | VM: 4329.3 MB | CPU: 18819.4s | SysFreeVM: 104168 MB | No ckpt change
[2026-09-08 12:29:05] PID: 22392 | WS: 115.83 MB (dWS: 4.28 MB) | Commit: 117.37 MB (dPM: 4.21 MB) | VM: 4329.3 MB | CPU: 18829.6s | SysFreeVM: 104164 MB | No ckpt change
[2026-09-08 12:29:16] PID: 22392 | WS: 115.83 MB (dWS: 4.28 MB) | Commit: 117.37 MB (dPM: 4.21 MB) | VM: 4329.3 MB | CPU: 18839.7s | SysFreeVM: 104187 MB | Ckpt: 50MB at 12:29:14
[2026-09-08 12:29:26] PID: 22392 | WS: 115.83 MB (dWS: 4.28 MB) | Commit: 117.37 MB (dPM: 4.21 MB) | VM: 4329.3 MB | CPU: 18849.9s | SysFreeVM: 104185 MB | No ckpt change
[2026-09-08 12:29:36] PID: 22392 | WS: 115.83 MB (dWS: 4.28 MB) | Commit: 117.37 MB (dPM: 4.21 MB) | VM: 4329.3 MB | CPU: 18860.1s | SysFreeVM: 104186 MB | No ckpt change
[2026-09-08 12:29:46] PID: 22392 | WS: 115.83 MB (dWS: 4.28 MB) | Commit: 117.37 MB (dPM: 4.21 MB) | VM: 4329.3 MB | CPU: 18870.3s | SysFreeVM: 104163 MB | No ckpt change
[2026-09-08 12:29:56] PID: 22392 | WS: 115.83 MB (dWS: 4.28 MB) | Commit: 117.37 MB (dPM: 4.21 MB) | VM: 4329.3 MB | CPU: 18880.5s | SysFreeVM: 104170 MB | No ckpt change
[2026-09-08 12:30:07] PID: 22392 | WS: 115.83 MB (dWS: 4.28 MB) | Commit: 117.37 MB (dPM: 4.21 MB) | VM: 4329.3 MB | CPU: 18890.6s | SysFreeVM: 104138 MB | Ckpt: 50MB at 12:29:57
[2026-09-08 12:30:17] PID: 22392 | WS: 115.83 MB (dWS: 4.28 MB) | Commit: 117.37 MB (dPM: 4.21 MB) | VM: 4329.3 MB | CPU: 18900.7s | SysFreeVM: 104192 MB | No ckpt change
[2026-09-08 12:30:27] PID: 22392 | WS: 115.83 MB (dWS: 4.28 MB) | Commit: 117.37 MB (dPM: 4.21 MB) | VM: 4329.3 MB | CPU: 18910.9s | SysFreeVM: 104186 MB | No ckpt change
[2026-09-08 12:30:37] PID: 22392 | WS: 115.83 MB (dWS: 4.28 MB) | Commit: 117.37 MB (dPM: 4.21 MB) | VM: 4329.3 MB | CPU: 18921.1s | SysFreeVM: 104196 MB | No ckpt change
[2026-09-08 12:30:48] PID: 22392 | WS: 115.83 MB (dWS: 4.28 MB) | Commit: 117.37 MB (dPM: 4.21 MB) | VM: 4329.3 MB | CPU: 18931.3s | SysFreeVM: 104178 MB | Ckpt: 50MB at 12:30:39
[2026-09-08 12:30:58] PID: 22392 | WS: 115.83 MB (dWS: 4.28 MB) | Commit: 117.37 MB (dPM: 4.21 MB) | VM: 4329.3 MB | CPU: 18941.4s | SysFreeVM: 104159 MB | No ckpt change
[2026-09-08 12:31:08] PID: 22392 | WS: 115.83 MB (dWS: 4.28 MB) | Commit: 117.37 MB (dPM: 4.21 MB) | VM: 4329.3 MB | CPU: 18951.6s | SysFreeVM: 104143 MB | No ckpt change
[2026-09-08 12:31:18] PID: 22392 | WS: 115.83 MB (dWS: 4.28 MB) | Commit: 117.37 MB (dPM: 4.21 MB) | VM: 4329.3 MB | CPU: 18961.7s | SysFreeVM: 104156 MB | No ckpt change
[2026-09-08 12:31:29] PID: 22392 | WS: 115.83 MB (dWS: 4.28 MB) | Commit: 117.37 MB (dPM: 4.21 MB) | VM: 4329.3 MB | CPU: 18971.9s | SysFreeVM: 104213 MB | Ckpt: 50MB at 12:31:21
[2026-09-08 12:31:39] PID: 22392 | WS: 115.83 MB (dWS: 4.28 MB) | Commit: 117.37 MB (dPM: 4.21 MB) | VM: 4329.3 MB | CPU: 18982.1s | SysFreeVM: 104201 MB | No ckpt change
[2026-09-08 12:31:49] PID: 22392 | WS: 115.83 MB (dWS: 4.28 MB) | Commit: 117.37 MB (dPM: 4.21 MB) | VM: 4329.3 MB | CPU: 18992.3s | SysFreeVM: 104192 MB | No ckpt change
[2026-09-08 12:31:59] PID: 22392 | WS: 115.83 MB (dWS: 4.28 MB) | Commit: 117.37 MB (dPM: 4.21 MB) | VM: 4329.3 MB | CPU: 19002.5s | SysFreeVM: 104190 MB | No ckpt change
[2026-09-08 12:32:10] PID: 22392 | WS: 115.83 MB (dWS: 4.28 MB) | Commit: 117.37 MB (dPM: 4.21 MB) | VM: 4329.3 MB | CPU: 19012.7s | SysFreeVM: 104155 MB | Ckpt: 50MB at 12:32:04
[2026-09-08 12:32:20] PID: 22392 | WS: 115.83 MB (dWS: 4.28 MB) | Commit: 117.37 MB (dPM: 4.21 MB) | VM: 4329.3 MB | CPU: 19022.9s | SysFreeVM: 104172 MB | No ckpt change
[2026-09-08 12:32:30] PID: 22392 | WS: 115.83 MB (dWS: 4.28 MB) | Commit: 117.37 MB (dPM: 4.21 MB) | VM: 4329.3 MB | CPU: 19033.1s | SysFreeVM: 104149 MB | No ckpt change
[2026-09-08 12:32:40] PID: 22392 | WS: 115.83 MB (dWS: 4.28 MB) | Commit: 117.37 MB (dPM: 4.21 MB) | VM: 4329.3 MB | CPU: 19043.3s | SysFreeVM: 104168 MB | No ckpt change
[2026-09-08 12:32:51] PID: 22392 | WS: 115.83 MB (dWS: 4.28 MB) | Commit: 117.37 MB (dPM: 4.21 MB) | VM: 4329.3 MB | CPU: 19053.5s | SysFreeVM: 104188 MB | Ckpt: 50MB at 12:32:46
[2026-09-08 12:33:01] PID: 22392 | WS: 115.83 MB (dWS: 4.28 MB) | Commit: 117.37 MB (dPM: 4.21 MB) | VM: 4329.3 MB | CPU: 19063.7s | SysFreeVM: 104202 MB | No ckpt change
[2026-09-08 12:33:11] PID: 22392 | WS: 115.83 MB (dWS: 4.28 MB) | Commit: 117.37 MB (dPM: 4.21 MB) | VM: 4329.3 MB | CPU: 19073.8s | SysFreeVM: 104184 MB | No ckpt change
[2026-09-08 12:33:21] PID: 22392 | WS: 115.83 MB (dWS: 4.28 MB) | Commit: 117.37 MB (dPM: 4.21 MB) | VM: 4329.3 MB | CPU: 19083.9s | SysFreeVM: 104213 MB | No ckpt change
[2026-09-08 12:33:32] PID: 22392 | WS: 115.83 MB (dWS: 4.28 MB) | Commit: 117.37 MB (dPM: 4.21 MB) | VM: 4329.3 MB | CPU: 19094s | SysFreeVM: 104128 MB | Ckpt: 50MB at 12:33:28
[2026-09-08 12:33:42] PID: 22392 | WS: 115.83 MB (dWS: 4.28 MB) | Commit: 117.37 MB (dPM: 4.21 MB) | VM: 4329.3 MB | CPU: 19104.1s | SysFreeVM: 104140 MB | No ckpt change
[2026-09-08 12:33:52] PID: 22392 | WS: 115.83 MB (dWS: 4.28 MB) | Commit: 117.37 MB (dPM: 4.21 MB) | VM: 4329.3 MB | CPU: 19114.2s | SysFreeVM: 104163 MB | No ckpt change
[2026-09-08 12:34:02] PID: 22392 | WS: 115.83 MB (dWS: 4.28 MB) | Commit: 117.37 MB (dPM: 4.21 MB) | VM: 4329.3 MB | CPU: 19124.4s | SysFreeVM: 104220 MB | No ckpt change
[2026-09-08 12:34:13] PID: 22392 | WS: 115.83 MB (dWS: 4.28 MB) | Commit: 117.37 MB (dPM: 4.21 MB) | VM: 4329.3 MB | CPU: 19134.6s | SysFreeVM: 104185 MB | Ckpt: 50MB at 12:34:11
[2026-09-08 12:34:23] PID: 22392 | WS: 115.83 MB (dWS: 4.28 MB) | Commit: 117.37 MB (dPM: 4.21 MB) | VM: 4329.3 MB | CPU: 19144.8s | SysFreeVM: 104201 MB | No ckpt change
[2026-09-08 12:34:33] PID: 22392 | WS: 115.83 MB (dWS: 4.28 MB) | Commit: 117.37 MB (dPM: 4.21 MB) | VM: 4329.3 MB | CPU: 19155s | SysFreeVM: 104202 MB | No ckpt change
[2026-09-08 12:34:43] PID: 22392 | WS: 115.83 MB (dWS: 4.28 MB) | Commit: 117.37 MB (dPM: 4.21 MB) | VM: 4329.3 MB | CPU: 19165.2s | SysFreeVM: 104182 MB | No ckpt change
[2026-09-08 12:34:54] PID: 22392 | WS: 115.83 MB (dWS: 4.28 MB) | Commit: 117.37 MB (dPM: 4.21 MB) | VM: 4329.3 MB | CPU: 19175.3s | SysFreeVM: 104155 MB | Ckpt: 50MB at 12:34:53
[2026-09-08 12:35:04] PID: 22392 | WS: 115.83 MB (dWS: 4.28 MB) | Commit: 117.37 MB (dPM: 4.21 MB) | VM: 4329.3 MB | CPU: 19185.4s | SysFreeVM: 104170 MB | No ckpt change
[2026-09-08 12:35:14] PID: 22392 | WS: 115.83 MB (dWS: 4.28 MB) | Commit: 117.37 MB (dPM: 4.21 MB) | VM: 4329.3 MB | CPU: 19195.4s | SysFreeVM: 104220 MB | No ckpt change
[2026-09-08 12:35:24] PID: 22392 | WS: 115.83 MB (dWS: 4.28 MB) | Commit: 117.37 MB (dPM: 4.21 MB) | VM: 4329.3 MB | CPU: 19205.5s | SysFreeVM: 104212 MB | No ckpt change
[2026-09-08 12:35:35] PID: 22392 | WS: 115.83 MB (dWS: 4.28 MB) | Commit: 117.37 MB (dPM: 4.21 MB) | VM: 4329.3 MB | CPU: 19215.7s | SysFreeVM: 104201 MB | No ckpt change
[2026-09-08 12:35:45] PID: 22392 | WS: 115.83 MB (dWS: 4.28 MB) | Commit: 117.37 MB (dPM: 4.21 MB) | VM: 4329.3 MB | CPU: 19225.9s | SysFreeVM: 104195 MB | Ckpt: 50MB at 12:35:35
[2026-09-08 12:35:55] PID: 22392 | WS: 115.83 MB (dWS: 4.28 MB) | Commit: 117.37 MB (dPM: 4.21 MB) | VM: 4329.3 MB | CPU: 19236s | SysFreeVM: 104193 MB | No ckpt change
[2026-09-08 12:36:05] PID: 22392 | WS: 115.83 MB (dWS: 4.28 MB) | Commit: 117.37 MB (dPM: 4.21 MB) | VM: 4329.3 MB | CPU: 19246.1s | SysFreeVM: 104160 MB | No ckpt change
[2026-09-08 12:36:16] PID: 22392 | WS: 115.83 MB (dWS: 4.28 MB) | Commit: 117.37 MB (dPM: 4.21 MB) | VM: 4329.3 MB | CPU: 19256.2s | SysFreeVM: 104225 MB | No ckpt change
[2026-09-08 12:36:26] PID: 22392 | WS: 115.83 MB (dWS: 4.28 MB) | Commit: 117.37 MB (dPM: 4.21 MB) | VM: 4329.3 MB | CPU: 19266.4s | SysFreeVM: 104218 MB | Ckpt: 50MB at 12:36:17
[2026-09-08 12:36:36] PID: 22392 | WS: 115.83 MB (dWS: 4.28 MB) | Commit: 117.37 MB (dPM: 4.21 MB) | VM: 4329.3 MB | CPU: 19276.7s | SysFreeVM: 104212 MB | No ckpt change
[2026-09-08 12:36:46] PID: 22392 | WS: 115.83 MB (dWS: 4.28 MB) | Commit: 117.37 MB (dPM: 4.21 MB) | VM: 4329.3 MB | CPU: 19286.9s | SysFreeVM: 104203 MB | No ckpt change
[2026-09-08 12:36:57] PID: 22392 | WS: 115.83 MB (dWS: 4.28 MB) | Commit: 117.37 MB (dPM: 4.21 MB) | VM: 4329.3 MB | CPU: 19297.1s | SysFreeVM: 104188 MB | No ckpt change
[2026-09-08 12:37:07] PID: 22392 | WS: 115.83 MB (dWS: 4.28 MB) | Commit: 117.37 MB (dPM: 4.21 MB) | VM: 4329.3 MB | CPU: 19307.3s | SysFreeVM: 104181 MB | Ckpt: 50MB at 12:37:00
[2026-09-08 12:37:17] PID: 22392 | WS: 115.83 MB (dWS: 4.28 MB) | Commit: 117.37 MB (dPM: 4.21 MB) | VM: 4329.3 MB | CPU: 19317.5s | SysFreeVM: 104169 MB | No ckpt change
[2026-09-08 12:37:27] PID: 22392 | WS: 115.83 MB (dWS: 4.28 MB) | Commit: 117.37 MB (dPM: 4.21 MB) | VM: 4329.3 MB | CPU: 19327.7s | SysFreeVM: 104160 MB | No ckpt change
[2026-09-08 12:37:37] PID: 22392 | WS: 115.83 MB (dWS: 4.28 MB) | Commit: 117.37 MB (dPM: 4.21 MB) | VM: 4329.3 MB | CPU: 19337.8s | SysFreeVM: 104223 MB | No ckpt change
[2026-09-08 12:37:48] PID: 22392 | WS: 115.83 MB (dWS: 4.28 MB) | Commit: 117.37 MB (dPM: 4.21 MB) | VM: 4329.3 MB | CPU: 19348s | SysFreeVM: 104204 MB | Ckpt: 50MB at 12:37:42
[2026-09-08 12:37:58] PID: 22392 | WS: 115.83 MB (dWS: 4.28 MB) | Commit: 117.37 MB (dPM: 4.21 MB) | VM: 4329.3 MB | CPU: 19358.2s | SysFreeVM: 104219 MB | No ckpt change
[2026-09-08 12:38:08] PID: 22392 | WS: 115.83 MB (dWS: 4.28 MB) | Commit: 117.37 MB (dPM: 4.21 MB) | VM: 4329.3 MB | CPU: 19368.3s | SysFreeVM: 104185 MB | No ckpt change
[2026-09-08 12:38:19] PID: 22392 | WS: 115.83 MB (dWS: 4.28 MB) | Commit: 117.37 MB (dPM: 4.21 MB) | VM: 4329.3 MB | CPU: 19378.4s | SysFreeVM: 104210 MB | No ckpt change
[2026-09-08 12:38:29] PID: 22392 | WS: 115.83 MB (dWS: 4.28 MB) | Commit: 117.37 MB (dPM: 4.21 MB) | VM: 4329.3 MB | CPU: 19388.6s | SysFreeVM: 104125 MB | Ckpt: 50MB at 12:38:24
[2026-09-08 12:38:39] PID: 22392 | WS: 115.83 MB (dWS: 4.28 MB) | Commit: 117.37 MB (dPM: 4.21 MB) | VM: 4329.3 MB | CPU: 19398.8s | SysFreeVM: 104178 MB | No ckpt change
[2026-09-08 12:38:49] PID: 22392 | WS: 115.83 MB (dWS: 4.28 MB) | Commit: 117.37 MB (dPM: 4.21 MB) | VM: 4329.3 MB | CPU: 19408.9s | SysFreeVM: 104190 MB | No ckpt change
[2026-09-08 12:39:00] PID: 22392 | WS: 115.83 MB (dWS: 4.28 MB) | Commit: 117.37 MB (dPM: 4.21 MB) | VM: 4329.3 MB | CPU: 19419s | SysFreeVM: 104169 MB | No ckpt change
[2026-09-08 12:39:10] PID: 22392 | WS: 115.83 MB (dWS: 4.28 MB) | Commit: 117.37 MB (dPM: 4.21 MB) | VM: 4329.3 MB | CPU: 19429.1s | SysFreeVM: 104169 MB | Ckpt: 50MB at 12:39:07
[2026-09-08 12:39:20] PID: 22392 | WS: 115.83 MB (dWS: 4.28 MB) | Commit: 117.37 MB (dPM: 4.21 MB) | VM: 4329.3 MB | CPU: 19439.4s | SysFreeVM: 104161 MB | No ckpt change
[2026-09-08 12:39:30] PID: 22392 | WS: 115.83 MB (dWS: 4.28 MB) | Commit: 117.37 MB (dPM: 4.21 MB) | VM: 4329.3 MB | CPU: 19449.5s | SysFreeVM: 104152 MB | No ckpt change
[2026-09-08 12:39:41] PID: 22392 | WS: 115.83 MB (dWS: 4.28 MB) | Commit: 117.37 MB (dPM: 4.21 MB) | VM: 4329.3 MB | CPU: 19459.7s | SysFreeVM: 104154 MB | No ckpt change
[2026-09-08 12:39:51] PID: 22392 | WS: 115.89 MB (dWS: 4.34 MB) | Commit: 117.44 MB (dPM: 4.28 MB) | VM: 4329.3 MB | CPU: 19469.8s | SysFreeVM: 104194 MB | Ckpt: 50MB at 12:39:49
[2026-09-08 12:40:01] PID: 22392 | WS: 115.89 MB (dWS: 4.34 MB) | Commit: 117.44 MB (dPM: 4.28 MB) | VM: 4329.3 MB | CPU: 19480.1s | SysFreeVM: 104182 MB | No ckpt change
[2026-09-08 12:40:11] PID: 22392 | WS: 115.89 MB (dWS: 4.34 MB) | Commit: 117.44 MB (dPM: 4.28 MB) | VM: 4329.3 MB | CPU: 19490.2s | SysFreeVM: 104198 MB | No ckpt change
[2026-09-08 12:40:22] PID: 22392 | WS: 115.89 MB (dWS: 4.34 MB) | Commit: 117.44 MB (dPM: 4.28 MB) | VM: 4329.3 MB | CPU: 19500.3s | SysFreeVM: 104179 MB | No ckpt change
[2026-09-08 12:40:32] PID: 22392 | WS: 115.89 MB (dWS: 4.34 MB) | Commit: 117.44 MB (dPM: 4.28 MB) | VM: 4329.3 MB | CPU: 19510.5s | SysFreeVM: 104172 MB | Ckpt: 50MB at 12:40:31
[2026-09-08 12:40:42] PID: 22392 | WS: 115.89 MB (dWS: 4.34 MB) | Commit: 117.44 MB (dPM: 4.28 MB) | VM: 4329.3 MB | CPU: 19520.7s | SysFreeVM: 104156 MB | No ckpt change
[2026-09-08 12:40:52] PID: 22392 | WS: 115.89 MB (dWS: 4.34 MB) | Commit: 117.44 MB (dPM: 4.28 MB) | VM: 4329.3 MB | CPU: 19530.9s | SysFreeVM: 104213 MB | No ckpt change
[2026-09-08 12:41:03] PID: 22392 | WS: 115.89 MB (dWS: 4.34 MB) | Commit: 117.44 MB (dPM: 4.28 MB) | VM: 4329.3 MB | CPU: 19541s | SysFreeVM: 104199 MB | No ckpt change
[2026-09-08 12:41:13] PID: 22392 | WS: 115.89 MB (dWS: 4.34 MB) | Commit: 117.44 MB (dPM: 4.28 MB) | VM: 4329.3 MB | CPU: 19551.2s | SysFreeVM: 104176 MB | No ckpt change
[2026-09-08 12:41:23] PID: 22392 | WS: 115.89 MB (dWS: 4.34 MB) | Commit: 117.44 MB (dPM: 4.28 MB) | VM: 4329.3 MB | CPU: 19561.3s | SysFreeVM: 104188 MB | Ckpt: 50MB at 12:41:13
[2026-09-08 12:41:33] PID: 22392 | WS: 115.89 MB (dWS: 4.34 MB) | Commit: 117.44 MB (dPM: 4.28 MB) | VM: 4329.3 MB | CPU: 19571.6s | SysFreeVM: 104187 MB | No ckpt change
[2026-09-08 12:41:44] PID: 22392 | WS: 115.89 MB (dWS: 4.34 MB) | Commit: 117.44 MB (dPM: 4.28 MB) | VM: 4329.3 MB | CPU: 19581.8s | SysFreeVM: 104156 MB | No ckpt change
[2026-09-08 12:41:54] PID: 22392 | WS: 115.89 MB (dWS: 4.34 MB) | Commit: 117.44 MB (dPM: 4.28 MB) | VM: 4329.3 MB | CPU: 19592s | SysFreeVM: 104147 MB | No ckpt change
[2026-09-08 12:42:04] PID: 22392 | WS: 115.91 MB (dWS: 4.36 MB) | Commit: 117.44 MB (dPM: 4.28 MB) | VM: 4329.3 MB | CPU: 19602.2s | SysFreeVM: 104212 MB | Ckpt: 50MB at 12:41:56
[2026-09-08 12:42:14] PID: 22392 | WS: 115.91 MB (dWS: 4.36 MB) | Commit: 117.44 MB (dPM: 4.28 MB) | VM: 4329.3 MB | CPU: 19612.3s | SysFreeVM: 104225 MB | No ckpt change
[2026-09-08 12:42:25] PID: 22392 | WS: 115.91 MB (dWS: 4.36 MB) | Commit: 117.44 MB (dPM: 4.28 MB) | VM: 4329.3 MB | CPU: 19622.5s | SysFreeVM: 104190 MB | No ckpt change
[2026-09-08 12:42:35] PID: 22392 | WS: 115.91 MB (dWS: 4.36 MB) | Commit: 117.44 MB (dPM: 4.28 MB) | VM: 4329.3 MB | CPU: 19632.7s | SysFreeVM: 104191 MB | No ckpt change
[2026-09-08 12:42:45] PID: 22392 | WS: 115.91 MB (dWS: 4.36 MB) | Commit: 117.44 MB (dPM: 4.28 MB) | VM: 4329.3 MB | CPU: 19642.9s | SysFreeVM: 104177 MB | Ckpt: 50MB at 12:42:38
[2026-09-08 12:42:55] PID: 22392 | WS: 115.91 MB (dWS: 4.36 MB) | Commit: 117.44 MB (dPM: 4.28 MB) | VM: 4329.3 MB | CPU: 19653s | SysFreeVM: 104160 MB | No ckpt change
[2026-09-08 12:43:06] PID: 22392 | WS: 115.91 MB (dWS: 4.36 MB) | Commit: 117.44 MB (dPM: 4.28 MB) | VM: 4329.3 MB | CPU: 19663.2s | SysFreeVM: 104188 MB | No ckpt change
[2026-09-08 12:43:16] PID: 22392 | WS: 115.91 MB (dWS: 4.36 MB) | Commit: 117.44 MB (dPM: 4.28 MB) | VM: 4329.3 MB | CPU: 19673.4s | SysFreeVM: 104215 MB | No ckpt change
[2026-09-08 12:43:26] PID: 22392 | WS: 115.91 MB (dWS: 4.36 MB) | Commit: 117.44 MB (dPM: 4.28 MB) | VM: 4329.3 MB | CPU: 19683.5s | SysFreeVM: 104149 MB | Ckpt: 50MB at 12:43:20
[2026-09-08 12:43:36] PID: 22392 | WS: 115.91 MB (dWS: 4.36 MB) | Commit: 117.44 MB (dPM: 4.28 MB) | VM: 4329.3 MB | CPU: 19693.7s | SysFreeVM: 104149 MB | No ckpt change
[2026-09-08 12:43:47] PID: 22392 | WS: 115.91 MB (dWS: 4.36 MB) | Commit: 117.44 MB (dPM: 4.28 MB) | VM: 4329.3 MB | CPU: 19703.9s | SysFreeVM: 104156 MB | No ckpt change
[2026-09-08 12:43:57] PID: 22392 | WS: 115.91 MB (dWS: 4.36 MB) | Commit: 117.44 MB (dPM: 4.28 MB) | VM: 4329.3 MB | CPU: 19714.2s | SysFreeVM: 104175 MB | No ckpt change
[2026-09-08 12:44:07] PID: 22392 | WS: 115.91 MB (dWS: 4.36 MB) | Commit: 117.44 MB (dPM: 4.28 MB) | VM: 4329.3 MB | CPU: 19724.3s | SysFreeVM: 104133 MB | Ckpt: 50MB at 12:44:03
[2026-09-08 12:44:17] PID: 22392 | WS: 115.91 MB (dWS: 4.36 MB) | Commit: 117.44 MB (dPM: 4.28 MB) | VM: 4329.3 MB | CPU: 19734.4s | SysFreeVM: 104170 MB | No ckpt change
[2026-09-08 12:44:28] PID: 22392 | WS: 115.91 MB (dWS: 4.36 MB) | Commit: 117.44 MB (dPM: 4.28 MB) | VM: 4329.3 MB | CPU: 19744.7s | SysFreeVM: 104211 MB | No ckpt change
[2026-09-08 12:44:38] PID: 22392 | WS: 115.91 MB (dWS: 4.36 MB) | Commit: 117.44 MB (dPM: 4.28 MB) | VM: 4329.3 MB | CPU: 19754.8s | SysFreeVM: 104175 MB | No ckpt change
[2026-09-08 12:44:48] PID: 22392 | WS: 115.91 MB (dWS: 4.36 MB) | Commit: 117.44 MB (dPM: 4.28 MB) | VM: 4329.3 MB | CPU: 19765s | SysFreeVM: 104151 MB | Ckpt: 50MB at 12:44:45
[2026-09-08 12:44:58] PID: 22392 | WS: 115.91 MB (dWS: 4.36 MB) | Commit: 117.44 MB (dPM: 4.28 MB) | VM: 4329.3 MB | CPU: 19775.1s | SysFreeVM: 104152 MB | No ckpt change
[2026-09-08 12:45:09] PID: 22392 | WS: 115.91 MB (dWS: 4.36 MB) | Commit: 117.44 MB (dPM: 4.28 MB) | VM: 4329.3 MB | CPU: 19785.3s | SysFreeVM: 104157 MB | No ckpt change
[2026-09-08 12:45:19] PID: 22392 | WS: 115.91 MB (dWS: 4.36 MB) | Commit: 117.44 MB (dPM: 4.28 MB) | VM: 4329.3 MB | CPU: 19795.5s | SysFreeVM: 104154 MB | No ckpt change
[2026-09-08 12:45:29] PID: 22392 | WS: 115.91 MB (dWS: 4.36 MB) | Commit: 117.44 MB (dPM: 4.28 MB) | VM: 4329.3 MB | CPU: 19805.6s | SysFreeVM: 104194 MB | Ckpt: 50MB at 12:45:27
[2026-09-08 12:45:39] PID: 22392 | WS: 115.91 MB (dWS: 4.36 MB) | Commit: 117.44 MB (dPM: 4.28 MB) | VM: 4329.3 MB | CPU: 19815.8s | SysFreeVM: 104194 MB | No ckpt change
[2026-09-08 12:45:50] PID: 22392 | WS: 115.91 MB (dWS: 4.36 MB) | Commit: 117.44 MB (dPM: 4.28 MB) | VM: 4329.3 MB | CPU: 19826s | SysFreeVM: 104199 MB | No ckpt change
[2026-09-08 12:46:00] PID: 22392 | WS: 115.91 MB (dWS: 4.36 MB) | Commit: 117.44 MB (dPM: 4.28 MB) | VM: 4329.3 MB | CPU: 19836.2s | SysFreeVM: 104139 MB | No ckpt change
[2026-09-08 12:46:10] PID: 22392 | WS: 115.91 MB (dWS: 4.36 MB) | Commit: 117.44 MB (dPM: 4.28 MB) | VM: 4329.3 MB | CPU: 19846.3s | SysFreeVM: 104187 MB | Ckpt: 50MB at 12:46:10
[2026-09-08 12:46:20] PID: 22392 | WS: 115.91 MB (dWS: 4.36 MB) | Commit: 117.44 MB (dPM: 4.28 MB) | VM: 4329.3 MB | CPU: 19856.5s | SysFreeVM: 104155 MB | No ckpt change
[2026-09-08 12:46:31] PID: 22392 | WS: 115.91 MB (dWS: 4.36 MB) | Commit: 117.44 MB (dPM: 4.28 MB) | VM: 4329.3 MB | CPU: 19866.7s | SysFreeVM: 104137 MB | No ckpt change
[2026-09-08 12:46:41] PID: 22392 | WS: 115.91 MB (dWS: 4.36 MB) | Commit: 117.44 MB (dPM: 4.28 MB) | VM: 4329.3 MB | CPU: 19876.9s | SysFreeVM: 104157 MB | No ckpt change
[2026-09-08 12:46:51] PID: 22392 | WS: 115.91 MB (dWS: 4.36 MB) | Commit: 117.44 MB (dPM: 4.28 MB) | VM: 4329.3 MB | CPU: 19887.1s | SysFreeVM: 104205 MB | No ckpt change
[2026-09-08 12:47:01] PID: 22392 | WS: 115.91 MB (dWS: 4.36 MB) | Commit: 117.44 MB (dPM: 4.28 MB) | VM: 4329.3 MB | CPU: 19897.2s | SysFreeVM: 104184 MB | Ckpt: 50MB at 12:46:52
[2026-09-08 12:47:12] PID: 22392 | WS: 115.91 MB (dWS: 4.36 MB) | Commit: 117.44 MB (dPM: 4.28 MB) | VM: 4329.3 MB | CPU: 19907.4s | SysFreeVM: 104158 MB | No ckpt change
[2026-09-08 12:47:22] PID: 22392 | WS: 115.91 MB (dWS: 4.36 MB) | Commit: 117.44 MB (dPM: 4.28 MB) | VM: 4329.3 MB | CPU: 19917.6s | SysFreeVM: 104161 MB | No ckpt change
[2026-09-08 12:47:32] PID: 22392 | WS: 115.91 MB (dWS: 4.36 MB) | Commit: 117.44 MB (dPM: 4.28 MB) | VM: 4329.3 MB | CPU: 19927.8s | SysFreeVM: 104174 MB | No ckpt change
[2026-09-08 12:47:42] PID: 22392 | WS: 115.91 MB (dWS: 4.36 MB) | Commit: 117.44 MB (dPM: 4.28 MB) | VM: 4329.3 MB | CPU: 19938s | SysFreeVM: 104151 MB | Ckpt: 50MB at 12:47:34
[2026-09-08 12:47:53] PID: 22392 | WS: 115.91 MB (dWS: 4.36 MB) | Commit: 117.44 MB (dPM: 4.28 MB) | VM: 4329.3 MB | CPU: 19948.2s | SysFreeVM: 104163 MB | No ckpt change
[2026-09-08 12:48:03] PID: 22392 | WS: 115.91 MB (dWS: 4.36 MB) | Commit: 117.44 MB (dPM: 4.28 MB) | VM: 4329.3 MB | CPU: 19958.3s | SysFreeVM: 104204 MB | No ckpt change
[2026-09-08 12:48:13] PID: 22392 | WS: 115.91 MB (dWS: 4.36 MB) | Commit: 117.44 MB (dPM: 4.28 MB) | VM: 4329.3 MB | CPU: 19968.5s | SysFreeVM: 104203 MB | No ckpt change
[2026-09-08 12:48:23] PID: 22392 | WS: 115.91 MB (dWS: 4.36 MB) | Commit: 117.44 MB (dPM: 4.28 MB) | VM: 4329.3 MB | CPU: 19978.7s | SysFreeVM: 104192 MB | Ckpt: 50MB at 12:48:17
[2026-09-08 12:48:34] PID: 22392 | WS: 115.91 MB (dWS: 4.36 MB) | Commit: 117.44 MB (dPM: 4.28 MB) | VM: 4329.3 MB | CPU: 19988.9s | SysFreeVM: 104179 MB | No ckpt change
[2026-09-08 12:48:44] PID: 22392 | WS: 115.91 MB (dWS: 4.36 MB) | Commit: 117.44 MB (dPM: 4.28 MB) | VM: 4329.3 MB | CPU: 19999s | SysFreeVM: 104137 MB | No ckpt change
[2026-09-08 12:48:54] PID: 22392 | WS: 115.91 MB (dWS: 4.36 MB) | Commit: 117.44 MB (dPM: 4.28 MB) | VM: 4329.3 MB | CPU: 20009.1s | SysFreeVM: 104147 MB | No ckpt change
[2026-09-08 12:49:04] PID: 22392 | WS: 116.09 MB (dWS: 4.54 MB) | Commit: 117.63 MB (dPM: 4.47 MB) | VM: 4329.3 MB | CPU: 20019.3s | SysFreeVM: 104142 MB | Ckpt: 50MB at 12:48:59
[2026-09-08 12:49:15] PID: 22392 | WS: 116.09 MB (dWS: 4.54 MB) | Commit: 117.63 MB (dPM: 4.47 MB) | VM: 4329.3 MB | CPU: 20029.4s | SysFreeVM: 104214 MB | No ckpt change
[2026-09-08 12:49:25] PID: 22392 | WS: 116.09 MB (dWS: 4.54 MB) | Commit: 117.63 MB (dPM: 4.47 MB) | VM: 4329.3 MB | CPU: 20039.5s | SysFreeVM: 104204 MB | No ckpt change
[2026-09-08 12:49:35] PID: 22392 | WS: 116.09 MB (dWS: 4.54 MB) | Commit: 117.63 MB (dPM: 4.47 MB) | VM: 4329.3 MB | CPU: 20049.8s | SysFreeVM: 104192 MB | No ckpt change
[2026-09-08 12:49:45] PID: 22392 | WS: 116.09 MB (dWS: 4.54 MB) | Commit: 117.63 MB (dPM: 4.47 MB) | VM: 4329.3 MB | CPU: 20059.9s | SysFreeVM: 104173 MB | Ckpt: 50MB at 12:49:41
[2026-09-08 12:49:56] PID: 22392 | WS: 116.09 MB (dWS: 4.54 MB) | Commit: 117.63 MB (dPM: 4.47 MB) | VM: 4329.3 MB | CPU: 20070s | SysFreeVM: 104194 MB | No ckpt change
[2026-09-08 12:50:06] PID: 22392 | WS: 116.09 MB (dWS: 4.54 MB) | Commit: 117.63 MB (dPM: 4.47 MB) | VM: 4329.3 MB | CPU: 20080.1s | SysFreeVM: 104182 MB | No ckpt change
[2026-09-08 12:50:16] PID: 22392 | WS: 116.09 MB (dWS: 4.54 MB) | Commit: 117.63 MB (dPM: 4.47 MB) | VM: 4329.3 MB | CPU: 20090.3s | SysFreeVM: 104165 MB | No ckpt change
[2026-09-08 12:50:26] PID: 22392 | WS: 116.09 MB (dWS: 4.54 MB) | Commit: 117.63 MB (dPM: 4.47 MB) | VM: 4329.3 MB | CPU: 20100.4s | SysFreeVM: 104199 MB | Ckpt: 50MB at 12:50:23
[2026-09-08 12:50:36] PID: 22392 | WS: 116.09 MB (dWS: 4.54 MB) | Commit: 117.63 MB (dPM: 4.47 MB) | VM: 4329.3 MB | CPU: 20110.5s | SysFreeVM: 104174 MB | No ckpt change
[2026-09-08 12:50:47] PID: 22392 | WS: 116.09 MB (dWS: 4.54 MB) | Commit: 117.63 MB (dPM: 4.47 MB) | VM: 4329.3 MB | CPU: 20120.7s | SysFreeVM: 104186 MB | No ckpt change
[2026-09-08 12:50:57] PID: 22392 | WS: 116.09 MB (dWS: 4.54 MB) | Commit: 117.63 MB (dPM: 4.47 MB) | VM: 4329.3 MB | CPU: 20130.8s | SysFreeVM: 104194 MB | No ckpt change
[2026-09-08 12:51:07] PID: 22392 | WS: 116.09 MB (dWS: 4.54 MB) | Commit: 117.63 MB (dPM: 4.47 MB) | VM: 4329.3 MB | CPU: 20141s | SysFreeVM: 104194 MB | Ckpt: 50MB at 12:51:06
[2026-09-08 12:51:17] PID: 22392 | WS: 116.09 MB (dWS: 4.54 MB) | Commit: 117.63 MB (dPM: 4.47 MB) | VM: 4329.3 MB | CPU: 20151.1s | SysFreeVM: 104164 MB | No ckpt change
[2026-09-08 12:51:28] PID: 22392 | WS: 116.09 MB (dWS: 4.54 MB) | Commit: 117.63 MB (dPM: 4.47 MB) | VM: 4329.3 MB | CPU: 20161.3s | SysFreeVM: 104171 MB | No ckpt change
[2026-09-08 12:51:38] PID: 22392 | WS: 116.09 MB (dWS: 4.54 MB) | Commit: 117.63 MB (dPM: 4.47 MB) | VM: 4329.3 MB | CPU: 20171.5s | SysFreeVM: 104196 MB | No ckpt change
[2026-09-08 12:51:48] PID: 22392 | WS: 116.09 MB (dWS: 4.54 MB) | Commit: 117.63 MB (dPM: 4.47 MB) | VM: 4329.3 MB | CPU: 20181.7s | SysFreeVM: 104202 MB | No ckpt change
[2026-09-08 12:51:58] PID: 22392 | WS: 116.09 MB (dWS: 4.54 MB) | Commit: 117.63 MB (dPM: 4.47 MB) | VM: 4329.3 MB | CPU: 20191.8s | SysFreeVM: 104204 MB | Ckpt: 50MB at 12:51:48
[2026-09-08 12:52:09] PID: 22392 | WS: 116.09 MB (dWS: 4.54 MB) | Commit: 117.63 MB (dPM: 4.47 MB) | VM: 4329.3 MB | CPU: 20201.9s | SysFreeVM: 104195 MB | No ckpt change
[2026-09-08 12:52:19] PID: 22392 | WS: 116.09 MB (dWS: 4.54 MB) | Commit: 117.63 MB (dPM: 4.47 MB) | VM: 4329.3 MB | CPU: 20212.2s | SysFreeVM: 104179 MB | No ckpt change
[2026-09-08 12:52:29] PID: 22392 | WS: 116.09 MB (dWS: 4.54 MB) | Commit: 117.63 MB (dPM: 4.47 MB) | VM: 4329.3 MB | CPU: 20222.3s | SysFreeVM: 104181 MB | No ckpt change
[2026-09-08 12:52:39] PID: 22392 | WS: 116.12 MB (dWS: 4.57 MB) | Commit: 117.63 MB (dPM: 4.47 MB) | VM: 4329.3 MB | CPU: 20232.4s | SysFreeVM: 104155 MB | Ckpt: 50MB at 12:52:30
[2026-09-08 12:52:50] PID: 22392 | WS: 116.12 MB (dWS: 4.57 MB) | Commit: 117.63 MB (dPM: 4.47 MB) | VM: 4329.3 MB | CPU: 20242.5s | SysFreeVM: 104213 MB | No ckpt change
[2026-09-08 12:53:00] PID: 22392 | WS: 116.12 MB (dWS: 4.57 MB) | Commit: 117.63 MB (dPM: 4.47 MB) | VM: 4329.3 MB | CPU: 20252.6s | SysFreeVM: 104185 MB | No ckpt change
[2026-09-08 12:53:10] PID: 22392 | WS: 116.12 MB (dWS: 4.57 MB) | Commit: 117.63 MB (dPM: 4.47 MB) | VM: 4329.3 MB | CPU: 20262.8s | SysFreeVM: 104209 MB | No ckpt change
[2026-09-08 12:53:20] PID: 22392 | WS: 116.12 MB (dWS: 4.57 MB) | Commit: 117.63 MB (dPM: 4.47 MB) | VM: 4329.3 MB | CPU: 20272.8s | SysFreeVM: 104169 MB | Ckpt: 50MB at 12:53:13
[2026-09-08 12:53:31] PID: 22392 | WS: 116.12 MB (dWS: 4.57 MB) | Commit: 117.63 MB (dPM: 4.47 MB) | VM: 4329.3 MB | CPU: 20283s | SysFreeVM: 104157 MB | No ckpt change
[2026-09-08 12:53:41] PID: 22392 | WS: 116.12 MB (dWS: 4.57 MB) | Commit: 117.63 MB (dPM: 4.47 MB) | VM: 4329.3 MB | CPU: 20293.2s | SysFreeVM: 104136 MB | No ckpt change
[2026-09-08 12:53:51] PID: 22392 | WS: 116.12 MB (dWS: 4.57 MB) | Commit: 117.63 MB (dPM: 4.47 MB) | VM: 4329.3 MB | CPU: 20303.3s | SysFreeVM: 104134 MB | No ckpt change
[2026-09-08 12:54:01] PID: 22392 | WS: 116.12 MB (dWS: 4.57 MB) | Commit: 117.63 MB (dPM: 4.47 MB) | VM: 4329.3 MB | CPU: 20313.4s | SysFreeVM: 104144 MB | Ckpt: 50MB at 12:53:55
[2026-09-08 12:54:12] PID: 22392 | WS: 116.12 MB (dWS: 4.57 MB) | Commit: 117.63 MB (dPM: 4.47 MB) | VM: 4329.3 MB | CPU: 20323.6s | SysFreeVM: 104206 MB | No ckpt change
[2026-09-08 12:54:22] PID: 22392 | WS: 116.12 MB (dWS: 4.57 MB) | Commit: 117.63 MB (dPM: 4.47 MB) | VM: 4329.3 MB | CPU: 20333.8s | SysFreeVM: 104194 MB | No ckpt change
[2026-09-08 12:54:32] PID: 22392 | WS: 116.12 MB (dWS: 4.57 MB) | Commit: 117.63 MB (dPM: 4.47 MB) | VM: 4329.3 MB | CPU: 20343.9s | SysFreeVM: 104216 MB | No ckpt change
[2026-09-08 12:54:42] PID: 22392 | WS: 116.12 MB (dWS: 4.57 MB) | Commit: 117.63 MB (dPM: 4.47 MB) | VM: 4329.3 MB | CPU: 20354s | SysFreeVM: 104182 MB | Ckpt: 50MB at 12:54:37
[2026-09-08 12:54:52] PID: 22392 | WS: 116.12 MB (dWS: 4.57 MB) | Commit: 117.63 MB (dPM: 4.47 MB) | VM: 4329.3 MB | CPU: 20364.2s | SysFreeVM: 104182 MB | No ckpt change
[2026-09-08 12:55:03] PID: 22392 | WS: 116.12 MB (dWS: 4.57 MB) | Commit: 117.63 MB (dPM: 4.47 MB) | VM: 4329.3 MB | CPU: 20374.3s | SysFreeVM: 104172 MB | No ckpt change
[2026-09-08 12:55:13] PID: 22392 | WS: 116.12 MB (dWS: 4.57 MB) | Commit: 117.63 MB (dPM: 4.47 MB) | VM: 4329.3 MB | CPU: 20384.5s | SysFreeVM: 104162 MB | No ckpt change
[2026-09-08 12:55:23] PID: 22392 | WS: 116.12 MB (dWS: 4.57 MB) | Commit: 117.63 MB (dPM: 4.47 MB) | VM: 4329.3 MB | CPU: 20394.7s | SysFreeVM: 104169 MB | Ckpt: 50MB at 12:55:20
[2026-09-08 12:55:33] PID: 22392 | WS: 116.12 MB (dWS: 4.57 MB) | Commit: 117.63 MB (dPM: 4.47 MB) | VM: 4329.3 MB | CPU: 20404.9s | SysFreeVM: 104214 MB | No ckpt change
[2026-09-08 12:55:44] PID: 22392 | WS: 116.12 MB (dWS: 4.57 MB) | Commit: 117.63 MB (dPM: 4.47 MB) | VM: 4329.3 MB | CPU: 20415.2s | SysFreeVM: 104186 MB | No ckpt change
[2026-09-08 12:55:54] PID: 22392 | WS: 116.12 MB (dWS: 4.57 MB) | Commit: 117.63 MB (dPM: 4.47 MB) | VM: 4329.3 MB | CPU: 20425.3s | SysFreeVM: 104190 MB | No ckpt change
[2026-09-08 12:56:04] PID: 22392 | WS: 116.12 MB (dWS: 4.57 MB) | Commit: 117.63 MB (dPM: 4.47 MB) | VM: 4329.3 MB | CPU: 20435.4s | SysFreeVM: 104099 MB | Ckpt: 50MB at 12:56:02
[2026-09-08 12:56:14] PID: 22392 | WS: 116.12 MB (dWS: 4.57 MB) | Commit: 117.63 MB (dPM: 4.47 MB) | VM: 4329.3 MB | CPU: 20445.6s | SysFreeVM: 104085 MB | No ckpt change
[2026-09-08 12:56:25] PID: 22392 | WS: 116.12 MB (dWS: 4.57 MB) | Commit: 117.63 MB (dPM: 4.47 MB) | VM: 4329.3 MB | CPU: 20455.9s | SysFreeVM: 104062 MB | No ckpt change
[2026-09-08 12:56:35] PID: 22392 | WS: 116.12 MB (dWS: 4.57 MB) | Commit: 117.63 MB (dPM: 4.47 MB) | VM: 4329.3 MB | CPU: 20466s | SysFreeVM: 104125 MB | No ckpt change
[2026-09-08 12:56:45] PID: 22392 | WS: 116.12 MB (dWS: 4.57 MB) | Commit: 117.63 MB (dPM: 4.47 MB) | VM: 4329.3 MB | CPU: 20476.1s | SysFreeVM: 104167 MB | Ckpt: 50MB at 12:56:44
[2026-09-08 12:56:55] PID: 22392 | WS: 116.12 MB (dWS: 4.57 MB) | Commit: 117.63 MB (dPM: 4.47 MB) | VM: 4329.3 MB | CPU: 20486.3s | SysFreeVM: 104183 MB | No ckpt change
[2026-09-08 12:57:06] PID: 22392 | WS: 116.12 MB (dWS: 4.57 MB) | Commit: 117.63 MB (dPM: 4.47 MB) | VM: 4329.3 MB | CPU: 20496.5s | SysFreeVM: 104184 MB | No ckpt change
[2026-09-08 12:57:16] PID: 22392 | WS: 116.12 MB (dWS: 4.57 MB) | Commit: 117.63 MB (dPM: 4.47 MB) | VM: 4329.3 MB | CPU: 20506.6s | SysFreeVM: 104161 MB | No ckpt change
[2026-09-08 12:57:26] PID: 22392 | WS: 116.12 MB (dWS: 4.57 MB) | Commit: 117.63 MB (dPM: 4.47 MB) | VM: 4329.3 MB | CPU: 20516.8s | SysFreeVM: 104145 MB | No ckpt change
[2026-09-08 12:57:36] PID: 22392 | WS: 116.16 MB (dWS: 4.61 MB) | Commit: 117.7 MB (dPM: 4.54 MB) | VM: 4329.3 MB | CPU: 20526.9s | SysFreeVM: 104138 MB | Ckpt: 50MB at 12:57:27
[2026-09-08 12:57:47] PID: 22392 | WS: 116.16 MB (dWS: 4.61 MB) | Commit: 117.7 MB (dPM: 4.54 MB) | VM: 4329.3 MB | CPU: 20537s | SysFreeVM: 104154 MB | No ckpt change
[2026-09-08 12:57:57] PID: 22392 | WS: 116.16 MB (dWS: 4.61 MB) | Commit: 117.7 MB (dPM: 4.54 MB) | VM: 4329.3 MB | CPU: 20547.2s | SysFreeVM: 104204 MB | No ckpt change
[2026-09-08 12:58:07] PID: 22392 | WS: 116.16 MB (dWS: 4.61 MB) | Commit: 117.7 MB (dPM: 4.54 MB) | VM: 4329.3 MB | CPU: 20557.3s | SysFreeVM: 104184 MB | No ckpt change
[2026-09-08 12:58:17] PID: 22392 | WS: 116.16 MB (dWS: 4.61 MB) | Commit: 117.7 MB (dPM: 4.54 MB) | VM: 4329.3 MB | CPU: 20567.5s | SysFreeVM: 104146 MB | Ckpt: 50MB at 12:58:09
[2026-09-08 12:58:28] PID: 22392 | WS: 116.16 MB (dWS: 4.61 MB) | Commit: 117.7 MB (dPM: 4.54 MB) | VM: 4329.3 MB | CPU: 20577.7s | SysFreeVM: 104183 MB | No ckpt change
[2026-09-08 12:58:38] PID: 22392 | WS: 116.16 MB (dWS: 4.61 MB) | Commit: 117.7 MB (dPM: 4.54 MB) | VM: 4329.3 MB | CPU: 20587.9s | SysFreeVM: 104150 MB | No ckpt change
[2026-09-08 12:58:48] PID: 22392 | WS: 116.16 MB (dWS: 4.61 MB) | Commit: 117.7 MB (dPM: 4.54 MB) | VM: 4329.3 MB | CPU: 20598s | SysFreeVM: 104145 MB | No ckpt change
[2026-09-08 12:58:58] PID: 22392 | WS: 116.33 MB (dWS: 4.78 MB) | Commit: 117.83 MB (dPM: 4.67 MB) | VM: 4329.3 MB | CPU: 20608.1s | SysFreeVM: 104131 MB | Ckpt: 50MB at 12:58:51
[2026-09-08 12:59:09] PID: 22392 | WS: 116.33 MB (dWS: 4.78 MB) | Commit: 117.83 MB (dPM: 4.67 MB) | VM: 4329.3 MB | CPU: 20618.3s | SysFreeVM: 104218 MB | No ckpt change
[2026-09-08 12:59:19] PID: 22392 | WS: 116.35 MB (dWS: 4.8 MB) | Commit: 117.86 MB (dPM: 4.7 MB) | VM: 4393.3 MB | CPU: 20628.4s | SysFreeVM: 104163 MB | No ckpt change
[2026-09-08 12:59:29] PID: 22392 | WS: 116.35 MB (dWS: 4.8 MB) | Commit: 117.86 MB (dPM: 4.7 MB) | VM: 4393.3 MB | CPU: 20638.6s | SysFreeVM: 104134 MB | No ckpt change
[2026-09-08 12:59:39] PID: 22392 | WS: 116.35 MB (dWS: 4.8 MB) | Commit: 117.86 MB (dPM: 4.7 MB) | VM: 4393.3 MB | CPU: 20648.8s | SysFreeVM: 104135 MB | Ckpt: 50MB at 12:59:34
[2026-09-08 12:59:50] PID: 22392 | WS: 116.35 MB (dWS: 4.8 MB) | Commit: 117.86 MB (dPM: 4.7 MB) | VM: 4393.3 MB | CPU: 20659s | SysFreeVM: 104133 MB | No ckpt change
[2026-09-08 13:00:00] PID: 22392 | WS: 116.35 MB (dWS: 4.8 MB) | Commit: 117.86 MB (dPM: 4.7 MB) | VM: 4393.3 MB | CPU: 20669.2s | SysFreeVM: 104105 MB | No ckpt change
[2026-09-08 13:00:10] PID: 22392 | WS: 116.35 MB (dWS: 4.8 MB) | Commit: 117.86 MB (dPM: 4.7 MB) | VM: 4393.3 MB | CPU: 20679.4s | SysFreeVM: 104100 MB | No ckpt change
[2026-09-08 13:00:20] PID: 22392 | WS: 116.35 MB (dWS: 4.8 MB) | Commit: 117.86 MB (dPM: 4.7 MB) | VM: 4393.3 MB | CPU: 20689.6s | SysFreeVM: 104171 MB | Ckpt: 50MB at 13:00:16
[2026-09-08 13:00:31] PID: 22392 | WS: 116.35 MB (dWS: 4.8 MB) | Commit: 117.86 MB (dPM: 4.7 MB) | VM: 4393.3 MB | CPU: 20699.8s | SysFreeVM: 104154 MB | No ckpt change
[2026-09-08 13:00:41] PID: 22392 | WS: 116.35 MB (dWS: 4.8 MB) | Commit: 117.86 MB (dPM: 4.7 MB) | VM: 4393.3 MB | CPU: 20710s | SysFreeVM: 104163 MB | No ckpt change
[2026-09-08 13:00:51] PID: 22392 | WS: 116.35 MB (dWS: 4.8 MB) | Commit: 117.86 MB (dPM: 4.7 MB) | VM: 4393.3 MB | CPU: 20720.2s | SysFreeVM: 104133 MB | No ckpt change
[2026-09-08 13:01:02] PID: 22392 | WS: 116.35 MB (dWS: 4.8 MB) | Commit: 117.86 MB (dPM: 4.7 MB) | VM: 4393.3 MB | CPU: 20730.4s | SysFreeVM: 104120 MB | Ckpt: 50MB at 13:00:58
[2026-09-08 13:01:12] PID: 22392 | WS: 116.35 MB (dWS: 4.8 MB) | Commit: 117.86 MB (dPM: 4.7 MB) | VM: 4393.3 MB | CPU: 20740.6s | SysFreeVM: 104144 MB | No ckpt change
[2026-09-08 13:01:22] PID: 22392 | WS: 116.35 MB (dWS: 4.8 MB) | Commit: 117.86 MB (dPM: 4.7 MB) | VM: 4393.3 MB | CPU: 20750.7s | SysFreeVM: 104195 MB | No ckpt change
[2026-09-08 13:01:32] PID: 22392 | WS: 116.34 MB (dWS: 4.79 MB) | Commit: 117.83 MB (dPM: 4.67 MB) | VM: 4329.3 MB | CPU: 20760.9s | SysFreeVM: 104189 MB | No ckpt change
[2026-09-08 13:01:43] PID: 22392 | WS: 116.34 MB (dWS: 4.79 MB) | Commit: 117.83 MB (dPM: 4.67 MB) | VM: 4329.3 MB | CPU: 20771s | SysFreeVM: 104162 MB | Ckpt: 50MB at 13:01:41
[2026-09-08 13:01:53] PID: 22392 | WS: 116.34 MB (dWS: 4.79 MB) | Commit: 117.83 MB (dPM: 4.67 MB) | VM: 4329.3 MB | CPU: 20781.1s | SysFreeVM: 104167 MB | No ckpt change
[2026-09-08 13:02:03] PID: 22392 | WS: 116.34 MB (dWS: 4.79 MB) | Commit: 117.83 MB (dPM: 4.67 MB) | VM: 4329.3 MB | CPU: 20791.2s | SysFreeVM: 104182 MB | No ckpt change
[2026-09-08 13:02:13] PID: 22392 | WS: 116.34 MB (dWS: 4.79 MB) | Commit: 117.83 MB (dPM: 4.67 MB) | VM: 4329.3 MB | CPU: 20801.4s | SysFreeVM: 104162 MB | No ckpt change
[2026-09-08 13:02:24] PID: 22392 | WS: 116.34 MB (dWS: 4.79 MB) | Commit: 117.83 MB (dPM: 4.67 MB) | VM: 4329.3 MB | CPU: 20811.6s | SysFreeVM: 104213 MB | Ckpt: 50MB at 13:02:23
[2026-09-08 13:02:34] PID: 22392 | WS: 116.34 MB (dWS: 4.79 MB) | Commit: 117.83 MB (dPM: 4.67 MB) | VM: 4329.3 MB | CPU: 20821.8s | SysFreeVM: 104195 MB | No ckpt change
[2026-09-08 13:02:44] PID: 22392 | WS: 116.34 MB (dWS: 4.79 MB) | Commit: 117.83 MB (dPM: 4.67 MB) | VM: 4329.3 MB | CPU: 20832s | SysFreeVM: 104208 MB | No ckpt change
[2026-09-08 13:02:54] PID: 22392 | WS: 116.34 MB (dWS: 4.79 MB) | Commit: 117.83 MB (dPM: 4.67 MB) | VM: 4329.3 MB | CPU: 20842.2s | SysFreeVM: 104163 MB | No ckpt change
[2026-09-08 13:03:05] PID: 22392 | WS: 116.34 MB (dWS: 4.79 MB) | Commit: 117.83 MB (dPM: 4.67 MB) | VM: 4329.3 MB | CPU: 20852.3s | SysFreeVM: 104169 MB | No ckpt change
[2026-09-08 13:03:15] PID: 22392 | WS: 116.34 MB (dWS: 4.79 MB) | Commit: 117.83 MB (dPM: 4.67 MB) | VM: 4329.3 MB | CPU: 20862.4s | SysFreeVM: 104145 MB | Ckpt: 50MB at 13:03:05
[2026-09-08 13:03:25] PID: 22392 | WS: 116.34 MB (dWS: 4.79 MB) | Commit: 117.83 MB (dPM: 4.67 MB) | VM: 4329.3 MB | CPU: 20872.7s | SysFreeVM: 104171 MB | No ckpt change
[2026-09-08 13:03:35] PID: 22392 | WS: 116.34 MB (dWS: 4.79 MB) | Commit: 117.83 MB (dPM: 4.67 MB) | VM: 4329.3 MB | CPU: 20882.9s | SysFreeVM: 104191 MB | No ckpt change
[2026-09-08 13:03:46] PID: 22392 | WS: 116.34 MB (dWS: 4.79 MB) | Commit: 117.83 MB (dPM: 4.67 MB) | VM: 4329.3 MB | CPU: 20893s | SysFreeVM: 104170 MB | No ckpt change
[2026-09-08 13:03:56] PID: 22392 | WS: 116.34 MB (dWS: 4.79 MB) | Commit: 117.83 MB (dPM: 4.67 MB) | VM: 4329.3 MB | CPU: 20903.2s | SysFreeVM: 104159 MB | Ckpt: 50MB at 13:03:48
[2026-09-08 13:04:06] PID: 22392 | WS: 116.34 MB (dWS: 4.79 MB) | Commit: 117.83 MB (dPM: 4.67 MB) | VM: 4329.3 MB | CPU: 20913.4s | SysFreeVM: 104181 MB | No ckpt change
[2026-09-08 13:04:16] PID: 22392 | WS: 116.34 MB (dWS: 4.79 MB) | Commit: 117.83 MB (dPM: 4.67 MB) | VM: 4329.3 MB | CPU: 20923.4s | SysFreeVM: 104177 MB | No ckpt change
[2026-09-08 13:04:26] PID: 22392 | WS: 116.34 MB (dWS: 4.79 MB) | Commit: 117.83 MB (dPM: 4.67 MB) | VM: 4329.3 MB | CPU: 20933.6s | SysFreeVM: 104188 MB | No ckpt change
[2026-09-08 13:04:37] PID: 22392 | WS: 116.34 MB (dWS: 4.79 MB) | Commit: 117.83 MB (dPM: 4.67 MB) | VM: 4329.3 MB | CPU: 20943.7s | SysFreeVM: 104157 MB | Ckpt: 50MB at 13:04:30
[2026-09-08 13:04:47] PID: 22392 | WS: 116.34 MB (dWS: 4.79 MB) | Commit: 117.83 MB (dPM: 4.67 MB) | VM: 4329.3 MB | CPU: 20953.9s | SysFreeVM: 104209 MB | No ckpt change
[2026-09-08 13:04:57] PID: 22392 | WS: 116.34 MB (dWS: 4.79 MB) | Commit: 117.83 MB (dPM: 4.67 MB) | VM: 4329.3 MB | CPU: 20964.1s | SysFreeVM: 104201 MB | No ckpt change
[2026-09-08 13:05:07] PID: 22392 | WS: 116.34 MB (dWS: 4.79 MB) | Commit: 117.83 MB (dPM: 4.67 MB) | VM: 4329.3 MB | CPU: 20974.3s | SysFreeVM: 104178 MB | No ckpt change
[2026-09-08 13:05:18] PID: 22392 | WS: 116.34 MB (dWS: 4.79 MB) | Commit: 117.83 MB (dPM: 4.67 MB) | VM: 4329.3 MB | CPU: 20984.4s | SysFreeVM: 104172 MB | Ckpt: 50MB at 13:05:12
[2026-09-08 13:05:28] PID: 22392 | WS: 116.34 MB (dWS: 4.79 MB) | Commit: 117.83 MB (dPM: 4.67 MB) | VM: 4329.3 MB | CPU: 20994.6s | SysFreeVM: 104176 MB | No ckpt change
[2026-09-08 13:05:38] PID: 22392 | WS: 116.34 MB (dWS: 4.79 MB) | Commit: 117.83 MB (dPM: 4.67 MB) | VM: 4329.3 MB | CPU: 21004.8s | SysFreeVM: 104149 MB | No ckpt change
[2026-09-08 13:05:48] PID: 22392 | WS: 116.34 MB (dWS: 4.79 MB) | Commit: 117.83 MB (dPM: 4.67 MB) | VM: 4329.3 MB | CPU: 21015s | SysFreeVM: 104165 MB | No ckpt change
[2026-09-08 13:05:59] PID: 22392 | WS: 116.34 MB (dWS: 4.79 MB) | Commit: 117.83 MB (dPM: 4.67 MB) | VM: 4329.3 MB | CPU: 21025.2s | SysFreeVM: 104129 MB | Ckpt: 50MB at 13:05:55
[2026-09-08 13:06:09] PID: 22392 | WS: 116.34 MB (dWS: 4.79 MB) | Commit: 117.83 MB (dPM: 4.67 MB) | VM: 4329.3 MB | CPU: 21035.2s | SysFreeVM: 104187 MB | No ckpt change
[2026-09-08 13:06:19] PID: 22392 | WS: 116.34 MB (dWS: 4.79 MB) | Commit: 117.83 MB (dPM: 4.67 MB) | VM: 4329.3 MB | CPU: 21045.4s | SysFreeVM: 104207 MB | No ckpt change
[2026-09-08 13:06:29] PID: 22392 | WS: 116.34 MB (dWS: 4.79 MB) | Commit: 117.83 MB (dPM: 4.67 MB) | VM: 4329.3 MB | CPU: 21055.7s | SysFreeVM: 104189 MB | No ckpt change
[2026-09-08 13:06:39] PID: 22392 | WS: 116.34 MB (dWS: 4.79 MB) | Commit: 117.83 MB (dPM: 4.67 MB) | VM: 4329.3 MB | CPU: 21065.9s | SysFreeVM: 104170 MB | Ckpt: 50MB at 13:06:37
[2026-09-08 13:06:50] PID: 22392 | WS: 116.34 MB (dWS: 4.79 MB) | Commit: 117.83 MB (dPM: 4.67 MB) | VM: 4329.3 MB | CPU: 21076s | SysFreeVM: 104180 MB | No ckpt change
[2026-09-08 13:07:00] PID: 22392 | WS: 116.34 MB (dWS: 4.79 MB) | Commit: 117.83 MB (dPM: 4.67 MB) | VM: 4329.3 MB | CPU: 21086.2s | SysFreeVM: 104178 MB | No ckpt change
[2026-09-08 13:07:10] PID: 22392 | WS: 116.34 MB (dWS: 4.79 MB) | Commit: 117.83 MB (dPM: 4.67 MB) | VM: 4329.3 MB | CPU: 21096.4s | SysFreeVM: 104185 MB | No ckpt change
[2026-09-08 13:07:20] PID: 22392 | WS: 116.34 MB (dWS: 4.79 MB) | Commit: 117.83 MB (dPM: 4.67 MB) | VM: 4329.3 MB | CPU: 21106.5s | SysFreeVM: 104169 MB | Ckpt: 50MB at 13:07:19
[2026-09-08 13:07:31] PID: 22392 | WS: 116.34 MB (dWS: 4.79 MB) | Commit: 117.83 MB (dPM: 4.67 MB) | VM: 4329.3 MB | CPU: 21116.6s | SysFreeVM: 104212 MB | No ckpt change
[2026-09-08 13:07:41] PID: 22392 | WS: 116.34 MB (dWS: 4.79 MB) | Commit: 117.83 MB (dPM: 4.67 MB) | VM: 4329.3 MB | CPU: 21126.7s | SysFreeVM: 104200 MB | No ckpt change
[2026-09-08 13:07:51] PID: 22392 | WS: 116.34 MB (dWS: 4.79 MB) | Commit: 117.83 MB (dPM: 4.67 MB) | VM: 4329.3 MB | CPU: 21136.9s | SysFreeVM: 104209 MB | No ckpt change
[2026-09-08 13:08:01] PID: 22392 | WS: 116.34 MB (dWS: 4.79 MB) | Commit: 117.83 MB (dPM: 4.67 MB) | VM: 4329.3 MB | CPU: 21147.1s | SysFreeVM: 104198 MB | No ckpt change
[2026-09-08 13:08:12] PID: 22392 | WS: 116.34 MB (dWS: 4.79 MB) | Commit: 117.83 MB (dPM: 4.67 MB) | VM: 4329.3 MB | CPU: 21157.3s | SysFreeVM: 104188 MB | Ckpt: 50MB at 13:08:02
[2026-09-08 13:08:22] PID: 22392 | WS: 116.34 MB (dWS: 4.79 MB) | Commit: 117.83 MB (dPM: 4.67 MB) | VM: 4329.3 MB | CPU: 21167.5s | SysFreeVM: 104176 MB | No ckpt change
[2026-09-08 13:08:32] PID: 22392 | WS: 116.34 MB (dWS: 4.79 MB) | Commit: 117.83 MB (dPM: 4.67 MB) | VM: 4329.3 MB | CPU: 21177.7s | SysFreeVM: 104153 MB | No ckpt change
[2026-09-08 13:08:42] PID: 22392 | WS: 116.34 MB (dWS: 4.79 MB) | Commit: 117.83 MB (dPM: 4.67 MB) | VM: 4329.3 MB | CPU: 21187.9s | SysFreeVM: 104150 MB | No ckpt change
[2026-09-08 13:08:53] PID: 22392 | WS: 116.34 MB (dWS: 4.79 MB) | Commit: 117.83 MB (dPM: 4.67 MB) | VM: 4329.3 MB | CPU: 21198s | SysFreeVM: 104174 MB | Ckpt: 50MB at 13:08:44
[2026-09-08 13:09:03] PID: 22392 | WS: 116.34 MB (dWS: 4.79 MB) | Commit: 117.83 MB (dPM: 4.67 MB) | VM: 4329.3 MB | CPU: 21208.2s | SysFreeVM: 104189 MB | No ckpt change
[2026-09-08 13:09:13] PID: 22392 | WS: 116.34 MB (dWS: 4.79 MB) | Commit: 117.83 MB (dPM: 4.67 MB) | VM: 4329.3 MB | CPU: 21218.4s | SysFreeVM: 104196 MB | No ckpt change
[2026-09-08 13:09:23] PID: 22392 | WS: 116.34 MB (dWS: 4.79 MB) | Commit: 117.83 MB (dPM: 4.67 MB) | VM: 4329.3 MB | CPU: 21228.5s | SysFreeVM: 104191 MB | No ckpt change
[2026-09-08 13:09:34] PID: 22392 | WS: 116.34 MB (dWS: 4.79 MB) | Commit: 117.83 MB (dPM: 4.67 MB) | VM: 4329.3 MB | CPU: 21238.7s | SysFreeVM: 104190 MB | Ckpt: 50MB at 13:09:26
[2026-09-08 13:09:44] PID: 22392 | WS: 116.34 MB (dWS: 4.79 MB) | Commit: 117.83 MB (dPM: 4.67 MB) | VM: 4329.3 MB | CPU: 21248.9s | SysFreeVM: 104157 MB | No ckpt change
[2026-09-08 13:09:54] PID: 22392 | WS: 116.34 MB (dWS: 4.79 MB) | Commit: 117.83 MB (dPM: 4.67 MB) | VM: 4329.3 MB | CPU: 21259.1s | SysFreeVM: 104156 MB | No ckpt change
[2026-09-08 13:10:04] PID: 22392 | WS: 116.34 MB (dWS: 4.79 MB) | Commit: 117.83 MB (dPM: 4.67 MB) | VM: 4329.3 MB | CPU: 21269.2s | SysFreeVM: 104170 MB | No ckpt change
[2026-09-08 13:10:15] PID: 22392 | WS: 116.34 MB (dWS: 4.79 MB) | Commit: 117.83 MB (dPM: 4.67 MB) | VM: 4329.3 MB | CPU: 21279.4s | SysFreeVM: 104222 MB | Ckpt: 50MB at 13:10:09
[2026-09-08 13:10:25] PID: 22392 | WS: 116.34 MB (dWS: 4.79 MB) | Commit: 117.83 MB (dPM: 4.67 MB) | VM: 4329.3 MB | CPU: 21289.6s | SysFreeVM: 104195 MB | No ckpt change
[2026-09-08 13:10:35] PID: 22392 | WS: 116.34 MB (dWS: 4.79 MB) | Commit: 117.83 MB (dPM: 4.67 MB) | VM: 4329.3 MB | CPU: 21299.8s | SysFreeVM: 104202 MB | No ckpt change
[2026-09-08 13:10:45] PID: 22392 | WS: 116.34 MB (dWS: 4.79 MB) | Commit: 117.83 MB (dPM: 4.67 MB) | VM: 4329.3 MB | CPU: 21310s | SysFreeVM: 104173 MB | No ckpt change
[2026-09-08 13:10:55] PID: 22392 | WS: 116.34 MB (dWS: 4.79 MB) | Commit: 117.83 MB (dPM: 4.67 MB) | VM: 4329.3 MB | CPU: 21320.1s | SysFreeVM: 104162 MB | Ckpt: 50MB at 13:10:51
[2026-09-08 13:11:06] PID: 22392 | WS: 116.34 MB (dWS: 4.79 MB) | Commit: 117.83 MB (dPM: 4.67 MB) | VM: 4329.3 MB | CPU: 21330.2s | SysFreeVM: 104128 MB | No ckpt change
[2026-09-08 13:11:16] PID: 22392 | WS: 116.34 MB (dWS: 4.79 MB) | Commit: 117.83 MB (dPM: 4.67 MB) | VM: 4329.3 MB | CPU: 21340.4s | SysFreeVM: 104132 MB | No ckpt change
[2026-09-08 13:11:26] PID: 22392 | WS: 116.34 MB (dWS: 4.79 MB) | Commit: 117.83 MB (dPM: 4.67 MB) | VM: 4329.3 MB | CPU: 21350.6s | SysFreeVM: 104194 MB | No ckpt change
[2026-09-08 13:11:36] PID: 22392 | WS: 116.34 MB (dWS: 4.79 MB) | Commit: 117.83 MB (dPM: 4.67 MB) | VM: 4329.3 MB | CPU: 21360.8s | SysFreeVM: 104179 MB | Ckpt: 50MB at 13:11:34
[2026-09-08 13:11:47] PID: 22392 | WS: 116.34 MB (dWS: 4.79 MB) | Commit: 117.83 MB (dPM: 4.67 MB) | VM: 4329.3 MB | CPU: 21370.9s | SysFreeVM: 104178 MB | No ckpt change
[2026-09-08 13:11:57] PID: 22392 | WS: 116.34 MB (dWS: 4.79 MB) | Commit: 117.83 MB (dPM: 4.67 MB) | VM: 4329.3 MB | CPU: 21381s | SysFreeVM: 104172 MB | No ckpt change
[2026-09-08 13:12:07] PID: 22392 | WS: 116.34 MB (dWS: 4.79 MB) | Commit: 117.83 MB (dPM: 4.67 MB) | VM: 4329.3 MB | CPU: 21391.2s | SysFreeVM: 104158 MB | No ckpt change
[2026-09-08 13:12:17] PID: 22392 | WS: 116.34 MB (dWS: 4.79 MB) | Commit: 117.83 MB (dPM: 4.67 MB) | VM: 4329.3 MB | CPU: 21401.5s | SysFreeVM: 104134 MB | Ckpt: 50MB at 13:12:16
[2026-09-08 13:12:28] PID: 22392 | WS: 116.34 MB (dWS: 4.79 MB) | Commit: 117.83 MB (dPM: 4.67 MB) | VM: 4329.3 MB | CPU: 21411.6s | SysFreeVM: 104086 MB | No ckpt change
[2026-09-08 13:12:38] PID: 22392 | WS: 116.34 MB (dWS: 4.79 MB) | Commit: 117.83 MB (dPM: 4.67 MB) | VM: 4329.3 MB | CPU: 21421.8s | SysFreeVM: 104179 MB | No ckpt change
[2026-09-08 13:12:48] PID: 22392 | WS: 116.34 MB (dWS: 4.79 MB) | Commit: 117.83 MB (dPM: 4.67 MB) | VM: 4329.3 MB | CPU: 21432s | SysFreeVM: 104166 MB | No ckpt change
[2026-09-08 13:12:58] PID: 22392 | WS: 116.34 MB (dWS: 4.79 MB) | Commit: 117.83 MB (dPM: 4.67 MB) | VM: 4329.3 MB | CPU: 21442.2s | SysFreeVM: 104171 MB | No ckpt change
[2026-09-08 13:13:09] PID: 22392 | WS: 116.34 MB (dWS: 4.79 MB) | Commit: 117.83 MB (dPM: 4.67 MB) | VM: 4329.3 MB | CPU: 21452.4s | SysFreeVM: 104148 MB | Ckpt: 50MB at 13:12:58
[2026-09-08 13:13:19] PID: 22392 | WS: 116.34 MB (dWS: 4.79 MB) | Commit: 117.83 MB (dPM: 4.67 MB) | VM: 4329.3 MB | CPU: 21462.7s | SysFreeVM: 104156 MB | No ckpt change
[2026-09-08 13:13:29] PID: 22392 | WS: 116.34 MB (dWS: 4.79 MB) | Commit: 117.83 MB (dPM: 4.67 MB) | VM: 4329.3 MB | CPU: 21472.8s | SysFreeVM: 104143 MB | No ckpt change
[2026-09-08 13:13:39] PID: 22392 | WS: 116.34 MB (dWS: 4.79 MB) | Commit: 117.83 MB (dPM: 4.67 MB) | VM: 4329.3 MB | CPU: 21483s | SysFreeVM: 104123 MB | No ckpt change
[2026-09-08 13:13:50] PID: 22392 | WS: 116.35 MB (dWS: 4.8 MB) | Commit: 117.83 MB (dPM: 4.67 MB) | VM: 4329.3 MB | CPU: 21493.2s | SysFreeVM: 104146 MB | Ckpt: 50MB at 13:13:41
[2026-09-08 13:14:00] PID: 22392 | WS: 116.35 MB (dWS: 4.8 MB) | Commit: 117.83 MB (dPM: 4.67 MB) | VM: 4329.3 MB | CPU: 21503.5s | SysFreeVM: 104107 MB | No ckpt change
[2026-09-08 13:14:10] PID: 22392 | WS: 116.35 MB (dWS: 4.8 MB) | Commit: 117.83 MB (dPM: 4.67 MB) | VM: 4329.3 MB | CPU: 21513.7s | SysFreeVM: 104141 MB | No ckpt change
[2026-09-08 13:14:20] PID: 22392 | WS: 116.35 MB (dWS: 4.8 MB) | Commit: 117.83 MB (dPM: 4.67 MB) | VM: 4329.3 MB | CPU: 21523.9s | SysFreeVM: 104130 MB | No ckpt change
[2026-09-08 13:14:31] PID: 22392 | WS: 116.35 MB (dWS: 4.8 MB) | Commit: 117.83 MB (dPM: 4.67 MB) | VM: 4329.3 MB | CPU: 21533.9s | SysFreeVM: 104131 MB | Ckpt: 50MB at 13:14:23
[2026-09-08 13:14:41] PID: 22392 | WS: 116.35 MB (dWS: 4.8 MB) | Commit: 117.83 MB (dPM: 4.67 MB) | VM: 4329.3 MB | CPU: 21544.1s | SysFreeVM: 104116 MB | No ckpt change
[2026-09-08 13:14:51] PID: 22392 | WS: 116.35 MB (dWS: 4.8 MB) | Commit: 117.83 MB (dPM: 4.67 MB) | VM: 4329.3 MB | CPU: 21554.4s | SysFreeVM: 104153 MB | No ckpt change
[2026-09-08 13:15:02] PID: 22392 | WS: 116.35 MB (dWS: 4.8 MB) | Commit: 117.83 MB (dPM: 4.67 MB) | VM: 4329.3 MB | CPU: 21564.5s | SysFreeVM: 104189 MB | No ckpt change
[2026-09-08 13:15:12] PID: 22392 | WS: 116.35 MB (dWS: 4.8 MB) | Commit: 117.83 MB (dPM: 4.67 MB) | VM: 4329.3 MB | CPU: 21574.7s | SysFreeVM: 104171 MB | Ckpt: 50MB at 13:15:05
[2026-09-08 13:15:22] PID: 22392 | WS: 116.35 MB (dWS: 4.8 MB) | Commit: 117.83 MB (dPM: 4.67 MB) | VM: 4329.3 MB | CPU: 21584.9s | SysFreeVM: 104168 MB | No ckpt change
[2026-09-08 13:15:32] PID: 22392 | WS: 116.35 MB (dWS: 4.8 MB) | Commit: 117.83 MB (dPM: 4.67 MB) | VM: 4329.3 MB | CPU: 21595.1s | SysFreeVM: 104160 MB | No ckpt change
[2026-09-08 13:15:43] PID: 22392 | WS: 116.35 MB (dWS: 4.8 MB) | Commit: 117.83 MB (dPM: 4.67 MB) | VM: 4329.3 MB | CPU: 21605.3s | SysFreeVM: 104145 MB | No ckpt change
[2026-09-08 13:15:53] PID: 22392 | WS: 116.35 MB (dWS: 4.8 MB) | Commit: 117.83 MB (dPM: 4.67 MB) | VM: 4329.3 MB | CPU: 21615.4s | SysFreeVM: 104193 MB | Ckpt: 50MB at 13:15:48
[2026-09-08 13:16:03] PID: 22392 | WS: 116.35 MB (dWS: 4.8 MB) | Commit: 117.83 MB (dPM: 4.67 MB) | VM: 4329.3 MB | CPU: 21625.7s | SysFreeVM: 104174 MB | No ckpt change
[2026-09-08 13:16:13] PID: 22392 | WS: 116.35 MB (dWS: 4.8 MB) | Commit: 117.83 MB (dPM: 4.67 MB) | VM: 4329.3 MB | CPU: 21635.8s | SysFreeVM: 104178 MB | No ckpt change
[2026-09-08 13:16:24] PID: 22392 | WS: 116.35 MB (dWS: 4.8 MB) | Commit: 117.83 MB (dPM: 4.67 MB) | VM: 4329.3 MB | CPU: 21646s | SysFreeVM: 104171 MB | No ckpt change
[2026-09-08 13:16:34] PID: 22392 | WS: 116.35 MB (dWS: 4.8 MB) | Commit: 117.83 MB (dPM: 4.67 MB) | VM: 4329.3 MB | CPU: 21656.2s | SysFreeVM: 104146 MB | Ckpt: 50MB at 13:16:30
[2026-09-08 13:16:44] PID: 22392 | WS: 116.35 MB (dWS: 4.8 MB) | Commit: 117.83 MB (dPM: 4.67 MB) | VM: 4329.3 MB | CPU: 21666.4s | SysFreeVM: 104156 MB | No ckpt change
[2026-09-08 13:16:54] PID: 22392 | WS: 116.35 MB (dWS: 4.8 MB) | Commit: 117.83 MB (dPM: 4.67 MB) | VM: 4329.3 MB | CPU: 21676.5s | SysFreeVM: 104143 MB | No ckpt change
[2026-09-08 13:17:05] PID: 22392 | WS: 116.35 MB (dWS: 4.8 MB) | Commit: 117.83 MB (dPM: 4.67 MB) | VM: 4329.3 MB | CPU: 21686.6s | SysFreeVM: 104170 MB | No ckpt change
[2026-09-08 13:17:15] PID: 22392 | WS: 116.35 MB (dWS: 4.8 MB) | Commit: 117.83 MB (dPM: 4.67 MB) | VM: 4329.3 MB | CPU: 21696.8s | SysFreeVM: 104185 MB | Ckpt: 50MB at 13:17:12
[2026-09-08 13:17:25] PID: 22392 | WS: 116.35 MB (dWS: 4.8 MB) | Commit: 117.83 MB (dPM: 4.67 MB) | VM: 4329.3 MB | CPU: 21706.9s | SysFreeVM: 104186 MB | No ckpt change
[2026-09-08 13:17:35] PID: 22392 | WS: 116.35 MB (dWS: 4.8 MB) | Commit: 117.83 MB (dPM: 4.67 MB) | VM: 4329.3 MB | CPU: 21717.1s | SysFreeVM: 104179 MB | No ckpt change
[2026-09-08 13:17:45] PID: 22392 | WS: 116.35 MB (dWS: 4.8 MB) | Commit: 117.83 MB (dPM: 4.67 MB) | VM: 4329.3 MB | CPU: 21727.3s | SysFreeVM: 104167 MB | No ckpt change
[2026-09-08 13:17:56] PID: 22392 | WS: 116.35 MB (dWS: 4.8 MB) | Commit: 117.83 MB (dPM: 4.67 MB) | VM: 4329.3 MB | CPU: 21737.4s | SysFreeVM: 104185 MB | Ckpt: 50MB at 13:17:55
[2026-09-08 13:18:06] PID: 22392 | WS: 116.35 MB (dWS: 4.8 MB) | Commit: 117.83 MB (dPM: 4.67 MB) | VM: 4329.3 MB | CPU: 21747.4s | SysFreeVM: 104174 MB | No ckpt change
[2026-09-08 13:18:16] PID: 22392 | WS: 116.35 MB (dWS: 4.8 MB) | Commit: 117.83 MB (dPM: 4.67 MB) | VM: 4329.3 MB | CPU: 21757.6s | SysFreeVM: 104156 MB | No ckpt change
[2026-09-08 13:18:26] PID: 22392 | WS: 116.35 MB (dWS: 4.8 MB) | Commit: 117.83 MB (dPM: 4.67 MB) | VM: 4329.3 MB | CPU: 21767.8s | SysFreeVM: 104147 MB | No ckpt change
[2026-09-08 13:18:36] PID: 22392 | WS: 116.35 MB (dWS: 4.8 MB) | Commit: 117.83 MB (dPM: 4.67 MB) | VM: 4329.3 MB | CPU: 21778s | SysFreeVM: 104132 MB | No ckpt change
[2026-09-08 13:18:47] PID: 22392 | WS: 116.35 MB (dWS: 4.8 MB) | Commit: 117.83 MB (dPM: 4.67 MB) | VM: 4329.3 MB | CPU: 21788s | SysFreeVM: 104148 MB | Ckpt: 50MB at 13:18:37
[2026-09-08 13:18:57] PID: 22392 | WS: 116.35 MB (dWS: 4.8 MB) | Commit: 117.83 MB (dPM: 4.67 MB) | VM: 4329.3 MB | CPU: 21798.2s | SysFreeVM: 104159 MB | No ckpt change
[2026-09-08 13:19:07] PID: 22392 | WS: 116.35 MB (dWS: 4.8 MB) | Commit: 117.83 MB (dPM: 4.67 MB) | VM: 4329.3 MB | CPU: 21808.4s | SysFreeVM: 104188 MB | No ckpt change
[2026-09-08 13:19:17] PID: 22392 | WS: 116.35 MB (dWS: 4.8 MB) | Commit: 117.83 MB (dPM: 4.67 MB) | VM: 4329.3 MB | CPU: 21818.6s | SysFreeVM: 104197 MB | No ckpt change
[2026-09-08 13:19:28] PID: 22392 | WS: 116.35 MB (dWS: 4.8 MB) | Commit: 117.83 MB (dPM: 4.67 MB) | VM: 4329.3 MB | CPU: 21828.7s | SysFreeVM: 104167 MB | Ckpt: 50MB at 13:19:19
[2026-09-08 13:19:38] PID: 22392 | WS: 116.35 MB (dWS: 4.8 MB) | Commit: 117.83 MB (dPM: 4.67 MB) | VM: 4329.3 MB | CPU: 21838.9s | SysFreeVM: 104157 MB | No ckpt change
[2026-09-08 13:19:48] PID: 22392 | WS: 116.35 MB (dWS: 4.8 MB) | Commit: 117.83 MB (dPM: 4.67 MB) | VM: 4329.3 MB | CPU: 21849.1s | SysFreeVM: 104153 MB | No ckpt change
[2026-09-08 13:19:58] PID: 22392 | WS: 116.35 MB (dWS: 4.8 MB) | Commit: 117.83 MB (dPM: 4.67 MB) | VM: 4329.3 MB | CPU: 21859.2s | SysFreeVM: 104201 MB | No ckpt change
[2026-09-08 13:20:09] PID: 22392 | WS: 116.35 MB (dWS: 4.8 MB) | Commit: 117.83 MB (dPM: 4.67 MB) | VM: 4329.3 MB | CPU: 21869.3s | SysFreeVM: 104183 MB | Ckpt: 50MB at 13:20:02
[2026-09-08 13:20:19] PID: 22392 | WS: 116.35 MB (dWS: 4.8 MB) | Commit: 117.83 MB (dPM: 4.67 MB) | VM: 4329.3 MB | CPU: 21879.5s | SysFreeVM: 104165 MB | No ckpt change
[2026-09-08 13:20:29] PID: 22392 | WS: 116.35 MB (dWS: 4.8 MB) | Commit: 117.83 MB (dPM: 4.67 MB) | VM: 4329.3 MB | CPU: 21889.6s | SysFreeVM: 104169 MB | No ckpt change
[2026-09-08 13:20:39] PID: 22392 | WS: 116.35 MB (dWS: 4.8 MB) | Commit: 117.83 MB (dPM: 4.67 MB) | VM: 4329.3 MB | CPU: 21899.8s | SysFreeVM: 104171 MB | No ckpt change
[2026-09-08 13:20:50] PID: 22392 | WS: 116.5 MB (dWS: 4.95 MB) | Commit: 118.02 MB (dPM: 4.86 MB) | VM: 4329.3 MB | CPU: 21909.9s | SysFreeVM: 104136 MB | Ckpt: 50MB at 13:20:44
[2026-09-08 13:21:00] PID: 22392 | WS: 116.5 MB (dWS: 4.95 MB) | Commit: 118.02 MB (dPM: 4.86 MB) | VM: 4329.3 MB | CPU: 21920.1s | SysFreeVM: 104173 MB | No ckpt change
[2026-09-08 13:21:10] PID: 22392 | WS: 116.5 MB (dWS: 4.95 MB) | Commit: 118.02 MB (dPM: 4.86 MB) | VM: 4329.3 MB | CPU: 21930.3s | SysFreeVM: 104196 MB | No ckpt change
[2026-09-08 13:21:20] PID: 22392 | WS: 116.5 MB (dWS: 4.95 MB) | Commit: 118.02 MB (dPM: 4.86 MB) | VM: 4329.3 MB | CPU: 21940.5s | SysFreeVM: 104202 MB | No ckpt change
[2026-09-08 13:21:31] PID: 22392 | WS: 116.51 MB (dWS: 4.96 MB) | Commit: 118.02 MB (dPM: 4.86 MB) | VM: 4329.3 MB | CPU: 21950.6s | SysFreeVM: 104168 MB | Ckpt: 50MB at 13:21:26
[2026-09-08 13:21:41] PID: 22392 | WS: 116.51 MB (dWS: 4.96 MB) | Commit: 118.02 MB (dPM: 4.86 MB) | VM: 4329.3 MB | CPU: 21960.8s | SysFreeVM: 104149 MB | No ckpt change
[2026-09-08 13:21:51] PID: 22392 | WS: 116.51 MB (dWS: 4.96 MB) | Commit: 118.02 MB (dPM: 4.86 MB) | VM: 4329.3 MB | CPU: 21970.9s | SysFreeVM: 104165 MB | No ckpt change
[2026-09-08 13:22:01] PID: 22392 | WS: 116.51 MB (dWS: 4.96 MB) | Commit: 118.02 MB (dPM: 4.86 MB) | VM: 4329.3 MB | CPU: 21981.1s | SysFreeVM: 104150 MB | No ckpt change
[2026-09-08 13:22:12] PID: 22392 | WS: 116.51 MB (dWS: 4.96 MB) | Commit: 118.02 MB (dPM: 4.86 MB) | VM: 4329.3 MB | CPU: 21991.2s | SysFreeVM: 104184 MB | Ckpt: 50MB at 13:22:09
[2026-09-08 13:22:22] PID: 22392 | WS: 116.51 MB (dWS: 4.96 MB) | Commit: 118.02 MB (dPM: 4.86 MB) | VM: 4329.3 MB | CPU: 22001.4s | SysFreeVM: 104188 MB | No ckpt change
[2026-09-08 13:22:32] PID: 22392 | WS: 116.51 MB (dWS: 4.96 MB) | Commit: 118.02 MB (dPM: 4.86 MB) | VM: 4329.3 MB | CPU: 22011.6s | SysFreeVM: 104163 MB | No ckpt change
[2026-09-08 13:22:42] PID: 22392 | WS: 116.51 MB (dWS: 4.96 MB) | Commit: 118.02 MB (dPM: 4.86 MB) | VM: 4329.3 MB | CPU: 22021.7s | SysFreeVM: 104198 MB | No ckpt change
[2026-09-08 13:22:53] PID: 22392 | WS: 116.51 MB (dWS: 4.96 MB) | Commit: 118.02 MB (dPM: 4.86 MB) | VM: 4329.3 MB | CPU: 22031.8s | SysFreeVM: 104181 MB | Ckpt: 50MB at 13:22:51
[2026-09-08 13:23:03] PID: 22392 | WS: 116.51 MB (dWS: 4.96 MB) | Commit: 118.02 MB (dPM: 4.86 MB) | VM: 4329.3 MB | CPU: 22042s | SysFreeVM: 104148 MB | No ckpt change
[2026-09-08 13:23:13] PID: 22392 | WS: 116.51 MB (dWS: 4.96 MB) | Commit: 118.02 MB (dPM: 4.86 MB) | VM: 4329.3 MB | CPU: 22052.2s | SysFreeVM: 104157 MB | No ckpt change
[2026-09-08 13:23:23] PID: 22392 | WS: 116.51 MB (dWS: 4.96 MB) | Commit: 118.02 MB (dPM: 4.86 MB) | VM: 4329.3 MB | CPU: 22062.4s | SysFreeVM: 104204 MB | No ckpt change
[2026-09-08 13:23:34] PID: 22392 | WS: 116.51 MB (dWS: 4.96 MB) | Commit: 118.02 MB (dPM: 4.86 MB) | VM: 4329.3 MB | CPU: 22072.6s | SysFreeVM: 104172 MB | No ckpt change
[2026-09-08 13:23:44] PID: 22392 | WS: 116.51 MB (dWS: 4.96 MB) | Commit: 118.02 MB (dPM: 4.86 MB) | VM: 4329.3 MB | CPU: 22082.8s | SysFreeVM: 104157 MB | Ckpt: 50MB at 13:23:33
[2026-09-08 13:23:54] PID: 22392 | WS: 116.51 MB (dWS: 4.96 MB) | Commit: 118.02 MB (dPM: 4.86 MB) | VM: 4329.3 MB | CPU: 22093s | SysFreeVM: 104140 MB | No ckpt change
[2026-09-08 13:24:04] PID: 22392 | WS: 116.51 MB (dWS: 4.96 MB) | Commit: 118.02 MB (dPM: 4.86 MB) | VM: 4329.3 MB | CPU: 22103.3s | SysFreeVM: 104147 MB | No ckpt change
[2026-09-08 13:24:15] PID: 22392 | WS: 116.51 MB (dWS: 4.96 MB) | Commit: 118.02 MB (dPM: 4.86 MB) | VM: 4329.3 MB | CPU: 22113.4s | SysFreeVM: 104175 MB | No ckpt change
[2026-09-08 13:24:25] PID: 22392 | WS: 116.51 MB (dWS: 4.96 MB) | Commit: 118.02 MB (dPM: 4.86 MB) | VM: 4329.3 MB | CPU: 22123.6s | SysFreeVM: 104182 MB | Ckpt: 50MB at 13:24:16
[2026-09-08 13:24:35] PID: 22392 | WS: 116.51 MB (dWS: 4.96 MB) | Commit: 118.02 MB (dPM: 4.86 MB) | VM: 4329.3 MB | CPU: 22133.7s | SysFreeVM: 104199 MB | No ckpt change
[2026-09-08 13:24:45] PID: 22392 | WS: 116.51 MB (dWS: 4.96 MB) | Commit: 118.02 MB (dPM: 4.86 MB) | VM: 4329.3 MB | CPU: 22143.9s | SysFreeVM: 104219 MB | No ckpt change
[2026-09-08 13:24:56] PID: 22392 | WS: 116.51 MB (dWS: 4.96 MB) | Commit: 118.02 MB (dPM: 4.86 MB) | VM: 4329.3 MB | CPU: 22154s | SysFreeVM: 104215 MB | No ckpt change
[2026-09-08 13:25:06] PID: 22392 | WS: 116.51 MB (dWS: 4.96 MB) | Commit: 118.02 MB (dPM: 4.86 MB) | VM: 4329.3 MB | CPU: 22164.1s | SysFreeVM: 104169 MB | Ckpt: 50MB at 13:24:58
[2026-09-08 13:25:16] PID: 22392 | WS: 116.51 MB (dWS: 4.96 MB) | Commit: 118.02 MB (dPM: 4.86 MB) | VM: 4329.3 MB | CPU: 22174.2s | SysFreeVM: 104200 MB | No ckpt change
[2026-09-08 13:25:26] PID: 22392 | WS: 116.51 MB (dWS: 4.96 MB) | Commit: 118.02 MB (dPM: 4.86 MB) | VM: 4329.3 MB | CPU: 22184.4s | SysFreeVM: 104181 MB | No ckpt change
[2026-09-08 13:25:37] PID: 22392 | WS: 116.51 MB (dWS: 4.96 MB) | Commit: 118.02 MB (dPM: 4.86 MB) | VM: 4329.3 MB | CPU: 22194.6s | SysFreeVM: 104193 MB | No ckpt change
[2026-09-08 13:25:47] PID: 22392 | WS: 116.51 MB (dWS: 4.96 MB) | Commit: 118.02 MB (dPM: 4.86 MB) | VM: 4329.3 MB | CPU: 22204.8s | SysFreeVM: 104188 MB | Ckpt: 50MB at 13:25:40
[2026-09-08 13:25:57] PID: 22392 | WS: 116.51 MB (dWS: 4.96 MB) | Commit: 118.02 MB (dPM: 4.86 MB) | VM: 4329.3 MB | CPU: 22214.9s | SysFreeVM: 104207 MB | No ckpt change
[2026-09-08 13:26:07] PID: 22392 | WS: 116.51 MB (dWS: 4.96 MB) | Commit: 118.02 MB (dPM: 4.86 MB) | VM: 4329.3 MB | CPU: 22225.2s | SysFreeVM: 104206 MB | No ckpt change
[2026-09-08 13:26:18] PID: 22392 | WS: 116.51 MB (dWS: 4.96 MB) | Commit: 118.02 MB (dPM: 4.86 MB) | VM: 4329.3 MB | CPU: 22235.3s | SysFreeVM: 104180 MB | No ckpt change
[2026-09-08 13:26:28] PID: 22392 | WS: 116.51 MB (dWS: 4.96 MB) | Commit: 118.02 MB (dPM: 4.86 MB) | VM: 4329.3 MB | CPU: 22245.4s | SysFreeVM: 104176 MB | Ckpt: 50MB at 13:26:23
[2026-09-08 13:26:38] PID: 22392 | WS: 116.51 MB (dWS: 4.96 MB) | Commit: 118.02 MB (dPM: 4.86 MB) | VM: 4329.3 MB | CPU: 22255.6s | SysFreeVM: 104160 MB | No ckpt change
[2026-09-08 13:26:48] PID: 22392 | WS: 116.51 MB (dWS: 4.96 MB) | Commit: 118.02 MB (dPM: 4.86 MB) | VM: 4329.3 MB | CPU: 22265.8s | SysFreeVM: 104162 MB | No ckpt change
[2026-09-08 13:26:59] PID: 22392 | WS: 116.51 MB (dWS: 4.96 MB) | Commit: 118.02 MB (dPM: 4.86 MB) | VM: 4329.3 MB | CPU: 22276s | SysFreeVM: 104224 MB | No ckpt change
[2026-09-08 13:27:09] PID: 22392 | WS: 116.54 MB (dWS: 4.99 MB) | Commit: 118.09 MB (dPM: 4.93 MB) | VM: 4329.3 MB | CPU: 22286.2s | SysFreeVM: 104197 MB | Ckpt: 50MB at 13:27:05
[2026-09-08 13:27:19] PID: 22392 | WS: 116.54 MB (dWS: 4.99 MB) | Commit: 118.09 MB (dPM: 4.93 MB) | VM: 4329.3 MB | CPU: 22296.4s | SysFreeVM: 104162 MB | No ckpt change
[2026-09-08 13:27:29] PID: 22392 | WS: 116.54 MB (dWS: 4.99 MB) | Commit: 118.09 MB (dPM: 4.93 MB) | VM: 4329.3 MB | CPU: 22306.5s | SysFreeVM: 104143 MB | No ckpt change
[2026-09-08 13:27:40] PID: 22392 | WS: 116.54 MB (dWS: 4.99 MB) | Commit: 118.09 MB (dPM: 4.93 MB) | VM: 4329.3 MB | CPU: 22316.8s | SysFreeVM: 104161 MB | No ckpt change
[2026-09-08 13:27:50] PID: 22392 | WS: 116.54 MB (dWS: 4.99 MB) | Commit: 118.09 MB (dPM: 4.93 MB) | VM: 4329.3 MB | CPU: 22326.9s | SysFreeVM: 104126 MB | Ckpt: 50MB at 13:27:47
[2026-09-08 13:28:00] PID: 22392 | WS: 116.54 MB (dWS: 4.99 MB) | Commit: 118.09 MB (dPM: 4.93 MB) | VM: 4329.3 MB | CPU: 22337s | SysFreeVM: 104117 MB | No ckpt change
[2026-09-08 13:28:10] PID: 22392 | WS: 116.54 MB (dWS: 4.99 MB) | Commit: 118.09 MB (dPM: 4.93 MB) | VM: 4329.3 MB | CPU: 22347.2s | SysFreeVM: 104201 MB | No ckpt change
[2026-09-08 13:28:20] PID: 22392 | WS: 116.54 MB (dWS: 4.99 MB) | Commit: 118.09 MB (dPM: 4.93 MB) | VM: 4329.3 MB | CPU: 22357.4s | SysFreeVM: 104195 MB | No ckpt change
[2026-09-08 13:28:31] PID: 22392 | WS: 116.54 MB (dWS: 4.99 MB) | Commit: 118.09 MB (dPM: 4.93 MB) | VM: 4329.3 MB | CPU: 22367.5s | SysFreeVM: 104198 MB | Ckpt: 50MB at 13:28:30
[2026-09-08 13:28:41] PID: 22392 | WS: 116.54 MB (dWS: 4.99 MB) | Commit: 118.09 MB (dPM: 4.93 MB) | VM: 4329.3 MB | CPU: 22377.7s | SysFreeVM: 104152 MB | No ckpt change
[2026-09-08 13:28:51] PID: 22392 | WS: 116.54 MB (dWS: 4.99 MB) | Commit: 118.09 MB (dPM: 4.93 MB) | VM: 4329.3 MB | CPU: 22387.9s | SysFreeVM: 104137 MB | No ckpt change
[2026-09-08 13:29:01] PID: 22392 | WS: 116.54 MB (dWS: 4.99 MB) | Commit: 118.09 MB (dPM: 4.93 MB) | VM: 4329.3 MB | CPU: 22398.1s | SysFreeVM: 104135 MB | No ckpt change
[2026-09-08 13:29:12] PID: 22392 | WS: 116.54 MB (dWS: 4.99 MB) | Commit: 118.09 MB (dPM: 4.93 MB) | VM: 4329.3 MB | CPU: 22408.3s | SysFreeVM: 104156 MB | No ckpt change
[2026-09-08 13:29:22] PID: 22392 | WS: 116.54 MB (dWS: 4.99 MB) | Commit: 118.09 MB (dPM: 4.93 MB) | VM: 4329.3 MB | CPU: 22418.4s | SysFreeVM: 104165 MB | Ckpt: 50MB at 13:29:12
[2026-09-08 13:29:32] PID: 22392 | WS: 116.54 MB (dWS: 4.99 MB) | Commit: 118.09 MB (dPM: 4.93 MB) | VM: 4329.3 MB | CPU: 22428.7s | SysFreeVM: 104176 MB | No ckpt change
[2026-09-08 13:29:42] PID: 22392 | WS: 116.54 MB (dWS: 4.99 MB) | Commit: 118.09 MB (dPM: 4.93 MB) | VM: 4329.3 MB | CPU: 22438.9s | SysFreeVM: 104182 MB | No ckpt change
[2026-09-08 13:29:53] PID: 22392 | WS: 116.54 MB (dWS: 4.99 MB) | Commit: 118.09 MB (dPM: 4.93 MB) | VM: 4329.3 MB | CPU: 22449s | SysFreeVM: 104195 MB | No ckpt change
[2026-09-08 13:30:03] PID: 22392 | WS: 116.54 MB (dWS: 4.99 MB) | Commit: 118.09 MB (dPM: 4.93 MB) | VM: 4329.3 MB | CPU: 22459.2s | SysFreeVM: 104163 MB | Ckpt: 50MB at 13:29:54
[2026-09-08 13:30:13] PID: 22392 | WS: 116.54 MB (dWS: 4.99 MB) | Commit: 118.09 MB (dPM: 4.93 MB) | VM: 4329.3 MB | CPU: 22469.4s | SysFreeVM: 104192 MB | No ckpt change
[2026-09-08 13:30:23] PID: 22392 | WS: 116.54 MB (dWS: 4.99 MB) | Commit: 118.09 MB (dPM: 4.93 MB) | VM: 4329.3 MB | CPU: 22479.5s | SysFreeVM: 104158 MB | No ckpt change
[2026-09-08 13:30:34] PID: 22392 | WS: 116.54 MB (dWS: 4.99 MB) | Commit: 118.09 MB (dPM: 4.93 MB) | VM: 4329.3 MB | CPU: 22489.7s | SysFreeVM: 104147 MB | No ckpt change
[2026-09-08 13:30:44] PID: 22392 | WS: 116.54 MB (dWS: 4.99 MB) | Commit: 118.09 MB (dPM: 4.93 MB) | VM: 4329.3 MB | CPU: 22499.9s | SysFreeVM: 104189 MB | Ckpt: 50MB at 13:30:37
[2026-09-08 13:30:54] PID: 22392 | WS: 116.54 MB (dWS: 4.99 MB) | Commit: 118.09 MB (dPM: 4.93 MB) | VM: 4329.3 MB | CPU: 22510s | SysFreeVM: 104149 MB | No ckpt change
[2026-09-08 13:31:04] PID: 22392 | WS: 116.54 MB (dWS: 4.99 MB) | Commit: 118.09 MB (dPM: 4.93 MB) | VM: 4329.3 MB | CPU: 22520.2s | SysFreeVM: 104093 MB | No ckpt change
[2026-09-08 13:31:15] PID: 22392 | WS: 116.54 MB (dWS: 4.99 MB) | Commit: 118.09 MB (dPM: 4.93 MB) | VM: 4329.3 MB | CPU: 22530.4s | SysFreeVM: 104147 MB | No ckpt change
[2026-09-08 13:31:25] PID: 22392 | WS: 116.54 MB (dWS: 4.99 MB) | Commit: 118.09 MB (dPM: 4.93 MB) | VM: 4329.3 MB | CPU: 22540.5s | SysFreeVM: 104157 MB | Ckpt: 50MB at 13:31:19
[2026-09-08 13:31:35] PID: 22392 | WS: 116.54 MB (dWS: 4.99 MB) | Commit: 118.09 MB (dPM: 4.93 MB) | VM: 4329.3 MB | CPU: 22550.8s | SysFreeVM: 104141 MB | No ckpt change
[2026-09-08 13:31:45] PID: 22392 | WS: 116.54 MB (dWS: 4.99 MB) | Commit: 118.09 MB (dPM: 4.93 MB) | VM: 4329.3 MB | CPU: 22560.9s | SysFreeVM: 104208 MB | No ckpt change
[2026-09-08 13:31:56] PID: 22392 | WS: 116.54 MB (dWS: 4.99 MB) | Commit: 118.09 MB (dPM: 4.93 MB) | VM: 4329.3 MB | CPU: 22571.1s | SysFreeVM: 104193 MB | No ckpt change
[2026-09-08 13:32:06] PID: 22392 | WS: 116.54 MB (dWS: 4.99 MB) | Commit: 118.09 MB (dPM: 4.93 MB) | VM: 4329.3 MB | CPU: 22581.3s | SysFreeVM: 104169 MB | Ckpt: 50MB at 13:32:02
[2026-09-08 13:32:16] PID: 22392 | WS: 116.54 MB (dWS: 4.99 MB) | Commit: 118.09 MB (dPM: 4.93 MB) | VM: 4329.3 MB | CPU: 22591.4s | SysFreeVM: 104160 MB | No ckpt change
[2026-09-08 13:32:26] PID: 22392 | WS: 116.54 MB (dWS: 4.99 MB) | Commit: 118.09 MB (dPM: 4.93 MB) | VM: 4329.3 MB | CPU: 22601.6s | SysFreeVM: 104159 MB | No ckpt change
[2026-09-08 13:32:37] PID: 22392 | WS: 116.54 MB (dWS: 4.99 MB) | Commit: 118.09 MB (dPM: 4.93 MB) | VM: 4329.3 MB | CPU: 22611.8s | SysFreeVM: 104137 MB | No ckpt change
[2026-09-08 13:32:47] PID: 22392 | WS: 116.54 MB (dWS: 4.99 MB) | Commit: 118.09 MB (dPM: 4.93 MB) | VM: 4329.3 MB | CPU: 22621.9s | SysFreeVM: 104143 MB | Ckpt: 50MB at 13:32:44
[2026-09-08 13:32:57] PID: 22392 | WS: 116.54 MB (dWS: 4.99 MB) | Commit: 118.09 MB (dPM: 4.93 MB) | VM: 4329.3 MB | CPU: 22632.1s | SysFreeVM: 104185 MB | No ckpt change
[2026-09-08 13:33:07] PID: 22392 | WS: 116.54 MB (dWS: 4.99 MB) | Commit: 118.09 MB (dPM: 4.93 MB) | VM: 4329.3 MB | CPU: 22642.3s | SysFreeVM: 104184 MB | No ckpt change
[2026-09-08 13:33:18] PID: 22392 | WS: 116.54 MB (dWS: 4.99 MB) | Commit: 118.09 MB (dPM: 4.93 MB) | VM: 4329.3 MB | CPU: 22652.4s | SysFreeVM: 104191 MB | No ckpt change
[2026-09-08 13:33:28] PID: 22392 | WS: 116.54 MB (dWS: 4.99 MB) | Commit: 118.09 MB (dPM: 4.93 MB) | VM: 4329.3 MB | CPU: 22662.5s | SysFreeVM: 104184 MB | Ckpt: 50MB at 13:33:26
[2026-09-08 13:33:38] PID: 22392 | WS: 116.54 MB (dWS: 4.99 MB) | Commit: 118.09 MB (dPM: 4.93 MB) | VM: 4329.3 MB | CPU: 22672.7s | SysFreeVM: 104128 MB | No ckpt change
[2026-09-08 13:33:48] PID: 22392 | WS: 116.54 MB (dWS: 4.99 MB) | Commit: 118.09 MB (dPM: 4.93 MB) | VM: 4329.3 MB | CPU: 22682.8s | SysFreeVM: 104118 MB | No ckpt change
[2026-09-08 13:33:58] PID: 22392 | WS: 116.54 MB (dWS: 4.99 MB) | Commit: 118.09 MB (dPM: 4.93 MB) | VM: 4329.3 MB | CPU: 22692.9s | SysFreeVM: 104119 MB | No ckpt change
[2026-09-08 13:34:09] PID: 22392 | WS: 116.54 MB (dWS: 4.99 MB) | Commit: 118.09 MB (dPM: 4.93 MB) | VM: 4329.3 MB | CPU: 22703.1s | SysFreeVM: 104101 MB | No ckpt change
[2026-09-08 13:34:19] PID: 22392 | WS: 116.54 MB (dWS: 4.99 MB) | Commit: 118.09 MB (dPM: 4.93 MB) | VM: 4329.3 MB | CPU: 22713.2s | SysFreeVM: 104182 MB | Ckpt: 50MB at 13:34:09
[2026-09-08 13:34:29] PID: 22392 | WS: 116.54 MB (dWS: 4.99 MB) | Commit: 118.09 MB (dPM: 4.93 MB) | VM: 4329.3 MB | CPU: 22723.4s | SysFreeVM: 104164 MB | No ckpt change
[2026-09-08 13:34:40] PID: 22392 | WS: 116.54 MB (dWS: 4.99 MB) | Commit: 118.09 MB (dPM: 4.93 MB) | VM: 4329.3 MB | CPU: 22733.6s | SysFreeVM: 104198 MB | No ckpt change
[2026-09-08 13:34:50] PID: 22392 | WS: 116.54 MB (dWS: 4.99 MB) | Commit: 118.09 MB (dPM: 4.93 MB) | VM: 4329.3 MB | CPU: 22743.8s | SysFreeVM: 104179 MB | No ckpt change
[2026-09-08 13:35:00] PID: 22392 | WS: 116.66 MB (dWS: 5.11 MB) | Commit: 118.22 MB (dPM: 5.06 MB) | VM: 4329.3 MB | CPU: 22753.9s | SysFreeVM: 104050 MB | Ckpt: 50MB at 13:34:51
[2026-09-08 13:35:10] PID: 22392 | WS: 116.66 MB (dWS: 5.11 MB) | Commit: 118.22 MB (dPM: 5.06 MB) | VM: 4329.3 MB | CPU: 22764.1s | SysFreeVM: 104048 MB | No ckpt change
[2026-09-08 13:35:20] PID: 22392 | WS: 116.66 MB (dWS: 5.11 MB) | Commit: 118.22 MB (dPM: 5.06 MB) | VM: 4329.3 MB | CPU: 22774.3s | SysFreeVM: 104013 MB | No ckpt change
[2026-09-08 13:35:31] PID: 22392 | WS: 116.66 MB (dWS: 5.11 MB) | Commit: 118.22 MB (dPM: 5.06 MB) | VM: 4329.3 MB | CPU: 22784.5s | SysFreeVM: 104061 MB | No ckpt change
[2026-09-08 13:35:41] PID: 22392 | WS: 116.66 MB (dWS: 5.11 MB) | Commit: 118.22 MB (dPM: 5.06 MB) | VM: 4329.3 MB | CPU: 22794.7s | SysFreeVM: 104043 MB | Ckpt: 50MB at 13:35:34
[2026-09-08 13:35:51] PID: 22392 | WS: 116.66 MB (dWS: 5.11 MB) | Commit: 118.22 MB (dPM: 5.06 MB) | VM: 4329.3 MB | CPU: 22804.9s | SysFreeVM: 104045 MB | No ckpt change
[2026-09-08 13:36:01] PID: 22392 | WS: 116.66 MB (dWS: 5.11 MB) | Commit: 118.22 MB (dPM: 5.06 MB) | VM: 4329.3 MB | CPU: 22815.1s | SysFreeVM: 104032 MB | No ckpt change
[2026-09-08 13:36:12] PID: 22392 | WS: 116.66 MB (dWS: 5.11 MB) | Commit: 118.22 MB (dPM: 5.06 MB) | VM: 4329.3 MB | CPU: 22825.3s | SysFreeVM: 103984 MB | No ckpt change
[2026-09-08 13:36:22] PID: 22392 | WS: 116.73 MB (dWS: 5.18 MB) | Commit: 118.29 MB (dPM: 5.13 MB) | VM: 4329.3 MB | CPU: 22835.5s | SysFreeVM: 103962 MB | Ckpt: 50MB at 13:36:17
[2026-09-08 13:36:32] PID: 22392 | WS: 116.73 MB (dWS: 5.18 MB) | Commit: 118.29 MB (dPM: 5.13 MB) | VM: 4329.3 MB | CPU: 22845.7s | SysFreeVM: 104014 MB | No ckpt change
[2026-09-08 13:36:42] PID: 22392 | WS: 116.73 MB (dWS: 5.18 MB) | Commit: 118.29 MB (dPM: 5.13 MB) | VM: 4329.3 MB | CPU: 22855.8s | SysFreeVM: 104004 MB | No ckpt change
[2026-09-08 13:36:53] PID: 22392 | WS: 116.73 MB (dWS: 5.18 MB) | Commit: 118.29 MB (dPM: 5.13 MB) | VM: 4329.3 MB | CPU: 22866s | SysFreeVM: 104063 MB | No ckpt change
[2026-09-08 13:37:03] PID: 22392 | WS: 116.73 MB (dWS: 5.18 MB) | Commit: 118.29 MB (dPM: 5.13 MB) | VM: 4329.3 MB | CPU: 22876.1s | SysFreeVM: 104055 MB | Ckpt: 50MB at 13:37:00
[2026-09-08 13:37:13] PID: 22392 | WS: 116.73 MB (dWS: 5.18 MB) | Commit: 118.29 MB (dPM: 5.13 MB) | VM: 4329.3 MB | CPU: 22886.4s | SysFreeVM: 104028 MB | No ckpt change
[2026-09-08 13:37:23] PID: 22392 | WS: 116.73 MB (dWS: 5.18 MB) | Commit: 118.29 MB (dPM: 5.13 MB) | VM: 4329.3 MB | CPU: 22896.5s | SysFreeVM: 104048 MB | No ckpt change
[2026-09-08 13:37:34] PID: 22392 | WS: 116.73 MB (dWS: 5.18 MB) | Commit: 118.29 MB (dPM: 5.13 MB) | VM: 4329.3 MB | CPU: 22906.7s | SysFreeVM: 104047 MB | No ckpt change
[2026-09-08 13:37:44] PID: 22392 | WS: 116.73 MB (dWS: 5.18 MB) | Commit: 118.29 MB (dPM: 5.13 MB) | VM: 4329.3 MB | CPU: 22916.8s | SysFreeVM: 104022 MB | Ckpt: 50MB at 13:37:42
[2026-09-08 13:37:54] PID: 22392 | WS: 116.73 MB (dWS: 5.18 MB) | Commit: 118.29 MB (dPM: 5.13 MB) | VM: 4329.3 MB | CPU: 22927s | SysFreeVM: 104049 MB | No ckpt change
[2026-09-08 13:38:04] PID: 22392 | WS: 116.73 MB (dWS: 5.18 MB) | Commit: 118.29 MB (dPM: 5.13 MB) | VM: 4329.3 MB | CPU: 22937.2s | SysFreeVM: 104039 MB | No ckpt change
[2026-09-08 13:38:15] PID: 22392 | WS: 116.73 MB (dWS: 5.18 MB) | Commit: 118.29 MB (dPM: 5.13 MB) | VM: 4329.3 MB | CPU: 22947.3s | SysFreeVM: 104087 MB | No ckpt change
[2026-09-08 13:38:25] PID: 22392 | WS: 116.73 MB (dWS: 5.18 MB) | Commit: 118.29 MB (dPM: 5.13 MB) | VM: 4329.3 MB | CPU: 22957.5s | SysFreeVM: 104063 MB | No ckpt change
[2026-09-08 13:38:35] PID: 22392 | WS: 116.73 MB (dWS: 5.18 MB) | Commit: 118.29 MB (dPM: 5.13 MB) | VM: 4329.3 MB | CPU: 22967.7s | SysFreeVM: 104052 MB | Ckpt: 50MB at 13:38:25
[2026-09-08 13:38:45] PID: 22392 | WS: 116.73 MB (dWS: 5.18 MB) | Commit: 118.29 MB (dPM: 5.13 MB) | VM: 4329.3 MB | CPU: 22977.9s | SysFreeVM: 104048 MB | No ckpt change
[2026-09-08 13:38:55] PID: 22392 | WS: 116.73 MB (dWS: 5.18 MB) | Commit: 118.29 MB (dPM: 5.13 MB) | VM: 4329.3 MB | CPU: 22988.1s | SysFreeVM: 104063 MB | No ckpt change
[2026-09-08 13:39:06] PID: 22392 | WS: 116.73 MB (dWS: 5.18 MB) | Commit: 118.29 MB (dPM: 5.13 MB) | VM: 4329.3 MB | CPU: 22998.2s | SysFreeVM: 104052 MB | No ckpt change
[2026-09-08 13:39:16] PID: 22392 | WS: 116.73 MB (dWS: 5.18 MB) | Commit: 118.29 MB (dPM: 5.13 MB) | VM: 4329.3 MB | CPU: 23008.4s | SysFreeVM: 104048 MB | Ckpt: 50MB at 13:39:07
[2026-09-08 13:39:26] PID: 22392 | WS: 116.73 MB (dWS: 5.18 MB) | Commit: 118.29 MB (dPM: 5.13 MB) | VM: 4329.3 MB | CPU: 23018.6s | SysFreeVM: 104110 MB | No ckpt change
[2026-09-08 13:39:36] PID: 22392 | WS: 116.73 MB (dWS: 5.18 MB) | Commit: 118.29 MB (dPM: 5.13 MB) | VM: 4329.3 MB | CPU: 23028.7s | SysFreeVM: 104104 MB | No ckpt change
[2026-09-08 13:39:47] PID: 22392 | WS: 116.73 MB (dWS: 5.18 MB) | Commit: 118.29 MB (dPM: 5.13 MB) | VM: 4329.3 MB | CPU: 23038.9s | SysFreeVM: 104099 MB | No ckpt change
[2026-09-08 13:39:57] PID: 22392 | WS: 116.73 MB (dWS: 5.18 MB) | Commit: 118.29 MB (dPM: 5.13 MB) | VM: 4329.3 MB | CPU: 23049s | SysFreeVM: 104072 MB | Ckpt: 50MB at 13:39:50
[2026-09-08 13:40:07] PID: 22392 | WS: 116.73 MB (dWS: 5.18 MB) | Commit: 118.29 MB (dPM: 5.13 MB) | VM: 4329.3 MB | CPU: 23059.2s | SysFreeVM: 104081 MB | No ckpt change
[2026-09-08 13:40:17] PID: 22392 | WS: 116.73 MB (dWS: 5.18 MB) | Commit: 118.29 MB (dPM: 5.13 MB) | VM: 4329.3 MB | CPU: 23069.3s | SysFreeVM: 104089 MB | No ckpt change
[2026-09-08 13:40:28] PID: 22392 | WS: 116.73 MB (dWS: 5.18 MB) | Commit: 118.29 MB (dPM: 5.13 MB) | VM: 4329.3 MB | CPU: 23079.4s | SysFreeVM: 104071 MB | No ckpt change
[2026-09-08 13:40:38] PID: 22392 | WS: 116.73 MB (dWS: 5.18 MB) | Commit: 118.29 MB (dPM: 5.13 MB) | VM: 4329.3 MB | CPU: 23089.5s | SysFreeVM: 104112 MB | Ckpt: 50MB at 13:40:32
[2026-09-08 13:40:48] PID: 22392 | WS: 116.73 MB (dWS: 5.18 MB) | Commit: 118.29 MB (dPM: 5.13 MB) | VM: 4329.3 MB | CPU: 23099.7s | SysFreeVM: 104080 MB | No ckpt change
[2026-09-08 13:40:58] PID: 22392 | WS: 116.73 MB (dWS: 5.18 MB) | Commit: 118.29 MB (dPM: 5.13 MB) | VM: 4329.3 MB | CPU: 23109.9s | SysFreeVM: 104084 MB | No ckpt change
[2026-09-08 13:41:09] PID: 22392 | WS: 116.73 MB (dWS: 5.18 MB) | Commit: 118.29 MB (dPM: 5.13 MB) | VM: 4329.3 MB | CPU: 23120s | SysFreeVM: 104074 MB | No ckpt change
[2026-09-08 13:41:19] PID: 22392 | WS: 116.73 MB (dWS: 5.18 MB) | Commit: 118.29 MB (dPM: 5.13 MB) | VM: 4329.3 MB | CPU: 23130.2s | SysFreeVM: 104036 MB | Ckpt: 50MB at 13:41:14
[2026-09-08 13:41:29] PID: 22392 | WS: 116.73 MB (dWS: 5.18 MB) | Commit: 118.29 MB (dPM: 5.13 MB) | VM: 4329.3 MB | CPU: 23140.3s | SysFreeVM: 103990 MB | No ckpt change
[2026-09-08 13:41:39] PID: 22392 | WS: 116.73 MB (dWS: 5.18 MB) | Commit: 118.29 MB (dPM: 5.13 MB) | VM: 4329.3 MB | CPU: 23150.4s | SysFreeVM: 103993 MB | No ckpt change
[2026-09-08 13:41:50] PID: 22392 | WS: 116.73 MB (dWS: 5.18 MB) | Commit: 118.29 MB (dPM: 5.13 MB) | VM: 4329.3 MB | CPU: 23160.6s | SysFreeVM: 103969 MB | No ckpt change
[2026-09-08 13:42:00] PID: 22392 | WS: 116.73 MB (dWS: 5.18 MB) | Commit: 118.29 MB (dPM: 5.13 MB) | VM: 4329.3 MB | CPU: 23170.8s | SysFreeVM: 103786 MB | Ckpt: 50MB at 13:41:57
[2026-09-08 13:42:10] PID: 22392 | WS: 116.73 MB (dWS: 5.18 MB) | Commit: 118.29 MB (dPM: 5.13 MB) | VM: 4329.3 MB | CPU: 23180.9s | SysFreeVM: 103799 MB | No ckpt change
[2026-09-08 13:42:20] PID: 22392 | WS: 116.73 MB (dWS: 5.18 MB) | Commit: 118.29 MB (dPM: 5.13 MB) | VM: 4329.3 MB | CPU: 23191.1s | SysFreeVM: 103781 MB | No ckpt change
[2026-09-08 13:42:31] PID: 22392 | WS: 116.73 MB (dWS: 5.18 MB) | Commit: 118.29 MB (dPM: 5.13 MB) | VM: 4329.3 MB | CPU: 23201.4s | SysFreeVM: 103778 MB | No ckpt change
[2026-09-08 13:42:41] PID: 22392 | WS: 116.73 MB (dWS: 5.18 MB) | Commit: 118.29 MB (dPM: 5.13 MB) | VM: 4329.3 MB | CPU: 23211.6s | SysFreeVM: 103767 MB | Ckpt: 50MB at 13:42:40
[2026-09-08 13:42:51] PID: 22392 | WS: 116.73 MB (dWS: 5.18 MB) | Commit: 118.29 MB (dPM: 5.13 MB) | VM: 4329.3 MB | CPU: 23221.8s | SysFreeVM: 103730 MB | No ckpt change
[2026-09-08 13:43:01] PID: 22392 | WS: 116.73 MB (dWS: 5.18 MB) | Commit: 118.29 MB (dPM: 5.13 MB) | VM: 4329.3 MB | CPU: 23232s | SysFreeVM: 103775 MB | No ckpt change
[2026-09-08 13:43:12] PID: 22392 | WS: 116.73 MB (dWS: 5.18 MB) | Commit: 118.29 MB (dPM: 5.13 MB) | VM: 4329.3 MB | CPU: 23242.2s | SysFreeVM: 103751 MB | No ckpt change
[2026-09-08 13:43:22] PID: 22392 | WS: 116.73 MB (dWS: 5.18 MB) | Commit: 118.29 MB (dPM: 5.13 MB) | VM: 4329.3 MB | CPU: 23252.5s | SysFreeVM: 103743 MB | No ckpt change
[2026-09-08 13:43:32] PID: 22392 | WS: 116.73 MB (dWS: 5.18 MB) | Commit: 118.29 MB (dPM: 5.13 MB) | VM: 4329.3 MB | CPU: 23262.7s | SysFreeVM: 103755 MB | Ckpt: 50MB at 13:43:23
[2026-09-08 13:43:42] PID: 22392 | WS: 116.73 MB (dWS: 5.18 MB) | Commit: 118.29 MB (dPM: 5.13 MB) | VM: 4329.3 MB | CPU: 23272.9s | SysFreeVM: 103716 MB | No ckpt change
[2026-09-08 13:43:53] PID: 22392 | WS: 116.73 MB (dWS: 5.18 MB) | Commit: 118.29 MB (dPM: 5.13 MB) | VM: 4329.3 MB | CPU: 23283.1s | SysFreeVM: 104075 MB | No ckpt change
[2026-09-08 13:44:03] PID: 22392 | WS: 116.73 MB (dWS: 5.18 MB) | Commit: 118.29 MB (dPM: 5.13 MB) | VM: 4329.3 MB | CPU: 23293.2s | SysFreeVM: 104074 MB | No ckpt change
[2026-09-08 13:44:13] PID: 22392 | WS: 116.73 MB (dWS: 5.18 MB) | Commit: 118.29 MB (dPM: 5.13 MB) | VM: 4329.3 MB | CPU: 23303.4s | SysFreeVM: 104073 MB | Ckpt: 50MB at 13:44:06
[2026-09-08 13:44:23] PID: 22392 | WS: 116.73 MB (dWS: 5.18 MB) | Commit: 118.29 MB (dPM: 5.13 MB) | VM: 4329.3 MB | CPU: 23313.6s | SysFreeVM: 104048 MB | No ckpt change
[2026-09-08 13:44:34] PID: 22392 | WS: 116.73 MB (dWS: 5.18 MB) | Commit: 118.29 MB (dPM: 5.13 MB) | VM: 4329.3 MB | CPU: 23323.8s | SysFreeVM: 104019 MB | No ckpt change
[2026-09-08 13:44:44] PID: 22392 | WS: 116.73 MB (dWS: 5.18 MB) | Commit: 118.29 MB (dPM: 5.13 MB) | VM: 4329.3 MB | CPU: 23334.1s | SysFreeVM: 104053 MB | No ckpt change
[2026-09-08 13:44:54] PID: 22392 | WS: 116.73 MB (dWS: 5.18 MB) | Commit: 118.29 MB (dPM: 5.13 MB) | VM: 4329.3 MB | CPU: 23344.1s | SysFreeVM: 104044 MB | Ckpt: 50MB at 13:44:48
[2026-09-08 13:45:04] PID: 22392 | WS: 116.73 MB (dWS: 5.18 MB) | Commit: 118.29 MB (dPM: 5.13 MB) | VM: 4329.3 MB | CPU: 23354.2s | SysFreeVM: 104117 MB | No ckpt change
[2026-09-08 13:45:15] PID: 22392 | WS: 116.73 MB (dWS: 5.18 MB) | Commit: 118.29 MB (dPM: 5.13 MB) | VM: 4329.3 MB | CPU: 23364.3s | SysFreeVM: 104110 MB | No ckpt change
[2026-09-08 13:45:25] PID: 22392 | WS: 116.73 MB (dWS: 5.18 MB) | Commit: 118.29 MB (dPM: 5.13 MB) | VM: 4329.3 MB | CPU: 23374.6s | SysFreeVM: 104082 MB | No ckpt change
[2026-09-08 13:45:35] PID: 22392 | WS: 116.73 MB (dWS: 5.18 MB) | Commit: 118.29 MB (dPM: 5.13 MB) | VM: 4329.3 MB | CPU: 23384.7s | SysFreeVM: 104042 MB | Ckpt: 50MB at 13:45:31
[2026-09-08 13:45:45] PID: 22392 | WS: 116.73 MB (dWS: 5.18 MB) | Commit: 118.29 MB (dPM: 5.13 MB) | VM: 4329.3 MB | CPU: 23394.8s | SysFreeVM: 104059 MB | No ckpt change
[2026-09-08 13:45:56] PID: 22392 | WS: 116.73 MB (dWS: 5.18 MB) | Commit: 118.29 MB (dPM: 5.13 MB) | VM: 4329.3 MB | CPU: 23404.9s | SysFreeVM: 104054 MB | No ckpt change
[2026-09-08 13:46:06] PID: 22392 | WS: 116.73 MB (dWS: 5.18 MB) | Commit: 118.29 MB (dPM: 5.13 MB) | VM: 4329.3 MB | CPU: 23415s | SysFreeVM: 104124 MB | No ckpt change
[2026-09-08 13:46:16] PID: 22392 | WS: 116.73 MB (dWS: 5.18 MB) | Commit: 118.29 MB (dPM: 5.13 MB) | VM: 4329.3 MB | CPU: 23425.1s | SysFreeVM: 104097 MB | Ckpt: 50MB at 13:46:13
[2026-09-08 13:46:26] PID: 22392 | WS: 116.73 MB (dWS: 5.18 MB) | Commit: 118.29 MB (dPM: 5.13 MB) | VM: 4329.3 MB | CPU: 23435.3s | SysFreeVM: 104086 MB | No ckpt change
[2026-09-08 13:46:37] PID: 22392 | WS: 116.73 MB (dWS: 5.18 MB) | Commit: 118.29 MB (dPM: 5.13 MB) | VM: 4329.3 MB | CPU: 23445.5s | SysFreeVM: 104063 MB | No ckpt change
[2026-09-08 13:46:47] PID: 22392 | WS: 116.73 MB (dWS: 5.18 MB) | Commit: 118.29 MB (dPM: 5.13 MB) | VM: 4329.3 MB | CPU: 23455.7s | SysFreeVM: 104087 MB | No ckpt change
[2026-09-08 13:46:57] PID: 22392 | WS: 116.73 MB (dWS: 5.18 MB) | Commit: 118.29 MB (dPM: 5.13 MB) | VM: 4329.3 MB | CPU: 23465.7s | SysFreeVM: 104077 MB | Ckpt: 50MB at 13:46:56
[2026-09-08 13:47:07] PID: 22392 | WS: 116.73 MB (dWS: 5.18 MB) | Commit: 118.29 MB (dPM: 5.13 MB) | VM: 4329.3 MB | CPU: 23475.8s | SysFreeVM: 104068 MB | No ckpt change
[2026-09-08 13:47:18] PID: 22392 | WS: 116.73 MB (dWS: 5.18 MB) | Commit: 118.29 MB (dPM: 5.13 MB) | VM: 4329.3 MB | CPU: 23486s | SysFreeVM: 104109 MB | No ckpt change
[2026-09-08 13:47:28] PID: 22392 | WS: 116.73 MB (dWS: 5.18 MB) | Commit: 118.29 MB (dPM: 5.13 MB) | VM: 4329.3 MB | CPU: 23496.1s | SysFreeVM: 104087 MB | No ckpt change
[2026-09-08 13:47:38] PID: 22392 | WS: 116.73 MB (dWS: 5.18 MB) | Commit: 118.29 MB (dPM: 5.13 MB) | VM: 4329.3 MB | CPU: 23506.2s | SysFreeVM: 104030 MB | No ckpt change
[2026-09-08 13:47:48] PID: 22392 | WS: 116.73 MB (dWS: 5.18 MB) | Commit: 118.29 MB (dPM: 5.13 MB) | VM: 4329.3 MB | CPU: 23516.4s | SysFreeVM: 104088 MB | Ckpt: 50MB at 13:47:38
[2026-09-08 13:47:59] PID: 22392 | WS: 116.73 MB (dWS: 5.18 MB) | Commit: 118.29 MB (dPM: 5.13 MB) | VM: 4329.3 MB | CPU: 23526.6s | SysFreeVM: 104073 MB | No ckpt change
[2026-09-08 13:48:09] PID: 22392 | WS: 116.73 MB (dWS: 5.18 MB) | Commit: 118.29 MB (dPM: 5.13 MB) | VM: 4329.3 MB | CPU: 23536.7s | SysFreeVM: 104060 MB | No ckpt change
[2026-09-08 13:48:19] PID: 22392 | WS: 116.73 MB (dWS: 5.18 MB) | Commit: 118.29 MB (dPM: 5.13 MB) | VM: 4329.3 MB | CPU: 23546.9s | SysFreeVM: 104125 MB | No ckpt change
[2026-09-08 13:48:29] PID: 22392 | WS: 116.73 MB (dWS: 5.18 MB) | Commit: 118.29 MB (dPM: 5.13 MB) | VM: 4329.3 MB | CPU: 23557.1s | SysFreeVM: 104101 MB | Ckpt: 50MB at 13:48:21
[2026-09-08 13:48:40] PID: 22392 | WS: 116.73 MB (dWS: 5.18 MB) | Commit: 118.29 MB (dPM: 5.13 MB) | VM: 4329.3 MB | CPU: 23567.3s | SysFreeVM: 104080 MB | No ckpt change
[2026-09-08 13:48:50] PID: 22392 | WS: 116.73 MB (dWS: 5.18 MB) | Commit: 118.29 MB (dPM: 5.13 MB) | VM: 4329.3 MB | CPU: 23577.4s | SysFreeVM: 104063 MB | No ckpt change
[2026-09-08 13:49:00] PID: 22392 | WS: 116.73 MB (dWS: 5.18 MB) | Commit: 118.29 MB (dPM: 5.13 MB) | VM: 4329.3 MB | CPU: 23587.7s | SysFreeVM: 104011 MB | No ckpt change
[2026-09-08 13:49:10] PID: 22392 | WS: 116.73 MB (dWS: 5.18 MB) | Commit: 118.29 MB (dPM: 5.13 MB) | VM: 4329.3 MB | CPU: 23597.8s | SysFreeVM: 104050 MB | Ckpt: 50MB at 13:49:03
[2026-09-08 13:49:21] PID: 22392 | WS: 116.73 MB (dWS: 5.18 MB) | Commit: 118.29 MB (dPM: 5.13 MB) | VM: 4329.3 MB | CPU: 23608s | SysFreeVM: 104050 MB | No ckpt change
[2026-09-08 13:49:31] PID: 22392 | WS: 116.73 MB (dWS: 5.18 MB) | Commit: 118.29 MB (dPM: 5.13 MB) | VM: 4329.3 MB | CPU: 23618.2s | SysFreeVM: 104097 MB | No ckpt change
[2026-09-08 13:49:41] PID: 22392 | WS: 116.73 MB (dWS: 5.18 MB) | Commit: 118.29 MB (dPM: 5.13 MB) | VM: 4329.3 MB | CPU: 23628.4s | SysFreeVM: 104069 MB | No ckpt change
[2026-09-08 13:49:51] PID: 22392 | WS: 116.73 MB (dWS: 5.18 MB) | Commit: 118.29 MB (dPM: 5.13 MB) | VM: 4329.3 MB | CPU: 23638.5s | SysFreeVM: 104077 MB | Ckpt: 50MB at 13:49:45
[2026-09-08 13:50:02] PID: 22392 | WS: 116.73 MB (dWS: 5.18 MB) | Commit: 118.29 MB (dPM: 5.13 MB) | VM: 4329.3 MB | CPU: 23648.6s | SysFreeVM: 104072 MB | No ckpt change
[2026-09-08 13:50:12] PID: 22392 | WS: 116.73 MB (dWS: 5.18 MB) | Commit: 118.29 MB (dPM: 5.13 MB) | VM: 4329.3 MB | CPU: 23658.8s | SysFreeVM: 104079 MB | No ckpt change
[2026-09-08 13:50:22] PID: 22392 | WS: 116.73 MB (dWS: 5.18 MB) | Commit: 118.29 MB (dPM: 5.13 MB) | VM: 4329.3 MB | CPU: 23668.9s | SysFreeVM: 104056 MB | No ckpt change
[2026-09-08 13:50:32] PID: 22392 | WS: 116.73 MB (dWS: 5.18 MB) | Commit: 118.29 MB (dPM: 5.13 MB) | VM: 4329.3 MB | CPU: 23679.1s | SysFreeVM: 104043 MB | Ckpt: 50MB at 13:50:28
[2026-09-08 13:50:43] PID: 22392 | WS: 116.73 MB (dWS: 5.18 MB) | Commit: 118.29 MB (dPM: 5.13 MB) | VM: 4329.3 MB | CPU: 23689.3s | SysFreeVM: 104024 MB | No ckpt change
[2026-09-08 13:50:53] PID: 22392 | WS: 116.73 MB (dWS: 5.18 MB) | Commit: 118.29 MB (dPM: 5.13 MB) | VM: 4329.3 MB | CPU: 23699.5s | SysFreeVM: 104085 MB | No ckpt change
[2026-09-08 13:51:03] PID: 22392 | WS: 116.73 MB (dWS: 5.18 MB) | Commit: 118.29 MB (dPM: 5.13 MB) | VM: 4329.3 MB | CPU: 23709.6s | SysFreeVM: 104072 MB | No ckpt change
[2026-09-08 13:51:13] PID: 22392 | WS: 116.73 MB (dWS: 5.18 MB) | Commit: 118.29 MB (dPM: 5.13 MB) | VM: 4329.3 MB | CPU: 23719.8s | SysFreeVM: 104062 MB | Ckpt: 50MB at 13:51:10
[2026-09-08 13:51:23] PID: 22392 | WS: 116.73 MB (dWS: 5.18 MB) | Commit: 118.29 MB (dPM: 5.13 MB) | VM: 4329.3 MB | CPU: 23730s | SysFreeVM: 104068 MB | No ckpt change
[2026-09-08 13:51:34] PID: 22392 | WS: 116.73 MB (dWS: 5.18 MB) | Commit: 118.29 MB (dPM: 5.13 MB) | VM: 4329.3 MB | CPU: 23740.1s | SysFreeVM: 104077 MB | No ckpt change
[2026-09-08 13:51:44] PID: 22392 | WS: 116.73 MB (dWS: 5.18 MB) | Commit: 118.29 MB (dPM: 5.13 MB) | VM: 4329.3 MB | CPU: 23750.4s | SysFreeVM: 104041 MB | No ckpt change
[2026-09-08 13:51:54] PID: 22392 | WS: 116.73 MB (dWS: 5.18 MB) | Commit: 118.29 MB (dPM: 5.13 MB) | VM: 4329.3 MB | CPU: 23760.5s | SysFreeVM: 104035 MB | Ckpt: 50MB at 13:51:53
[2026-09-08 13:52:04] PID: 22392 | WS: 116.73 MB (dWS: 5.18 MB) | Commit: 118.29 MB (dPM: 5.13 MB) | VM: 4329.3 MB | CPU: 23770.7s | SysFreeVM: 104049 MB | No ckpt change
[2026-09-08 13:52:15] PID: 22392 | WS: 116.73 MB (dWS: 5.18 MB) | Commit: 118.29 MB (dPM: 5.13 MB) | VM: 4329.3 MB | CPU: 23780.8s | SysFreeVM: 104102 MB | No ckpt change
[2026-09-08 13:52:25] PID: 22392 | WS: 116.73 MB (dWS: 5.18 MB) | Commit: 118.29 MB (dPM: 5.13 MB) | VM: 4329.3 MB | CPU: 23790.9s | SysFreeVM: 104095 MB | No ckpt change
[2026-09-08 13:52:35] PID: 22392 | WS: 116.73 MB (dWS: 5.18 MB) | Commit: 118.29 MB (dPM: 5.13 MB) | VM: 4329.3 MB | CPU: 23801s | SysFreeVM: 104103 MB | No ckpt change
[2026-09-08 13:52:45] PID: 22392 | WS: 116.76 MB (dWS: 5.21 MB) | Commit: 118.29 MB (dPM: 5.13 MB) | VM: 4329.3 MB | CPU: 23811.2s | SysFreeVM: 104077 MB | Ckpt: 50MB at 13:52:35
[2026-09-08 13:52:56] PID: 22392 | WS: 116.76 MB (dWS: 5.21 MB) | Commit: 118.29 MB (dPM: 5.13 MB) | VM: 4329.3 MB | CPU: 23821.4s | SysFreeVM: 104048 MB | No ckpt change
[2026-09-08 13:53:06] PID: 22392 | WS: 116.76 MB (dWS: 5.21 MB) | Commit: 118.29 MB (dPM: 5.13 MB) | VM: 4329.3 MB | CPU: 23831.6s | SysFreeVM: 104090 MB | No ckpt change
[2026-09-08 13:53:16] PID: 22392 | WS: 116.76 MB (dWS: 5.21 MB) | Commit: 118.29 MB (dPM: 5.13 MB) | VM: 4329.3 MB | CPU: 23841.8s | SysFreeVM: 104049 MB | No ckpt change
[2026-09-08 13:53:26] PID: 22392 | WS: 116.77 MB (dWS: 5.22 MB) | Commit: 118.29 MB (dPM: 5.13 MB) | VM: 4329.3 MB | CPU: 23852s | SysFreeVM: 104093 MB | Ckpt: 50MB at 13:53:17
[2026-09-08 13:53:37] PID: 22392 | WS: 116.77 MB (dWS: 5.22 MB) | Commit: 118.29 MB (dPM: 5.13 MB) | VM: 4329.3 MB | CPU: 23862.2s | SysFreeVM: 104137 MB | No ckpt change
[2026-09-08 13:53:47] PID: 22392 | WS: 116.77 MB (dWS: 5.22 MB) | Commit: 118.29 MB (dPM: 5.13 MB) | VM: 4329.3 MB | CPU: 23872.4s | SysFreeVM: 104089 MB | No ckpt change
[2026-09-08 13:53:57] PID: 22392 | WS: 116.77 MB (dWS: 5.22 MB) | Commit: 118.29 MB (dPM: 5.13 MB) | VM: 4329.3 MB | CPU: 23882.5s | SysFreeVM: 104067 MB | No ckpt change
[2026-09-08 13:54:07] PID: 22392 | WS: 116.77 MB (dWS: 5.22 MB) | Commit: 118.29 MB (dPM: 5.13 MB) | VM: 4329.3 MB | CPU: 23892.7s | SysFreeVM: 104047 MB | Ckpt: 50MB at 13:54:00
[2026-09-08 13:54:18] PID: 22392 | WS: 116.77 MB (dWS: 5.22 MB) | Commit: 118.29 MB (dPM: 5.13 MB) | VM: 4329.3 MB | CPU: 23902.8s | SysFreeVM: 104072 MB | No ckpt change
[2026-09-08 13:54:28] PID: 22392 | WS: 116.77 MB (dWS: 5.22 MB) | Commit: 118.29 MB (dPM: 5.13 MB) | VM: 4329.3 MB | CPU: 23912.9s | SysFreeVM: 104033 MB | No ckpt change
[2026-09-08 13:54:38] PID: 22392 | WS: 116.77 MB (dWS: 5.22 MB) | Commit: 118.29 MB (dPM: 5.13 MB) | VM: 4329.3 MB | CPU: 23923.1s | SysFreeVM: 104018 MB | No ckpt change
[2026-09-08 13:54:48] PID: 22392 | WS: 116.77 MB (dWS: 5.22 MB) | Commit: 118.29 MB (dPM: 5.13 MB) | VM: 4329.3 MB | CPU: 23933.2s | SysFreeVM: 104084 MB | Ckpt: 50MB at 13:54:42
[2026-09-08 13:54:59] PID: 22392 | WS: 116.77 MB (dWS: 5.22 MB) | Commit: 118.29 MB (dPM: 5.13 MB) | VM: 4329.3 MB | CPU: 23943.4s | SysFreeVM: 104056 MB | No ckpt change
[2026-09-08 13:55:09] PID: 22392 | WS: 116.77 MB (dWS: 5.22 MB) | Commit: 118.29 MB (dPM: 5.13 MB) | VM: 4329.3 MB | CPU: 23953.6s | SysFreeVM: 104073 MB | No ckpt change
[2026-09-08 13:55:19] PID: 22392 | WS: 116.77 MB (dWS: 5.22 MB) | Commit: 118.29 MB (dPM: 5.13 MB) | VM: 4329.3 MB | CPU: 23963.8s | SysFreeVM: 104062 MB | No ckpt change
[2026-09-08 13:55:29] PID: 22392 | WS: 116.77 MB (dWS: 5.22 MB) | Commit: 118.29 MB (dPM: 5.13 MB) | VM: 4329.3 MB | CPU: 23974s | SysFreeVM: 104053 MB | Ckpt: 50MB at 13:55:24
[2026-09-08 13:55:40] PID: 22392 | WS: 116.77 MB (dWS: 5.22 MB) | Commit: 118.29 MB (dPM: 5.13 MB) | VM: 4329.3 MB | CPU: 23984.2s | SysFreeVM: 104030 MB | No ckpt change
[2026-09-08 13:55:50] PID: 22392 | WS: 116.77 MB (dWS: 5.22 MB) | Commit: 118.29 MB (dPM: 5.13 MB) | VM: 4329.3 MB | CPU: 23994.3s | SysFreeVM: 104110 MB | No ckpt change
[2026-09-08 13:56:00] PID: 22392 | WS: 116.77 MB (dWS: 5.22 MB) | Commit: 118.29 MB (dPM: 5.13 MB) | VM: 4329.3 MB | CPU: 24004.5s | SysFreeVM: 104071 MB | No ckpt change
[2026-09-08 13:56:10] PID: 22392 | WS: 116.77 MB (dWS: 5.22 MB) | Commit: 118.29 MB (dPM: 5.13 MB) | VM: 4329.3 MB | CPU: 24014.6s | SysFreeVM: 104077 MB | Ckpt: 50MB at 13:56:07
[2026-09-08 13:56:21] PID: 22392 | WS: 116.77 MB (dWS: 5.22 MB) | Commit: 118.29 MB (dPM: 5.13 MB) | VM: 4329.3 MB | CPU: 24024.8s | SysFreeVM: 104054 MB | No ckpt change
[2026-09-08 13:56:31] PID: 22392 | WS: 116.77 MB (dWS: 5.22 MB) | Commit: 118.29 MB (dPM: 5.13 MB) | VM: 4329.3 MB | CPU: 24035s | SysFreeVM: 104052 MB | No ckpt change
[2026-09-08 13:56:41] PID: 22392 | WS: 116.77 MB (dWS: 5.22 MB) | Commit: 118.29 MB (dPM: 5.13 MB) | VM: 4329.3 MB | CPU: 24045.2s | SysFreeVM: 104043 MB | No ckpt change
[2026-09-08 13:56:51] PID: 22392 | WS: 116.77 MB (dWS: 5.22 MB) | Commit: 118.29 MB (dPM: 5.13 MB) | VM: 4329.3 MB | CPU: 24055.4s | SysFreeVM: 104030 MB | Ckpt: 50MB at 13:56:49
[2026-09-08 13:57:02] PID: 22392 | WS: 116.77 MB (dWS: 5.22 MB) | Commit: 118.29 MB (dPM: 5.13 MB) | VM: 4329.3 MB | CPU: 24065.5s | SysFreeVM: 104096 MB | No ckpt change
[2026-09-08 13:57:12] PID: 22392 | WS: 116.77 MB (dWS: 5.22 MB) | Commit: 118.29 MB (dPM: 5.13 MB) | VM: 4329.3 MB | CPU: 24075.6s | SysFreeVM: 104093 MB | No ckpt change
[2026-09-08 13:57:22] PID: 22392 | WS: 116.77 MB (dWS: 5.22 MB) | Commit: 118.29 MB (dPM: 5.13 MB) | VM: 4329.3 MB | CPU: 24085.7s | SysFreeVM: 104063 MB | No ckpt change
[2026-09-08 13:57:32] PID: 22392 | WS: 116.77 MB (dWS: 5.22 MB) | Commit: 118.29 MB (dPM: 5.13 MB) | VM: 4329.3 MB | CPU: 24095.9s | SysFreeVM: 104071 MB | Ckpt: 50MB at 13:57:32
[2026-09-08 13:57:43] PID: 22392 | WS: 116.77 MB (dWS: 5.22 MB) | Commit: 118.29 MB (dPM: 5.13 MB) | VM: 4329.3 MB | CPU: 24106s | SysFreeVM: 104051 MB | No ckpt change
[2026-09-08 13:57:53] PID: 22392 | WS: 116.77 MB (dWS: 5.22 MB) | Commit: 118.29 MB (dPM: 5.13 MB) | VM: 4329.3 MB | CPU: 24116.2s | SysFreeVM: 104055 MB | No ckpt change
[2026-09-08 13:58:03] PID: 22392 | WS: 116.77 MB (dWS: 5.22 MB) | Commit: 118.29 MB (dPM: 5.13 MB) | VM: 4329.3 MB | CPU: 24126.3s | SysFreeVM: 104091 MB | No ckpt change
[2026-09-08 13:58:13] PID: 22392 | WS: 116.77 MB (dWS: 5.22 MB) | Commit: 118.29 MB (dPM: 5.13 MB) | VM: 4329.3 MB | CPU: 24136.5s | SysFreeVM: 104100 MB | No ckpt change
[2026-09-08 13:58:24] PID: 22392 | WS: 116.77 MB (dWS: 5.22 MB) | Commit: 118.29 MB (dPM: 5.13 MB) | VM: 4329.3 MB | CPU: 24146.7s | SysFreeVM: 104085 MB | Ckpt: 50MB at 13:58:14
[2026-09-08 13:58:34] PID: 22392 | WS: 116.79 MB (dWS: 5.24 MB) | Commit: 118.32 MB (dPM: 5.16 MB) | VM: 4393.3 MB | CPU: 24156.9s | SysFreeVM: 104059 MB | No ckpt change
[2026-09-08 13:58:44] PID: 22392 | WS: 116.79 MB (dWS: 5.24 MB) | Commit: 118.32 MB (dPM: 5.16 MB) | VM: 4393.3 MB | CPU: 24167.1s | SysFreeVM: 104037 MB | No ckpt change
[2026-09-08 13:58:54] PID: 22392 | WS: 116.79 MB (dWS: 5.24 MB) | Commit: 118.32 MB (dPM: 5.16 MB) | VM: 4393.3 MB | CPU: 24177.2s | SysFreeVM: 104004 MB | No ckpt change
[2026-09-08 13:59:05] PID: 22392 | WS: 116.79 MB (dWS: 5.24 MB) | Commit: 118.32 MB (dPM: 5.16 MB) | VM: 4393.3 MB | CPU: 24187.4s | SysFreeVM: 103979 MB | Ckpt: 50MB at 13:58:56
[2026-09-08 13:59:15] PID: 22392 | WS: 116.79 MB (dWS: 5.24 MB) | Commit: 118.32 MB (dPM: 5.16 MB) | VM: 4393.3 MB | CPU: 24197.5s | SysFreeVM: 104066 MB | No ckpt change
[2026-09-08 13:59:25] PID: 22392 | WS: 116.79 MB (dWS: 5.24 MB) | Commit: 118.32 MB (dPM: 5.16 MB) | VM: 4393.3 MB | CPU: 24207.7s | SysFreeVM: 104027 MB | No ckpt change
[2026-09-08 13:59:35] PID: 22392 | WS: 116.79 MB (dWS: 5.24 MB) | Commit: 118.32 MB (dPM: 5.16 MB) | VM: 4393.3 MB | CPU: 24217.9s | SysFreeVM: 104024 MB | No ckpt change
[2026-09-08 13:59:46] PID: 22392 | WS: 116.79 MB (dWS: 5.24 MB) | Commit: 118.32 MB (dPM: 5.16 MB) | VM: 4393.3 MB | CPU: 24228.1s | SysFreeVM: 104011 MB | Ckpt: 50MB at 13:59:39
[2026-09-08 13:59:56] PID: 22392 | WS: 116.79 MB (dWS: 5.24 MB) | Commit: 118.32 MB (dPM: 5.16 MB) | VM: 4393.3 MB | CPU: 24238.2s | SysFreeVM: 104042 MB | No ckpt change
[2026-09-08 14:00:06] PID: 22392 | WS: 116.79 MB (dWS: 5.24 MB) | Commit: 118.32 MB (dPM: 5.16 MB) | VM: 4393.3 MB | CPU: 24248.5s | SysFreeVM: 104023 MB | No ckpt change
[2026-09-08 14:00:16] PID: 22392 | WS: 116.79 MB (dWS: 5.24 MB) | Commit: 118.32 MB (dPM: 5.16 MB) | VM: 4393.3 MB | CPU: 24258.7s | SysFreeVM: 104086 MB | No ckpt change
[2026-09-08 14:00:27] PID: 22392 | WS: 116.79 MB (dWS: 5.24 MB) | Commit: 118.32 MB (dPM: 5.16 MB) | VM: 4393.3 MB | CPU: 24268.8s | SysFreeVM: 104051 MB | Ckpt: 50MB at 14:00:21
[2026-09-08 14:00:37] PID: 22392 | WS: 116.79 MB (dWS: 5.24 MB) | Commit: 118.32 MB (dPM: 5.16 MB) | VM: 4393.3 MB | CPU: 24279s | SysFreeVM: 104095 MB | No ckpt change
[2026-09-08 14:00:47] PID: 22392 | WS: 116.78 MB (dWS: 5.23 MB) | Commit: 118.29 MB (dPM: 5.13 MB) | VM: 4329.3 MB | CPU: 24289.2s | SysFreeVM: 104090 MB | No ckpt change
[2026-09-08 14:00:57] PID: 22392 | WS: 116.78 MB (dWS: 5.23 MB) | Commit: 118.29 MB (dPM: 5.13 MB) | VM: 4329.3 MB | CPU: 24299.3s | SysFreeVM: 104079 MB | No ckpt change
[2026-09-08 14:01:08] PID: 22392 | WS: 116.89 MB (dWS: 5.34 MB) | Commit: 118.41 MB (dPM: 5.25 MB) | VM: 4329.3 MB | CPU: 24309.4s | SysFreeVM: 104073 MB | Ckpt: 50MB at 14:01:04
[2026-09-08 14:01:18] PID: 22392 | WS: 116.89 MB (dWS: 5.34 MB) | Commit: 118.41 MB (dPM: 5.25 MB) | VM: 4329.3 MB | CPU: 24319.6s | SysFreeVM: 104053 MB | No ckpt change
[2026-09-08 14:01:28] PID: 22392 | WS: 116.89 MB (dWS: 5.34 MB) | Commit: 118.41 MB (dPM: 5.25 MB) | VM: 4329.3 MB | CPU: 24329.7s | SysFreeVM: 104039 MB | No ckpt change
[2026-09-08 14:01:38] PID: 22392 | WS: 116.89 MB (dWS: 5.34 MB) | Commit: 118.41 MB (dPM: 5.25 MB) | VM: 4329.3 MB | CPU: 24339.8s | SysFreeVM: 104106 MB | No ckpt change
[2026-09-08 14:01:49] PID: 22392 | WS: 116.89 MB (dWS: 5.34 MB) | Commit: 118.41 MB (dPM: 5.25 MB) | VM: 4329.3 MB | CPU: 24350s | SysFreeVM: 104054 MB | Ckpt: 50MB at 14:01:46
[2026-09-08 14:01:59] PID: 22392 | WS: 116.89 MB (dWS: 5.34 MB) | Commit: 118.41 MB (dPM: 5.25 MB) | VM: 4329.3 MB | CPU: 24360.1s | SysFreeVM: 104082 MB | No ckpt change
[2026-09-08 14:02:09] PID: 22392 | WS: 116.89 MB (dWS: 5.34 MB) | Commit: 118.41 MB (dPM: 5.25 MB) | VM: 4329.3 MB | CPU: 24370.3s | SysFreeVM: 104085 MB | No ckpt change
[2026-09-08 14:02:19] PID: 22392 | WS: 116.89 MB (dWS: 5.34 MB) | Commit: 118.41 MB (dPM: 5.25 MB) | VM: 4329.3 MB | CPU: 24380.5s | SysFreeVM: 104063 MB | No ckpt change
[2026-09-08 14:02:29] PID: 22392 | WS: 116.94 MB (dWS: 5.39 MB) | Commit: 118.48 MB (dPM: 5.32 MB) | VM: 4329.3 MB | CPU: 24390.6s | SysFreeVM: 104056 MB | Ckpt: 50MB at 14:02:29
[2026-09-08 14:02:40] PID: 22392 | WS: 116.94 MB (dWS: 5.39 MB) | Commit: 118.48 MB (dPM: 5.32 MB) | VM: 4329.3 MB | CPU: 24400.8s | SysFreeVM: 104100 MB | No ckpt change
[2026-09-08 14:02:50] PID: 22392 | WS: 116.94 MB (dWS: 5.39 MB) | Commit: 118.48 MB (dPM: 5.32 MB) | VM: 4329.3 MB | CPU: 24411s | SysFreeVM: 104106 MB | No ckpt change
[2026-09-08 14:03:00] PID: 22392 | WS: 116.94 MB (dWS: 5.39 MB) | Commit: 118.48 MB (dPM: 5.32 MB) | VM: 4329.3 MB | CPU: 24421.2s | SysFreeVM: 104080 MB | No ckpt change
[2026-09-08 14:03:10] PID: 22392 | WS: 116.94 MB (dWS: 5.39 MB) | Commit: 118.48 MB (dPM: 5.32 MB) | VM: 4329.3 MB | CPU: 24431.3s | SysFreeVM: 104085 MB | No ckpt change
[2026-09-08 14:03:21] PID: 22392 | WS: 116.94 MB (dWS: 5.39 MB) | Commit: 118.48 MB (dPM: 5.32 MB) | VM: 4329.3 MB | CPU: 24441.5s | SysFreeVM: 104075 MB | Ckpt: 50MB at 14:03:11
[2026-09-08 14:03:31] PID: 22392 | WS: 116.94 MB (dWS: 5.39 MB) | Commit: 118.48 MB (dPM: 5.32 MB) | VM: 4329.3 MB | CPU: 24451.6s | SysFreeVM: 104058 MB | No ckpt change
[2026-09-08 14:03:41] PID: 22392 | WS: 116.94 MB (dWS: 5.39 MB) | Commit: 118.48 MB (dPM: 5.32 MB) | VM: 4329.3 MB | CPU: 24461.8s | SysFreeVM: 104125 MB | No ckpt change
[2026-09-08 14:03:52] PID: 22392 | WS: 116.94 MB (dWS: 5.39 MB) | Commit: 118.48 MB (dPM: 5.32 MB) | VM: 4329.3 MB | CPU: 24472s | SysFreeVM: 104082 MB | No ckpt change
[2026-09-08 14:04:02] PID: 22392 | WS: 116.94 MB (dWS: 5.39 MB) | Commit: 118.48 MB (dPM: 5.32 MB) | VM: 4329.3 MB | CPU: 24482.2s | SysFreeVM: 104043 MB | Ckpt: 50MB at 14:03:53
[2026-09-08 14:04:12] PID: 22392 | WS: 116.94 MB (dWS: 5.39 MB) | Commit: 118.48 MB (dPM: 5.32 MB) | VM: 4329.3 MB | CPU: 24492.4s | SysFreeVM: 104069 MB | No ckpt change
[2026-09-08 14:04:22] PID: 22392 | WS: 116.94 MB (dWS: 5.39 MB) | Commit: 118.48 MB (dPM: 5.32 MB) | VM: 4329.3 MB | CPU: 24502.6s | SysFreeVM: 104090 MB | No ckpt change
[2026-09-08 14:04:32] PID: 22392 | WS: 116.94 MB (dWS: 5.39 MB) | Commit: 118.48 MB (dPM: 5.32 MB) | VM: 4329.3 MB | CPU: 24512.7s | SysFreeVM: 104089 MB | No ckpt change
[2026-09-08 14:04:43] PID: 22392 | WS: 116.94 MB (dWS: 5.39 MB) | Commit: 118.48 MB (dPM: 5.32 MB) | VM: 4329.3 MB | CPU: 24522.9s | SysFreeVM: 104074 MB | Ckpt: 50MB at 14:04:36
[2026-09-08 14:04:53] PID: 22392 | WS: 116.94 MB (dWS: 5.39 MB) | Commit: 118.48 MB (dPM: 5.32 MB) | VM: 4329.3 MB | CPU: 24533s | SysFreeVM: 104064 MB | No ckpt change
[2026-09-08 14:05:03] PID: 22392 | WS: 116.94 MB (dWS: 5.39 MB) | Commit: 118.48 MB (dPM: 5.32 MB) | VM: 4329.3 MB | CPU: 24543.3s | SysFreeVM: 104102 MB | No ckpt change
[2026-09-08 14:05:13] PID: 22392 | WS: 116.94 MB (dWS: 5.39 MB) | Commit: 118.48 MB (dPM: 5.32 MB) | VM: 4329.3 MB | CPU: 24553.5s | SysFreeVM: 104102 MB | No ckpt change
[2026-09-08 14:05:24] PID: 22392 | WS: 116.95 MB (dWS: 5.4 MB) | Commit: 118.48 MB (dPM: 5.32 MB) | VM: 4329.3 MB | CPU: 24563.6s | SysFreeVM: 104112 MB | Ckpt: 50MB at 14:05:18
[2026-09-08 14:05:34] PID: 22392 | WS: 116.95 MB (dWS: 5.4 MB) | Commit: 118.48 MB (dPM: 5.32 MB) | VM: 4329.3 MB | CPU: 24573.8s | SysFreeVM: 104082 MB | No ckpt change
[2026-09-08 14:05:44] PID: 22392 | WS: 116.95 MB (dWS: 5.4 MB) | Commit: 118.48 MB (dPM: 5.32 MB) | VM: 4329.3 MB | CPU: 24584s | SysFreeVM: 104070 MB | No ckpt change
[2026-09-08 14:05:54] PID: 22392 | WS: 116.95 MB (dWS: 5.4 MB) | Commit: 118.48 MB (dPM: 5.32 MB) | VM: 4329.3 MB | CPU: 24594.2s | SysFreeVM: 104094 MB | No ckpt change
[2026-09-08 14:06:05] PID: 22392 | WS: 116.95 MB (dWS: 5.4 MB) | Commit: 118.48 MB (dPM: 5.32 MB) | VM: 4329.3 MB | CPU: 24604.4s | SysFreeVM: 104071 MB | Ckpt: 50MB at 14:06:00
[2026-09-08 14:06:15] PID: 22392 | WS: 116.95 MB (dWS: 5.4 MB) | Commit: 118.48 MB (dPM: 5.32 MB) | VM: 4329.3 MB | CPU: 24614.6s | SysFreeVM: 104131 MB | No ckpt change
[2026-09-08 14:06:25] PID: 22392 | WS: 116.95 MB (dWS: 5.4 MB) | Commit: 118.48 MB (dPM: 5.32 MB) | VM: 4329.3 MB | CPU: 24624.9s | SysFreeVM: 104104 MB | No ckpt change
[2026-09-08 14:06:35] PID: 22392 | WS: 116.95 MB (dWS: 5.4 MB) | Commit: 118.48 MB (dPM: 5.32 MB) | VM: 4329.3 MB | CPU: 24635s | SysFreeVM: 104097 MB | No ckpt change
[2026-09-08 14:06:46] PID: 22392 | WS: 116.95 MB (dWS: 5.4 MB) | Commit: 118.48 MB (dPM: 5.32 MB) | VM: 4329.3 MB | CPU: 24645.2s | SysFreeVM: 104096 MB | Ckpt: 50MB at 14:06:43
[2026-09-08 14:06:56] PID: 22392 | WS: 116.95 MB (dWS: 5.4 MB) | Commit: 118.48 MB (dPM: 5.32 MB) | VM: 4329.3 MB | CPU: 24655.4s | SysFreeVM: 104110 MB | No ckpt change
[2026-09-08 14:07:06] PID: 22392 | WS: 116.95 MB (dWS: 5.4 MB) | Commit: 118.48 MB (dPM: 5.32 MB) | VM: 4329.3 MB | CPU: 24665.6s | SysFreeVM: 104115 MB | No ckpt change
[2026-09-08 14:07:16] PID: 22392 | WS: 116.95 MB (dWS: 5.4 MB) | Commit: 118.48 MB (dPM: 5.32 MB) | VM: 4329.3 MB | CPU: 24675.8s | SysFreeVM: 104093 MB | No ckpt change
[2026-09-08 14:07:27] PID: 22392 | WS: 116.95 MB (dWS: 5.4 MB) | Commit: 118.48 MB (dPM: 5.32 MB) | VM: 4329.3 MB | CPU: 24685.9s | SysFreeVM: 104059 MB | Ckpt: 50MB at 14:07:25
[2026-09-08 14:07:37] PID: 22392 | WS: 116.95 MB (dWS: 5.4 MB) | Commit: 118.48 MB (dPM: 5.32 MB) | VM: 4329.3 MB | CPU: 24696.1s | SysFreeVM: 104143 MB | No ckpt change
[2026-09-08 14:07:47] PID: 22392 | WS: 116.95 MB (dWS: 5.4 MB) | Commit: 118.48 MB (dPM: 5.32 MB) | VM: 4329.3 MB | CPU: 24706.2s | SysFreeVM: 104123 MB | No ckpt change
[2026-09-08 14:07:57] PID: 22392 | WS: 116.95 MB (dWS: 5.4 MB) | Commit: 118.48 MB (dPM: 5.32 MB) | VM: 4329.3 MB | CPU: 24716.4s | SysFreeVM: 104119 MB | No ckpt change
[2026-09-08 14:08:08] PID: 22392 | WS: 116.95 MB (dWS: 5.4 MB) | Commit: 118.48 MB (dPM: 5.32 MB) | VM: 4329.3 MB | CPU: 24726.6s | SysFreeVM: 104094 MB | No ckpt change
[2026-09-08 14:08:18] PID: 22392 | WS: 116.95 MB (dWS: 5.4 MB) | Commit: 118.48 MB (dPM: 5.32 MB) | VM: 4329.3 MB | CPU: 24736.8s | SysFreeVM: 104090 MB | Ckpt: 50MB at 14:08:07
[2026-09-08 14:08:28] PID: 22392 | WS: 116.95 MB (dWS: 5.4 MB) | Commit: 118.48 MB (dPM: 5.32 MB) | VM: 4329.3 MB | CPU: 24747s | SysFreeVM: 104090 MB | No ckpt change
[2026-09-08 14:08:38] PID: 22392 | WS: 116.95 MB (dWS: 5.4 MB) | Commit: 118.48 MB (dPM: 5.32 MB) | VM: 4329.3 MB | CPU: 24757.2s | SysFreeVM: 104073 MB | No ckpt change
[2026-09-08 14:08:48] PID: 22392 | WS: 116.95 MB (dWS: 5.4 MB) | Commit: 118.48 MB (dPM: 5.32 MB) | VM: 4329.3 MB | CPU: 24767.4s | SysFreeVM: 104058 MB | No ckpt change
[2026-09-08 14:08:59] PID: 22392 | WS: 117.01 MB (dWS: 5.46 MB) | Commit: 118.55 MB (dPM: 5.39 MB) | VM: 4329.3 MB | CPU: 24777.5s | SysFreeVM: 104074 MB | Ckpt: 50MB at 14:08:50
[2026-09-08 14:09:09] PID: 22392 | WS: 117.01 MB (dWS: 5.46 MB) | Commit: 118.55 MB (dPM: 5.39 MB) | VM: 4329.3 MB | CPU: 24787.6s | SysFreeVM: 104084 MB | No ckpt change
[2026-09-08 14:09:19] PID: 22392 | WS: 117.01 MB (dWS: 5.46 MB) | Commit: 118.55 MB (dPM: 5.39 MB) | VM: 4329.3 MB | CPU: 24797.8s | SysFreeVM: 104102 MB | No ckpt change
[2026-09-08 14:09:29] PID: 22392 | WS: 117.01 MB (dWS: 5.46 MB) | Commit: 118.55 MB (dPM: 5.39 MB) | VM: 4329.3 MB | CPU: 24808s | SysFreeVM: 104072 MB | No ckpt change
[2026-09-08 14:09:40] PID: 22392 | WS: 117.01 MB (dWS: 5.46 MB) | Commit: 118.55 MB (dPM: 5.39 MB) | VM: 4329.3 MB | CPU: 24818.1s | SysFreeVM: 104048 MB | Ckpt: 50MB at 14:09:32
[2026-09-08 14:09:50] PID: 22392 | WS: 117.01 MB (dWS: 5.46 MB) | Commit: 118.55 MB (dPM: 5.39 MB) | VM: 4329.3 MB | CPU: 24828.3s | SysFreeVM: 104071 MB | No ckpt change
[2026-09-08 14:10:00] PID: 22392 | WS: 117.01 MB (dWS: 5.46 MB) | Commit: 118.55 MB (dPM: 5.39 MB) | VM: 4329.3 MB | CPU: 24838.5s | SysFreeVM: 104043 MB | No ckpt change
[2026-09-08 14:10:10] PID: 22392 | WS: 117.01 MB (dWS: 5.46 MB) | Commit: 118.55 MB (dPM: 5.39 MB) | VM: 4329.3 MB | CPU: 24848.7s | SysFreeVM: 104134 MB | No ckpt change
[2026-09-08 14:10:21] PID: 22392 | WS: 117.1 MB (dWS: 5.55 MB) | Commit: 118.65 MB (dPM: 5.49 MB) | VM: 4329.31 MB | CPU: 24858.8s | SysFreeVM: 104120 MB | Ckpt: 50MB at 14:10:18
[2026-09-08 14:10:31] PID: 22392 | WS: 117.1 MB (dWS: 5.55 MB) | Commit: 118.65 MB (dPM: 5.49 MB) | VM: 4329.31 MB | CPU: 24868.9s | SysFreeVM: 104089 MB | No ckpt change
[2026-09-08 14:10:41] PID: 22392 | WS: 117.1 MB (dWS: 5.55 MB) | Commit: 118.65 MB (dPM: 5.49 MB) | VM: 4329.31 MB | CPU: 24879.1s | SysFreeVM: 104091 MB | No ckpt change
[2026-09-08 14:10:51] PID: 22392 | WS: 117.1 MB (dWS: 5.55 MB) | Commit: 118.65 MB (dPM: 5.49 MB) | VM: 4329.31 MB | CPU: 24889.3s | SysFreeVM: 104089 MB | No ckpt change
[2026-09-08 14:11:02] PID: 22392 | WS: 117.1 MB (dWS: 5.55 MB) | Commit: 118.65 MB (dPM: 5.49 MB) | VM: 4329.31 MB | CPU: 24899.5s | SysFreeVM: 104062 MB | Ckpt: 50MB at 14:11:00
[2026-09-08 14:11:12] PID: 22392 | WS: 117.1 MB (dWS: 5.55 MB) | Commit: 118.65 MB (dPM: 5.49 MB) | VM: 4329.31 MB | CPU: 24909.6s | SysFreeVM: 104071 MB | No ckpt change
[2026-09-08 14:11:22] PID: 22392 | WS: 117.1 MB (dWS: 5.55 MB) | Commit: 118.65 MB (dPM: 5.49 MB) | VM: 4329.31 MB | CPU: 24919.7s | SysFreeVM: 104123 MB | No ckpt change
[2026-09-08 14:11:32] PID: 22392 | WS: 117.1 MB (dWS: 5.55 MB) | Commit: 118.65 MB (dPM: 5.49 MB) | VM: 4329.31 MB | CPU: 24929.8s | SysFreeVM: 104119 MB | No ckpt change
[2026-09-08 14:11:43] PID: 22392 | WS: 117.1 MB (dWS: 5.55 MB) | Commit: 118.65 MB (dPM: 5.49 MB) | VM: 4329.31 MB | CPU: 24940s | SysFreeVM: 104106 MB | No ckpt change
[2026-09-08 14:11:53] PID: 22392 | WS: 117.11 MB (dWS: 5.56 MB) | Commit: 118.65 MB (dPM: 5.49 MB) | VM: 4329.31 MB | CPU: 24950.2s | SysFreeVM: 104091 MB | Ckpt: 50MB at 14:11:42
[2026-09-08 14:12:03] PID: 22392 | WS: 117.11 MB (dWS: 5.56 MB) | Commit: 118.65 MB (dPM: 5.49 MB) | VM: 4329.31 MB | CPU: 24960.4s | SysFreeVM: 104095 MB | No ckpt change
[2026-09-08 14:12:13] PID: 22392 | WS: 117.11 MB (dWS: 5.56 MB) | Commit: 118.65 MB (dPM: 5.49 MB) | VM: 4329.31 MB | CPU: 24970.6s | SysFreeVM: 104088 MB | No ckpt change
[2026-09-08 14:12:23] PID: 22392 | WS: 117.11 MB (dWS: 5.56 MB) | Commit: 118.65 MB (dPM: 5.49 MB) | VM: 4329.31 MB | CPU: 24980.8s | SysFreeVM: 104056 MB | No ckpt change
[2026-09-08 14:12:34] PID: 22392 | WS: 117.14 MB (dWS: 5.59 MB) | Commit: 118.65 MB (dPM: 5.49 MB) | VM: 4329.31 MB | CPU: 24990.9s | SysFreeVM: 104120 MB | Ckpt: 50MB at 14:12:25
[2026-09-08 14:12:44] PID: 22392 | WS: 117.14 MB (dWS: 5.59 MB) | Commit: 118.65 MB (dPM: 5.49 MB) | VM: 4329.31 MB | CPU: 25001.2s | SysFreeVM: 104094 MB | No ckpt change
[2026-09-08 14:12:54] PID: 22392 | WS: 117.14 MB (dWS: 5.59 MB) | Commit: 118.65 MB (dPM: 5.49 MB) | VM: 4329.31 MB | CPU: 25011.4s | SysFreeVM: 104097 MB | No ckpt change
[2026-09-08 14:13:04] PID: 22392 | WS: 117.14 MB (dWS: 5.59 MB) | Commit: 118.65 MB (dPM: 5.49 MB) | VM: 4329.31 MB | CPU: 25021.5s | SysFreeVM: 104100 MB | No ckpt change
[2026-09-08 14:13:15] PID: 22392 | WS: 117.14 MB (dWS: 5.59 MB) | Commit: 118.65 MB (dPM: 5.49 MB) | VM: 4329.31 MB | CPU: 25031.7s | SysFreeVM: 104088 MB | Ckpt: 50MB at 14:13:07
[2026-09-08 14:13:25] PID: 22392 | WS: 117.14 MB (dWS: 5.59 MB) | Commit: 118.65 MB (dPM: 5.49 MB) | VM: 4329.31 MB | CPU: 25041.8s | SysFreeVM: 104085 MB | No ckpt change
[2026-09-08 14:13:35] PID: 22392 | WS: 117.14 MB (dWS: 5.59 MB) | Commit: 118.65 MB (dPM: 5.49 MB) | VM: 4329.31 MB | CPU: 25052s | SysFreeVM: 104077 MB | No ckpt change
[2026-09-08 14:13:45] PID: 22392 | WS: 117.14 MB (dWS: 5.59 MB) | Commit: 118.65 MB (dPM: 5.49 MB) | VM: 4329.31 MB | CPU: 25062.1s | SysFreeVM: 104076 MB | No ckpt change
[2026-09-08 14:13:56] PID: 22392 | WS: 117.14 MB (dWS: 5.59 MB) | Commit: 118.65 MB (dPM: 5.49 MB) | VM: 4329.31 MB | CPU: 25072.3s | SysFreeVM: 104051 MB | Ckpt: 50MB at 14:13:49
[2026-09-08 14:14:06] PID: 22392 | WS: 117.14 MB (dWS: 5.59 MB) | Commit: 118.65 MB (dPM: 5.49 MB) | VM: 4329.31 MB | CPU: 25082.4s | SysFreeVM: 104062 MB | No ckpt change
[2026-09-08 14:14:16] PID: 22392 | WS: 117.14 MB (dWS: 5.59 MB) | Commit: 118.65 MB (dPM: 5.49 MB) | VM: 4329.31 MB | CPU: 25092.5s | SysFreeVM: 104047 MB | No ckpt change
[2026-09-08 14:14:26] PID: 22392 | WS: 117.14 MB (dWS: 5.59 MB) | Commit: 118.65 MB (dPM: 5.49 MB) | VM: 4329.31 MB | CPU: 25102.8s | SysFreeVM: 104037 MB | No ckpt change
[2026-09-08 14:14:37] PID: 22392 | WS: 117.14 MB (dWS: 5.59 MB) | Commit: 118.65 MB (dPM: 5.49 MB) | VM: 4329.31 MB | CPU: 25113s | SysFreeVM: 104034 MB | Ckpt: 50MB at 14:14:32
[2026-09-08 14:14:47] PID: 22392 | WS: 117.14 MB (dWS: 5.59 MB) | Commit: 118.65 MB (dPM: 5.49 MB) | VM: 4329.31 MB | CPU: 25123.2s | SysFreeVM: 104056 MB | No ckpt change
[2026-09-08 14:14:57] PID: 22392 | WS: 117.14 MB (dWS: 5.59 MB) | Commit: 118.65 MB (dPM: 5.49 MB) | VM: 4329.31 MB | CPU: 25133.3s | SysFreeVM: 104136 MB | No ckpt change
[2026-09-08 14:15:07] PID: 22392 | WS: 117.14 MB (dWS: 5.59 MB) | Commit: 118.65 MB (dPM: 5.49 MB) | VM: 4329.31 MB | CPU: 25143.4s | SysFreeVM: 104105 MB | No ckpt change
[2026-09-08 14:15:18] PID: 22392 | WS: 117.14 MB (dWS: 5.59 MB) | Commit: 118.65 MB (dPM: 5.49 MB) | VM: 4329.31 MB | CPU: 25153.5s | SysFreeVM: 104085 MB | Ckpt: 50MB at 14:15:14
[2026-09-08 14:15:28] PID: 22392 | WS: 117.14 MB (dWS: 5.59 MB) | Commit: 118.65 MB (dPM: 5.49 MB) | VM: 4329.31 MB | CPU: 25163.7s | SysFreeVM: 104085 MB | No ckpt change
[2026-09-08 14:15:38] PID: 22392 | WS: 117.14 MB (dWS: 5.59 MB) | Commit: 118.65 MB (dPM: 5.49 MB) | VM: 4329.31 MB | CPU: 25173.8s | SysFreeVM: 104077 MB | No ckpt change
[2026-09-08 14:15:48] PID: 22392 | WS: 117.14 MB (dWS: 5.59 MB) | Commit: 118.65 MB (dPM: 5.49 MB) | VM: 4329.31 MB | CPU: 25183.9s | SysFreeVM: 104057 MB | No ckpt change
[2026-09-08 14:15:58] PID: 22392 | WS: 117.14 MB (dWS: 5.59 MB) | Commit: 118.65 MB (dPM: 5.49 MB) | VM: 4329.31 MB | CPU: 25194s | SysFreeVM: 104032 MB | Ckpt: 50MB at 14:15:57
[2026-09-08 14:16:09] PID: 22392 | WS: 117.14 MB (dWS: 5.59 MB) | Commit: 118.65 MB (dPM: 5.49 MB) | VM: 4329.31 MB | CPU: 25204.1s | SysFreeVM: 104086 MB | No ckpt change
[2026-09-08 14:16:19] PID: 22392 | WS: 117.14 MB (dWS: 5.59 MB) | Commit: 118.65 MB (dPM: 5.49 MB) | VM: 4329.31 MB | CPU: 25214.3s | SysFreeVM: 104080 MB | No ckpt change
[2026-09-08 14:16:29] PID: 22392 | WS: 117.14 MB (dWS: 5.59 MB) | Commit: 118.65 MB (dPM: 5.49 MB) | VM: 4329.31 MB | CPU: 25224.5s | SysFreeVM: 104105 MB | No ckpt change
[2026-09-08 14:16:39] PID: 22392 | WS: 117.14 MB (dWS: 5.59 MB) | Commit: 118.65 MB (dPM: 5.49 MB) | VM: 4329.31 MB | CPU: 25234.6s | SysFreeVM: 104032 MB | No ckpt change
[2026-09-08 14:16:50] PID: 22392 | WS: 117.19 MB (dWS: 5.64 MB) | Commit: 118.71 MB (dPM: 5.55 MB) | VM: 4329.31 MB | CPU: 25244.7s | SysFreeVM: 104087 MB | Ckpt: 50MB at 14:16:39
[2026-09-08 14:17:00] PID: 22392 | WS: 117.19 MB (dWS: 5.64 MB) | Commit: 118.71 MB (dPM: 5.55 MB) | VM: 4329.31 MB | CPU: 25254.9s | SysFreeVM: 104081 MB | No ckpt change
[2026-09-08 14:17:10] PID: 22392 | WS: 117.19 MB (dWS: 5.64 MB) | Commit: 118.71 MB (dPM: 5.55 MB) | VM: 4329.31 MB | CPU: 25265.1s | SysFreeVM: 104068 MB | No ckpt change
[2026-09-08 14:17:20] PID: 22392 | WS: 117.19 MB (dWS: 5.64 MB) | Commit: 118.71 MB (dPM: 5.55 MB) | VM: 4329.31 MB | CPU: 25275.2s | SysFreeVM: 104064 MB | No ckpt change
[2026-09-08 14:17:31] PID: 22392 | WS: 117.2 MB (dWS: 5.65 MB) | Commit: 118.71 MB (dPM: 5.55 MB) | VM: 4329.31 MB | CPU: 25285.3s | SysFreeVM: 104069 MB | Ckpt: 50MB at 14:17:22
[2026-09-08 14:17:41] PID: 22392 | WS: 117.2 MB (dWS: 5.65 MB) | Commit: 118.71 MB (dPM: 5.55 MB) | VM: 4329.31 MB | CPU: 25295.5s | SysFreeVM: 104108 MB | No ckpt change
[2026-09-08 14:17:51] PID: 22392 | WS: 117.2 MB (dWS: 5.65 MB) | Commit: 118.71 MB (dPM: 5.55 MB) | VM: 4329.31 MB | CPU: 25305.6s | SysFreeVM: 104106 MB | No ckpt change
[2026-09-08 14:18:01] PID: 22392 | WS: 117.2 MB (dWS: 5.65 MB) | Commit: 118.71 MB (dPM: 5.55 MB) | VM: 4329.31 MB | CPU: 25315.8s | SysFreeVM: 104097 MB | No ckpt change
[2026-09-08 14:18:12] PID: 22392 | WS: 117.2 MB (dWS: 5.65 MB) | Commit: 118.71 MB (dPM: 5.55 MB) | VM: 4329.31 MB | CPU: 25325.9s | SysFreeVM: 104081 MB | Ckpt: 50MB at 14:18:04
[2026-09-08 14:18:22] PID: 22392 | WS: 117.2 MB (dWS: 5.65 MB) | Commit: 118.71 MB (dPM: 5.55 MB) | VM: 4329.31 MB | CPU: 25336.1s | SysFreeVM: 104089 MB | No ckpt change
[2026-09-08 14:18:32] PID: 22392 | WS: 117.2 MB (dWS: 5.65 MB) | Commit: 118.71 MB (dPM: 5.55 MB) | VM: 4329.31 MB | CPU: 25346.3s | SysFreeVM: 104054 MB | No ckpt change
[2026-09-08 14:18:42] PID: 22392 | WS: 117.2 MB (dWS: 5.65 MB) | Commit: 118.71 MB (dPM: 5.55 MB) | VM: 4329.31 MB | CPU: 25356.5s | SysFreeVM: 104127 MB | No ckpt change
[2026-09-08 14:18:53] PID: 22392 | WS: 117.2 MB (dWS: 5.65 MB) | Commit: 118.71 MB (dPM: 5.55 MB) | VM: 4329.31 MB | CPU: 25366.7s | SysFreeVM: 104073 MB | Ckpt: 50MB at 14:18:46
[2026-09-08 14:19:03] PID: 22392 | WS: 117.2 MB (dWS: 5.65 MB) | Commit: 118.71 MB (dPM: 5.55 MB) | VM: 4329.31 MB | CPU: 25376.9s | SysFreeVM: 104067 MB | No ckpt change
[2026-09-08 14:19:13] PID: 22392 | WS: 117.2 MB (dWS: 5.65 MB) | Commit: 118.71 MB (dPM: 5.55 MB) | VM: 4329.31 MB | CPU: 25387s | SysFreeVM: 104082 MB | No ckpt change
[2026-09-08 14:19:23] PID: 22392 | WS: 117.2 MB (dWS: 5.65 MB) | Commit: 118.71 MB (dPM: 5.55 MB) | VM: 4329.31 MB | CPU: 25397.2s | SysFreeVM: 104092 MB | No ckpt change
[2026-09-08 14:19:33] PID: 22392 | WS: 117.2 MB (dWS: 5.65 MB) | Commit: 118.71 MB (dPM: 5.55 MB) | VM: 4329.31 MB | CPU: 25407.4s | SysFreeVM: 104076 MB | Ckpt: 50MB at 14:19:29
[2026-09-08 14:19:44] PID: 22392 | WS: 117.2 MB (dWS: 5.65 MB) | Commit: 118.71 MB (dPM: 5.55 MB) | VM: 4329.31 MB | CPU: 25417.6s | SysFreeVM: 104078 MB | No ckpt change
[2026-09-08 14:19:54] PID: 22392 | WS: 117.2 MB (dWS: 5.65 MB) | Commit: 118.71 MB (dPM: 5.55 MB) | VM: 4329.31 MB | CPU: 25427.8s | SysFreeVM: 104106 MB | No ckpt change
[2026-09-08 14:20:04] PID: 22392 | WS: 117.2 MB (dWS: 5.65 MB) | Commit: 118.71 MB (dPM: 5.55 MB) | VM: 4329.31 MB | CPU: 25438s | SysFreeVM: 104113 MB | No ckpt change
[2026-09-08 14:20:14] PID: 22392 | WS: 117.2 MB (dWS: 5.65 MB) | Commit: 118.71 MB (dPM: 5.55 MB) | VM: 4329.31 MB | CPU: 25448.2s | SysFreeVM: 104093 MB | Ckpt: 50MB at 14:20:11
[2026-09-08 14:20:25] PID: 22392 | WS: 117.2 MB (dWS: 5.65 MB) | Commit: 118.71 MB (dPM: 5.55 MB) | VM: 4329.31 MB | CPU: 25458.2s | SysFreeVM: 104092 MB | No ckpt change
[2026-09-08 14:20:35] PID: 22392 | WS: 117.2 MB (dWS: 5.65 MB) | Commit: 118.71 MB (dPM: 5.55 MB) | VM: 4329.31 MB | CPU: 25468.4s | SysFreeVM: 104073 MB | No ckpt change
[2026-09-08 14:20:45] PID: 22392 | WS: 117.2 MB (dWS: 5.65 MB) | Commit: 118.71 MB (dPM: 5.55 MB) | VM: 4329.31 MB | CPU: 25478.6s | SysFreeVM: 104088 MB | No ckpt change
[2026-09-08 14:20:55] PID: 22392 | WS: 117.2 MB (dWS: 5.65 MB) | Commit: 118.71 MB (dPM: 5.55 MB) | VM: 4329.31 MB | CPU: 25488.7s | SysFreeVM: 104070 MB | Ckpt: 50MB at 14:20:53
[2026-09-08 14:21:06] PID: 22392 | WS: 117.2 MB (dWS: 5.65 MB) | Commit: 118.71 MB (dPM: 5.55 MB) | VM: 4329.31 MB | CPU: 25498.9s | SysFreeVM: 104106 MB | No ckpt change
[2026-09-08 14:21:16] PID: 22392 | WS: 117.2 MB (dWS: 5.65 MB) | Commit: 118.71 MB (dPM: 5.55 MB) | VM: 4329.31 MB | CPU: 25509.1s | SysFreeVM: 104116 MB | No ckpt change
[2026-09-08 14:21:26] PID: 22392 | WS: 117.2 MB (dWS: 5.65 MB) | Commit: 118.71 MB (dPM: 5.55 MB) | VM: 4329.31 MB | CPU: 25519.3s | SysFreeVM: 104116 MB | No ckpt change
[2026-09-08 14:21:36] PID: 22392 | WS: 117.2 MB (dWS: 5.65 MB) | Commit: 118.71 MB (dPM: 5.55 MB) | VM: 4329.31 MB | CPU: 25529.5s | SysFreeVM: 104103 MB | Ckpt: 50MB at 14:21:36
[2026-09-08 14:21:47] PID: 22392 | WS: 117.2 MB (dWS: 5.65 MB) | Commit: 118.71 MB (dPM: 5.55 MB) | VM: 4329.31 MB | CPU: 25539.7s | SysFreeVM: 104104 MB | No ckpt change
[2026-09-08 14:21:57] PID: 22392 | WS: 117.2 MB (dWS: 5.65 MB) | Commit: 118.71 MB (dPM: 5.55 MB) | VM: 4329.31 MB | CPU: 25549.8s | SysFreeVM: 104077 MB | No ckpt change
[2026-09-08 14:22:07] PID: 22392 | WS: 117.2 MB (dWS: 5.65 MB) | Commit: 118.71 MB (dPM: 5.55 MB) | VM: 4329.31 MB | CPU: 25559.9s | SysFreeVM: 104061 MB | No ckpt change
[2026-09-08 14:22:17] PID: 22392 | WS: 117.2 MB (dWS: 5.65 MB) | Commit: 118.71 MB (dPM: 5.55 MB) | VM: 4329.31 MB | CPU: 25570.1s | SysFreeVM: 104060 MB | No ckpt change
[2026-09-08 14:22:28] PID: 22392 | WS: 117.2 MB (dWS: 5.65 MB) | Commit: 118.71 MB (dPM: 5.55 MB) | VM: 4329.31 MB | CPU: 25580.2s | SysFreeVM: 104125 MB | Ckpt: 50MB at 14:22:18
[2026-09-08 14:22:38] PID: 22392 | WS: 117.2 MB (dWS: 5.65 MB) | Commit: 118.71 MB (dPM: 5.55 MB) | VM: 4329.31 MB | CPU: 25590.4s | SysFreeVM: 104127 MB | No ckpt change
[2026-09-08 14:22:48] PID: 22392 | WS: 117.2 MB (dWS: 5.65 MB) | Commit: 118.71 MB (dPM: 5.55 MB) | VM: 4329.31 MB | CPU: 25600.6s | SysFreeVM: 104131 MB | No ckpt change
[2026-09-08 14:22:58] PID: 22392 | WS: 117.2 MB (dWS: 5.65 MB) | Commit: 118.71 MB (dPM: 5.55 MB) | VM: 4329.31 MB | CPU: 25610.7s | SysFreeVM: 104127 MB | No ckpt change
[2026-09-08 14:23:09] PID: 22392 | WS: 117.2 MB (dWS: 5.65 MB) | Commit: 118.71 MB (dPM: 5.55 MB) | VM: 4329.31 MB | CPU: 25620.9s | SysFreeVM: 104099 MB | Ckpt: 50MB at 14:23:00
[2026-09-08 14:23:19] PID: 22392 | WS: 117.2 MB (dWS: 5.65 MB) | Commit: 118.71 MB (dPM: 5.55 MB) | VM: 4329.31 MB | CPU: 25631.1s | SysFreeVM: 104092 MB | No ckpt change
[2026-09-08 14:23:29] PID: 22392 | WS: 117.2 MB (dWS: 5.65 MB) | Commit: 118.71 MB (dPM: 5.55 MB) | VM: 4329.31 MB | CPU: 25641.3s | SysFreeVM: 104066 MB | No ckpt change
[2026-09-08 14:23:39] PID: 22392 | WS: 117.2 MB (dWS: 5.65 MB) | Commit: 118.71 MB (dPM: 5.55 MB) | VM: 4329.31 MB | CPU: 25651.5s | SysFreeVM: 104024 MB | No ckpt change
[2026-09-08 14:23:49] PID: 22392 | WS: 117.21 MB (dWS: 5.66 MB) | Commit: 118.71 MB (dPM: 5.55 MB) | VM: 4329.31 MB | CPU: 25661.8s | SysFreeVM: 103974 MB | Ckpt: 50MB at 14:23:43
[2026-09-08 14:24:00] PID: 22392 | WS: 117.21 MB (dWS: 5.66 MB) | Commit: 118.71 MB (dPM: 5.55 MB) | VM: 4329.31 MB | CPU: 25671.9s | SysFreeVM: 103965 MB | No ckpt change
[2026-09-08 14:24:10] PID: 22392 | WS: 117.21 MB (dWS: 5.66 MB) | Commit: 118.71 MB (dPM: 5.55 MB) | VM: 4329.31 MB | CPU: 25682.1s | SysFreeVM: 104035 MB | No ckpt change
[2026-09-08 14:24:20] PID: 22392 | WS: 117.21 MB (dWS: 5.66 MB) | Commit: 118.71 MB (dPM: 5.55 MB) | VM: 4329.31 MB | CPU: 25692.4s | SysFreeVM: 104042 MB | No ckpt change
[2026-09-08 14:24:31] PID: 22392 | WS: 117.21 MB (dWS: 5.66 MB) | Commit: 118.71 MB (dPM: 5.55 MB) | VM: 4329.31 MB | CPU: 25702.6s | SysFreeVM: 103991 MB | Ckpt: 50MB at 14:24:25
[2026-09-08 14:24:41] PID: 22392 | WS: 117.21 MB (dWS: 5.66 MB) | Commit: 118.71 MB (dPM: 5.55 MB) | VM: 4329.31 MB | CPU: 25712.8s | SysFreeVM: 103980 MB | No ckpt change
[2026-09-08 14:24:51] PID: 22392 | WS: 117.21 MB (dWS: 5.66 MB) | Commit: 118.71 MB (dPM: 5.55 MB) | VM: 4329.31 MB | CPU: 25722.9s | SysFreeVM: 103998 MB | No ckpt change
[2026-09-08 14:25:01] PID: 22392 | WS: 117.21 MB (dWS: 5.66 MB) | Commit: 118.71 MB (dPM: 5.55 MB) | VM: 4329.31 MB | CPU: 25733.1s | SysFreeVM: 103946 MB | No ckpt change
[2026-09-08 14:25:12] PID: 22392 | WS: 117.21 MB (dWS: 5.66 MB) | Commit: 118.71 MB (dPM: 5.55 MB) | VM: 4329.31 MB | CPU: 25743.3s | SysFreeVM: 103953 MB | Ckpt: 50MB at 14:25:08
[2026-09-08 14:25:22] PID: 22392 | WS: 117.21 MB (dWS: 5.66 MB) | Commit: 118.71 MB (dPM: 5.55 MB) | VM: 4329.31 MB | CPU: 25753.5s | SysFreeVM: 103958 MB | No ckpt change
[2026-09-08 14:25:32] PID: 22392 | WS: 117.21 MB (dWS: 5.66 MB) | Commit: 118.71 MB (dPM: 5.55 MB) | VM: 4329.31 MB | CPU: 25763.7s | SysFreeVM: 103966 MB | No ckpt change
[2026-09-08 14:25:42] PID: 22392 | WS: 117.21 MB (dWS: 5.66 MB) | Commit: 118.71 MB (dPM: 5.55 MB) | VM: 4329.31 MB | CPU: 25773.9s | SysFreeVM: 103948 MB | No ckpt change
[2026-09-08 14:25:52] PID: 22392 | WS: 117.21 MB (dWS: 5.66 MB) | Commit: 118.71 MB (dPM: 5.55 MB) | VM: 4329.31 MB | CPU: 25784.1s | SysFreeVM: 103935 MB | Ckpt: 50MB at 14:25:51
[2026-09-08 14:26:03] PID: 22392 | WS: 117.21 MB (dWS: 5.66 MB) | Commit: 118.71 MB (dPM: 5.55 MB) | VM: 4329.31 MB | CPU: 25794.2s | SysFreeVM: 103981 MB | No ckpt change
[2026-09-08 14:26:13] PID: 22392 | WS: 117.21 MB (dWS: 5.66 MB) | Commit: 118.71 MB (dPM: 5.55 MB) | VM: 4329.31 MB | CPU: 25804.4s | SysFreeVM: 103987 MB | No ckpt change
[2026-09-08 14:26:23] PID: 22392 | WS: 117.21 MB (dWS: 5.66 MB) | Commit: 118.71 MB (dPM: 5.55 MB) | VM: 4329.31 MB | CPU: 25814.6s | SysFreeVM: 103983 MB | No ckpt change
[2026-09-08 14:26:34] PID: 22392 | WS: 117.21 MB (dWS: 5.66 MB) | Commit: 118.71 MB (dPM: 5.55 MB) | VM: 4329.31 MB | CPU: 25824.8s | SysFreeVM: 103962 MB | Ckpt: 50MB at 14:26:33
[2026-09-08 14:26:44] PID: 22392 | WS: 117.21 MB (dWS: 5.66 MB) | Commit: 118.71 MB (dPM: 5.55 MB) | VM: 4329.31 MB | CPU: 25835s | SysFreeVM: 103935 MB | No ckpt change
[2026-09-08 14:26:54] PID: 22392 | WS: 117.21 MB (dWS: 5.66 MB) | Commit: 118.71 MB (dPM: 5.55 MB) | VM: 4329.31 MB | CPU: 25845.2s | SysFreeVM: 103954 MB | No ckpt change
[2026-09-08 14:27:04] PID: 22392 | WS: 117.21 MB (dWS: 5.66 MB) | Commit: 118.71 MB (dPM: 5.55 MB) | VM: 4329.31 MB | CPU: 25855.5s | SysFreeVM: 103954 MB | No ckpt change
[2026-09-08 14:27:15] PID: 22392 | WS: 117.21 MB (dWS: 5.66 MB) | Commit: 118.71 MB (dPM: 5.55 MB) | VM: 4329.31 MB | CPU: 25865.7s | SysFreeVM: 103985 MB | No ckpt change
[2026-09-08 14:27:25] PID: 22392 | WS: 117.21 MB (dWS: 5.66 MB) | Commit: 118.71 MB (dPM: 5.55 MB) | VM: 4329.31 MB | CPU: 25875.8s | SysFreeVM: 103976 MB | Ckpt: 50MB at 14:27:16
[2026-09-08 14:27:35] PID: 22392 | WS: 117.21 MB (dWS: 5.66 MB) | Commit: 118.71 MB (dPM: 5.55 MB) | VM: 4329.31 MB | CPU: 25886s | SysFreeVM: 103978 MB | No ckpt change
[2026-09-08 14:27:45] PID: 22392 | WS: 117.21 MB (dWS: 5.66 MB) | Commit: 118.71 MB (dPM: 5.55 MB) | VM: 4329.31 MB | CPU: 25896.2s | SysFreeVM: 103966 MB | No ckpt change
[2026-09-08 14:27:56] PID: 22392 | WS: 117.21 MB (dWS: 5.66 MB) | Commit: 118.71 MB (dPM: 5.55 MB) | VM: 4329.31 MB | CPU: 25906.4s | SysFreeVM: 103944 MB | No ckpt change
[2026-09-08 14:28:06] PID: 22392 | WS: 117.21 MB (dWS: 5.66 MB) | Commit: 118.71 MB (dPM: 5.55 MB) | VM: 4329.31 MB | CPU: 25916.6s | SysFreeVM: 103925 MB | Ckpt: 50MB at 14:27:58
[2026-09-08 14:28:16] PID: 22392 | WS: 117.21 MB (dWS: 5.66 MB) | Commit: 118.71 MB (dPM: 5.55 MB) | VM: 4329.31 MB | CPU: 25926.8s | SysFreeVM: 103940 MB | No ckpt change
[2026-09-08 14:28:26] PID: 22392 | WS: 117.21 MB (dWS: 5.66 MB) | Commit: 118.71 MB (dPM: 5.55 MB) | VM: 4329.31 MB | CPU: 25937.1s | SysFreeVM: 104003 MB | No ckpt change
[2026-09-08 14:28:37] PID: 22392 | WS: 117.21 MB (dWS: 5.66 MB) | Commit: 118.71 MB (dPM: 5.55 MB) | VM: 4329.31 MB | CPU: 25947.3s | SysFreeVM: 103994 MB | No ckpt change
[2026-09-08 14:28:47] PID: 22392 | WS: 117.21 MB (dWS: 5.66 MB) | Commit: 118.71 MB (dPM: 5.55 MB) | VM: 4329.31 MB | CPU: 25957.5s | SysFreeVM: 103969 MB | Ckpt: 50MB at 14:28:41
[2026-09-08 14:28:57] PID: 22392 | WS: 117.21 MB (dWS: 5.66 MB) | Commit: 118.71 MB (dPM: 5.55 MB) | VM: 4329.31 MB | CPU: 25967.8s | SysFreeVM: 103881 MB | No ckpt change
[2026-09-08 14:29:07] PID: 22392 | WS: 117.21 MB (dWS: 5.66 MB) | Commit: 118.71 MB (dPM: 5.55 MB) | VM: 4329.31 MB | CPU: 25977.9s | SysFreeVM: 103861 MB | No ckpt change
[2026-09-08 14:29:18] PID: 22392 | WS: 117.21 MB (dWS: 5.66 MB) | Commit: 118.71 MB (dPM: 5.55 MB) | VM: 4329.31 MB | CPU: 25988.2s | SysFreeVM: 103876 MB | No ckpt change
[2026-09-08 14:29:28] PID: 22392 | WS: 117.21 MB (dWS: 5.66 MB) | Commit: 118.71 MB (dPM: 5.55 MB) | VM: 4329.31 MB | CPU: 25998.3s | SysFreeVM: 103937 MB | Ckpt: 50MB at 14:29:23
[2026-09-08 14:29:38] PID: 22392 | WS: 117.21 MB (dWS: 5.66 MB) | Commit: 118.71 MB (dPM: 5.55 MB) | VM: 4329.31 MB | CPU: 26008.6s | SysFreeVM: 103876 MB | No ckpt change
[2026-09-08 14:29:48] PID: 22392 | WS: 117.21 MB (dWS: 5.66 MB) | Commit: 118.71 MB (dPM: 5.55 MB) | VM: 4329.31 MB | CPU: 26018.8s | SysFreeVM: 103864 MB | No ckpt change
[2026-09-08 14:29:59] PID: 22392 | WS: 117.21 MB (dWS: 5.66 MB) | Commit: 118.71 MB (dPM: 5.55 MB) | VM: 4329.31 MB | CPU: 26029s | SysFreeVM: 103855 MB | No ckpt change
[2026-09-08 14:30:09] PID: 22392 | WS: 117.21 MB (dWS: 5.66 MB) | Commit: 118.71 MB (dPM: 5.55 MB) | VM: 4329.31 MB | CPU: 26039.2s | SysFreeVM: 103874 MB | Ckpt: 50MB at 14:30:06
[2026-09-08 14:30:19] PID: 22392 | WS: 117.21 MB (dWS: 5.66 MB) | Commit: 118.71 MB (dPM: 5.55 MB) | VM: 4329.31 MB | CPU: 26049.3s | SysFreeVM: 103882 MB | No ckpt change
[2026-09-08 14:30:29] PID: 22392 | WS: 117.21 MB (dWS: 5.66 MB) | Commit: 118.71 MB (dPM: 5.55 MB) | VM: 4329.31 MB | CPU: 26059.5s | SysFreeVM: 103895 MB | No ckpt change
[2026-09-08 14:30:40] PID: 22392 | WS: 117.21 MB (dWS: 5.66 MB) | Commit: 118.71 MB (dPM: 5.55 MB) | VM: 4329.31 MB | CPU: 26069.8s | SysFreeVM: 103940 MB | No ckpt change
[2026-09-08 14:30:50] PID: 22392 | WS: 117.21 MB (dWS: 5.66 MB) | Commit: 118.71 MB (dPM: 5.55 MB) | VM: 4329.31 MB | CPU: 26079.9s | SysFreeVM: 103923 MB | Ckpt: 50MB at 14:30:48
[2026-09-08 14:31:00] PID: 22392 | WS: 117.21 MB (dWS: 5.66 MB) | Commit: 118.71 MB (dPM: 5.55 MB) | VM: 4329.31 MB | CPU: 26090.1s | SysFreeVM: 103906 MB | No ckpt change
[2026-09-08 14:31:10] PID: 22392 | WS: 117.21 MB (dWS: 5.66 MB) | Commit: 118.71 MB (dPM: 5.55 MB) | VM: 4329.31 MB | CPU: 26100.3s | SysFreeVM: 103905 MB | No ckpt change
[2026-09-08 14:31:21] PID: 22392 | WS: 117.21 MB (dWS: 5.66 MB) | Commit: 118.71 MB (dPM: 5.55 MB) | VM: 4329.31 MB | CPU: 26110.5s | SysFreeVM: 103894 MB | No ckpt change
[2026-09-08 14:31:31] PID: 22392 | WS: 167.21 MB (dWS: 55.66 MB) | Commit: 168.82 MB (dPM: 55.66 MB) | VM: 4379.35 MB | CPU: 26120.7s | SysFreeVM: 103913 MB | Ckpt: 50MB at 14:31:31
[2026-09-08 14:31:41] PID: 22392 | WS: 117.21 MB (dWS: 5.66 MB) | Commit: 118.71 MB (dPM: 5.55 MB) | VM: 4329.31 MB | CPU: 26130.9s | SysFreeVM: 103918 MB | No ckpt change
[2026-09-08 14:31:52] PID: 22392 | WS: 117.21 MB (dWS: 5.66 MB) | Commit: 118.71 MB (dPM: 5.55 MB) | VM: 4329.31 MB | CPU: 26141.1s | SysFreeVM: 103967 MB | No ckpt change
[2026-09-08 14:32:02] PID: 22392 | WS: 117.21 MB (dWS: 5.66 MB) | Commit: 118.71 MB (dPM: 5.55 MB) | VM: 4329.31 MB | CPU: 26151.3s | SysFreeVM: 103949 MB | No ckpt change
[2026-09-08 14:32:12] PID: 22392 | WS: 117.21 MB (dWS: 5.66 MB) | Commit: 118.71 MB (dPM: 5.55 MB) | VM: 4329.31 MB | CPU: 26161.5s | SysFreeVM: 103938 MB | No ckpt change
[2026-09-08 14:32:22] PID: 22392 | WS: 117.21 MB (dWS: 5.66 MB) | Commit: 118.71 MB (dPM: 5.55 MB) | VM: 4329.31 MB | CPU: 26171.7s | SysFreeVM: 103915 MB | Ckpt: 50MB at 14:32:13
[2026-09-08 14:32:33] PID: 22392 | WS: 117.21 MB (dWS: 5.66 MB) | Commit: 118.71 MB (dPM: 5.55 MB) | VM: 4329.31 MB | CPU: 26182s | SysFreeVM: 103899 MB | No ckpt change
[2026-09-08 14:32:43] PID: 22392 | WS: 117.21 MB (dWS: 5.66 MB) | Commit: 118.71 MB (dPM: 5.55 MB) | VM: 4329.31 MB | CPU: 26192.2s | SysFreeVM: 103898 MB | No ckpt change
[2026-09-08 14:32:53] PID: 22392 | WS: 117.21 MB (dWS: 5.66 MB) | Commit: 118.71 MB (dPM: 5.55 MB) | VM: 4329.31 MB | CPU: 26202.4s | SysFreeVM: 103922 MB | No ckpt change
[2026-09-08 14:33:03] PID: 22392 | WS: 117.21 MB (dWS: 5.66 MB) | Commit: 118.71 MB (dPM: 5.55 MB) | VM: 4329.31 MB | CPU: 26212.5s | SysFreeVM: 103945 MB | Ckpt: 50MB at 14:32:56
[2026-09-08 14:33:14] PID: 22392 | WS: 117.21 MB (dWS: 5.66 MB) | Commit: 118.71 MB (dPM: 5.55 MB) | VM: 4329.31 MB | CPU: 26222.7s | SysFreeVM: 103935 MB | No ckpt change
[2026-09-08 14:33:24] PID: 22392 | WS: 117.21 MB (dWS: 5.66 MB) | Commit: 118.71 MB (dPM: 5.55 MB) | VM: 4329.31 MB | CPU: 26232.9s | SysFreeVM: 103932 MB | No ckpt change
[2026-09-08 14:33:34] PID: 22392 | WS: 117.21 MB (dWS: 5.66 MB) | Commit: 118.71 MB (dPM: 5.55 MB) | VM: 4329.31 MB | CPU: 26243.1s | SysFreeVM: 103939 MB | No ckpt change
[2026-09-08 14:33:44] PID: 22392 | WS: 117.21 MB (dWS: 5.66 MB) | Commit: 118.71 MB (dPM: 5.55 MB) | VM: 4329.31 MB | CPU: 26253.4s | SysFreeVM: 103937 MB | Ckpt: 50MB at 14:33:38
[2026-09-08 14:33:55] PID: 22392 | WS: 117.21 MB (dWS: 5.66 MB) | Commit: 118.71 MB (dPM: 5.55 MB) | VM: 4329.31 MB | CPU: 26263.6s | SysFreeVM: 103891 MB | No ckpt change
[2026-09-08 14:34:05] PID: 22392 | WS: 117.21 MB (dWS: 5.66 MB) | Commit: 118.71 MB (dPM: 5.55 MB) | VM: 4329.31 MB | CPU: 26273.7s | SysFreeVM: 103942 MB | No ckpt change
[2026-09-08 14:34:15] PID: 22392 | WS: 117.21 MB (dWS: 5.66 MB) | Commit: 118.71 MB (dPM: 5.55 MB) | VM: 4329.31 MB | CPU: 26283.8s | SysFreeVM: 103941 MB | No ckpt change
[2026-09-08 14:34:25] PID: 22392 | WS: 117.21 MB (dWS: 5.66 MB) | Commit: 118.71 MB (dPM: 5.55 MB) | VM: 4329.31 MB | CPU: 26293.9s | SysFreeVM: 103934 MB | Ckpt: 50MB at 14:34:21
[2026-09-08 14:34:35] PID: 22392 | WS: 117.21 MB (dWS: 5.66 MB) | Commit: 118.71 MB (dPM: 5.55 MB) | VM: 4329.31 MB | CPU: 26304s | SysFreeVM: 103923 MB | No ckpt change
[2026-09-08 14:34:46] PID: 22392 | WS: 117.21 MB (dWS: 5.66 MB) | Commit: 118.71 MB (dPM: 5.55 MB) | VM: 4329.31 MB | CPU: 26314.2s | SysFreeVM: 103919 MB | No ckpt change
[2026-09-08 14:34:56] PID: 22392 | WS: 117.21 MB (dWS: 5.66 MB) | Commit: 118.71 MB (dPM: 5.55 MB) | VM: 4329.31 MB | CPU: 26324.4s | SysFreeVM: 103940 MB | No ckpt change
[2026-09-08 14:35:06] PID: 22392 | WS: 117.21 MB (dWS: 5.66 MB) | Commit: 118.71 MB (dPM: 5.55 MB) | VM: 4329.31 MB | CPU: 26334.5s | SysFreeVM: 103935 MB | Ckpt: 50MB at 14:35:03
[2026-09-08 14:35:16] PID: 22392 | WS: 117.21 MB (dWS: 5.66 MB) | Commit: 118.71 MB (dPM: 5.55 MB) | VM: 4329.31 MB | CPU: 26344.6s | SysFreeVM: 103919 MB | No ckpt change
[2026-09-08 14:35:27] PID: 22392 | WS: 117.21 MB (dWS: 5.66 MB) | Commit: 118.71 MB (dPM: 5.55 MB) | VM: 4329.31 MB | CPU: 26354.8s | SysFreeVM: 103980 MB | No ckpt change
[2026-09-08 14:35:37] PID: 22392 | WS: 117.21 MB (dWS: 5.66 MB) | Commit: 118.71 MB (dPM: 5.55 MB) | VM: 4329.31 MB | CPU: 26365s | SysFreeVM: 104020 MB | No ckpt change
[2026-09-08 14:35:47] PID: 22392 | WS: 117.21 MB (dWS: 5.66 MB) | Commit: 118.71 MB (dPM: 5.55 MB) | VM: 4329.31 MB | CPU: 26375.2s | SysFreeVM: 104008 MB | Ckpt: 50MB at 14:35:45
[2026-09-08 14:35:57] PID: 22392 | WS: 117.21 MB (dWS: 5.66 MB) | Commit: 118.71 MB (dPM: 5.55 MB) | VM: 4329.31 MB | CPU: 26385.4s | SysFreeVM: 104002 MB | No ckpt change
[2026-09-08 14:36:08] PID: 22392 | WS: 117.21 MB (dWS: 5.66 MB) | Commit: 118.71 MB (dPM: 5.55 MB) | VM: 4329.31 MB | CPU: 26395.5s | SysFreeVM: 104006 MB | No ckpt change
[2026-09-08 14:36:18] PID: 22392 | WS: 117.21 MB (dWS: 5.66 MB) | Commit: 118.71 MB (dPM: 5.55 MB) | VM: 4329.31 MB | CPU: 26405.7s | SysFreeVM: 104000 MB | No ckpt change
[2026-09-08 14:36:28] PID: 22392 | WS: 117.21 MB (dWS: 5.66 MB) | Commit: 118.71 MB (dPM: 5.55 MB) | VM: 4329.31 MB | CPU: 26415.8s | SysFreeVM: 104062 MB | Ckpt: 50MB at 14:36:28
[2026-09-08 14:36:38] PID: 22392 | WS: 117.21 MB (dWS: 5.66 MB) | Commit: 118.71 MB (dPM: 5.55 MB) | VM: 4329.31 MB | CPU: 26426s | SysFreeVM: 104042 MB | No ckpt change
[2026-09-08 14:36:49] PID: 22392 | WS: 117.21 MB (dWS: 5.66 MB) | Commit: 118.71 MB (dPM: 5.55 MB) | VM: 4329.31 MB | CPU: 26436.2s | SysFreeVM: 104024 MB | No ckpt change
[2026-09-08 14:36:59] PID: 22392 | WS: 117.21 MB (dWS: 5.66 MB) | Commit: 118.71 MB (dPM: 5.55 MB) | VM: 4329.31 MB | CPU: 26446.3s | SysFreeVM: 104034 MB | No ckpt change
[2026-09-08 14:37:09] PID: 22392 | WS: 117.21 MB (dWS: 5.66 MB) | Commit: 118.71 MB (dPM: 5.55 MB) | VM: 4329.31 MB | CPU: 26456.5s | SysFreeVM: 104030 MB | No ckpt change
[2026-09-08 14:37:19] PID: 22392 | WS: 117.21 MB (dWS: 5.66 MB) | Commit: 118.71 MB (dPM: 5.55 MB) | VM: 4329.31 MB | CPU: 26466.5s | SysFreeVM: 104031 MB | Ckpt: 50MB at 14:37:10
[2026-09-08 14:37:30] PID: 22392 | WS: 117.21 MB (dWS: 5.66 MB) | Commit: 118.71 MB (dPM: 5.55 MB) | VM: 4329.31 MB | CPU: 26476.8s | SysFreeVM: 104023 MB | No ckpt change
[2026-09-08 14:37:40] PID: 22392 | WS: 117.21 MB (dWS: 5.66 MB) | Commit: 118.71 MB (dPM: 5.55 MB) | VM: 4329.31 MB | CPU: 26487s | SysFreeVM: 104064 MB | No ckpt change
[2026-09-08 14:37:50] PID: 22392 | WS: 117.21 MB (dWS: 5.66 MB) | Commit: 118.71 MB (dPM: 5.55 MB) | VM: 4329.31 MB | CPU: 26497.2s | SysFreeVM: 104045 MB | No ckpt change
[2026-09-08 14:38:00] PID: 22392 | WS: 117.27 MB (dWS: 5.72 MB) | Commit: 118.78 MB (dPM: 5.62 MB) | VM: 4329.31 MB | CPU: 26507.4s | SysFreeVM: 104025 MB | Ckpt: 50MB at 14:37:52
[2026-09-08 14:38:11] PID: 22392 | WS: 117.27 MB (dWS: 5.72 MB) | Commit: 118.78 MB (dPM: 5.62 MB) | VM: 4329.31 MB | CPU: 26517.6s | SysFreeVM: 104032 MB | No ckpt change
[2026-09-08 14:38:21] PID: 22392 | WS: 117.27 MB (dWS: 5.72 MB) | Commit: 118.78 MB (dPM: 5.62 MB) | VM: 4329.31 MB | CPU: 26527.8s | SysFreeVM: 104035 MB | No ckpt change
[2026-09-08 14:38:31] PID: 22392 | WS: 117.27 MB (dWS: 5.72 MB) | Commit: 118.78 MB (dPM: 5.62 MB) | VM: 4329.31 MB | CPU: 26538s | SysFreeVM: 104017 MB | No ckpt change
[2026-09-08 14:38:41] PID: 22392 | WS: 117.27 MB (dWS: 5.72 MB) | Commit: 118.78 MB (dPM: 5.62 MB) | VM: 4329.31 MB | CPU: 26548.2s | SysFreeVM: 104016 MB | Ckpt: 50MB at 14:38:35
[2026-09-08 14:38:52] PID: 22392 | WS: 117.27 MB (dWS: 5.72 MB) | Commit: 118.78 MB (dPM: 5.62 MB) | VM: 4329.31 MB | CPU: 26558.3s | SysFreeVM: 104008 MB | No ckpt change
[2026-09-08 14:39:02] PID: 22392 | WS: 117.27 MB (dWS: 5.72 MB) | Commit: 118.78 MB (dPM: 5.62 MB) | VM: 4329.31 MB | CPU: 26568.5s | SysFreeVM: 104023 MB | No ckpt change
[2026-09-08 14:39:12] PID: 22392 | WS: 117.27 MB (dWS: 5.72 MB) | Commit: 118.78 MB (dPM: 5.62 MB) | VM: 4329.31 MB | CPU: 26578.6s | SysFreeVM: 104013 MB | No ckpt change
[2026-09-08 14:39:22] PID: 22392 | WS: 117.27 MB (dWS: 5.72 MB) | Commit: 118.78 MB (dPM: 5.62 MB) | VM: 4329.31 MB | CPU: 26588.7s | SysFreeVM: 104002 MB | Ckpt: 50MB at 14:39:17
[2026-09-08 14:39:33] PID: 22392 | WS: 117.27 MB (dWS: 5.72 MB) | Commit: 118.78 MB (dPM: 5.62 MB) | VM: 4329.31 MB | CPU: 26598.9s | SysFreeVM: 104038 MB | No ckpt change
[2026-09-08 14:39:43] PID: 22392 | WS: 117.27 MB (dWS: 5.72 MB) | Commit: 118.78 MB (dPM: 5.62 MB) | VM: 4329.31 MB | CPU: 26609s | SysFreeVM: 104030 MB | No ckpt change
[2026-09-08 14:39:53] PID: 22392 | WS: 117.27 MB (dWS: 5.72 MB) | Commit: 118.78 MB (dPM: 5.62 MB) | VM: 4329.31 MB | CPU: 26619.3s | SysFreeVM: 104022 MB | No ckpt change
[2026-09-08 14:40:03] PID: 22392 | WS: 117.27 MB (dWS: 5.72 MB) | Commit: 118.78 MB (dPM: 5.62 MB) | VM: 4329.31 MB | CPU: 26629.4s | SysFreeVM: 104048 MB | Ckpt: 50MB at 14:40:00
[2026-09-08 14:40:14] PID: 22392 | WS: 117.27 MB (dWS: 5.72 MB) | Commit: 118.78 MB (dPM: 5.62 MB) | VM: 4329.31 MB | CPU: 26639.5s | SysFreeVM: 104072 MB | No ckpt change
[2026-09-08 14:40:24] PID: 22392 | WS: 117.27 MB (dWS: 5.72 MB) | Commit: 118.78 MB (dPM: 5.62 MB) | VM: 4329.31 MB | CPU: 26649.7s | SysFreeVM: 104062 MB | No ckpt change
[2026-09-08 14:40:34] PID: 22392 | WS: 117.27 MB (dWS: 5.72 MB) | Commit: 118.78 MB (dPM: 5.62 MB) | VM: 4329.31 MB | CPU: 26659.9s | SysFreeVM: 104059 MB | No ckpt change
[2026-09-08 14:40:44] PID: 22392 | WS: 117.27 MB (dWS: 5.72 MB) | Commit: 118.78 MB (dPM: 5.62 MB) | VM: 4329.31 MB | CPU: 26670.1s | SysFreeVM: 104034 MB | Ckpt: 50MB at 14:40:42
[2026-09-08 14:40:55] PID: 22392 | WS: 117.27 MB (dWS: 5.72 MB) | Commit: 118.78 MB (dPM: 5.62 MB) | VM: 4329.31 MB | CPU: 26680.3s | SysFreeVM: 104025 MB | No ckpt change
[2026-09-08 14:41:05] PID: 22392 | WS: 117.27 MB (dWS: 5.72 MB) | Commit: 118.78 MB (dPM: 5.62 MB) | VM: 4329.31 MB | CPU: 26690.5s | SysFreeVM: 104074 MB | No ckpt change
[2026-09-08 14:41:15] PID: 22392 | WS: 117.27 MB (dWS: 5.72 MB) | Commit: 118.78 MB (dPM: 5.62 MB) | VM: 4329.31 MB | CPU: 26700.7s | SysFreeVM: 104084 MB | No ckpt change
[2026-09-08 14:41:25] PID: 22392 | WS: 117.27 MB (dWS: 5.72 MB) | Commit: 118.78 MB (dPM: 5.62 MB) | VM: 4329.31 MB | CPU: 26710.9s | SysFreeVM: 104080 MB | Ckpt: 50MB at 14:41:25
[2026-09-08 14:41:36] PID: 22392 | WS: 117.27 MB (dWS: 5.72 MB) | Commit: 118.78 MB (dPM: 5.62 MB) | VM: 4329.31 MB | CPU: 26721s | SysFreeVM: 104064 MB | No ckpt change
[2026-09-08 14:41:46] PID: 22392 | WS: 117.27 MB (dWS: 5.72 MB) | Commit: 118.78 MB (dPM: 5.62 MB) | VM: 4329.31 MB | CPU: 26731.3s | SysFreeVM: 104058 MB | No ckpt change
[2026-09-08 14:41:56] PID: 22392 | WS: 117.27 MB (dWS: 5.72 MB) | Commit: 118.78 MB (dPM: 5.62 MB) | VM: 4329.31 MB | CPU: 26741.5s | SysFreeVM: 104043 MB | No ckpt change
[2026-09-08 14:42:06] PID: 22392 | WS: 117.27 MB (dWS: 5.72 MB) | Commit: 118.78 MB (dPM: 5.62 MB) | VM: 4329.31 MB | CPU: 26751.7s | SysFreeVM: 104103 MB | No ckpt change
[2026-09-08 14:42:17] PID: 22392 | WS: 117.39 MB (dWS: 5.84 MB) | Commit: 118.92 MB (dPM: 5.76 MB) | VM: 4329.31 MB | CPU: 26761.8s | SysFreeVM: 104080 MB | Ckpt: 50MB at 14:42:07
[2026-09-08 14:42:27] PID: 22392 | WS: 117.39 MB (dWS: 5.84 MB) | Commit: 118.92 MB (dPM: 5.76 MB) | VM: 4329.31 MB | CPU: 26772s | SysFreeVM: 104061 MB | No ckpt change
[2026-09-08 14:42:37] PID: 22392 | WS: 117.39 MB (dWS: 5.84 MB) | Commit: 118.92 MB (dPM: 5.76 MB) | VM: 4329.31 MB | CPU: 26782.3s | SysFreeVM: 104054 MB | No ckpt change
[2026-09-08 14:42:47] PID: 22392 | WS: 117.39 MB (dWS: 5.84 MB) | Commit: 118.92 MB (dPM: 5.76 MB) | VM: 4329.31 MB | CPU: 26792.5s | SysFreeVM: 104059 MB | No ckpt change
[2026-09-08 14:42:58] PID: 22392 | WS: 117.4 MB (dWS: 5.85 MB) | Commit: 118.92 MB (dPM: 5.76 MB) | VM: 4329.31 MB | CPU: 26802.6s | SysFreeVM: 104055 MB | Ckpt: 50MB at 14:42:49
[2026-09-08 14:43:08] PID: 22392 | WS: 117.4 MB (dWS: 5.85 MB) | Commit: 118.92 MB (dPM: 5.76 MB) | VM: 4329.31 MB | CPU: 26812.8s | SysFreeVM: 104037 MB | No ckpt change
[2026-09-08 14:43:18] PID: 22392 | WS: 117.4 MB (dWS: 5.85 MB) | Commit: 118.92 MB (dPM: 5.76 MB) | VM: 4329.31 MB | CPU: 26823s | SysFreeVM: 104085 MB | No ckpt change
[2026-09-08 14:43:28] PID: 22392 | WS: 117.4 MB (dWS: 5.85 MB) | Commit: 118.92 MB (dPM: 5.76 MB) | VM: 4329.31 MB | CPU: 26833.2s | SysFreeVM: 104067 MB | No ckpt change
[2026-09-08 14:43:39] PID: 22392 | WS: 117.4 MB (dWS: 5.85 MB) | Commit: 118.92 MB (dPM: 5.76 MB) | VM: 4329.31 MB | CPU: 26843.4s | SysFreeVM: 104057 MB | Ckpt: 50MB at 14:43:32
[2026-09-08 14:43:49] PID: 22392 | WS: 117.4 MB (dWS: 5.85 MB) | Commit: 118.92 MB (dPM: 5.76 MB) | VM: 4329.31 MB | CPU: 26853.6s | SysFreeVM: 104061 MB | No ckpt change
[2026-09-08 14:43:59] PID: 22392 | WS: 117.4 MB (dWS: 5.85 MB) | Commit: 118.92 MB (dPM: 5.76 MB) | VM: 4329.31 MB | CPU: 26863.9s | SysFreeVM: 104029 MB | No ckpt change
[2026-09-08 14:44:09] PID: 22392 | WS: 117.4 MB (dWS: 5.85 MB) | Commit: 118.92 MB (dPM: 5.76 MB) | VM: 4329.31 MB | CPU: 26874s | SysFreeVM: 104023 MB | No ckpt change
[2026-09-08 14:44:20] PID: 22392 | WS: 117.46 MB (dWS: 5.91 MB) | Commit: 118.99 MB (dPM: 5.83 MB) | VM: 4329.31 MB | CPU: 26884.2s | SysFreeVM: 104007 MB | Ckpt: 50MB at 14:44:14
[2026-09-08 14:44:30] PID: 22392 | WS: 117.46 MB (dWS: 5.91 MB) | Commit: 118.99 MB (dPM: 5.83 MB) | VM: 4329.31 MB | CPU: 26894.4s | SysFreeVM: 104071 MB | No ckpt change
[2026-09-08 14:44:40] PID: 22392 | WS: 117.46 MB (dWS: 5.91 MB) | Commit: 118.99 MB (dPM: 5.83 MB) | VM: 4329.31 MB | CPU: 26904.6s | SysFreeVM: 104046 MB | No ckpt change
[2026-09-08 14:44:50] PID: 22392 | WS: 117.46 MB (dWS: 5.91 MB) | Commit: 118.99 MB (dPM: 5.83 MB) | VM: 4329.31 MB | CPU: 26914.8s | SysFreeVM: 104041 MB | No ckpt change
[2026-09-08 14:45:01] PID: 22392 | WS: 117.46 MB (dWS: 5.91 MB) | Commit: 118.99 MB (dPM: 5.83 MB) | VM: 4329.31 MB | CPU: 26924.9s | SysFreeVM: 104054 MB | Ckpt: 50MB at 14:44:57
[2026-09-08 14:45:11] PID: 22392 | WS: 117.46 MB (dWS: 5.91 MB) | Commit: 118.99 MB (dPM: 5.83 MB) | VM: 4329.31 MB | CPU: 26934.9s | SysFreeVM: 104031 MB | No ckpt change
[2026-09-08 14:45:21] PID: 22392 | WS: 117.46 MB (dWS: 5.91 MB) | Commit: 118.99 MB (dPM: 5.83 MB) | VM: 4329.31 MB | CPU: 26945s | SysFreeVM: 104044 MB | No ckpt change
[2026-09-08 14:45:31] PID: 22392 | WS: 117.46 MB (dWS: 5.91 MB) | Commit: 118.99 MB (dPM: 5.83 MB) | VM: 4329.31 MB | CPU: 26955.2s | SysFreeVM: 104032 MB | No ckpt change
[2026-09-08 14:45:41] PID: 22392 | WS: 117.46 MB (dWS: 5.91 MB) | Commit: 118.99 MB (dPM: 5.83 MB) | VM: 4329.31 MB | CPU: 26965.3s | SysFreeVM: 104042 MB | Ckpt: 50MB at 14:45:39
[2026-09-08 14:45:52] PID: 22392 | WS: 117.46 MB (dWS: 5.91 MB) | Commit: 118.99 MB (dPM: 5.83 MB) | VM: 4329.31 MB | CPU: 26975.4s | SysFreeVM: 104062 MB | No ckpt change
[2026-09-08 14:46:02] PID: 22392 | WS: 117.46 MB (dWS: 5.91 MB) | Commit: 118.99 MB (dPM: 5.83 MB) | VM: 4329.31 MB | CPU: 26985.6s | SysFreeVM: 104061 MB | No ckpt change
[2026-09-08 14:46:12] PID: 22392 | WS: 117.46 MB (dWS: 5.91 MB) | Commit: 118.99 MB (dPM: 5.83 MB) | VM: 4329.31 MB | CPU: 26995.8s | SysFreeVM: 104047 MB | No ckpt change
[2026-09-08 14:46:22] PID: 22392 | WS: 117.46 MB (dWS: 5.91 MB) | Commit: 118.99 MB (dPM: 5.83 MB) | VM: 4329.31 MB | CPU: 27006s | SysFreeVM: 104026 MB | Ckpt: 50MB at 14:46:22
[2026-09-08 14:46:33] PID: 22392 | WS: 117.46 MB (dWS: 5.91 MB) | Commit: 118.99 MB (dPM: 5.83 MB) | VM: 4329.31 MB | CPU: 27016.2s | SysFreeVM: 104027 MB | No ckpt change
[2026-09-08 14:46:43] PID: 22392 | WS: 117.46 MB (dWS: 5.91 MB) | Commit: 118.99 MB (dPM: 5.83 MB) | VM: 4329.31 MB | CPU: 27026.4s | SysFreeVM: 104032 MB | No ckpt change
[2026-09-08 14:46:53] PID: 22392 | WS: 117.46 MB (dWS: 5.91 MB) | Commit: 118.99 MB (dPM: 5.83 MB) | VM: 4329.31 MB | CPU: 27036.5s | SysFreeVM: 104033 MB | No ckpt change
[2026-09-08 14:47:03] PID: 22392 | WS: 117.46 MB (dWS: 5.91 MB) | Commit: 118.99 MB (dPM: 5.83 MB) | VM: 4329.31 MB | CPU: 27046.7s | SysFreeVM: 104070 MB | No ckpt change
[2026-09-08 14:47:14] PID: 22392 | WS: 117.46 MB (dWS: 5.91 MB) | Commit: 118.99 MB (dPM: 5.83 MB) | VM: 4329.31 MB | CPU: 27056.9s | SysFreeVM: 104071 MB | Ckpt: 50MB at 14:47:04
[2026-09-08 14:47:24] PID: 22392 | WS: 117.46 MB (dWS: 5.91 MB) | Commit: 118.99 MB (dPM: 5.83 MB) | VM: 4329.31 MB | CPU: 27067.1s | SysFreeVM: 104056 MB | No ckpt change
[2026-09-08 14:47:34] PID: 22392 | WS: 117.46 MB (dWS: 5.91 MB) | Commit: 118.99 MB (dPM: 5.83 MB) | VM: 4329.31 MB | CPU: 27077.4s | SysFreeVM: 104035 MB | No ckpt change
[2026-09-08 14:47:44] PID: 22392 | WS: 117.46 MB (dWS: 5.91 MB) | Commit: 118.99 MB (dPM: 5.83 MB) | VM: 4329.31 MB | CPU: 27087.5s | SysFreeVM: 104030 MB | No ckpt change
[2026-09-08 14:47:55] PID: 22392 | WS: 117.59 MB (dWS: 6.04 MB) | Commit: 119.12 MB (dPM: 5.96 MB) | VM: 4329.31 MB | CPU: 27097.7s | SysFreeVM: 104013 MB | Ckpt: 50MB at 14:47:46
[2026-09-08 14:48:05] PID: 22392 | WS: 117.59 MB (dWS: 6.04 MB) | Commit: 119.12 MB (dPM: 5.96 MB) | VM: 4329.31 MB | CPU: 27107.8s | SysFreeVM: 104032 MB | No ckpt change
[2026-09-08 14:48:15] PID: 22392 | WS: 117.59 MB (dWS: 6.04 MB) | Commit: 119.12 MB (dPM: 5.96 MB) | VM: 4329.31 MB | CPU: 27118s | SysFreeVM: 104105 MB | No ckpt change
[2026-09-08 14:48:25] PID: 22392 | WS: 117.59 MB (dWS: 6.04 MB) | Commit: 119.12 MB (dPM: 5.96 MB) | VM: 4329.31 MB | CPU: 27128.1s | SysFreeVM: 104078 MB | No ckpt change
[2026-09-08 14:48:35] PID: 22392 | WS: 117.59 MB (dWS: 6.04 MB) | Commit: 119.12 MB (dPM: 5.96 MB) | VM: 4329.31 MB | CPU: 27138.3s | SysFreeVM: 104069 MB | Ckpt: 50MB at 14:48:29
[2026-09-08 14:48:46] PID: 22392 | WS: 117.59 MB (dWS: 6.04 MB) | Commit: 119.12 MB (dPM: 5.96 MB) | VM: 4329.31 MB | CPU: 27148.5s | SysFreeVM: 104060 MB | No ckpt change
[2026-09-08 14:48:56] PID: 22392 | WS: 117.59 MB (dWS: 6.04 MB) | Commit: 119.12 MB (dPM: 5.96 MB) | VM: 4329.31 MB | CPU: 27158.7s | SysFreeVM: 104062 MB | No ckpt change
[2026-09-08 14:49:06] PID: 22392 | WS: 117.59 MB (dWS: 6.04 MB) | Commit: 119.12 MB (dPM: 5.96 MB) | VM: 4329.31 MB | CPU: 27168.8s | SysFreeVM: 104034 MB | No ckpt change
[2026-09-08 14:49:16] PID: 22392 | WS: 117.59 MB (dWS: 6.04 MB) | Commit: 119.12 MB (dPM: 5.96 MB) | VM: 4329.31 MB | CPU: 27179s | SysFreeVM: 104001 MB | Ckpt: 50MB at 14:49:11
[2026-09-08 14:49:27] PID: 22392 | WS: 117.59 MB (dWS: 6.04 MB) | Commit: 119.12 MB (dPM: 5.96 MB) | VM: 4329.31 MB | CPU: 27189.2s | SysFreeVM: 104006 MB | No ckpt change
[2026-09-08 14:49:37] PID: 22392 | WS: 117.59 MB (dWS: 6.04 MB) | Commit: 119.12 MB (dPM: 5.96 MB) | VM: 4329.31 MB | CPU: 27199.3s | SysFreeVM: 103996 MB | No ckpt change
[2026-09-08 14:49:47] PID: 22392 | WS: 117.59 MB (dWS: 6.04 MB) | Commit: 119.12 MB (dPM: 5.96 MB) | VM: 4329.31 MB | CPU: 27209.6s | SysFreeVM: 104023 MB | No ckpt change
[2026-09-08 14:49:57] PID: 22392 | WS: 117.59 MB (dWS: 6.04 MB) | Commit: 119.12 MB (dPM: 5.96 MB) | VM: 4329.31 MB | CPU: 27219.7s | SysFreeVM: 104080 MB | Ckpt: 50MB at 14:49:53
[2026-09-08 14:50:08] PID: 22392 | WS: 117.59 MB (dWS: 6.04 MB) | Commit: 119.12 MB (dPM: 5.96 MB) | VM: 4329.31 MB | CPU: 27229.8s | SysFreeVM: 104065 MB | No ckpt change
[2026-09-08 14:50:18] PID: 22392 | WS: 117.59 MB (dWS: 6.04 MB) | Commit: 119.12 MB (dPM: 5.96 MB) | VM: 4329.31 MB | CPU: 27240s | SysFreeVM: 104086 MB | No ckpt change
[2026-09-08 14:50:28] PID: 22392 | WS: 117.59 MB (dWS: 6.04 MB) | Commit: 119.12 MB (dPM: 5.96 MB) | VM: 4329.31 MB | CPU: 27250.2s | SysFreeVM: 104038 MB | No ckpt change
[2026-09-08 14:50:38] PID: 22392 | WS: 117.59 MB (dWS: 6.04 MB) | Commit: 119.12 MB (dPM: 5.96 MB) | VM: 4329.31 MB | CPU: 27260.4s | SysFreeVM: 104046 MB | Ckpt: 50MB at 14:50:36
[2026-09-08 14:50:49] PID: 22392 | WS: 117.59 MB (dWS: 6.04 MB) | Commit: 119.12 MB (dPM: 5.96 MB) | VM: 4329.31 MB | CPU: 27270.6s | SysFreeVM: 104038 MB | No ckpt change
[2026-09-08 14:50:59] PID: 22392 | WS: 117.59 MB (dWS: 6.04 MB) | Commit: 119.12 MB (dPM: 5.96 MB) | VM: 4329.31 MB | CPU: 27280.8s | SysFreeVM: 103903 MB | No ckpt change
[2026-09-08 14:51:09] PID: 22392 | WS: 117.59 MB (dWS: 6.04 MB) | Commit: 119.12 MB (dPM: 5.96 MB) | VM: 4329.31 MB | CPU: 27291s | SysFreeVM: 104074 MB | No ckpt change
[2026-09-08 14:51:19] PID: 22392 | WS: 117.59 MB (dWS: 6.04 MB) | Commit: 119.12 MB (dPM: 5.96 MB) | VM: 4329.31 MB | CPU: 27301.2s | SysFreeVM: 104068 MB | Ckpt: 50MB at 14:51:18
[2026-09-08 14:51:30] PID: 22392 | WS: 117.59 MB (dWS: 6.04 MB) | Commit: 119.12 MB (dPM: 5.96 MB) | VM: 4329.31 MB | CPU: 27311.4s | SysFreeVM: 104058 MB | No ckpt change
[2026-09-08 14:51:40] PID: 22392 | WS: 117.59 MB (dWS: 6.04 MB) | Commit: 119.12 MB (dPM: 5.96 MB) | VM: 4329.31 MB | CPU: 27321.6s | SysFreeVM: 104062 MB | No ckpt change
[2026-09-08 14:51:50] PID: 22392 | WS: 117.59 MB (dWS: 6.04 MB) | Commit: 119.12 MB (dPM: 5.96 MB) | VM: 4329.31 MB | CPU: 27331.8s | SysFreeVM: 104051 MB | No ckpt change
[2026-09-08 14:52:00] PID: 22392 | WS: 117.59 MB (dWS: 6.04 MB) | Commit: 119.12 MB (dPM: 5.96 MB) | VM: 4329.31 MB | CPU: 27342s | SysFreeVM: 104022 MB | No ckpt change
[2026-09-08 14:52:10] PID: 22392 | WS: 117.59 MB (dWS: 6.04 MB) | Commit: 119.12 MB (dPM: 5.96 MB) | VM: 4329.31 MB | CPU: 27352s | SysFreeVM: 104038 MB | Ckpt: 50MB at 14:52:01
[2026-09-08 14:52:21] PID: 22392 | WS: 117.59 MB (dWS: 6.04 MB) | Commit: 119.12 MB (dPM: 5.96 MB) | VM: 4329.31 MB | CPU: 27362.1s | SysFreeVM: 104089 MB | No ckpt change
[2026-09-08 14:52:31] PID: 22392 | WS: 117.59 MB (dWS: 6.04 MB) | Commit: 119.12 MB (dPM: 5.96 MB) | VM: 4329.31 MB | CPU: 27372.3s | SysFreeVM: 104075 MB | No ckpt change
[2026-09-08 14:52:41] PID: 22392 | WS: 117.59 MB (dWS: 6.04 MB) | Commit: 119.12 MB (dPM: 5.96 MB) | VM: 4329.31 MB | CPU: 27382.5s | SysFreeVM: 104079 MB | No ckpt change
[2026-09-08 14:52:51] PID: 22392 | WS: 117.59 MB (dWS: 6.04 MB) | Commit: 119.12 MB (dPM: 5.96 MB) | VM: 4329.31 MB | CPU: 27392.7s | SysFreeVM: 104065 MB | Ckpt: 50MB at 14:52:43
[2026-09-08 14:53:02] PID: 22392 | WS: 117.59 MB (dWS: 6.04 MB) | Commit: 119.12 MB (dPM: 5.96 MB) | VM: 4329.31 MB | CPU: 27402.9s | SysFreeVM: 104040 MB | No ckpt change
[2026-09-08 14:53:12] PID: 22392 | WS: 117.59 MB (dWS: 6.04 MB) | Commit: 119.12 MB (dPM: 5.96 MB) | VM: 4329.31 MB | CPU: 27413s | SysFreeVM: 104044 MB | No ckpt change
[2026-09-08 14:53:22] PID: 22392 | WS: 117.59 MB (dWS: 6.04 MB) | Commit: 119.12 MB (dPM: 5.96 MB) | VM: 4329.31 MB | CPU: 27423.2s | SysFreeVM: 104045 MB | No ckpt change
[2026-09-08 14:53:32] PID: 22392 | WS: 117.59 MB (dWS: 6.04 MB) | Commit: 119.12 MB (dPM: 5.96 MB) | VM: 4329.31 MB | CPU: 27433.3s | SysFreeVM: 104065 MB | Ckpt: 50MB at 14:53:25
[2026-09-08 14:53:43] PID: 22392 | WS: 117.59 MB (dWS: 6.04 MB) | Commit: 119.12 MB (dPM: 5.96 MB) | VM: 4329.31 MB | CPU: 27443.5s | SysFreeVM: 104066 MB | No ckpt change
[2026-09-08 14:53:53] PID: 22392 | WS: 117.59 MB (dWS: 6.04 MB) | Commit: 119.12 MB (dPM: 5.96 MB) | VM: 4329.31 MB | CPU: 27453.7s | SysFreeVM: 104072 MB | No ckpt change
[2026-09-08 14:54:03] PID: 22392 | WS: 117.59 MB (dWS: 6.04 MB) | Commit: 119.12 MB (dPM: 5.96 MB) | VM: 4329.31 MB | CPU: 27463.9s | SysFreeVM: 104034 MB | No ckpt change
[2026-09-08 14:54:13] PID: 22392 | WS: 117.59 MB (dWS: 6.04 MB) | Commit: 119.12 MB (dPM: 5.96 MB) | VM: 4329.31 MB | CPU: 27474.1s | SysFreeVM: 104015 MB | Ckpt: 50MB at 14:54:08
[2026-09-08 14:54:24] PID: 22392 | WS: 117.59 MB (dWS: 6.04 MB) | Commit: 119.12 MB (dPM: 5.96 MB) | VM: 4329.31 MB | CPU: 27484.3s | SysFreeVM: 104035 MB | No ckpt change
[2026-09-08 14:54:34] PID: 22392 | WS: 117.59 MB (dWS: 6.04 MB) | Commit: 119.12 MB (dPM: 5.96 MB) | VM: 4329.31 MB | CPU: 27494.6s | SysFreeVM: 104036 MB | No ckpt change
[2026-09-08 14:54:44] PID: 22392 | WS: 117.59 MB (dWS: 6.04 MB) | Commit: 119.12 MB (dPM: 5.96 MB) | VM: 4329.31 MB | CPU: 27504.7s | SysFreeVM: 104050 MB | No ckpt change
[2026-09-08 14:54:54] PID: 22392 | WS: 117.59 MB (dWS: 6.04 MB) | Commit: 119.12 MB (dPM: 5.96 MB) | VM: 4329.31 MB | CPU: 27514.9s | SysFreeVM: 104059 MB | Ckpt: 50MB at 14:54:50
[2026-09-08 14:55:04] PID: 22392 | WS: 117.59 MB (dWS: 6.04 MB) | Commit: 119.12 MB (dPM: 5.96 MB) | VM: 4329.31 MB | CPU: 27525s | SysFreeVM: 104068 MB | No ckpt change
[2026-09-08 14:55:15] PID: 22392 | WS: 117.59 MB (dWS: 6.04 MB) | Commit: 119.12 MB (dPM: 5.96 MB) | VM: 4329.31 MB | CPU: 27535.2s | SysFreeVM: 104083 MB | No ckpt change
[2026-09-08 14:55:25] PID: 22392 | WS: 117.59 MB (dWS: 6.04 MB) | Commit: 119.12 MB (dPM: 5.96 MB) | VM: 4329.31 MB | CPU: 27545.4s | SysFreeVM: 104079 MB | No ckpt change
[2026-09-08 14:55:35] PID: 22392 | WS: 117.59 MB (dWS: 6.04 MB) | Commit: 119.12 MB (dPM: 5.96 MB) | VM: 4329.31 MB | CPU: 27555.5s | SysFreeVM: 104062 MB | Ckpt: 50MB at 14:55:33
[2026-09-08 14:55:45] PID: 22392 | WS: 117.59 MB (dWS: 6.04 MB) | Commit: 119.12 MB (dPM: 5.96 MB) | VM: 4329.31 MB | CPU: 27565.8s | SysFreeVM: 104054 MB | No ckpt change
[2026-09-08 14:55:56] PID: 22392 | WS: 117.59 MB (dWS: 6.04 MB) | Commit: 119.12 MB (dPM: 5.96 MB) | VM: 4329.31 MB | CPU: 27576s | SysFreeVM: 104008 MB | No ckpt change
[2026-09-08 14:56:06] PID: 22392 | WS: 117.59 MB (dWS: 6.04 MB) | Commit: 119.12 MB (dPM: 5.96 MB) | VM: 4329.31 MB | CPU: 27586.2s | SysFreeVM: 104065 MB | No ckpt change
[2026-09-08 14:56:16] PID: 22392 | WS: 117.59 MB (dWS: 6.04 MB) | Commit: 119.12 MB (dPM: 5.96 MB) | VM: 4329.31 MB | CPU: 27596.3s | SysFreeVM: 104027 MB | Ckpt: 50MB at 14:56:15
[2026-09-08 14:56:26] PID: 22392 | WS: 117.59 MB (dWS: 6.04 MB) | Commit: 119.12 MB (dPM: 5.96 MB) | VM: 4329.31 MB | CPU: 27606.5s | SysFreeVM: 104030 MB | No ckpt change
[2026-09-08 14:56:37] PID: 22392 | WS: 117.59 MB (dWS: 6.04 MB) | Commit: 119.12 MB (dPM: 5.96 MB) | VM: 4329.31 MB | CPU: 27616.7s | SysFreeVM: 104010 MB | No ckpt change
[2026-09-08 14:56:47] PID: 22392 | WS: 117.59 MB (dWS: 6.04 MB) | Commit: 119.12 MB (dPM: 5.96 MB) | VM: 4329.31 MB | CPU: 27626.9s | SysFreeVM: 104027 MB | No ckpt change
[2026-09-08 14:56:57] PID: 22392 | WS: 117.59 MB (dWS: 6.04 MB) | Commit: 119.12 MB (dPM: 5.96 MB) | VM: 4329.31 MB | CPU: 27636.9s | SysFreeVM: 104043 MB | No ckpt change
[2026-09-08 14:57:07] PID: 22392 | WS: 117.59 MB (dWS: 6.04 MB) | Commit: 119.12 MB (dPM: 5.96 MB) | VM: 4329.31 MB | CPU: 27647s | SysFreeVM: 104035 MB | Ckpt: 50MB at 14:56:57
[2026-09-08 14:57:18] PID: 22392 | WS: 117.59 MB (dWS: 6.04 MB) | Commit: 119.12 MB (dPM: 5.96 MB) | VM: 4329.31 MB | CPU: 27657.2s | SysFreeVM: 104088 MB | No ckpt change
[2026-09-08 14:57:28] PID: 22392 | WS: 117.59 MB (dWS: 6.04 MB) | Commit: 119.12 MB (dPM: 5.96 MB) | VM: 4329.31 MB | CPU: 27667.4s | SysFreeVM: 104073 MB | No ckpt change
[2026-09-08 14:57:38] PID: 22392 | WS: 117.59 MB (dWS: 6.04 MB) | Commit: 119.12 MB (dPM: 5.96 MB) | VM: 4329.31 MB | CPU: 27677.6s | SysFreeVM: 104059 MB | No ckpt change
[2026-09-08 14:57:48] PID: 22392 | WS: 117.62 MB (dWS: 6.07 MB) | Commit: 119.18 MB (dPM: 6.02 MB) | VM: 4329.31 MB | CPU: 27687.8s | SysFreeVM: 104047 MB | Ckpt: 50MB at 14:57:40
[2026-09-08 14:57:59] PID: 22392 | WS: 117.62 MB (dWS: 6.07 MB) | Commit: 119.18 MB (dPM: 6.02 MB) | VM: 4329.31 MB | CPU: 27697.9s | SysFreeVM: 104033 MB | No ckpt change
[2026-09-08 14:58:09] PID: 22392 | WS: 117.62 MB (dWS: 6.07 MB) | Commit: 119.18 MB (dPM: 6.02 MB) | VM: 4329.31 MB | CPU: 27708.1s | SysFreeVM: 104049 MB | No ckpt change
[2026-09-08 14:58:19] PID: 22392 | WS: 117.62 MB (dWS: 6.07 MB) | Commit: 119.18 MB (dPM: 6.02 MB) | VM: 4329.31 MB | CPU: 27718.2s | SysFreeVM: 104044 MB | No ckpt change
[2026-09-08 14:58:29] PID: 22392 | WS: 117.62 MB (dWS: 6.07 MB) | Commit: 119.18 MB (dPM: 6.02 MB) | VM: 4329.31 MB | CPU: 27728.4s | SysFreeVM: 104076 MB | Ckpt: 50MB at 14:58:22
[2026-09-08 14:58:40] PID: 22392 | WS: 117.62 MB (dWS: 6.07 MB) | Commit: 119.18 MB (dPM: 6.02 MB) | VM: 4329.31 MB | CPU: 27738.6s | SysFreeVM: 104065 MB | No ckpt change
[2026-09-08 14:58:50] PID: 22392 | WS: 117.62 MB (dWS: 6.07 MB) | Commit: 119.18 MB (dPM: 6.02 MB) | VM: 4329.31 MB | CPU: 27748.7s | SysFreeVM: 104071 MB | No ckpt change
[2026-09-08 14:59:00] PID: 22392 | WS: 117.62 MB (dWS: 6.07 MB) | Commit: 119.18 MB (dPM: 6.02 MB) | VM: 4329.31 MB | CPU: 27758.9s | SysFreeVM: 104015 MB | No ckpt change
[2026-09-08 14:59:10] PID: 22392 | WS: 117.62 MB (dWS: 6.07 MB) | Commit: 119.18 MB (dPM: 6.02 MB) | VM: 4329.31 MB | CPU: 27769.1s | SysFreeVM: 104016 MB | Ckpt: 50MB at 14:59:05
[2026-09-08 14:59:21] PID: 22392 | WS: 117.62 MB (dWS: 6.07 MB) | Commit: 119.18 MB (dPM: 6.02 MB) | VM: 4329.31 MB | CPU: 27779.3s | SysFreeVM: 103985 MB | No ckpt change
[2026-09-08 14:59:31] PID: 22392 | WS: 117.62 MB (dWS: 6.07 MB) | Commit: 119.18 MB (dPM: 6.02 MB) | VM: 4329.31 MB | CPU: 27789.5s | SysFreeVM: 104005 MB | No ckpt change
[2026-09-08 14:59:41] PID: 22392 | WS: 117.62 MB (dWS: 6.07 MB) | Commit: 119.18 MB (dPM: 6.02 MB) | VM: 4329.31 MB | CPU: 27799.7s | SysFreeVM: 104005 MB | No ckpt change
[2026-09-08 14:59:51] PID: 22392 | WS: 117.62 MB (dWS: 6.07 MB) | Commit: 119.18 MB (dPM: 6.02 MB) | VM: 4329.31 MB | CPU: 27809.8s | SysFreeVM: 104007 MB | Ckpt: 50MB at 14:59:47
[2026-09-08 15:00:01] PID: 22392 | WS: 117.62 MB (dWS: 6.07 MB) | Commit: 119.18 MB (dPM: 6.02 MB) | VM: 4329.31 MB | CPU: 27820s | SysFreeVM: 104059 MB | No ckpt change
[2026-09-08 15:00:12] PID: 22392 | WS: 117.62 MB (dWS: 6.07 MB) | Commit: 119.18 MB (dPM: 6.02 MB) | VM: 4329.31 MB | CPU: 27830.2s | SysFreeVM: 104045 MB | No ckpt change
[2026-09-08 15:00:22] PID: 22392 | WS: 117.62 MB (dWS: 6.07 MB) | Commit: 119.18 MB (dPM: 6.02 MB) | VM: 4329.31 MB | CPU: 27840.4s | SysFreeVM: 104045 MB | No ckpt change
[2026-09-08 15:00:32] PID: 22392 | WS: 117.62 MB (dWS: 6.07 MB) | Commit: 119.18 MB (dPM: 6.02 MB) | VM: 4329.31 MB | CPU: 27850.6s | SysFreeVM: 104037 MB | Ckpt: 50MB at 15:00:29
[2026-09-08 15:00:42] PID: 22392 | WS: 117.62 MB (dWS: 6.07 MB) | Commit: 119.18 MB (dPM: 6.02 MB) | VM: 4329.31 MB | CPU: 27860.8s | SysFreeVM: 104042 MB | No ckpt change
[2026-09-08 15:00:53] PID: 22392 | WS: 117.62 MB (dWS: 6.07 MB) | Commit: 119.18 MB (dPM: 6.02 MB) | VM: 4329.31 MB | CPU: 27871s | SysFreeVM: 104037 MB | No ckpt change
[2026-09-08 15:01:03] PID: 22392 | WS: 117.62 MB (dWS: 6.07 MB) | Commit: 119.18 MB (dPM: 6.02 MB) | VM: 4329.31 MB | CPU: 27881.2s | SysFreeVM: 104065 MB | No ckpt change
[2026-09-08 15:01:13] PID: 22392 | WS: 117.62 MB (dWS: 6.07 MB) | Commit: 119.18 MB (dPM: 6.02 MB) | VM: 4329.31 MB | CPU: 27891.3s | SysFreeVM: 104054 MB | Ckpt: 50MB at 15:01:12
[2026-09-08 15:01:23] PID: 22392 | WS: 117.62 MB (dWS: 6.07 MB) | Commit: 119.18 MB (dPM: 6.02 MB) | VM: 4329.31 MB | CPU: 27901.5s | SysFreeVM: 104040 MB | No ckpt change
[2026-09-08 15:01:34] PID: 22392 | WS: 117.62 MB (dWS: 6.07 MB) | Commit: 119.18 MB (dPM: 6.02 MB) | VM: 4329.31 MB | CPU: 27911.8s | SysFreeVM: 104055 MB | No ckpt change
[2026-09-08 15:01:44] PID: 22392 | WS: 117.62 MB (dWS: 6.07 MB) | Commit: 119.18 MB (dPM: 6.02 MB) | VM: 4329.31 MB | CPU: 27922s | SysFreeVM: 104054 MB | No ckpt change
[2026-09-08 15:01:54] PID: 22392 | WS: 117.62 MB (dWS: 6.07 MB) | Commit: 119.18 MB (dPM: 6.02 MB) | VM: 4329.31 MB | CPU: 27932.2s | SysFreeVM: 104004 MB | Ckpt: 50MB at 15:01:54
[2026-09-08 15:02:04] PID: 22392 | WS: 117.62 MB (dWS: 6.07 MB) | Commit: 119.18 MB (dPM: 6.02 MB) | VM: 4329.31 MB | CPU: 27942.3s | SysFreeVM: 104024 MB | No ckpt change
[2026-09-08 15:02:15] PID: 22392 | WS: 117.62 MB (dWS: 6.07 MB) | Commit: 119.18 MB (dPM: 6.02 MB) | VM: 4329.31 MB | CPU: 27952.5s | SysFreeVM: 104065 MB | No ckpt change
[2026-09-08 15:02:25] PID: 22392 | WS: 117.62 MB (dWS: 6.07 MB) | Commit: 119.18 MB (dPM: 6.02 MB) | VM: 4329.31 MB | CPU: 27962.7s | SysFreeVM: 104070 MB | No ckpt change
[2026-09-08 15:02:35] PID: 22392 | WS: 117.62 MB (dWS: 6.07 MB) | Commit: 119.18 MB (dPM: 6.02 MB) | VM: 4329.31 MB | CPU: 27973s | SysFreeVM: 104027 MB | No ckpt change
[2026-09-08 15:02:45] PID: 22392 | WS: 117.62 MB (dWS: 6.07 MB) | Commit: 119.18 MB (dPM: 6.02 MB) | VM: 4329.31 MB | CPU: 27983.2s | SysFreeVM: 104049 MB | Ckpt: 50MB at 15:02:36
[2026-09-08 15:02:56] PID: 22392 | WS: 117.62 MB (dWS: 6.07 MB) | Commit: 119.18 MB (dPM: 6.02 MB) | VM: 4329.31 MB | CPU: 27993.2s | SysFreeVM: 104025 MB | No ckpt change
[2026-09-08 15:03:06] PID: 22392 | WS: 117.62 MB (dWS: 6.07 MB) | Commit: 119.18 MB (dPM: 6.02 MB) | VM: 4329.31 MB | CPU: 28003.5s | SysFreeVM: 104044 MB | No ckpt change
[2026-09-08 15:03:16] PID: 22392 | WS: 117.62 MB (dWS: 6.07 MB) | Commit: 119.18 MB (dPM: 6.02 MB) | VM: 4329.31 MB | CPU: 28013.6s | SysFreeVM: 104026 MB | No ckpt change
[2026-09-08 15:03:26] PID: 22392 | WS: 117.62 MB (dWS: 6.07 MB) | Commit: 119.18 MB (dPM: 6.02 MB) | VM: 4329.31 MB | CPU: 28023.8s | SysFreeVM: 104064 MB | Ckpt: 50MB at 15:03:19
[2026-09-08 15:03:37] PID: 22392 | WS: 117.62 MB (dWS: 6.07 MB) | Commit: 119.18 MB (dPM: 6.02 MB) | VM: 4329.31 MB | CPU: 28034s | SysFreeVM: 104071 MB | No ckpt change
[2026-09-08 15:03:47] PID: 22392 | WS: 117.62 MB (dWS: 6.07 MB) | Commit: 119.18 MB (dPM: 6.02 MB) | VM: 4329.31 MB | CPU: 28044.2s | SysFreeVM: 104069 MB | No ckpt change
[2026-09-08 15:03:57] PID: 22392 | WS: 117.62 MB (dWS: 6.07 MB) | Commit: 119.18 MB (dPM: 6.02 MB) | VM: 4329.31 MB | CPU: 28054.4s | SysFreeVM: 104063 MB | No ckpt change
[2026-09-08 15:04:07] PID: 22392 | WS: 117.64 MB (dWS: 6.09 MB) | Commit: 119.18 MB (dPM: 6.02 MB) | VM: 4329.31 MB | CPU: 28064.5s | SysFreeVM: 104008 MB | Ckpt: 50MB at 15:04:01
[2026-09-08 15:04:18] PID: 22392 | WS: 117.64 MB (dWS: 6.09 MB) | Commit: 119.18 MB (dPM: 6.02 MB) | VM: 4329.31 MB | CPU: 28074.5s | SysFreeVM: 104020 MB | No ckpt change
[2026-09-08 15:04:28] PID: 22392 | WS: 117.64 MB (dWS: 6.09 MB) | Commit: 119.18 MB (dPM: 6.02 MB) | VM: 4329.31 MB | CPU: 28084.7s | SysFreeVM: 104026 MB | No ckpt change
[2026-09-08 15:04:38] PID: 22392 | WS: 117.64 MB (dWS: 6.09 MB) | Commit: 119.18 MB (dPM: 6.02 MB) | VM: 4329.31 MB | CPU: 28094.9s | SysFreeVM: 104038 MB | No ckpt change
[2026-09-08 15:04:48] PID: 22392 | WS: 117.64 MB (dWS: 6.09 MB) | Commit: 119.18 MB (dPM: 6.02 MB) | VM: 4329.31 MB | CPU: 28105s | SysFreeVM: 104057 MB | Ckpt: 50MB at 15:04:44
[2026-09-08 15:04:59] PID: 22392 | WS: 117.64 MB (dWS: 6.09 MB) | Commit: 119.18 MB (dPM: 6.02 MB) | VM: 4329.31 MB | CPU: 28115.2s | SysFreeVM: 104082 MB | No ckpt change
[2026-09-08 15:05:09] PID: 22392 | WS: 117.64 MB (dWS: 6.09 MB) | Commit: 119.18 MB (dPM: 6.02 MB) | VM: 4329.31 MB | CPU: 28125.3s | SysFreeVM: 104078 MB | No ckpt change
[2026-09-08 15:05:19] PID: 22392 | WS: 117.64 MB (dWS: 6.09 MB) | Commit: 119.18 MB (dPM: 6.02 MB) | VM: 4329.31 MB | CPU: 28135.5s | SysFreeVM: 104079 MB | No ckpt change
[2026-09-08 15:05:29] PID: 22392 | WS: 117.64 MB (dWS: 6.09 MB) | Commit: 119.18 MB (dPM: 6.02 MB) | VM: 4329.31 MB | CPU: 28145.6s | SysFreeVM: 104039 MB | Ckpt: 50MB at 15:05:26
[2026-09-08 15:05:39] PID: 22392 | WS: 117.64 MB (dWS: 6.09 MB) | Commit: 119.18 MB (dPM: 6.02 MB) | VM: 4329.31 MB | CPU: 28155.8s | SysFreeVM: 104038 MB | No ckpt change
[2026-09-08 15:05:50] PID: 22392 | WS: 117.64 MB (dWS: 6.09 MB) | Commit: 119.18 MB (dPM: 6.02 MB) | VM: 4329.31 MB | CPU: 28165.9s | SysFreeVM: 104032 MB | No ckpt change
[2026-09-08 15:06:00] PID: 22392 | WS: 117.64 MB (dWS: 6.09 MB) | Commit: 119.18 MB (dPM: 6.02 MB) | VM: 4329.31 MB | CPU: 28176s | SysFreeVM: 104048 MB | No ckpt change
[2026-09-08 15:06:10] PID: 22392 | WS: 117.64 MB (dWS: 6.09 MB) | Commit: 119.18 MB (dPM: 6.02 MB) | VM: 4329.31 MB | CPU: 28186.1s | SysFreeVM: 104073 MB | Ckpt: 50MB at 15:06:08
[2026-09-08 15:06:20] PID: 22392 | WS: 117.64 MB (dWS: 6.09 MB) | Commit: 119.18 MB (dPM: 6.02 MB) | VM: 4329.31 MB | CPU: 28196.3s | SysFreeVM: 104071 MB | No ckpt change
[2026-09-08 15:06:31] PID: 22392 | WS: 117.64 MB (dWS: 6.09 MB) | Commit: 119.18 MB (dPM: 6.02 MB) | VM: 4329.31 MB | CPU: 28206.5s | SysFreeVM: 104065 MB | No ckpt change
[2026-09-08 15:06:41] PID: 22392 | WS: 117.64 MB (dWS: 6.09 MB) | Commit: 119.18 MB (dPM: 6.02 MB) | VM: 4329.31 MB | CPU: 28216.7s | SysFreeVM: 104069 MB | No ckpt change
[2026-09-08 15:06:51] PID: 22392 | WS: 117.64 MB (dWS: 6.09 MB) | Commit: 119.18 MB (dPM: 6.02 MB) | VM: 4329.31 MB | CPU: 28226.9s | SysFreeVM: 104046 MB | Ckpt: 50MB at 15:06:51
[2026-09-08 15:07:01] PID: 22392 | WS: 117.64 MB (dWS: 6.09 MB) | Commit: 119.18 MB (dPM: 6.02 MB) | VM: 4329.31 MB | CPU: 28237.1s | SysFreeVM: 104028 MB | No ckpt change
[2026-09-08 15:07:12] PID: 22392 | WS: 117.64 MB (dWS: 6.09 MB) | Commit: 119.18 MB (dPM: 6.02 MB) | VM: 4329.31 MB | CPU: 28247.3s | SysFreeVM: 104076 MB | No ckpt change
[2026-09-08 15:07:22] PID: 22392 | WS: 117.64 MB (dWS: 6.09 MB) | Commit: 119.18 MB (dPM: 6.02 MB) | VM: 4329.31 MB | CPU: 28257.5s | SysFreeVM: 104089 MB | No ckpt change
[2026-09-08 15:07:32] PID: 22392 | WS: 117.64 MB (dWS: 6.09 MB) | Commit: 119.18 MB (dPM: 6.02 MB) | VM: 4329.31 MB | CPU: 28267.7s | SysFreeVM: 104062 MB | No ckpt change
[2026-09-08 15:07:42] PID: 22392 | WS: 117.67 MB (dWS: 6.12 MB) | Commit: 119.18 MB (dPM: 6.02 MB) | VM: 4329.31 MB | CPU: 28278s | SysFreeVM: 104056 MB | Ckpt: 50MB at 15:07:33
[2026-09-08 15:07:53] PID: 22392 | WS: 117.67 MB (dWS: 6.12 MB) | Commit: 119.18 MB (dPM: 6.02 MB) | VM: 4329.31 MB | CPU: 28288.2s | SysFreeVM: 104042 MB | No ckpt change
[2026-09-08 15:08:03] PID: 22392 | WS: 117.67 MB (dWS: 6.12 MB) | Commit: 119.18 MB (dPM: 6.02 MB) | VM: 4329.31 MB | CPU: 28298.2s | SysFreeVM: 104024 MB | No ckpt change
[2026-09-08 15:08:13] PID: 22392 | WS: 117.67 MB (dWS: 6.12 MB) | Commit: 119.18 MB (dPM: 6.02 MB) | VM: 4329.31 MB | CPU: 28308.3s | SysFreeVM: 104043 MB | No ckpt change
[2026-09-08 15:08:23] PID: 22392 | WS: 117.67 MB (dWS: 6.12 MB) | Commit: 119.18 MB (dPM: 6.02 MB) | VM: 4329.31 MB | CPU: 28318.4s | SysFreeVM: 104075 MB | Ckpt: 50MB at 15:08:16
[2026-09-08 15:08:34] PID: 22392 | WS: 117.67 MB (dWS: 6.12 MB) | Commit: 119.18 MB (dPM: 6.02 MB) | VM: 4329.31 MB | CPU: 28328.5s | SysFreeVM: 104096 MB | No ckpt change
[2026-09-08 15:08:44] PID: 22392 | WS: 117.67 MB (dWS: 6.12 MB) | Commit: 119.18 MB (dPM: 6.02 MB) | VM: 4329.31 MB | CPU: 28338.7s | SysFreeVM: 104072 MB | No ckpt change
[2026-09-08 15:08:54] PID: 22392 | WS: 117.67 MB (dWS: 6.12 MB) | Commit: 119.18 MB (dPM: 6.02 MB) | VM: 4329.31 MB | CPU: 28348.8s | SysFreeVM: 104063 MB | No ckpt change
[2026-09-08 15:09:04] PID: 22392 | WS: 117.67 MB (dWS: 6.12 MB) | Commit: 119.18 MB (dPM: 6.02 MB) | VM: 4329.31 MB | CPU: 28358.9s | SysFreeVM: 104007 MB | Ckpt: 50MB at 15:08:58
[2026-09-08 15:09:15] PID: 22392 | WS: 117.67 MB (dWS: 6.12 MB) | Commit: 119.18 MB (dPM: 6.02 MB) | VM: 4329.31 MB | CPU: 28369.1s | SysFreeVM: 104017 MB | No ckpt change
[2026-09-08 15:09:25] PID: 22392 | WS: 117.67 MB (dWS: 6.12 MB) | Commit: 119.18 MB (dPM: 6.02 MB) | VM: 4329.31 MB | CPU: 28379.3s | SysFreeVM: 104032 MB | No ckpt change
[2026-09-08 15:09:35] PID: 22392 | WS: 117.67 MB (dWS: 6.12 MB) | Commit: 119.18 MB (dPM: 6.02 MB) | VM: 4329.31 MB | CPU: 28389.5s | SysFreeVM: 104101 MB | No ckpt change
[2026-09-08 15:09:45] PID: 22392 | WS: 117.67 MB (dWS: 6.12 MB) | Commit: 119.18 MB (dPM: 6.02 MB) | VM: 4329.31 MB | CPU: 28399.6s | SysFreeVM: 104096 MB | Ckpt: 50MB at 15:09:41
[2026-09-08 15:09:55] PID: 22392 | WS: 117.67 MB (dWS: 6.12 MB) | Commit: 119.18 MB (dPM: 6.02 MB) | VM: 4329.31 MB | CPU: 28409.9s | SysFreeVM: 104095 MB | No ckpt change
[2026-09-08 15:10:06] PID: 22392 | WS: 117.67 MB (dWS: 6.12 MB) | Commit: 119.18 MB (dPM: 6.02 MB) | VM: 4329.31 MB | CPU: 28420s | SysFreeVM: 104104 MB | No ckpt change
[2026-09-08 15:10:16] PID: 22392 | WS: 117.67 MB (dWS: 6.12 MB) | Commit: 119.18 MB (dPM: 6.02 MB) | VM: 4329.31 MB | CPU: 28430.3s | SysFreeVM: 104089 MB | No ckpt change
[2026-09-08 15:10:26] PID: 22392 | WS: 117.67 MB (dWS: 6.12 MB) | Commit: 119.18 MB (dPM: 6.02 MB) | VM: 4329.31 MB | CPU: 28440.4s | SysFreeVM: 104064 MB | Ckpt: 50MB at 15:10:23
[2026-09-08 15:10:36] PID: 22392 | WS: 117.67 MB (dWS: 6.12 MB) | Commit: 119.18 MB (dPM: 6.02 MB) | VM: 4329.31 MB | CPU: 28450.6s | SysFreeVM: 104057 MB | No ckpt change
[2026-09-08 15:10:47] PID: 22392 | WS: 117.67 MB (dWS: 6.12 MB) | Commit: 119.18 MB (dPM: 6.02 MB) | VM: 4329.31 MB | CPU: 28460.6s | SysFreeVM: 104044 MB | No ckpt change
[2026-09-08 15:10:57] PID: 22392 | WS: 117.67 MB (dWS: 6.12 MB) | Commit: 119.18 MB (dPM: 6.02 MB) | VM: 4329.31 MB | CPU: 28470.8s | SysFreeVM: 104075 MB | No ckpt change
[2026-09-08 15:11:07] PID: 22392 | WS: 117.67 MB (dWS: 6.12 MB) | Commit: 119.18 MB (dPM: 6.02 MB) | VM: 4329.31 MB | CPU: 28481s | SysFreeVM: 104050 MB | Ckpt: 50MB at 15:11:05
[2026-09-08 15:11:17] PID: 22392 | WS: 117.67 MB (dWS: 6.12 MB) | Commit: 119.18 MB (dPM: 6.02 MB) | VM: 4329.31 MB | CPU: 28491.1s | SysFreeVM: 104083 MB | No ckpt change
[2026-09-08 15:11:28] PID: 22392 | WS: 117.67 MB (dWS: 6.12 MB) | Commit: 119.18 MB (dPM: 6.02 MB) | VM: 4329.31 MB | CPU: 28501.3s | SysFreeVM: 104051 MB | No ckpt change
[2026-09-08 15:11:38] PID: 22392 | WS: 117.67 MB (dWS: 6.12 MB) | Commit: 119.18 MB (dPM: 6.02 MB) | VM: 4329.31 MB | CPU: 28511.5s | SysFreeVM: 104044 MB | No ckpt change
[2026-09-08 15:11:48] PID: 22392 | WS: 117.67 MB (dWS: 6.12 MB) | Commit: 119.18 MB (dPM: 6.02 MB) | VM: 4329.31 MB | CPU: 28521.7s | SysFreeVM: 104052 MB | Ckpt: 50MB at 15:11:48
[2026-09-08 15:11:58] PID: 22392 | WS: 117.67 MB (dWS: 6.12 MB) | Commit: 119.18 MB (dPM: 6.02 MB) | VM: 4329.31 MB | CPU: 28532s | SysFreeVM: 104023 MB | No ckpt change
[2026-09-08 15:12:09] PID: 22392 | WS: 117.67 MB (dWS: 6.12 MB) | Commit: 119.18 MB (dPM: 6.02 MB) | VM: 4329.31 MB | CPU: 28542.1s | SysFreeVM: 104010 MB | No ckpt change
[2026-09-08 15:12:19] PID: 22392 | WS: 117.67 MB (dWS: 6.12 MB) | Commit: 119.18 MB (dPM: 6.02 MB) | VM: 4329.31 MB | CPU: 28552.3s | SysFreeVM: 104081 MB | No ckpt change
[2026-09-08 15:12:29] PID: 22392 | WS: 117.67 MB (dWS: 6.12 MB) | Commit: 119.18 MB (dPM: 6.02 MB) | VM: 4329.31 MB | CPU: 28562.5s | SysFreeVM: 104075 MB | No ckpt change
[2026-09-08 15:12:39] PID: 22392 | WS: 117.82 MB (dWS: 6.27 MB) | Commit: 119.38 MB (dPM: 6.22 MB) | VM: 4329.31 MB | CPU: 28572.6s | SysFreeVM: 104066 MB | Ckpt: 50MB at 15:12:30
[2026-09-08 15:12:49] PID: 22392 | WS: 117.82 MB (dWS: 6.27 MB) | Commit: 119.38 MB (dPM: 6.22 MB) | VM: 4329.31 MB | CPU: 28582.8s | SysFreeVM: 104089 MB | No ckpt change
[2026-09-08 15:13:00] PID: 22392 | WS: 117.82 MB (dWS: 6.27 MB) | Commit: 119.38 MB (dPM: 6.22 MB) | VM: 4329.31 MB | CPU: 28593s | SysFreeVM: 104058 MB | No ckpt change
[2026-09-08 15:13:10] PID: 22392 | WS: 117.82 MB (dWS: 6.27 MB) | Commit: 119.38 MB (dPM: 6.22 MB) | VM: 4329.31 MB | CPU: 28603.1s | SysFreeVM: 104048 MB | No ckpt change
[2026-09-08 15:13:20] PID: 22392 | WS: 117.93 MB (dWS: 6.38 MB) | Commit: 119.51 MB (dPM: 6.35 MB) | VM: 4329.31 MB | CPU: 28613.3s | SysFreeVM: 104098 MB | Ckpt: 50MB at 15:13:12
[2026-09-08 15:13:31] PID: 22392 | WS: 117.93 MB (dWS: 6.38 MB) | Commit: 119.51 MB (dPM: 6.35 MB) | VM: 4329.31 MB | CPU: 28623.5s | SysFreeVM: 104039 MB | No ckpt change
[2026-09-08 15:13:41] PID: 22392 | WS: 117.93 MB (dWS: 6.38 MB) | Commit: 119.51 MB (dPM: 6.35 MB) | VM: 4329.31 MB | CPU: 28633.8s | SysFreeVM: 104062 MB | No ckpt change
[2026-09-08 15:13:51] PID: 22392 | WS: 117.93 MB (dWS: 6.38 MB) | Commit: 119.51 MB (dPM: 6.35 MB) | VM: 4329.31 MB | CPU: 28644s | SysFreeVM: 104007 MB | No ckpt change
[2026-09-08 15:14:01] PID: 22392 | WS: 117.94 MB (dWS: 6.39 MB) | Commit: 119.51 MB (dPM: 6.35 MB) | VM: 4329.31 MB | CPU: 28654.1s | SysFreeVM: 104022 MB | Ckpt: 50MB at 15:13:55
[2026-09-08 15:14:11] PID: 22392 | WS: 117.94 MB (dWS: 6.39 MB) | Commit: 119.51 MB (dPM: 6.35 MB) | VM: 4329.31 MB | CPU: 28664.3s | SysFreeVM: 103982 MB | No ckpt change
[2026-09-08 15:14:22] PID: 22392 | WS: 117.94 MB (dWS: 6.39 MB) | Commit: 119.51 MB (dPM: 6.35 MB) | VM: 4329.31 MB | CPU: 28674.5s | SysFreeVM: 103961 MB | No ckpt change
[2026-09-08 15:14:32] PID: 22392 | WS: 117.94 MB (dWS: 6.39 MB) | Commit: 119.51 MB (dPM: 6.35 MB) | VM: 4329.31 MB | CPU: 28684.7s | SysFreeVM: 104050 MB | No ckpt change
[2026-09-08 15:14:42] PID: 22392 | WS: 117.94 MB (dWS: 6.39 MB) | Commit: 119.51 MB (dPM: 6.35 MB) | VM: 4329.31 MB | CPU: 28694.9s | SysFreeVM: 104065 MB | Ckpt: 50MB at 15:14:37
[2026-09-08 15:14:53] PID: 22392 | WS: 117.94 MB (dWS: 6.39 MB) | Commit: 119.51 MB (dPM: 6.35 MB) | VM: 4329.31 MB | CPU: 28705.1s | SysFreeVM: 104066 MB | No ckpt change
[2026-09-08 15:15:03] PID: 22392 | WS: 117.94 MB (dWS: 6.39 MB) | Commit: 119.51 MB (dPM: 6.35 MB) | VM: 4329.31 MB | CPU: 28715.3s | SysFreeVM: 104062 MB | No ckpt change
[2026-09-08 15:15:13] PID: 22392 | WS: 117.94 MB (dWS: 6.39 MB) | Commit: 119.51 MB (dPM: 6.35 MB) | VM: 4329.31 MB | CPU: 28725.5s | SysFreeVM: 104058 MB | No ckpt change
[2026-09-08 15:15:23] PID: 22392 | WS: 117.94 MB (dWS: 6.39 MB) | Commit: 119.51 MB (dPM: 6.35 MB) | VM: 4329.31 MB | CPU: 28735.7s | SysFreeVM: 104037 MB | Ckpt: 50MB at 15:15:20
[2026-09-08 15:15:33] PID: 22392 | WS: 117.94 MB (dWS: 6.39 MB) | Commit: 119.51 MB (dPM: 6.35 MB) | VM: 4329.31 MB | CPU: 28745.8s | SysFreeVM: 104032 MB | No ckpt change
[2026-09-08 15:15:44] PID: 22392 | WS: 117.94 MB (dWS: 6.39 MB) | Commit: 119.51 MB (dPM: 6.35 MB) | VM: 4329.31 MB | CPU: 28756.1s | SysFreeVM: 104082 MB | No ckpt change
[2026-09-08 15:15:54] PID: 22392 | WS: 117.94 MB (dWS: 6.39 MB) | Commit: 119.51 MB (dPM: 6.35 MB) | VM: 4329.31 MB | CPU: 28766.3s | SysFreeVM: 104089 MB | No ckpt change
[2026-09-08 15:16:04] PID: 22392 | WS: 117.94 MB (dWS: 6.39 MB) | Commit: 119.51 MB (dPM: 6.35 MB) | VM: 4329.31 MB | CPU: 28776.4s | SysFreeVM: 104047 MB | Ckpt: 50MB at 15:16:02
[2026-09-08 15:16:15] PID: 22392 | WS: 117.94 MB (dWS: 6.39 MB) | Commit: 119.51 MB (dPM: 6.35 MB) | VM: 4329.31 MB | CPU: 28786.6s | SysFreeVM: 104030 MB | No ckpt change
[2026-09-08 15:16:25] PID: 22392 | WS: 117.94 MB (dWS: 6.39 MB) | Commit: 119.51 MB (dPM: 6.35 MB) | VM: 4329.31 MB | CPU: 28796.8s | SysFreeVM: 104031 MB | No ckpt change
[2026-09-08 15:16:35] PID: 22392 | WS: 117.94 MB (dWS: 6.39 MB) | Commit: 119.51 MB (dPM: 6.35 MB) | VM: 4329.31 MB | CPU: 28807s | SysFreeVM: 104018 MB | No ckpt change
[2026-09-08 15:16:45] PID: 22392 | WS: 117.94 MB (dWS: 6.39 MB) | Commit: 119.51 MB (dPM: 6.35 MB) | VM: 4329.31 MB | CPU: 28817.2s | SysFreeVM: 104035 MB | Ckpt: 50MB at 15:16:45
[2026-09-08 15:16:56] PID: 22392 | WS: 117.94 MB (dWS: 6.39 MB) | Commit: 119.51 MB (dPM: 6.35 MB) | VM: 4329.31 MB | CPU: 28827.3s | SysFreeVM: 104047 MB | No ckpt change
[2026-09-08 15:17:06] PID: 22392 | WS: 117.94 MB (dWS: 6.39 MB) | Commit: 119.51 MB (dPM: 6.35 MB) | VM: 4329.31 MB | CPU: 28837.5s | SysFreeVM: 104069 MB | No ckpt change
[2026-09-08 15:17:16] PID: 22392 | WS: 117.94 MB (dWS: 6.39 MB) | Commit: 119.51 MB (dPM: 6.35 MB) | VM: 4329.31 MB | CPU: 28847.7s | SysFreeVM: 104034 MB | No ckpt change
[2026-09-08 15:17:26] PID: 22392 | WS: 117.94 MB (dWS: 6.39 MB) | Commit: 119.51 MB (dPM: 6.35 MB) | VM: 4329.31 MB | CPU: 28857.9s | SysFreeVM: 104046 MB | No ckpt change
[2026-09-08 15:17:36] PID: 22392 | WS: 117.94 MB (dWS: 6.39 MB) | Commit: 119.51 MB (dPM: 6.35 MB) | VM: 4329.31 MB | CPU: 28868.1s | SysFreeVM: 104043 MB | Ckpt: 50MB at 15:17:27
[2026-09-08 15:17:47] PID: 22392 | WS: 117.94 MB (dWS: 6.39 MB) | Commit: 119.51 MB (dPM: 6.35 MB) | VM: 4329.31 MB | CPU: 28878.3s | SysFreeVM: 104032 MB | No ckpt change
[2026-09-08 15:17:57] PID: 22392 | WS: 117.94 MB (dWS: 6.39 MB) | Commit: 119.51 MB (dPM: 6.35 MB) | VM: 4329.31 MB | CPU: 28888.5s | SysFreeVM: 104039 MB | No ckpt change
[2026-09-08 15:18:07] PID: 22392 | WS: 117.94 MB (dWS: 6.39 MB) | Commit: 119.51 MB (dPM: 6.35 MB) | VM: 4329.31 MB | CPU: 28898.7s | SysFreeVM: 104059 MB | No ckpt change
[2026-09-08 15:18:17] PID: 22392 | WS: 117.94 MB (dWS: 6.39 MB) | Commit: 119.51 MB (dPM: 6.35 MB) | VM: 4329.31 MB | CPU: 28908.8s | SysFreeVM: 104072 MB | Ckpt: 50MB at 15:18:10
[2026-09-08 15:18:28] PID: 22392 | WS: 117.94 MB (dWS: 6.39 MB) | Commit: 119.51 MB (dPM: 6.35 MB) | VM: 4329.31 MB | CPU: 28919s | SysFreeVM: 104056 MB | No ckpt change
[2026-09-08 15:18:38] PID: 22392 | WS: 117.94 MB (dWS: 6.39 MB) | Commit: 119.51 MB (dPM: 6.35 MB) | VM: 4329.31 MB | CPU: 28929.2s | SysFreeVM: 104056 MB | No ckpt change
[2026-09-08 15:18:48] PID: 22392 | WS: 117.94 MB (dWS: 6.39 MB) | Commit: 119.51 MB (dPM: 6.35 MB) | VM: 4329.31 MB | CPU: 28939.4s | SysFreeVM: 104039 MB | No ckpt change
[2026-09-08 15:18:58] PID: 22392 | WS: 117.94 MB (dWS: 6.39 MB) | Commit: 119.51 MB (dPM: 6.35 MB) | VM: 4329.31 MB | CPU: 28949.5s | SysFreeVM: 104029 MB | Ckpt: 50MB at 15:18:52
[2026-09-08 15:19:09] PID: 22392 | WS: 117.94 MB (dWS: 6.39 MB) | Commit: 119.51 MB (dPM: 6.35 MB) | VM: 4329.31 MB | CPU: 28959.7s | SysFreeVM: 104013 MB | No ckpt change
[2026-09-08 15:19:19] PID: 22392 | WS: 117.94 MB (dWS: 6.39 MB) | Commit: 119.51 MB (dPM: 6.35 MB) | VM: 4329.31 MB | CPU: 28969.9s | SysFreeVM: 104049 MB | No ckpt change
[2026-09-08 15:19:29] PID: 22392 | WS: 117.94 MB (dWS: 6.39 MB) | Commit: 119.51 MB (dPM: 6.35 MB) | VM: 4329.31 MB | CPU: 28980.1s | SysFreeVM: 104067 MB | No ckpt change
[2026-09-08 15:19:39] PID: 22392 | WS: 117.94 MB (dWS: 6.39 MB) | Commit: 119.51 MB (dPM: 6.35 MB) | VM: 4329.31 MB | CPU: 28990.2s | SysFreeVM: 104066 MB | Ckpt: 50MB at 15:19:34
[2026-09-08 15:19:50] PID: 22392 | WS: 117.94 MB (dWS: 6.39 MB) | Commit: 119.51 MB (dPM: 6.35 MB) | VM: 4329.31 MB | CPU: 29000.5s | SysFreeVM: 104072 MB | No ckpt change
[2026-09-08 15:20:00] PID: 22392 | WS: 117.94 MB (dWS: 6.39 MB) | Commit: 119.51 MB (dPM: 6.35 MB) | VM: 4329.31 MB | CPU: 29010.6s | SysFreeVM: 104025 MB | No ckpt change
[2026-09-08 15:20:10] PID: 22392 | WS: 117.94 MB (dWS: 6.39 MB) | Commit: 119.51 MB (dPM: 6.35 MB) | VM: 4329.31 MB | CPU: 29020.8s | SysFreeVM: 104054 MB | No ckpt change
[2026-09-08 15:20:20] PID: 22392 | WS: 117.94 MB (dWS: 6.39 MB) | Commit: 119.51 MB (dPM: 6.35 MB) | VM: 4329.31 MB | CPU: 29030.9s | SysFreeVM: 104016 MB | Ckpt: 50MB at 15:20:17
[2026-09-08 15:20:31] PID: 22392 | WS: 117.94 MB (dWS: 6.39 MB) | Commit: 119.51 MB (dPM: 6.35 MB) | VM: 4329.31 MB | CPU: 29041.1s | SysFreeVM: 104046 MB | No ckpt change
[2026-09-08 15:20:41] PID: 22392 | WS: 117.94 MB (dWS: 6.39 MB) | Commit: 119.51 MB (dPM: 6.35 MB) | VM: 4329.31 MB | CPU: 29051.4s | SysFreeVM: 104071 MB | No ckpt change
[2026-09-08 15:20:51] PID: 22392 | WS: 117.94 MB (dWS: 6.39 MB) | Commit: 119.51 MB (dPM: 6.35 MB) | VM: 4329.31 MB | CPU: 29061.5s | SysFreeVM: 104077 MB | No ckpt change
[2026-09-08 15:21:01] PID: 22392 | WS: 117.94 MB (dWS: 6.39 MB) | Commit: 119.51 MB (dPM: 6.35 MB) | VM: 4329.31 MB | CPU: 29071.5s | SysFreeVM: 104059 MB | Ckpt: 50MB at 15:20:59
[2026-09-08 15:21:11] PID: 22392 | WS: 117.94 MB (dWS: 6.39 MB) | Commit: 119.51 MB (dPM: 6.35 MB) | VM: 4329.31 MB | CPU: 29081.8s | SysFreeVM: 104062 MB | No ckpt change
[2026-09-08 15:21:22] PID: 22392 | WS: 117.94 MB (dWS: 6.39 MB) | Commit: 119.51 MB (dPM: 6.35 MB) | VM: 4329.31 MB | CPU: 29091.9s | SysFreeVM: 104058 MB | No ckpt change
[2026-09-08 15:21:32] PID: 22392 | WS: 117.94 MB (dWS: 6.39 MB) | Commit: 119.51 MB (dPM: 6.35 MB) | VM: 4329.31 MB | CPU: 29102.1s | SysFreeVM: 104066 MB | No ckpt change
[2026-09-08 15:21:42] PID: 22392 | WS: 117.95 MB (dWS: 6.4 MB) | Commit: 119.51 MB (dPM: 6.35 MB) | VM: 4329.31 MB | CPU: 29112.2s | SysFreeVM: 104036 MB | Ckpt: 50MB at 15:21:42
[2026-09-08 15:21:52] PID: 22392 | WS: 117.95 MB (dWS: 6.4 MB) | Commit: 119.51 MB (dPM: 6.35 MB) | VM: 4329.31 MB | CPU: 29122.3s | SysFreeVM: 104031 MB | No ckpt change
[2026-09-08 15:22:03] PID: 22392 | WS: 117.95 MB (dWS: 6.4 MB) | Commit: 119.51 MB (dPM: 6.35 MB) | VM: 4329.31 MB | CPU: 29132.5s | SysFreeVM: 104026 MB | No ckpt change
[2026-09-08 15:22:13] PID: 22392 | WS: 117.95 MB (dWS: 6.4 MB) | Commit: 119.51 MB (dPM: 6.35 MB) | VM: 4329.31 MB | CPU: 29142.7s | SysFreeVM: 104090 MB | No ckpt change
[2026-09-08 15:22:23] PID: 22392 | WS: 117.95 MB (dWS: 6.4 MB) | Commit: 119.51 MB (dPM: 6.35 MB) | VM: 4329.31 MB | CPU: 29152.9s | SysFreeVM: 104077 MB | No ckpt change
[2026-09-08 15:22:33] PID: 22392 | WS: 117.95 MB (dWS: 6.4 MB) | Commit: 119.51 MB (dPM: 6.35 MB) | VM: 4329.31 MB | CPU: 29163s | SysFreeVM: 104082 MB | Ckpt: 50MB at 15:22:24
[2026-09-08 15:22:43] PID: 22392 | WS: 117.95 MB (dWS: 6.4 MB) | Commit: 119.51 MB (dPM: 6.35 MB) | VM: 4329.31 MB | CPU: 29173.2s | SysFreeVM: 104072 MB | No ckpt change
[2026-09-08 15:22:54] PID: 22392 | WS: 117.95 MB (dWS: 6.4 MB) | Commit: 119.51 MB (dPM: 6.35 MB) | VM: 4329.31 MB | CPU: 29183.3s | SysFreeVM: 104064 MB | No ckpt change
[2026-09-08 15:23:04] PID: 22392 | WS: 117.95 MB (dWS: 6.4 MB) | Commit: 119.51 MB (dPM: 6.35 MB) | VM: 4329.31 MB | CPU: 29193.5s | SysFreeVM: 104069 MB | No ckpt change
[2026-09-08 15:23:14] PID: 22392 | WS: 117.95 MB (dWS: 6.4 MB) | Commit: 119.51 MB (dPM: 6.35 MB) | VM: 4329.31 MB | CPU: 29203.6s | SysFreeVM: 104035 MB | Ckpt: 50MB at 15:23:07
[2026-09-08 15:23:24] PID: 22392 | WS: 117.95 MB (dWS: 6.4 MB) | Commit: 119.51 MB (dPM: 6.35 MB) | VM: 4329.31 MB | CPU: 29213.8s | SysFreeVM: 104094 MB | No ckpt change
[2026-09-08 15:23:35] PID: 22392 | WS: 117.95 MB (dWS: 6.4 MB) | Commit: 119.51 MB (dPM: 6.35 MB) | VM: 4329.31 MB | CPU: 29224.1s | SysFreeVM: 104079 MB | No ckpt change
[2026-09-08 15:23:45] PID: 22392 | WS: 117.95 MB (dWS: 6.4 MB) | Commit: 119.51 MB (dPM: 6.35 MB) | VM: 4329.31 MB | CPU: 29234.2s | SysFreeVM: 104074 MB | No ckpt change
[2026-09-08 15:23:55] PID: 22392 | WS: 117.95 MB (dWS: 6.4 MB) | Commit: 119.51 MB (dPM: 6.35 MB) | VM: 4329.31 MB | CPU: 29244.3s | SysFreeVM: 104081 MB | Ckpt: 50MB at 15:23:49
[2026-09-08 15:24:05] PID: 22392 | WS: 117.95 MB (dWS: 6.4 MB) | Commit: 119.51 MB (dPM: 6.35 MB) | VM: 4329.31 MB | CPU: 29254.5s | SysFreeVM: 104067 MB | No ckpt change
[2026-09-08 15:24:16] PID: 22392 | WS: 117.95 MB (dWS: 6.4 MB) | Commit: 119.51 MB (dPM: 6.35 MB) | VM: 4329.31 MB | CPU: 29264.7s | SysFreeVM: 104063 MB | No ckpt change
[2026-09-08 15:24:26] PID: 22392 | WS: 117.95 MB (dWS: 6.4 MB) | Commit: 119.51 MB (dPM: 6.35 MB) | VM: 4329.31 MB | CPU: 29274.9s | SysFreeVM: 104022 MB | No ckpt change
[2026-09-08 15:24:36] PID: 22392 | WS: 117.95 MB (dWS: 6.4 MB) | Commit: 119.51 MB (dPM: 6.35 MB) | VM: 4329.31 MB | CPU: 29285.1s | SysFreeVM: 104006 MB | Ckpt: 50MB at 15:24:31
[2026-09-08 15:24:46] PID: 22392 | WS: 117.95 MB (dWS: 6.4 MB) | Commit: 119.51 MB (dPM: 6.35 MB) | VM: 4329.31 MB | CPU: 29295.2s | SysFreeVM: 104076 MB | No ckpt change
[2026-09-08 15:24:57] PID: 22392 | WS: 117.95 MB (dWS: 6.4 MB) | Commit: 119.51 MB (dPM: 6.35 MB) | VM: 4329.31 MB | CPU: 29305.4s | SysFreeVM: 104072 MB | No ckpt change
[2026-09-08 15:25:07] PID: 22392 | WS: 117.95 MB (dWS: 6.4 MB) | Commit: 119.51 MB (dPM: 6.35 MB) | VM: 4329.31 MB | CPU: 29315.5s | SysFreeVM: 104080 MB | No ckpt change
[2026-09-08 15:25:17] PID: 22392 | WS: 117.97 MB (dWS: 6.42 MB) | Commit: 119.51 MB (dPM: 6.35 MB) | VM: 4329.31 MB | CPU: 29325.6s | SysFreeVM: 104077 MB | Ckpt: 50MB at 15:25:14
[2026-09-08 15:25:27] PID: 22392 | WS: 117.97 MB (dWS: 6.42 MB) | Commit: 119.51 MB (dPM: 6.35 MB) | VM: 4329.31 MB | CPU: 29335.8s | SysFreeVM: 104078 MB | No ckpt change
[2026-09-08 15:25:38] PID: 22392 | WS: 117.97 MB (dWS: 6.42 MB) | Commit: 119.51 MB (dPM: 6.35 MB) | VM: 4329.31 MB | CPU: 29346s | SysFreeVM: 104066 MB | No ckpt change
[2026-09-08 15:25:48] PID: 22392 | WS: 117.97 MB (dWS: 6.42 MB) | Commit: 119.51 MB (dPM: 6.35 MB) | VM: 4329.31 MB | CPU: 29356.2s | SysFreeVM: 104058 MB | No ckpt change
[2026-09-08 15:25:58] PID: 22392 | WS: 117.97 MB (dWS: 6.42 MB) | Commit: 119.51 MB (dPM: 6.35 MB) | VM: 4329.31 MB | CPU: 29366.4s | SysFreeVM: 104095 MB | Ckpt: 50MB at 15:25:56
[2026-09-08 15:26:08] PID: 22392 | WS: 117.97 MB (dWS: 6.42 MB) | Commit: 119.51 MB (dPM: 6.35 MB) | VM: 4329.31 MB | CPU: 29376.5s | SysFreeVM: 104088 MB | No ckpt change
[2026-09-08 15:26:18] PID: 22392 | WS: 117.97 MB (dWS: 6.42 MB) | Commit: 119.51 MB (dPM: 6.35 MB) | VM: 4329.31 MB | CPU: 29386.8s | SysFreeVM: 104078 MB | No ckpt change
[2026-09-08 15:26:29] PID: 22392 | WS: 117.97 MB (dWS: 6.42 MB) | Commit: 119.51 MB (dPM: 6.35 MB) | VM: 4329.31 MB | CPU: 29396.9s | SysFreeVM: 104076 MB | No ckpt change
[2026-09-08 15:26:39] PID: 22392 | WS: 117.97 MB (dWS: 6.42 MB) | Commit: 119.51 MB (dPM: 6.35 MB) | VM: 4329.31 MB | CPU: 29407.1s | SysFreeVM: 104041 MB | Ckpt: 50MB at 15:26:39
[2026-09-08 15:26:49] PID: 22392 | WS: 117.97 MB (dWS: 6.42 MB) | Commit: 119.51 MB (dPM: 6.35 MB) | VM: 4329.31 MB | CPU: 29417.3s | SysFreeVM: 104063 MB | No ckpt change
[2026-09-08 15:26:59] PID: 22392 | WS: 117.97 MB (dWS: 6.42 MB) | Commit: 119.51 MB (dPM: 6.35 MB) | VM: 4329.31 MB | CPU: 29427.5s | SysFreeVM: 104068 MB | No ckpt change
[2026-09-08 15:27:10] PID: 22392 | WS: 117.97 MB (dWS: 6.42 MB) | Commit: 119.51 MB (dPM: 6.35 MB) | VM: 4329.31 MB | CPU: 29437.7s | SysFreeVM: 104048 MB | No ckpt change
[2026-09-08 15:27:20] PID: 22392 | WS: 117.97 MB (dWS: 6.42 MB) | Commit: 119.51 MB (dPM: 6.35 MB) | VM: 4329.31 MB | CPU: 29447.9s | SysFreeVM: 104095 MB | No ckpt change
[2026-09-08 15:27:30] PID: 22392 | WS: 117.97 MB (dWS: 6.42 MB) | Commit: 119.51 MB (dPM: 6.35 MB) | VM: 4329.31 MB | CPU: 29458s | SysFreeVM: 104086 MB | Ckpt: 50MB at 15:27:21
[2026-09-08 15:27:40] PID: 22392 | WS: 117.97 MB (dWS: 6.42 MB) | Commit: 119.51 MB (dPM: 6.35 MB) | VM: 4329.31 MB | CPU: 29468.2s | SysFreeVM: 104072 MB | No ckpt change
[2026-09-08 15:27:51] PID: 22392 | WS: 117.97 MB (dWS: 6.42 MB) | Commit: 119.51 MB (dPM: 6.35 MB) | VM: 4329.31 MB | CPU: 29478.3s | SysFreeVM: 104069 MB | No ckpt change
[2026-09-08 15:28:01] PID: 22392 | WS: 117.97 MB (dWS: 6.42 MB) | Commit: 119.51 MB (dPM: 6.35 MB) | VM: 4329.31 MB | CPU: 29488.5s | SysFreeVM: 104079 MB | No ckpt change
[2026-09-08 15:28:11] PID: 22392 | WS: 117.97 MB (dWS: 6.42 MB) | Commit: 119.51 MB (dPM: 6.35 MB) | VM: 4329.31 MB | CPU: 29498.6s | SysFreeVM: 104029 MB | Ckpt: 50MB at 15:28:04
[2026-09-08 15:28:21] PID: 22392 | WS: 117.97 MB (dWS: 6.42 MB) | Commit: 119.51 MB (dPM: 6.35 MB) | VM: 4329.31 MB | CPU: 29508.8s | SysFreeVM: 104042 MB | No ckpt change
[2026-09-08 15:28:32] PID: 22392 | WS: 117.97 MB (dWS: 6.42 MB) | Commit: 119.51 MB (dPM: 6.35 MB) | VM: 4329.31 MB | CPU: 29518.9s | SysFreeVM: 104099 MB | No ckpt change
[2026-09-08 15:28:42] PID: 22392 | WS: 117.97 MB (dWS: 6.42 MB) | Commit: 119.51 MB (dPM: 6.35 MB) | VM: 4329.31 MB | CPU: 29529.1s | SysFreeVM: 104075 MB | No ckpt change
[2026-09-08 15:28:52] PID: 22392 | WS: 118.03 MB (dWS: 6.48 MB) | Commit: 119.57 MB (dPM: 6.41 MB) | VM: 4329.31 MB | CPU: 29539.2s | SysFreeVM: 104078 MB | Ckpt: 50MB at 15:28:46
[2026-09-08 15:29:02] PID: 22392 | WS: 118.03 MB (dWS: 6.48 MB) | Commit: 119.57 MB (dPM: 6.41 MB) | VM: 4329.31 MB | CPU: 29549.5s | SysFreeVM: 104073 MB | No ckpt change
[2026-09-08 15:29:13] PID: 22392 | WS: 118.03 MB (dWS: 6.48 MB) | Commit: 119.57 MB (dPM: 6.41 MB) | VM: 4329.31 MB | CPU: 29559.7s | SysFreeVM: 103999 MB | No ckpt change
[2026-09-08 15:29:23] PID: 22392 | WS: 118.03 MB (dWS: 6.48 MB) | Commit: 119.57 MB (dPM: 6.41 MB) | VM: 4329.31 MB | CPU: 29569.9s | SysFreeVM: 104029 MB | No ckpt change
[2026-09-08 15:29:33] PID: 22392 | WS: 118.03 MB (dWS: 6.48 MB) | Commit: 119.57 MB (dPM: 6.41 MB) | VM: 4329.31 MB | CPU: 29580.1s | SysFreeVM: 103992 MB | Ckpt: 50MB at 15:29:29
[2026-09-08 15:29:43] PID: 22392 | WS: 118.03 MB (dWS: 6.48 MB) | Commit: 119.57 MB (dPM: 6.41 MB) | VM: 4329.31 MB | CPU: 29590.2s | SysFreeVM: 104062 MB | No ckpt change
[2026-09-08 15:29:54] PID: 22392 | WS: 118.03 MB (dWS: 6.48 MB) | Commit: 119.57 MB (dPM: 6.41 MB) | VM: 4329.31 MB | CPU: 29600.4s | SysFreeVM: 104067 MB | No ckpt change
[2026-09-08 15:30:04] PID: 22392 | WS: 118.03 MB (dWS: 6.48 MB) | Commit: 119.57 MB (dPM: 6.41 MB) | VM: 4329.31 MB | CPU: 29610.5s | SysFreeVM: 104065 MB | No ckpt change
[2026-09-08 15:30:14] PID: 22392 | WS: 118.03 MB (dWS: 6.48 MB) | Commit: 119.57 MB (dPM: 6.41 MB) | VM: 4329.31 MB | CPU: 29620.7s | SysFreeVM: 104057 MB | Ckpt: 50MB at 15:30:11
[2026-09-08 15:30:24] PID: 22392 | WS: 118.03 MB (dWS: 6.48 MB) | Commit: 119.57 MB (dPM: 6.41 MB) | VM: 4329.31 MB | CPU: 29630.9s | SysFreeVM: 104032 MB | No ckpt change
[2026-09-08 15:30:34] PID: 22392 | WS: 118.03 MB (dWS: 6.48 MB) | Commit: 119.57 MB (dPM: 6.41 MB) | VM: 4329.31 MB | CPU: 29641.1s | SysFreeVM: 104033 MB | No ckpt change
[2026-09-08 15:30:45] PID: 22392 | WS: 118.03 MB (dWS: 6.48 MB) | Commit: 119.57 MB (dPM: 6.41 MB) | VM: 4329.31 MB | CPU: 29651.3s | SysFreeVM: 104029 MB | No ckpt change
[2026-09-08 15:30:55] PID: 22392 | WS: 118.03 MB (dWS: 6.48 MB) | Commit: 119.57 MB (dPM: 6.41 MB) | VM: 4329.31 MB | CPU: 29661.5s | SysFreeVM: 104018 MB | Ckpt: 50MB at 15:30:54
[2026-09-08 15:31:05] PID: 22392 | WS: 118.03 MB (dWS: 6.48 MB) | Commit: 119.57 MB (dPM: 6.41 MB) | VM: 4329.31 MB | CPU: 29671.7s | SysFreeVM: 104062 MB | No ckpt change
[2026-09-08 15:31:16] PID: 22392 | WS: 118.03 MB (dWS: 6.48 MB) | Commit: 119.57 MB (dPM: 6.41 MB) | VM: 4329.31 MB | CPU: 29681.9s | SysFreeVM: 104082 MB | No ckpt change
[2026-09-08 15:31:26] PID: 22392 | WS: 118.03 MB (dWS: 6.48 MB) | Commit: 119.57 MB (dPM: 6.41 MB) | VM: 4329.31 MB | CPU: 29692.1s | SysFreeVM: 104050 MB | No ckpt change
[2026-09-08 15:31:36] PID: 22392 | WS: 118.03 MB (dWS: 6.48 MB) | Commit: 119.57 MB (dPM: 6.41 MB) | VM: 4329.31 MB | CPU: 29702.3s | SysFreeVM: 104054 MB | No ckpt change
[2026-09-08 15:31:46] PID: 22392 | WS: 118.03 MB (dWS: 6.48 MB) | Commit: 119.57 MB (dPM: 6.41 MB) | VM: 4329.31 MB | CPU: 29712.5s | SysFreeVM: 104029 MB | Ckpt: 50MB at 15:31:36
[2026-09-08 15:31:56] PID: 22392 | WS: 118.03 MB (dWS: 6.48 MB) | Commit: 119.57 MB (dPM: 6.41 MB) | VM: 4329.31 MB | CPU: 29722.7s | SysFreeVM: 104028 MB | No ckpt change
[2026-09-08 15:32:07] PID: 22392 | WS: 118.03 MB (dWS: 6.48 MB) | Commit: 119.57 MB (dPM: 6.41 MB) | VM: 4329.31 MB | CPU: 29732.8s | SysFreeVM: 104044 MB | No ckpt change
[2026-09-08 15:32:17] PID: 22392 | WS: 118.03 MB (dWS: 6.48 MB) | Commit: 119.57 MB (dPM: 6.41 MB) | VM: 4329.31 MB | CPU: 29743.1s | SysFreeVM: 104097 MB | No ckpt change
[2026-09-08 15:32:27] PID: 22392 | WS: 118.03 MB (dWS: 6.48 MB) | Commit: 119.57 MB (dPM: 6.41 MB) | VM: 4329.31 MB | CPU: 29753.2s | SysFreeVM: 104058 MB | Ckpt: 50MB at 15:32:18
[2026-09-08 15:32:37] PID: 22392 | WS: 118.03 MB (dWS: 6.48 MB) | Commit: 119.57 MB (dPM: 6.41 MB) | VM: 4329.31 MB | CPU: 29763.4s | SysFreeVM: 104058 MB | No ckpt change
[2026-09-08 15:32:48] PID: 22392 | WS: 118.03 MB (dWS: 6.48 MB) | Commit: 119.57 MB (dPM: 6.41 MB) | VM: 4329.31 MB | CPU: 29773.6s | SysFreeVM: 104032 MB | No ckpt change
[2026-09-08 15:32:58] PID: 22392 | WS: 118.03 MB (dWS: 6.48 MB) | Commit: 119.57 MB (dPM: 6.41 MB) | VM: 4329.31 MB | CPU: 29783.8s | SysFreeVM: 104065 MB | No ckpt change
[2026-09-08 15:33:08] PID: 22392 | WS: 118.15 MB (dWS: 6.6 MB) | Commit: 119.7 MB (dPM: 6.54 MB) | VM: 4329.31 MB | CPU: 29794s | SysFreeVM: 104041 MB | Ckpt: 50MB at 15:33:01
[2026-09-08 15:33:18] PID: 22392 | WS: 118.15 MB (dWS: 6.6 MB) | Commit: 119.7 MB (dPM: 6.54 MB) | VM: 4329.31 MB | CPU: 29804.1s | SysFreeVM: 104051 MB | No ckpt change
[2026-09-08 15:33:29] PID: 22392 | WS: 118.15 MB (dWS: 6.6 MB) | Commit: 119.7 MB (dPM: 6.54 MB) | VM: 4329.31 MB | CPU: 29814.2s | SysFreeVM: 104089 MB | No ckpt change
[2026-09-08 15:33:39] PID: 22392 | WS: 118.15 MB (dWS: 6.6 MB) | Commit: 119.7 MB (dPM: 6.54 MB) | VM: 4329.31 MB | CPU: 29824.4s | SysFreeVM: 104088 MB | No ckpt change
[2026-09-08 15:33:49] PID: 22392 | WS: 118.15 MB (dWS: 6.6 MB) | Commit: 119.7 MB (dPM: 6.54 MB) | VM: 4329.31 MB | CPU: 29834.6s | SysFreeVM: 104064 MB | Ckpt: 50MB at 15:33:44
[2026-09-08 15:33:59] PID: 22392 | WS: 118.15 MB (dWS: 6.6 MB) | Commit: 119.7 MB (dPM: 6.54 MB) | VM: 4329.31 MB | CPU: 29844.8s | SysFreeVM: 104045 MB | No ckpt change
[2026-09-08 15:34:10] PID: 22392 | WS: 118.15 MB (dWS: 6.6 MB) | Commit: 119.7 MB (dPM: 6.54 MB) | VM: 4329.31 MB | CPU: 29855s | SysFreeVM: 104028 MB | No ckpt change
[2026-09-08 15:34:20] PID: 22392 | WS: 118.15 MB (dWS: 6.6 MB) | Commit: 119.7 MB (dPM: 6.54 MB) | VM: 4329.31 MB | CPU: 29865.2s | SysFreeVM: 104037 MB | No ckpt change
[2026-09-08 15:34:30] PID: 22392 | WS: 118.15 MB (dWS: 6.6 MB) | Commit: 119.7 MB (dPM: 6.54 MB) | VM: 4329.31 MB | CPU: 29875.3s | SysFreeVM: 104013 MB | Ckpt: 50MB at 15:34:26
[2026-09-08 15:34:40] PID: 22392 | WS: 118.15 MB (dWS: 6.6 MB) | Commit: 119.7 MB (dPM: 6.54 MB) | VM: 4329.31 MB | CPU: 29885.6s | SysFreeVM: 104041 MB | No ckpt change
[2026-09-08 15:34:50] PID: 22392 | WS: 118.15 MB (dWS: 6.6 MB) | Commit: 119.7 MB (dPM: 6.54 MB) | VM: 4329.31 MB | CPU: 29895.8s | SysFreeVM: 104078 MB | No ckpt change
[2026-09-08 15:35:01] PID: 22392 | WS: 118.15 MB (dWS: 6.6 MB) | Commit: 119.7 MB (dPM: 6.54 MB) | VM: 4329.31 MB | CPU: 29906s | SysFreeVM: 104081 MB | No ckpt change
[2026-09-08 15:35:11] PID: 22392 | WS: 118.15 MB (dWS: 6.6 MB) | Commit: 119.7 MB (dPM: 6.54 MB) | VM: 4329.31 MB | CPU: 29916.1s | SysFreeVM: 104069 MB | Ckpt: 50MB at 15:35:09
[2026-09-08 15:35:21] PID: 22392 | WS: 118.15 MB (dWS: 6.6 MB) | Commit: 119.7 MB (dPM: 6.54 MB) | VM: 4329.31 MB | CPU: 29926.4s | SysFreeVM: 104068 MB | No ckpt change
[2026-09-08 15:35:31] PID: 22392 | WS: 118.15 MB (dWS: 6.6 MB) | Commit: 119.7 MB (dPM: 6.54 MB) | VM: 4329.31 MB | CPU: 29936.5s | SysFreeVM: 104050 MB | No ckpt change
[2026-09-08 15:35:42] PID: 22392 | WS: 118.15 MB (dWS: 6.6 MB) | Commit: 119.7 MB (dPM: 6.54 MB) | VM: 4329.31 MB | CPU: 29946.7s | SysFreeVM: 104049 MB | No ckpt change
[2026-09-08 15:35:52] PID: 22392 | WS: 118.15 MB (dWS: 6.6 MB) | Commit: 119.7 MB (dPM: 6.54 MB) | VM: 4329.31 MB | CPU: 29956.8s | SysFreeVM: 104031 MB | Ckpt: 50MB at 15:35:51
[2026-09-08 15:36:02] PID: 22392 | WS: 118.15 MB (dWS: 6.6 MB) | Commit: 119.7 MB (dPM: 6.54 MB) | VM: 4329.31 MB | CPU: 29967s | SysFreeVM: 104070 MB | No ckpt change
[2026-09-08 15:36:12] PID: 22392 | WS: 118.15 MB (dWS: 6.6 MB) | Commit: 119.7 MB (dPM: 6.54 MB) | VM: 4329.31 MB | CPU: 29977.1s | SysFreeVM: 104060 MB | No ckpt change
[2026-09-08 15:36:23] PID: 22392 | WS: 118.15 MB (dWS: 6.6 MB) | Commit: 119.7 MB (dPM: 6.54 MB) | VM: 4329.31 MB | CPU: 29987.3s | SysFreeVM: 104054 MB | No ckpt change
[2026-09-08 15:36:33] PID: 22392 | WS: 118.15 MB (dWS: 6.6 MB) | Commit: 119.7 MB (dPM: 6.54 MB) | VM: 4329.31 MB | CPU: 29997.6s | SysFreeVM: 104066 MB | No ckpt change
[2026-09-08 15:36:43] PID: 22392 | WS: 118.15 MB (dWS: 6.6 MB) | Commit: 119.7 MB (dPM: 6.54 MB) | VM: 4329.31 MB | CPU: 30007.8s | SysFreeVM: 104066 MB | Ckpt: 50MB at 15:36:33
[2026-09-08 15:36:53] PID: 22392 | WS: 118.15 MB (dWS: 6.6 MB) | Commit: 119.7 MB (dPM: 6.54 MB) | VM: 4329.31 MB | CPU: 30017.9s | SysFreeVM: 104058 MB | No ckpt change
[2026-09-08 15:37:04] PID: 22392 | WS: 118.15 MB (dWS: 6.6 MB) | Commit: 119.7 MB (dPM: 6.54 MB) | VM: 4329.31 MB | CPU: 30028s | SysFreeVM: 104067 MB | No ckpt change
[2026-09-08 15:37:14] PID: 22392 | WS: 118.15 MB (dWS: 6.6 MB) | Commit: 119.7 MB (dPM: 6.54 MB) | VM: 4329.31 MB | CPU: 30038.3s | SysFreeVM: 104040 MB | No ckpt change
[2026-09-08 15:37:24] PID: 22392 | WS: 118.15 MB (dWS: 6.6 MB) | Commit: 119.7 MB (dPM: 6.54 MB) | VM: 4329.31 MB | CPU: 30048.5s | SysFreeVM: 104065 MB | Ckpt: 50MB at 15:37:16
[2026-09-08 15:37:34] PID: 22392 | WS: 118.15 MB (dWS: 6.6 MB) | Commit: 119.7 MB (dPM: 6.54 MB) | VM: 4329.31 MB | CPU: 30058.6s | SysFreeVM: 104073 MB | No ckpt change
[2026-09-08 15:37:44] PID: 22392 | WS: 118.15 MB (dWS: 6.6 MB) | Commit: 119.7 MB (dPM: 6.54 MB) | VM: 4329.31 MB | CPU: 30068.8s | SysFreeVM: 104089 MB | No ckpt change
[2026-09-08 15:37:55] PID: 22392 | WS: 118.15 MB (dWS: 6.6 MB) | Commit: 119.7 MB (dPM: 6.54 MB) | VM: 4329.31 MB | CPU: 30078.9s | SysFreeVM: 104058 MB | No ckpt change
[2026-09-08 15:38:05] PID: 22392 | WS: 118.15 MB (dWS: 6.6 MB) | Commit: 119.7 MB (dPM: 6.54 MB) | VM: 4329.31 MB | CPU: 30089.1s | SysFreeVM: 104052 MB | Ckpt: 50MB at 15:37:58
[2026-09-08 15:38:15] PID: 22392 | WS: 118.15 MB (dWS: 6.6 MB) | Commit: 119.7 MB (dPM: 6.54 MB) | VM: 4329.31 MB | CPU: 30099.2s | SysFreeVM: 104057 MB | No ckpt change
[2026-09-08 15:38:25] PID: 22392 | WS: 118.15 MB (dWS: 6.6 MB) | Commit: 119.7 MB (dPM: 6.54 MB) | VM: 4329.31 MB | CPU: 30109.4s | SysFreeVM: 104025 MB | No ckpt change
[2026-09-08 15:38:36] PID: 22392 | WS: 118.15 MB (dWS: 6.6 MB) | Commit: 119.7 MB (dPM: 6.54 MB) | VM: 4329.31 MB | CPU: 30119.5s | SysFreeVM: 104088 MB | No ckpt change
[2026-09-08 15:38:46] PID: 22392 | WS: 118.15 MB (dWS: 6.6 MB) | Commit: 119.7 MB (dPM: 6.54 MB) | VM: 4329.31 MB | CPU: 30129.7s | SysFreeVM: 104080 MB | Ckpt: 50MB at 15:38:41
[2026-09-08 15:38:56] PID: 22392 | WS: 118.15 MB (dWS: 6.6 MB) | Commit: 119.7 MB (dPM: 6.54 MB) | VM: 4329.31 MB | CPU: 30139.8s | SysFreeVM: 104076 MB | No ckpt change
[2026-09-08 15:39:06] PID: 22392 | WS: 118.15 MB (dWS: 6.6 MB) | Commit: 119.7 MB (dPM: 6.54 MB) | VM: 4329.31 MB | CPU: 30150s | SysFreeVM: 104076 MB | No ckpt change
[2026-09-08 15:39:17] PID: 22392 | WS: 118.15 MB (dWS: 6.6 MB) | Commit: 119.7 MB (dPM: 6.54 MB) | VM: 4329.31 MB | CPU: 30160.2s | SysFreeVM: 104003 MB | No ckpt change
[2026-09-08 15:39:27] PID: 22392 | WS: 118.15 MB (dWS: 6.6 MB) | Commit: 119.7 MB (dPM: 6.54 MB) | VM: 4329.31 MB | CPU: 30170.4s | SysFreeVM: 104017 MB | Ckpt: 50MB at 15:39:23
[2026-09-08 15:39:37] PID: 22392 | WS: 118.15 MB (dWS: 6.6 MB) | Commit: 119.7 MB (dPM: 6.54 MB) | VM: 4329.31 MB | CPU: 30180.7s | SysFreeVM: 104033 MB | No ckpt change
[2026-09-08 15:39:47] PID: 22392 | WS: 118.15 MB (dWS: 6.6 MB) | Commit: 119.7 MB (dPM: 6.54 MB) | VM: 4329.31 MB | CPU: 30190.8s | SysFreeVM: 104054 MB | No ckpt change
[2026-09-08 15:39:57] PID: 22392 | WS: 118.15 MB (dWS: 6.6 MB) | Commit: 119.7 MB (dPM: 6.54 MB) | VM: 4329.31 MB | CPU: 30201s | SysFreeVM: 104106 MB | No ckpt change
[2026-09-08 15:40:08] PID: 22392 | WS: 118.15 MB (dWS: 6.6 MB) | Commit: 119.7 MB (dPM: 6.54 MB) | VM: 4329.31 MB | CPU: 30211.1s | SysFreeVM: 104085 MB | Ckpt: 50MB at 15:40:06
[2026-09-08 15:40:18] PID: 22392 | WS: 118.15 MB (dWS: 6.6 MB) | Commit: 119.7 MB (dPM: 6.54 MB) | VM: 4329.31 MB | CPU: 30221.3s | SysFreeVM: 104080 MB | No ckpt change
[2026-09-08 15:40:28] PID: 22392 | WS: 118.15 MB (dWS: 6.6 MB) | Commit: 119.7 MB (dPM: 6.54 MB) | VM: 4329.31 MB | CPU: 30231.5s | SysFreeVM: 104088 MB | No ckpt change
[2026-09-08 15:40:39] PID: 22392 | WS: 118.15 MB (dWS: 6.6 MB) | Commit: 119.7 MB (dPM: 6.54 MB) | VM: 4329.31 MB | CPU: 30241.7s | SysFreeVM: 104081 MB | No ckpt change
[2026-09-08 15:40:49] PID: 22392 | WS: 118.15 MB (dWS: 6.6 MB) | Commit: 119.7 MB (dPM: 6.54 MB) | VM: 4329.31 MB | CPU: 30251.9s | SysFreeVM: 104061 MB | Ckpt: 50MB at 15:40:48
[2026-09-08 15:40:59] PID: 22392 | WS: 118.15 MB (dWS: 6.6 MB) | Commit: 119.7 MB (dPM: 6.54 MB) | VM: 4329.31 MB | CPU: 30262.1s | SysFreeVM: 104001 MB | No ckpt change
[2026-09-08 15:41:09] PID: 22392 | WS: 118.15 MB (dWS: 6.6 MB) | Commit: 119.7 MB (dPM: 6.54 MB) | VM: 4329.31 MB | CPU: 30272.3s | SysFreeVM: 104103 MB | No ckpt change
[2026-09-08 15:41:20] PID: 22392 | WS: 118.15 MB (dWS: 6.6 MB) | Commit: 119.7 MB (dPM: 6.54 MB) | VM: 4329.31 MB | CPU: 30282.5s | SysFreeVM: 104092 MB | No ckpt change
[2026-09-08 15:41:30] PID: 22392 | WS: 118.15 MB (dWS: 6.6 MB) | Commit: 119.7 MB (dPM: 6.54 MB) | VM: 4329.31 MB | CPU: 30292.7s | SysFreeVM: 104069 MB | No ckpt change
[2026-09-08 15:41:40] PID: 22392 | WS: 118.15 MB (dWS: 6.6 MB) | Commit: 119.7 MB (dPM: 6.54 MB) | VM: 4329.31 MB | CPU: 30302.9s | SysFreeVM: 104062 MB | Ckpt: 50MB at 15:41:31
[2026-09-08 15:41:50] PID: 22392 | WS: 118.15 MB (dWS: 6.6 MB) | Commit: 119.7 MB (dPM: 6.54 MB) | VM: 4329.31 MB | CPU: 30313.1s | SysFreeVM: 104057 MB | No ckpt change
[2026-09-08 15:42:00] PID: 22392 | WS: 118.15 MB (dWS: 6.6 MB) | Commit: 119.7 MB (dPM: 6.54 MB) | VM: 4329.31 MB | CPU: 30323.2s | SysFreeVM: 104062 MB | No ckpt change
[2026-09-08 15:42:11] PID: 22392 | WS: 118.15 MB (dWS: 6.6 MB) | Commit: 119.7 MB (dPM: 6.54 MB) | VM: 4329.31 MB | CPU: 30333.4s | SysFreeVM: 104042 MB | No ckpt change
[2026-09-08 15:42:21] PID: 22392 | WS: 118.15 MB (dWS: 6.6 MB) | Commit: 119.7 MB (dPM: 6.54 MB) | VM: 4329.31 MB | CPU: 30343.5s | SysFreeVM: 104088 MB | Ckpt: 50MB at 15:42:13
[2026-09-08 15:42:31] PID: 22392 | WS: 118.15 MB (dWS: 6.6 MB) | Commit: 119.7 MB (dPM: 6.54 MB) | VM: 4329.31 MB | CPU: 30353.8s | SysFreeVM: 104063 MB | No ckpt change
[2026-09-08 15:42:41] PID: 22392 | WS: 118.15 MB (dWS: 6.6 MB) | Commit: 119.7 MB (dPM: 6.54 MB) | VM: 4329.31 MB | CPU: 30364s | SysFreeVM: 104081 MB | No ckpt change
[2026-09-08 15:42:52] PID: 22392 | WS: 118.15 MB (dWS: 6.6 MB) | Commit: 119.7 MB (dPM: 6.54 MB) | VM: 4329.31 MB | CPU: 30374.1s | SysFreeVM: 104079 MB | No ckpt change
[2026-09-08 15:43:02] PID: 22392 | WS: 118.15 MB (dWS: 6.6 MB) | Commit: 119.7 MB (dPM: 6.54 MB) | VM: 4329.31 MB | CPU: 30384.2s | SysFreeVM: 104048 MB | Ckpt: 50MB at 15:42:55
[2026-09-08 15:43:12] PID: 22392 | WS: 118.15 MB (dWS: 6.6 MB) | Commit: 119.7 MB (dPM: 6.54 MB) | VM: 4329.31 MB | CPU: 30394.3s | SysFreeVM: 104053 MB | No ckpt change
[2026-09-08 15:43:22] PID: 22392 | WS: 118.15 MB (dWS: 6.6 MB) | Commit: 119.7 MB (dPM: 6.54 MB) | VM: 4329.31 MB | CPU: 30404.6s | SysFreeVM: 104056 MB | No ckpt change
[2026-09-08 15:43:32] PID: 22392 | WS: 118.15 MB (dWS: 6.6 MB) | Commit: 119.7 MB (dPM: 6.54 MB) | VM: 4329.31 MB | CPU: 30414.7s | SysFreeVM: 104076 MB | No ckpt change
[2026-09-08 15:43:43] PID: 22392 | WS: 118.15 MB (dWS: 6.6 MB) | Commit: 119.7 MB (dPM: 6.54 MB) | VM: 4329.31 MB | CPU: 30424.8s | SysFreeVM: 104038 MB | Ckpt: 50MB at 15:43:38
[2026-09-08 15:43:53] PID: 22392 | WS: 118.15 MB (dWS: 6.6 MB) | Commit: 119.7 MB (dPM: 6.54 MB) | VM: 4329.31 MB | CPU: 30435s | SysFreeVM: 104075 MB | No ckpt change
[2026-09-08 15:44:03] PID: 22392 | WS: 118.15 MB (dWS: 6.6 MB) | Commit: 119.7 MB (dPM: 6.54 MB) | VM: 4329.31 MB | CPU: 30445.1s | SysFreeVM: 104059 MB | No ckpt change
[2026-09-08 15:44:13] PID: 22392 | WS: 118.15 MB (dWS: 6.6 MB) | Commit: 119.7 MB (dPM: 6.54 MB) | VM: 4329.31 MB | CPU: 30455.4s | SysFreeVM: 104047 MB | No ckpt change
[2026-09-08 15:44:24] PID: 22392 | WS: 118.15 MB (dWS: 6.6 MB) | Commit: 119.7 MB (dPM: 6.54 MB) | VM: 4329.31 MB | CPU: 30465.5s | SysFreeVM: 104024 MB | Ckpt: 50MB at 15:44:20
[2026-09-08 15:44:34] PID: 22392 | WS: 118.15 MB (dWS: 6.6 MB) | Commit: 119.7 MB (dPM: 6.54 MB) | VM: 4329.31 MB | CPU: 30475.7s | SysFreeVM: 104011 MB | No ckpt change
[2026-09-08 15:44:44] PID: 22392 | WS: 118.15 MB (dWS: 6.6 MB) | Commit: 119.7 MB (dPM: 6.54 MB) | VM: 4329.31 MB | CPU: 30486s | SysFreeVM: 104005 MB | No ckpt change
[2026-09-08 15:44:54] PID: 22392 | WS: 118.15 MB (dWS: 6.6 MB) | Commit: 119.7 MB (dPM: 6.54 MB) | VM: 4329.31 MB | CPU: 30496.2s | SysFreeVM: 104037 MB | No ckpt change
[2026-09-08 15:45:05] PID: 22392 | WS: 118.15 MB (dWS: 6.6 MB) | Commit: 119.7 MB (dPM: 6.54 MB) | VM: 4329.31 MB | CPU: 30506.3s | SysFreeVM: 104061 MB | Ckpt: 50MB at 15:45:03
[2026-09-08 15:45:15] PID: 22392 | WS: 118.15 MB (dWS: 6.6 MB) | Commit: 119.7 MB (dPM: 6.54 MB) | VM: 4329.31 MB | CPU: 30516.5s | SysFreeVM: 104056 MB | No ckpt change
[2026-09-08 15:45:25] PID: 22392 | WS: 118.15 MB (dWS: 6.6 MB) | Commit: 119.7 MB (dPM: 6.54 MB) | VM: 4329.31 MB | CPU: 30526.7s | SysFreeVM: 104073 MB | No ckpt change
[2026-09-08 15:45:35] PID: 22392 | WS: 118.15 MB (dWS: 6.6 MB) | Commit: 119.7 MB (dPM: 6.54 MB) | VM: 4329.31 MB | CPU: 30537s | SysFreeVM: 104048 MB | No ckpt change
[2026-09-08 15:45:46] PID: 22392 | WS: 118.15 MB (dWS: 6.6 MB) | Commit: 119.7 MB (dPM: 6.54 MB) | VM: 4329.31 MB | CPU: 30547.1s | SysFreeVM: 104055 MB | Ckpt: 50MB at 15:45:45
[2026-09-08 15:45:56] PID: 22392 | WS: 118.15 MB (dWS: 6.6 MB) | Commit: 119.7 MB (dPM: 6.54 MB) | VM: 4329.31 MB | CPU: 30557.3s | SysFreeVM: 104032 MB | No ckpt change
[2026-09-08 15:46:06] PID: 22392 | WS: 118.15 MB (dWS: 6.6 MB) | Commit: 119.7 MB (dPM: 6.54 MB) | VM: 4329.31 MB | CPU: 30567.4s | SysFreeVM: 104041 MB | No ckpt change
[2026-09-08 15:46:16] PID: 22392 | WS: 118.15 MB (dWS: 6.6 MB) | Commit: 119.7 MB (dPM: 6.54 MB) | VM: 4329.31 MB | CPU: 30577.6s | SysFreeVM: 104012 MB | No ckpt change
[2026-09-08 15:46:27] PID: 22392 | WS: 118.15 MB (dWS: 6.6 MB) | Commit: 119.7 MB (dPM: 6.54 MB) | VM: 4329.31 MB | CPU: 30587.8s | SysFreeVM: 104071 MB | No ckpt change
[2026-09-08 15:46:37] PID: 22392 | WS: 118.15 MB (dWS: 6.6 MB) | Commit: 119.7 MB (dPM: 6.54 MB) | VM: 4329.31 MB | CPU: 30598s | SysFreeVM: 104073 MB | Ckpt: 50MB at 15:46:28
[2026-09-08 15:46:47] PID: 22392 | WS: 118.15 MB (dWS: 6.6 MB) | Commit: 119.7 MB (dPM: 6.54 MB) | VM: 4329.31 MB | CPU: 30608.1s | SysFreeVM: 104066 MB | No ckpt change
[2026-09-08 15:46:57] PID: 22392 | WS: 118.15 MB (dWS: 6.6 MB) | Commit: 119.7 MB (dPM: 6.54 MB) | VM: 4329.31 MB | CPU: 30618.3s | SysFreeVM: 104033 MB | No ckpt change
[2026-09-08 15:47:08] PID: 22392 | WS: 118.15 MB (dWS: 6.6 MB) | Commit: 119.7 MB (dPM: 6.54 MB) | VM: 4329.31 MB | CPU: 30628.5s | SysFreeVM: 104034 MB | No ckpt change
[2026-09-08 15:47:18] PID: 22392 | WS: 118.15 MB (dWS: 6.6 MB) | Commit: 119.7 MB (dPM: 6.54 MB) | VM: 4329.31 MB | CPU: 30638.7s | SysFreeVM: 104002 MB | Ckpt: 50MB at 15:47:10
[2026-09-08 15:47:28] PID: 22392 | WS: 118.15 MB (dWS: 6.6 MB) | Commit: 119.7 MB (dPM: 6.54 MB) | VM: 4329.31 MB | CPU: 30648.9s | SysFreeVM: 104068 MB | No ckpt change
[2026-09-08 15:47:38] PID: 22392 | WS: 118.15 MB (dWS: 6.6 MB) | Commit: 119.7 MB (dPM: 6.54 MB) | VM: 4329.31 MB | CPU: 30659.1s | SysFreeVM: 104066 MB | No ckpt change
[2026-09-08 15:47:49] PID: 22392 | WS: 118.15 MB (dWS: 6.6 MB) | Commit: 119.7 MB (dPM: 6.54 MB) | VM: 4329.31 MB | CPU: 30669.3s | SysFreeVM: 104030 MB | No ckpt change
[2026-09-08 15:47:59] PID: 22392 | WS: 118.15 MB (dWS: 6.6 MB) | Commit: 119.7 MB (dPM: 6.54 MB) | VM: 4329.31 MB | CPU: 30679.5s | SysFreeVM: 104055 MB | Ckpt: 50MB at 15:47:52
[2026-09-08 15:48:09] PID: 22392 | WS: 118.15 MB (dWS: 6.6 MB) | Commit: 119.7 MB (dPM: 6.54 MB) | VM: 4329.31 MB | CPU: 30689.7s | SysFreeVM: 104040 MB | No ckpt change
[2026-09-08 15:48:19] PID: 22392 | WS: 118.15 MB (dWS: 6.6 MB) | Commit: 119.7 MB (dPM: 6.54 MB) | VM: 4329.31 MB | CPU: 30699.9s | SysFreeVM: 104036 MB | No ckpt change
[2026-09-08 15:48:30] PID: 22392 | WS: 118.15 MB (dWS: 6.6 MB) | Commit: 119.7 MB (dPM: 6.54 MB) | VM: 4329.31 MB | CPU: 30710.1s | SysFreeVM: 104035 MB | No ckpt change
[2026-09-08 15:48:40] PID: 22392 | WS: 118.15 MB (dWS: 6.6 MB) | Commit: 119.7 MB (dPM: 6.54 MB) | VM: 4329.31 MB | CPU: 30720.3s | SysFreeVM: 104074 MB | Ckpt: 50MB at 15:48:35
[2026-09-08 15:48:50] PID: 22392 | WS: 118.15 MB (dWS: 6.6 MB) | Commit: 119.7 MB (dPM: 6.54 MB) | VM: 4329.31 MB | CPU: 30730.4s | SysFreeVM: 104075 MB | No ckpt change
[2026-09-08 15:49:00] PID: 22392 | WS: 118.15 MB (dWS: 6.6 MB) | Commit: 119.7 MB (dPM: 6.54 MB) | VM: 4329.31 MB | CPU: 30740.7s | SysFreeVM: 104069 MB | No ckpt change
[2026-09-08 15:49:11] PID: 22392 | WS: 118.15 MB (dWS: 6.6 MB) | Commit: 119.7 MB (dPM: 6.54 MB) | VM: 4329.31 MB | CPU: 30750.9s | SysFreeVM: 104049 MB | No ckpt change
[2026-09-08 15:49:21] PID: 22392 | WS: 118.15 MB (dWS: 6.6 MB) | Commit: 119.7 MB (dPM: 6.54 MB) | VM: 4329.31 MB | CPU: 30761.1s | SysFreeVM: 104003 MB | Ckpt: 50MB at 15:49:17
[2026-09-08 15:49:31] PID: 22392 | WS: 118.15 MB (dWS: 6.6 MB) | Commit: 119.7 MB (dPM: 6.54 MB) | VM: 4329.31 MB | CPU: 30771.3s | SysFreeVM: 104009 MB | No ckpt change
[2026-09-08 15:49:41] PID: 22392 | WS: 118.15 MB (dWS: 6.6 MB) | Commit: 119.7 MB (dPM: 6.54 MB) | VM: 4329.31 MB | CPU: 30781.5s | SysFreeVM: 104010 MB | No ckpt change
[2026-09-08 15:49:52] PID: 22392 | WS: 118.15 MB (dWS: 6.6 MB) | Commit: 119.7 MB (dPM: 6.54 MB) | VM: 4329.31 MB | CPU: 30791.8s | SysFreeVM: 104088 MB | No ckpt change
[2026-09-08 15:50:02] PID: 22392 | WS: 118.15 MB (dWS: 6.6 MB) | Commit: 119.7 MB (dPM: 6.54 MB) | VM: 4329.31 MB | CPU: 30801.9s | SysFreeVM: 104070 MB | Ckpt: 50MB at 15:50:00
[2026-09-08 15:50:12] PID: 22392 | WS: 118.15 MB (dWS: 6.6 MB) | Commit: 119.7 MB (dPM: 6.54 MB) | VM: 4329.31 MB | CPU: 30812.1s | SysFreeVM: 104061 MB | No ckpt change
[2026-09-08 15:50:22] PID: 22392 | WS: 118.15 MB (dWS: 6.6 MB) | Commit: 119.7 MB (dPM: 6.54 MB) | VM: 4329.31 MB | CPU: 30822.3s | SysFreeVM: 104069 MB | No ckpt change
[2026-09-08 15:50:33] PID: 22392 | WS: 118.15 MB (dWS: 6.6 MB) | Commit: 119.7 MB (dPM: 6.54 MB) | VM: 4329.31 MB | CPU: 30832.5s | SysFreeVM: 104043 MB | No ckpt change
[2026-09-08 15:50:43] PID: 22392 | WS: 118.15 MB (dWS: 6.6 MB) | Commit: 119.7 MB (dPM: 6.54 MB) | VM: 4329.31 MB | CPU: 30842.6s | SysFreeVM: 104055 MB | Ckpt: 50MB at 15:50:42
[2026-09-08 15:50:53] PID: 22392 | WS: 118.15 MB (dWS: 6.6 MB) | Commit: 119.7 MB (dPM: 6.54 MB) | VM: 4329.31 MB | CPU: 30852.8s | SysFreeVM: 104024 MB | No ckpt change
[2026-09-08 15:51:03] PID: 22392 | WS: 118.15 MB (dWS: 6.6 MB) | Commit: 119.7 MB (dPM: 6.54 MB) | VM: 4329.31 MB | CPU: 30863s | SysFreeVM: 104026 MB | No ckpt change
[2026-09-08 15:51:13] PID: 22392 | WS: 118.15 MB (dWS: 6.6 MB) | Commit: 119.7 MB (dPM: 6.54 MB) | VM: 4329.31 MB | CPU: 30873.2s | SysFreeVM: 104034 MB | No ckpt change
[2026-09-08 15:51:24] PID: 22392 | WS: 118.15 MB (dWS: 6.6 MB) | Commit: 119.7 MB (dPM: 6.54 MB) | VM: 4329.31 MB | CPU: 30883.4s | SysFreeVM: 104080 MB | No ckpt change
[2026-09-08 15:51:34] PID: 22392 | WS: 118.15 MB (dWS: 6.6 MB) | Commit: 119.7 MB (dPM: 6.54 MB) | VM: 4329.31 MB | CPU: 30893.5s | SysFreeVM: 104075 MB | Ckpt: 50MB at 15:51:25
[2026-09-08 15:51:44] PID: 22392 | WS: 118.15 MB (dWS: 6.6 MB) | Commit: 119.7 MB (dPM: 6.54 MB) | VM: 4329.31 MB | CPU: 30903.7s | SysFreeVM: 104066 MB | No ckpt change
[2026-09-08 15:51:54] PID: 22392 | WS: 118.15 MB (dWS: 6.6 MB) | Commit: 119.7 MB (dPM: 6.54 MB) | VM: 4329.31 MB | CPU: 30913.8s | SysFreeVM: 104077 MB | No ckpt change
[2026-09-08 15:52:05] PID: 22392 | WS: 118.15 MB (dWS: 6.6 MB) | Commit: 119.7 MB (dPM: 6.54 MB) | VM: 4329.31 MB | CPU: 30923.9s | SysFreeVM: 104060 MB | No ckpt change
[2026-09-08 15:52:15] PID: 22392 | WS: 118.15 MB (dWS: 6.6 MB) | Commit: 119.7 MB (dPM: 6.54 MB) | VM: 4329.31 MB | CPU: 30934.1s | SysFreeVM: 104055 MB | Ckpt: 50MB at 15:52:07
[2026-09-08 15:52:25] PID: 22392 | WS: 118.15 MB (dWS: 6.6 MB) | Commit: 119.7 MB (dPM: 6.54 MB) | VM: 4329.31 MB | CPU: 30944.3s | SysFreeVM: 104032 MB | No ckpt change
[2026-09-08 15:52:35] PID: 22392 | WS: 118.15 MB (dWS: 6.6 MB) | Commit: 119.7 MB (dPM: 6.54 MB) | VM: 4329.31 MB | CPU: 30954.5s | SysFreeVM: 104060 MB | No ckpt change
[2026-09-08 15:52:45] PID: 22392 | WS: 118.15 MB (dWS: 6.6 MB) | Commit: 119.7 MB (dPM: 6.54 MB) | VM: 4329.31 MB | CPU: 30964.6s | SysFreeVM: 104037 MB | No ckpt change
[2026-09-08 15:52:56] PID: 22392 | WS: 118.21 MB (dWS: 6.66 MB) | Commit: 119.77 MB (dPM: 6.61 MB) | VM: 4329.31 MB | CPU: 30974.8s | SysFreeVM: 104046 MB | Ckpt: 50MB at 15:52:50
[2026-09-08 15:53:06] PID: 22392 | WS: 118.21 MB (dWS: 6.66 MB) | Commit: 119.77 MB (dPM: 6.61 MB) | VM: 4329.31 MB | CPU: 30985.1s | SysFreeVM: 104072 MB | No ckpt change
[2026-09-08 15:53:16] PID: 22392 | WS: 118.21 MB (dWS: 6.66 MB) | Commit: 119.77 MB (dPM: 6.61 MB) | VM: 4329.31 MB | CPU: 30995.2s | SysFreeVM: 104053 MB | No ckpt change
[2026-09-08 15:53:26] PID: 22392 | WS: 118.21 MB (dWS: 6.66 MB) | Commit: 119.77 MB (dPM: 6.61 MB) | VM: 4329.31 MB | CPU: 31005.4s | SysFreeVM: 104051 MB | No ckpt change
[2026-09-08 15:53:37] PID: 22392 | WS: 118.21 MB (dWS: 6.66 MB) | Commit: 119.77 MB (dPM: 6.61 MB) | VM: 4329.31 MB | CPU: 31015.6s | SysFreeVM: 104041 MB | Ckpt: 50MB at 15:53:32
[2026-09-08 15:53:47] PID: 22392 | WS: 118.21 MB (dWS: 6.66 MB) | Commit: 119.77 MB (dPM: 6.61 MB) | VM: 4329.31 MB | CPU: 31025.7s | SysFreeVM: 104016 MB | No ckpt change
[2026-09-08 15:53:57] PID: 22392 | WS: 118.21 MB (dWS: 6.66 MB) | Commit: 119.77 MB (dPM: 6.61 MB) | VM: 4329.31 MB | CPU: 31036s | SysFreeVM: 104025 MB | No ckpt change
[2026-09-08 15:54:07] PID: 22392 | WS: 118.21 MB (dWS: 6.66 MB) | Commit: 119.77 MB (dPM: 6.61 MB) | VM: 4329.31 MB | CPU: 31046.2s | SysFreeVM: 104079 MB | No ckpt change
[2026-09-08 15:54:18] PID: 22392 | WS: 118.21 MB (dWS: 6.66 MB) | Commit: 119.77 MB (dPM: 6.61 MB) | VM: 4329.31 MB | CPU: 31056.4s | SysFreeVM: 104018 MB | Ckpt: 50MB at 15:54:15
[2026-09-08 15:54:28] PID: 22392 | WS: 118.21 MB (dWS: 6.66 MB) | Commit: 119.77 MB (dPM: 6.61 MB) | VM: 4329.31 MB | CPU: 31066.5s | SysFreeVM: 104029 MB | No ckpt change
[2026-09-08 15:54:38] PID: 22392 | WS: 118.21 MB (dWS: 6.66 MB) | Commit: 119.77 MB (dPM: 6.61 MB) | VM: 4329.31 MB | CPU: 31076.8s | SysFreeVM: 104045 MB | No ckpt change
[2026-09-08 15:54:48] PID: 22392 | WS: 118.21 MB (dWS: 6.66 MB) | Commit: 119.77 MB (dPM: 6.61 MB) | VM: 4329.31 MB | CPU: 31086.9s | SysFreeVM: 104060 MB | No ckpt change
[2026-09-08 15:54:59] PID: 22392 | WS: 118.21 MB (dWS: 6.66 MB) | Commit: 119.77 MB (dPM: 6.61 MB) | VM: 4329.31 MB | CPU: 31097s | SysFreeVM: 104040 MB | Ckpt: 50MB at 15:54:57
[2026-09-08 15:55:09] PID: 22392 | WS: 118.21 MB (dWS: 6.66 MB) | Commit: 119.77 MB (dPM: 6.61 MB) | VM: 4329.31 MB | CPU: 31107.2s | SysFreeVM: 104039 MB | No ckpt change
[2026-09-08 15:55:19] PID: 22392 | WS: 118.21 MB (dWS: 6.66 MB) | Commit: 119.77 MB (dPM: 6.61 MB) | VM: 4329.31 MB | CPU: 31117.5s | SysFreeVM: 104087 MB | No ckpt change
[2026-09-08 15:55:29] PID: 22392 | WS: 118.21 MB (dWS: 6.66 MB) | Commit: 119.77 MB (dPM: 6.61 MB) | VM: 4329.31 MB | CPU: 31127.7s | SysFreeVM: 104091 MB | No ckpt change
[2026-09-08 15:55:40] PID: 22392 | WS: 118.21 MB (dWS: 6.66 MB) | Commit: 119.77 MB (dPM: 6.61 MB) | VM: 4329.31 MB | CPU: 31137.9s | SysFreeVM: 104072 MB | No ckpt change
[2026-09-08 15:55:50] PID: 22392 | WS: 118.21 MB (dWS: 6.66 MB) | Commit: 119.77 MB (dPM: 6.61 MB) | VM: 4329.31 MB | CPU: 31148.2s | SysFreeVM: 104072 MB | Ckpt: 50MB at 15:55:40
[2026-09-08 15:56:00] PID: 22392 | WS: 118.21 MB (dWS: 6.66 MB) | Commit: 119.77 MB (dPM: 6.61 MB) | VM: 4329.31 MB | CPU: 31158.4s | SysFreeVM: 103990 MB | No ckpt change
[2026-09-08 15:56:10] PID: 22392 | WS: 118.21 MB (dWS: 6.66 MB) | Commit: 119.77 MB (dPM: 6.61 MB) | VM: 4329.31 MB | CPU: 31168.6s | SysFreeVM: 104022 MB | No ckpt change
[2026-09-08 15:56:21] PID: 22392 | WS: 118.21 MB (dWS: 6.66 MB) | Commit: 119.77 MB (dPM: 6.61 MB) | VM: 4329.31 MB | CPU: 31178.8s | SysFreeVM: 104018 MB | No ckpt change
[2026-09-08 15:56:31] PID: 22392 | WS: 118.21 MB (dWS: 6.66 MB) | Commit: 119.77 MB (dPM: 6.61 MB) | VM: 4329.31 MB | CPU: 31189s | SysFreeVM: 104059 MB | Ckpt: 50MB at 15:56:22
[2026-09-08 15:56:41] PID: 22392 | WS: 118.21 MB (dWS: 6.66 MB) | Commit: 119.77 MB (dPM: 6.61 MB) | VM: 4329.31 MB | CPU: 31199.2s | SysFreeVM: 104077 MB | No ckpt change
[2026-09-08 15:56:51] PID: 22392 | WS: 118.21 MB (dWS: 6.66 MB) | Commit: 119.77 MB (dPM: 6.61 MB) | VM: 4329.31 MB | CPU: 31209.3s | SysFreeVM: 104029 MB | No ckpt change
[2026-09-08 15:57:02] PID: 22392 | WS: 118.21 MB (dWS: 6.66 MB) | Commit: 119.77 MB (dPM: 6.61 MB) | VM: 4329.31 MB | CPU: 31219.5s | SysFreeVM: 104041 MB | No ckpt change
[2026-09-08 15:57:12] PID: 22392 | WS: 118.21 MB (dWS: 6.66 MB) | Commit: 119.77 MB (dPM: 6.61 MB) | VM: 4329.31 MB | CPU: 31229.7s | SysFreeVM: 104036 MB | Ckpt: 50MB at 15:57:05
[2026-09-08 15:57:22] PID: 22392 | WS: 118.21 MB (dWS: 6.66 MB) | Commit: 119.77 MB (dPM: 6.61 MB) | VM: 4329.31 MB | CPU: 31239.9s | SysFreeVM: 104035 MB | No ckpt change
[2026-09-08 15:57:32] PID: 22392 | WS: 118.21 MB (dWS: 6.66 MB) | Commit: 119.77 MB (dPM: 6.61 MB) | VM: 4329.31 MB | CPU: 31250.1s | SysFreeVM: 104014 MB | No ckpt change
[2026-09-08 15:57:42] PID: 22392 | WS: 118.21 MB (dWS: 6.66 MB) | Commit: 119.77 MB (dPM: 6.61 MB) | VM: 4329.31 MB | CPU: 31260.3s | SysFreeVM: 104036 MB | No ckpt change
[2026-09-08 15:57:53] PID: 22392 | WS: 118.21 MB (dWS: 6.66 MB) | Commit: 119.77 MB (dPM: 6.61 MB) | VM: 4329.31 MB | CPU: 31270.5s | SysFreeVM: 104056 MB | Ckpt: 50MB at 15:57:47
[2026-09-08 15:58:03] PID: 22392 | WS: 118.21 MB (dWS: 6.66 MB) | Commit: 119.77 MB (dPM: 6.61 MB) | VM: 4329.31 MB | CPU: 31280.6s | SysFreeVM: 104076 MB | No ckpt change
[2026-09-08 15:58:13] PID: 22392 | WS: 118.21 MB (dWS: 6.66 MB) | Commit: 119.77 MB (dPM: 6.61 MB) | VM: 4329.31 MB | CPU: 31290.8s | SysFreeVM: 104029 MB | No ckpt change
[2026-09-08 15:58:23] PID: 22392 | WS: 118.21 MB (dWS: 6.66 MB) | Commit: 119.77 MB (dPM: 6.61 MB) | VM: 4329.31 MB | CPU: 31301s | SysFreeVM: 104036 MB | No ckpt change
[2026-09-08 15:58:34] PID: 22392 | WS: 118.21 MB (dWS: 6.66 MB) | Commit: 119.77 MB (dPM: 6.61 MB) | VM: 4329.31 MB | CPU: 31311.2s | SysFreeVM: 104004 MB | Ckpt: 50MB at 15:58:30
[2026-09-08 15:58:44] PID: 22392 | WS: 118.21 MB (dWS: 6.66 MB) | Commit: 119.77 MB (dPM: 6.61 MB) | VM: 4329.31 MB | CPU: 31321.4s | SysFreeVM: 104029 MB | No ckpt change
[2026-09-08 15:58:54] PID: 22392 | WS: 118.21 MB (dWS: 6.66 MB) | Commit: 119.77 MB (dPM: 6.61 MB) | VM: 4329.31 MB | CPU: 31331.6s | SysFreeVM: 104086 MB | No ckpt change
[2026-09-08 15:59:04] PID: 22392 | WS: 118.21 MB (dWS: 6.66 MB) | Commit: 119.77 MB (dPM: 6.61 MB) | VM: 4329.31 MB | CPU: 31341.8s | SysFreeVM: 104057 MB | No ckpt change
[2026-09-08 15:59:15] PID: 22392 | WS: 118.21 MB (dWS: 6.66 MB) | Commit: 119.77 MB (dPM: 6.61 MB) | VM: 4329.31 MB | CPU: 31351.9s | SysFreeVM: 104020 MB | Ckpt: 50MB at 15:59:12
[2026-09-08 15:59:25] PID: 22392 | WS: 118.21 MB (dWS: 6.66 MB) | Commit: 119.77 MB (dPM: 6.61 MB) | VM: 4329.31 MB | CPU: 31362.1s | SysFreeVM: 104014 MB | No ckpt change
[2026-09-08 15:59:35] PID: 22392 | WS: 118.21 MB (dWS: 6.66 MB) | Commit: 119.77 MB (dPM: 6.61 MB) | VM: 4329.31 MB | CPU: 31372.4s | SysFreeVM: 103999 MB | No ckpt change
[2026-09-08 15:59:45] PID: 22392 | WS: 118.21 MB (dWS: 6.66 MB) | Commit: 119.77 MB (dPM: 6.61 MB) | VM: 4329.31 MB | CPU: 31382.6s | SysFreeVM: 103995 MB | No ckpt change
[2026-09-08 15:59:56] PID: 22392 | WS: 118.21 MB (dWS: 6.66 MB) | Commit: 119.77 MB (dPM: 6.61 MB) | VM: 4329.31 MB | CPU: 31392.8s | SysFreeVM: 104007 MB | Ckpt: 50MB at 15:59:55
[2026-09-08 16:00:06] PID: 22392 | WS: 118.21 MB (dWS: 6.66 MB) | Commit: 119.77 MB (dPM: 6.61 MB) | VM: 4329.31 MB | CPU: 31403s | SysFreeVM: 104043 MB | No ckpt change
[2026-09-08 16:00:16] PID: 22392 | WS: 118.21 MB (dWS: 6.66 MB) | Commit: 119.77 MB (dPM: 6.61 MB) | VM: 4329.31 MB | CPU: 31413.2s | SysFreeVM: 104034 MB | No ckpt change
[2026-09-08 16:00:27] PID: 22392 | WS: 118.23 MB (dWS: 6.68 MB) | Commit: 119.8 MB (dPM: 6.64 MB) | VM: 4393.31 MB | CPU: 31423.4s | SysFreeVM: 104018 MB | No ckpt change
[2026-09-08 16:00:37] PID: 22392 | WS: 118.23 MB (dWS: 6.68 MB) | Commit: 119.8 MB (dPM: 6.64 MB) | VM: 4393.31 MB | CPU: 31433.7s | SysFreeVM: 103992 MB | No ckpt change
[2026-09-08 16:00:47] PID: 22392 | WS: 118.23 MB (dWS: 6.68 MB) | Commit: 119.8 MB (dPM: 6.64 MB) | VM: 4393.31 MB | CPU: 31443.9s | SysFreeVM: 104019 MB | Ckpt: 50MB at 16:00:37
[2026-09-08 16:00:57] PID: 22392 | WS: 118.23 MB (dWS: 6.68 MB) | Commit: 119.8 MB (dPM: 6.64 MB) | VM: 4393.31 MB | CPU: 31454.1s | SysFreeVM: 103995 MB | No ckpt change
[2026-09-08 16:01:08] PID: 22392 | WS: 118.23 MB (dWS: 6.68 MB) | Commit: 119.8 MB (dPM: 6.64 MB) | VM: 4393.31 MB | CPU: 31464.2s | SysFreeVM: 104046 MB | No ckpt change
[2026-09-08 16:01:18] PID: 22392 | WS: 118.23 MB (dWS: 6.68 MB) | Commit: 119.8 MB (dPM: 6.64 MB) | VM: 4393.31 MB | CPU: 31474.5s | SysFreeVM: 104019 MB | No ckpt change
[2026-09-08 16:01:28] PID: 22392 | WS: 118.23 MB (dWS: 6.68 MB) | Commit: 119.8 MB (dPM: 6.64 MB) | VM: 4393.31 MB | CPU: 31484.6s | SysFreeVM: 104039 MB | Ckpt: 50MB at 16:01:20
[2026-09-08 16:01:38] PID: 22392 | WS: 118.23 MB (dWS: 6.68 MB) | Commit: 119.8 MB (dPM: 6.64 MB) | VM: 4393.31 MB | CPU: 31494.8s | SysFreeVM: 104015 MB | No ckpt change
[2026-09-08 16:01:49] PID: 22392 | WS: 118.23 MB (dWS: 6.68 MB) | Commit: 119.8 MB (dPM: 6.64 MB) | VM: 4393.31 MB | CPU: 31505s | SysFreeVM: 104009 MB | No ckpt change
[2026-09-08 16:01:59] PID: 22392 | WS: 118.23 MB (dWS: 6.68 MB) | Commit: 119.8 MB (dPM: 6.64 MB) | VM: 4393.31 MB | CPU: 31515.2s | SysFreeVM: 104017 MB | No ckpt change
[2026-09-08 16:02:09] PID: 22392 | WS: 118.36 MB (dWS: 6.81 MB) | Commit: 119.93 MB (dPM: 6.77 MB) | VM: 4393.31 MB | CPU: 31525.3s | SysFreeVM: 104045 MB | Ckpt: 50MB at 16:02:02
[2026-09-08 16:02:19] PID: 22392 | WS: 118.36 MB (dWS: 6.81 MB) | Commit: 119.93 MB (dPM: 6.77 MB) | VM: 4393.31 MB | CPU: 31535.5s | SysFreeVM: 104072 MB | No ckpt change
[2026-09-08 16:02:30] PID: 22392 | WS: 118.34 MB (dWS: 6.79 MB) | Commit: 119.9 MB (dPM: 6.74 MB) | VM: 4329.31 MB | CPU: 31545.8s | SysFreeVM: 104032 MB | No ckpt change
[2026-09-08 16:02:40] PID: 22392 | WS: 118.34 MB (dWS: 6.79 MB) | Commit: 119.9 MB (dPM: 6.74 MB) | VM: 4329.31 MB | CPU: 31556s | SysFreeVM: 104044 MB | No ckpt change
[2026-09-08 16:02:50] PID: 22392 | WS: 118.34 MB (dWS: 6.79 MB) | Commit: 119.9 MB (dPM: 6.74 MB) | VM: 4329.31 MB | CPU: 31566.1s | SysFreeVM: 104028 MB | Ckpt: 50MB at 16:02:45
[2026-09-08 16:03:00] PID: 22392 | WS: 118.34 MB (dWS: 6.79 MB) | Commit: 119.9 MB (dPM: 6.74 MB) | VM: 4329.31 MB | CPU: 31576.2s | SysFreeVM: 104020 MB | No ckpt change
[2026-09-08 16:03:10] PID: 22392 | WS: 118.34 MB (dWS: 6.79 MB) | Commit: 119.9 MB (dPM: 6.74 MB) | VM: 4329.31 MB | CPU: 31586.4s | SysFreeVM: 104010 MB | No ckpt change
[2026-09-08 16:03:21] PID: 22392 | WS: 118.34 MB (dWS: 6.79 MB) | Commit: 119.9 MB (dPM: 6.74 MB) | VM: 4329.31 MB | CPU: 31596.5s | SysFreeVM: 104076 MB | No ckpt change
[2026-09-08 16:03:31] PID: 22392 | WS: 118.36 MB (dWS: 6.81 MB) | Commit: 119.9 MB (dPM: 6.74 MB) | VM: 4329.31 MB | CPU: 31606.7s | SysFreeVM: 104072 MB | Ckpt: 50MB at 16:03:27
[2026-09-08 16:03:41] PID: 22392 | WS: 118.36 MB (dWS: 6.81 MB) | Commit: 119.9 MB (dPM: 6.74 MB) | VM: 4329.31 MB | CPU: 31616.9s | SysFreeVM: 104056 MB | No ckpt change
[2026-09-08 16:03:51] PID: 22392 | WS: 118.36 MB (dWS: 6.81 MB) | Commit: 119.9 MB (dPM: 6.74 MB) | VM: 4329.31 MB | CPU: 31627s | SysFreeVM: 104045 MB | No ckpt change
[2026-09-08 16:04:02] PID: 22392 | WS: 118.36 MB (dWS: 6.81 MB) | Commit: 119.9 MB (dPM: 6.74 MB) | VM: 4329.31 MB | CPU: 31637.1s | SysFreeVM: 104052 MB | No ckpt change
[2026-09-08 16:04:12] PID: 22392 | WS: 118.36 MB (dWS: 6.81 MB) | Commit: 119.9 MB (dPM: 6.74 MB) | VM: 4329.31 MB | CPU: 31647.2s | SysFreeVM: 104032 MB | Ckpt: 50MB at 16:04:10
[2026-09-08 16:04:22] PID: 22392 | WS: 118.36 MB (dWS: 6.81 MB) | Commit: 119.9 MB (dPM: 6.74 MB) | VM: 4329.31 MB | CPU: 31657.4s | SysFreeVM: 104005 MB | No ckpt change
[2026-09-08 16:04:32] PID: 22392 | WS: 118.36 MB (dWS: 6.81 MB) | Commit: 119.9 MB (dPM: 6.74 MB) | VM: 4329.31 MB | CPU: 31667.6s | SysFreeVM: 104077 MB | No ckpt change
[2026-09-08 16:04:43] PID: 22392 | WS: 118.36 MB (dWS: 6.81 MB) | Commit: 119.9 MB (dPM: 6.74 MB) | VM: 4329.31 MB | CPU: 31677.8s | SysFreeVM: 104043 MB | No ckpt change
[2026-09-08 16:04:53] PID: 22392 | WS: 118.36 MB (dWS: 6.81 MB) | Commit: 119.9 MB (dPM: 6.74 MB) | VM: 4329.31 MB | CPU: 31688s | SysFreeVM: 104048 MB | Ckpt: 50MB at 16:04:52
[2026-09-08 16:05:03] PID: 22392 | WS: 118.36 MB (dWS: 6.81 MB) | Commit: 119.9 MB (dPM: 6.74 MB) | VM: 4329.31 MB | CPU: 31698.2s | SysFreeVM: 104051 MB | No ckpt change
[2026-09-08 16:05:13] PID: 22392 | WS: 118.36 MB (dWS: 6.81 MB) | Commit: 119.9 MB (dPM: 6.74 MB) | VM: 4329.31 MB | CPU: 31708.4s | SysFreeVM: 104058 MB | No ckpt change
[2026-09-08 16:05:24] PID: 22392 | WS: 118.36 MB (dWS: 6.81 MB) | Commit: 119.9 MB (dPM: 6.74 MB) | VM: 4329.31 MB | CPU: 31718.6s | SysFreeVM: 104048 MB | No ckpt change
[2026-09-08 16:05:34] PID: 22392 | WS: 118.36 MB (dWS: 6.81 MB) | Commit: 119.9 MB (dPM: 6.74 MB) | VM: 4329.31 MB | CPU: 31728.8s | SysFreeVM: 104022 MB | No ckpt change
[2026-09-08 16:05:44] PID: 22392 | WS: 118.48 MB (dWS: 6.93 MB) | Commit: 120.04 MB (dPM: 6.88 MB) | VM: 4329.31 MB | CPU: 31738.9s | SysFreeVM: 104078 MB | Ckpt: 50MB at 16:05:35
[2026-09-08 16:05:54] PID: 22392 | WS: 118.48 MB (dWS: 6.93 MB) | Commit: 120.04 MB (dPM: 6.88 MB) | VM: 4329.31 MB | CPU: 31749.1s | SysFreeVM: 104065 MB | No ckpt change
[2026-09-08 16:06:05] PID: 22392 | WS: 118.48 MB (dWS: 6.93 MB) | Commit: 120.04 MB (dPM: 6.88 MB) | VM: 4329.31 MB | CPU: 31759.3s | SysFreeVM: 104066 MB | No ckpt change
[2026-09-08 16:06:15] PID: 22392 | WS: 118.48 MB (dWS: 6.93 MB) | Commit: 120.04 MB (dPM: 6.88 MB) | VM: 4329.31 MB | CPU: 31769.5s | SysFreeVM: 103999 MB | No ckpt change
[2026-09-08 16:06:25] PID: 22392 | WS: 118.49 MB (dWS: 6.94 MB) | Commit: 120.04 MB (dPM: 6.88 MB) | VM: 4329.31 MB | CPU: 31779.7s | SysFreeVM: 104014 MB | Ckpt: 50MB at 16:06:17
[2026-09-08 16:06:35] PID: 22392 | WS: 118.49 MB (dWS: 6.94 MB) | Commit: 120.04 MB (dPM: 6.88 MB) | VM: 4329.31 MB | CPU: 31789.9s | SysFreeVM: 104008 MB | No ckpt change
[2026-09-08 16:06:46] PID: 22392 | WS: 118.49 MB (dWS: 6.94 MB) | Commit: 120.04 MB (dPM: 6.88 MB) | VM: 4329.31 MB | CPU: 31800.1s | SysFreeVM: 104011 MB | No ckpt change
[2026-09-08 16:06:56] PID: 22392 | WS: 118.49 MB (dWS: 6.94 MB) | Commit: 120.04 MB (dPM: 6.88 MB) | VM: 4329.31 MB | CPU: 31810.2s | SysFreeVM: 104072 MB | No ckpt change
[2026-09-08 16:07:06] PID: 22392 | WS: 118.49 MB (dWS: 6.94 MB) | Commit: 120.04 MB (dPM: 6.88 MB) | VM: 4329.31 MB | CPU: 31820.3s | SysFreeVM: 104046 MB | Ckpt: 50MB at 16:07:00
[2026-09-08 16:07:16] PID: 22392 | WS: 118.49 MB (dWS: 6.94 MB) | Commit: 120.04 MB (dPM: 6.88 MB) | VM: 4329.31 MB | CPU: 31830.6s | SysFreeVM: 104026 MB | No ckpt change
[2026-09-08 16:07:27] PID: 22392 | WS: 118.49 MB (dWS: 6.94 MB) | Commit: 120.04 MB (dPM: 6.88 MB) | VM: 4329.31 MB | CPU: 31840.8s | SysFreeVM: 104027 MB | No ckpt change
[2026-09-08 16:07:37] PID: 22392 | WS: 118.49 MB (dWS: 6.94 MB) | Commit: 120.04 MB (dPM: 6.88 MB) | VM: 4329.31 MB | CPU: 31851s | SysFreeVM: 104050 MB | No ckpt change
[2026-09-08 16:07:47] PID: 22392 | WS: 118.49 MB (dWS: 6.94 MB) | Commit: 120.04 MB (dPM: 6.88 MB) | VM: 4329.31 MB | CPU: 31861.1s | SysFreeVM: 104022 MB | Ckpt: 50MB at 16:07:42
[2026-09-08 16:07:57] PID: 22392 | WS: 118.49 MB (dWS: 6.94 MB) | Commit: 120.04 MB (dPM: 6.88 MB) | VM: 4329.31 MB | CPU: 31871.3s | SysFreeVM: 104073 MB | No ckpt change
[2026-09-08 16:08:08] PID: 22392 | WS: 118.49 MB (dWS: 6.94 MB) | Commit: 120.04 MB (dPM: 6.88 MB) | VM: 4329.31 MB | CPU: 31881.4s | SysFreeVM: 104061 MB | No ckpt change
[2026-09-08 16:08:18] PID: 22392 | WS: 118.49 MB (dWS: 6.94 MB) | Commit: 120.04 MB (dPM: 6.88 MB) | VM: 4329.31 MB | CPU: 31891.7s | SysFreeVM: 104056 MB | No ckpt change
[2026-09-08 16:08:28] PID: 22392 | WS: 118.49 MB (dWS: 6.94 MB) | Commit: 120.04 MB (dPM: 6.88 MB) | VM: 4329.31 MB | CPU: 31901.9s | SysFreeVM: 104051 MB | Ckpt: 50MB at 16:08:25
[2026-09-08 16:08:38] PID: 22392 | WS: 118.49 MB (dWS: 6.94 MB) | Commit: 120.04 MB (dPM: 6.88 MB) | VM: 4329.31 MB | CPU: 31912s | SysFreeVM: 104021 MB | No ckpt change
[2026-09-08 16:08:48] PID: 22392 | WS: 118.49 MB (dWS: 6.94 MB) | Commit: 120.04 MB (dPM: 6.88 MB) | VM: 4329.31 MB | CPU: 31922.2s | SysFreeVM: 104016 MB | No ckpt change
[2026-09-08 16:08:59] PID: 22392 | WS: 118.49 MB (dWS: 6.94 MB) | Commit: 120.04 MB (dPM: 6.88 MB) | VM: 4329.31 MB | CPU: 31932.4s | SysFreeVM: 104007 MB | No ckpt change
[2026-09-08 16:09:09] PID: 22392 | WS: 118.49 MB (dWS: 6.94 MB) | Commit: 120.04 MB (dPM: 6.88 MB) | VM: 4329.31 MB | CPU: 31942.5s | SysFreeVM: 104071 MB | Ckpt: 50MB at 16:09:08
[2026-09-08 16:09:19] PID: 22392 | WS: 118.49 MB (dWS: 6.94 MB) | Commit: 120.04 MB (dPM: 6.88 MB) | VM: 4329.31 MB | CPU: 31952.6s | SysFreeVM: 104030 MB | No ckpt change
[2026-09-08 16:09:29] PID: 22392 | WS: 118.49 MB (dWS: 6.94 MB) | Commit: 120.04 MB (dPM: 6.88 MB) | VM: 4329.31 MB | CPU: 31962.8s | SysFreeVM: 104038 MB | No ckpt change
[2026-09-08 16:09:40] PID: 22392 | WS: 118.49 MB (dWS: 6.94 MB) | Commit: 120.04 MB (dPM: 6.88 MB) | VM: 4329.31 MB | CPU: 31973s | SysFreeVM: 104041 MB | No ckpt change
[2026-09-08 16:09:50] PID: 22392 | WS: 118.49 MB (dWS: 6.94 MB) | Commit: 120.04 MB (dPM: 6.88 MB) | VM: 4329.31 MB | CPU: 31983.1s | SysFreeVM: 104046 MB | No ckpt change
[2026-09-08 16:10:00] PID: 22392 | WS: 118.49 MB (dWS: 6.94 MB) | Commit: 120.04 MB (dPM: 6.88 MB) | VM: 4329.31 MB | CPU: 31993.3s | SysFreeVM: 104034 MB | Ckpt: 50MB at 16:09:50
[2026-09-08 16:10:10] PID: 22392 | WS: 118.49 MB (dWS: 6.94 MB) | Commit: 120.04 MB (dPM: 6.88 MB) | VM: 4329.31 MB | CPU: 32003.5s | SysFreeVM: 104023 MB | No ckpt change
[2026-09-08 16:10:21] PID: 22392 | WS: 118.49 MB (dWS: 6.94 MB) | Commit: 120.04 MB (dPM: 6.88 MB) | VM: 4329.31 MB | CPU: 32013.6s | SysFreeVM: 104030 MB | No ckpt change
[2026-09-08 16:10:31] PID: 22392 | WS: 118.49 MB (dWS: 6.94 MB) | Commit: 120.04 MB (dPM: 6.88 MB) | VM: 4329.31 MB | CPU: 32023.8s | SysFreeVM: 104041 MB | No ckpt change
[2026-09-08 16:10:41] PID: 22392 | WS: 118.49 MB (dWS: 6.94 MB) | Commit: 120.04 MB (dPM: 6.88 MB) | VM: 4329.31 MB | CPU: 32034s | SysFreeVM: 104026 MB | Ckpt: 50MB at 16:10:33
[2026-09-08 16:10:51] PID: 22392 | WS: 118.49 MB (dWS: 6.94 MB) | Commit: 120.04 MB (dPM: 6.88 MB) | VM: 4329.31 MB | CPU: 32044.2s | SysFreeVM: 104028 MB | No ckpt change
[2026-09-08 16:11:02] PID: 22392 | WS: 118.49 MB (dWS: 6.94 MB) | Commit: 120.04 MB (dPM: 6.88 MB) | VM: 4329.31 MB | CPU: 32054.4s | SysFreeVM: 104008 MB | No ckpt change
[2026-09-08 16:11:12] PID: 22392 | WS: 118.49 MB (dWS: 6.94 MB) | Commit: 120.04 MB (dPM: 6.88 MB) | VM: 4329.31 MB | CPU: 32064.6s | SysFreeVM: 104023 MB | No ckpt change
[2026-09-08 16:11:22] PID: 22392 | WS: 118.49 MB (dWS: 6.94 MB) | Commit: 120.04 MB (dPM: 6.88 MB) | VM: 4329.31 MB | CPU: 32074.7s | SysFreeVM: 104005 MB | Ckpt: 50MB at 16:11:15
[2026-09-08 16:11:32] PID: 22392 | WS: 118.49 MB (dWS: 6.94 MB) | Commit: 120.04 MB (dPM: 6.88 MB) | VM: 4329.31 MB | CPU: 32084.9s | SysFreeVM: 104060 MB | No ckpt change
[2026-09-08 16:11:43] PID: 22392 | WS: 118.49 MB (dWS: 6.94 MB) | Commit: 120.04 MB (dPM: 6.88 MB) | VM: 4329.31 MB | CPU: 32095.1s | SysFreeVM: 104050 MB | No ckpt change
[2026-09-08 16:11:53] PID: 22392 | WS: 118.49 MB (dWS: 6.94 MB) | Commit: 120.04 MB (dPM: 6.88 MB) | VM: 4329.31 MB | CPU: 32105.4s | SysFreeVM: 104010 MB | No ckpt change
[2026-09-08 16:12:03] PID: 22392 | WS: 118.49 MB (dWS: 6.94 MB) | Commit: 120.04 MB (dPM: 6.88 MB) | VM: 4329.31 MB | CPU: 32115.5s | SysFreeVM: 104022 MB | Ckpt: 50MB at 16:11:58
[2026-09-08 16:12:13] PID: 22392 | WS: 118.49 MB (dWS: 6.94 MB) | Commit: 120.04 MB (dPM: 6.88 MB) | VM: 4329.31 MB | CPU: 32125.8s | SysFreeVM: 104016 MB | No ckpt change
[2026-09-08 16:12:24] PID: 22392 | WS: 118.49 MB (dWS: 6.94 MB) | Commit: 120.04 MB (dPM: 6.88 MB) | VM: 4329.31 MB | CPU: 32136s | SysFreeVM: 104020 MB | No ckpt change
[2026-09-08 16:12:34] PID: 22392 | WS: 118.49 MB (dWS: 6.94 MB) | Commit: 120.04 MB (dPM: 6.88 MB) | VM: 4329.31 MB | CPU: 32146.2s | SysFreeVM: 104009 MB | No ckpt change
[2026-09-08 16:12:44] PID: 22392 | WS: 118.55 MB (dWS: 7 MB) | Commit: 120.1 MB (dPM: 6.94 MB) | VM: 4329.31 MB | CPU: 32156.3s | SysFreeVM: 104037 MB | Ckpt: 50MB at 16:12:40
[2026-09-08 16:12:54] PID: 22392 | WS: 118.55 MB (dWS: 7 MB) | Commit: 120.1 MB (dPM: 6.94 MB) | VM: 4329.31 MB | CPU: 32166.6s | SysFreeVM: 104042 MB | No ckpt change
[2026-09-08 16:13:05] PID: 22392 | WS: 118.55 MB (dWS: 7 MB) | Commit: 120.1 MB (dPM: 6.94 MB) | VM: 4329.31 MB | CPU: 32176.8s | SysFreeVM: 104049 MB | No ckpt change
[2026-09-08 16:13:15] PID: 22392 | WS: 118.55 MB (dWS: 7 MB) | Commit: 120.1 MB (dPM: 6.94 MB) | VM: 4329.31 MB | CPU: 32187s | SysFreeVM: 104052 MB | No ckpt change
[2026-09-08 16:13:25] PID: 22392 | WS: 118.55 MB (dWS: 7 MB) | Commit: 120.1 MB (dPM: 6.94 MB) | VM: 4329.31 MB | CPU: 32197.2s | SysFreeVM: 103991 MB | Ckpt: 50MB at 16:13:22
[2026-09-08 16:13:35] PID: 22392 | WS: 118.55 MB (dWS: 7 MB) | Commit: 120.1 MB (dPM: 6.94 MB) | VM: 4329.31 MB | CPU: 32207.4s | SysFreeVM: 104005 MB | No ckpt change
[2026-09-08 16:13:46] PID: 22392 | WS: 118.55 MB (dWS: 7 MB) | Commit: 120.1 MB (dPM: 6.94 MB) | VM: 4329.31 MB | CPU: 32217.6s | SysFreeVM: 104021 MB | No ckpt change
[2026-09-08 16:13:56] PID: 22392 | WS: 118.55 MB (dWS: 7 MB) | Commit: 120.1 MB (dPM: 6.94 MB) | VM: 4329.31 MB | CPU: 32227.8s | SysFreeVM: 103999 MB | No ckpt change
[2026-09-08 16:14:06] PID: 22392 | WS: 118.55 MB (dWS: 7 MB) | Commit: 120.1 MB (dPM: 6.94 MB) | VM: 4329.31 MB | CPU: 32238s | SysFreeVM: 104072 MB | Ckpt: 50MB at 16:14:05
[2026-09-08 16:14:16] PID: 22392 | WS: 118.55 MB (dWS: 7 MB) | Commit: 120.1 MB (dPM: 6.94 MB) | VM: 4329.31 MB | CPU: 32248.1s | SysFreeVM: 104040 MB | No ckpt change
[2026-09-08 16:14:26] PID: 22392 | WS: 118.55 MB (dWS: 7 MB) | Commit: 120.1 MB (dPM: 6.94 MB) | VM: 4329.31 MB | CPU: 32258.3s | SysFreeVM: 104008 MB | No ckpt change
[2026-09-08 16:14:37] PID: 22392 | WS: 118.55 MB (dWS: 7 MB) | Commit: 120.1 MB (dPM: 6.94 MB) | VM: 4329.31 MB | CPU: 32268.5s | SysFreeVM: 104009 MB | No ckpt change
[2026-09-08 16:14:47] PID: 22392 | WS: 118.55 MB (dWS: 7 MB) | Commit: 120.1 MB (dPM: 6.94 MB) | VM: 4329.31 MB | CPU: 32278.7s | SysFreeVM: 103987 MB | No ckpt change
[2026-09-08 16:14:57] PID: 22392 | WS: 118.8 MB (dWS: 7.25 MB) | Commit: 120.36 MB (dPM: 7.2 MB) | VM: 4329.31 MB | CPU: 32288.8s | SysFreeVM: 104020 MB | Ckpt: 50MB at 16:14:47
[2026-09-08 16:15:07] PID: 22392 | WS: 118.8 MB (dWS: 7.25 MB) | Commit: 120.36 MB (dPM: 7.2 MB) | VM: 4329.31 MB | CPU: 32299s | SysFreeVM: 104021 MB | No ckpt change
[2026-09-08 16:15:18] PID: 22392 | WS: 118.8 MB (dWS: 7.25 MB) | Commit: 120.36 MB (dPM: 7.2 MB) | VM: 4329.31 MB | CPU: 32309.2s | SysFreeVM: 103996 MB | No ckpt change
[2026-09-08 16:15:28] PID: 22392 | WS: 118.8 MB (dWS: 7.25 MB) | Commit: 120.36 MB (dPM: 7.2 MB) | VM: 4329.31 MB | CPU: 32319.4s | SysFreeVM: 104084 MB | No ckpt change
[2026-09-08 16:15:38] PID: 22392 | WS: 118.8 MB (dWS: 7.25 MB) | Commit: 120.36 MB (dPM: 7.2 MB) | VM: 4329.31 MB | CPU: 32329.5s | SysFreeVM: 104053 MB | Ckpt: 50MB at 16:15:30
[2026-09-08 16:15:48] PID: 22392 | WS: 118.8 MB (dWS: 7.25 MB) | Commit: 120.36 MB (dPM: 7.2 MB) | VM: 4329.31 MB | CPU: 32339.7s | SysFreeVM: 104059 MB | No ckpt change
[2026-09-08 16:15:59] PID: 22392 | WS: 118.8 MB (dWS: 7.25 MB) | Commit: 120.36 MB (dPM: 7.2 MB) | VM: 4329.31 MB | CPU: 32349.8s | SysFreeVM: 104022 MB | No ckpt change
[2026-09-08 16:16:09] PID: 22392 | WS: 118.8 MB (dWS: 7.25 MB) | Commit: 120.36 MB (dPM: 7.2 MB) | VM: 4329.31 MB | CPU: 32360s | SysFreeVM: 104051 MB | No ckpt change
[2026-09-08 16:16:19] PID: 22392 | WS: 118.8 MB (dWS: 7.25 MB) | Commit: 120.36 MB (dPM: 7.2 MB) | VM: 4329.31 MB | CPU: 32370.2s | SysFreeVM: 104027 MB | Ckpt: 50MB at 16:16:12
[2026-09-08 16:16:29] PID: 22392 | WS: 118.8 MB (dWS: 7.25 MB) | Commit: 120.36 MB (dPM: 7.2 MB) | VM: 4329.31 MB | CPU: 32380.3s | SysFreeVM: 104081 MB | No ckpt change
[2026-09-08 16:16:40] PID: 22392 | WS: 118.8 MB (dWS: 7.25 MB) | Commit: 120.36 MB (dPM: 7.2 MB) | VM: 4329.31 MB | CPU: 32390.5s | SysFreeVM: 104042 MB | No ckpt change
[2026-09-08 16:16:50] PID: 22392 | WS: 118.8 MB (dWS: 7.25 MB) | Commit: 120.36 MB (dPM: 7.2 MB) | VM: 4329.31 MB | CPU: 32400.7s | SysFreeVM: 104068 MB | No ckpt change
[2026-09-08 16:17:00] PID: 22392 | WS: 118.8 MB (dWS: 7.25 MB) | Commit: 120.36 MB (dPM: 7.2 MB) | VM: 4329.31 MB | CPU: 32410.8s | SysFreeVM: 104008 MB | Ckpt: 50MB at 16:16:55
[2026-09-08 16:17:10] PID: 22392 | WS: 118.8 MB (dWS: 7.25 MB) | Commit: 120.36 MB (dPM: 7.2 MB) | VM: 4329.31 MB | CPU: 32421.1s | SysFreeVM: 104035 MB | No ckpt change
[2026-09-08 16:17:21] PID: 22392 | WS: 118.8 MB (dWS: 7.25 MB) | Commit: 120.36 MB (dPM: 7.2 MB) | VM: 4329.31 MB | CPU: 32431.2s | SysFreeVM: 104004 MB | No ckpt change
[2026-09-08 16:17:31] PID: 22392 | WS: 118.8 MB (dWS: 7.25 MB) | Commit: 120.36 MB (dPM: 7.2 MB) | VM: 4329.31 MB | CPU: 32441.5s | SysFreeVM: 104047 MB | No ckpt change
[2026-09-08 16:17:41] PID: 22392 | WS: 118.8 MB (dWS: 7.25 MB) | Commit: 120.36 MB (dPM: 7.2 MB) | VM: 4329.31 MB | CPU: 32451.5s | SysFreeVM: 104074 MB | Ckpt: 50MB at 16:17:37
[2026-09-08 16:17:51] PID: 22392 | WS: 118.8 MB (dWS: 7.25 MB) | Commit: 120.36 MB (dPM: 7.2 MB) | VM: 4329.31 MB | CPU: 32461.7s | SysFreeVM: 104058 MB | No ckpt change
[2026-09-08 16:18:02] PID: 22392 | WS: 118.8 MB (dWS: 7.25 MB) | Commit: 120.36 MB (dPM: 7.2 MB) | VM: 4329.31 MB | CPU: 32471.8s | SysFreeVM: 104044 MB | No ckpt change
[2026-09-08 16:18:12] PID: 22392 | WS: 118.8 MB (dWS: 7.25 MB) | Commit: 120.36 MB (dPM: 7.2 MB) | VM: 4329.31 MB | CPU: 32482s | SysFreeVM: 104038 MB | No ckpt change
[2026-09-08 16:18:22] PID: 22392 | WS: 118.8 MB (dWS: 7.25 MB) | Commit: 120.36 MB (dPM: 7.2 MB) | VM: 4329.31 MB | CPU: 32492.2s | SysFreeVM: 104035 MB | Ckpt: 50MB at 16:18:20
[2026-09-08 16:18:32] PID: 22392 | WS: 118.8 MB (dWS: 7.25 MB) | Commit: 120.36 MB (dPM: 7.2 MB) | VM: 4329.31 MB | CPU: 32502.3s | SysFreeVM: 104014 MB | No ckpt change
[2026-09-08 16:18:42] PID: 22392 | WS: 118.8 MB (dWS: 7.25 MB) | Commit: 120.36 MB (dPM: 7.2 MB) | VM: 4329.31 MB | CPU: 32512.6s | SysFreeVM: 104027 MB | No ckpt change
[2026-09-08 16:18:53] PID: 22392 | WS: 118.8 MB (dWS: 7.25 MB) | Commit: 120.36 MB (dPM: 7.2 MB) | VM: 4329.31 MB | CPU: 32522.8s | SysFreeVM: 104028 MB | No ckpt change
[2026-09-08 16:19:03] PID: 22392 | WS: 118.8 MB (dWS: 7.25 MB) | Commit: 120.36 MB (dPM: 7.2 MB) | VM: 4329.31 MB | CPU: 32532.9s | SysFreeVM: 104066 MB | Ckpt: 50MB at 16:19:02
[2026-09-08 16:19:13] PID: 22392 | WS: 118.8 MB (dWS: 7.25 MB) | Commit: 120.36 MB (dPM: 7.2 MB) | VM: 4329.31 MB | CPU: 32543.2s | SysFreeVM: 104070 MB | No ckpt change
[2026-09-08 16:19:24] PID: 22392 | WS: 118.8 MB (dWS: 7.25 MB) | Commit: 120.36 MB (dPM: 7.2 MB) | VM: 4329.31 MB | CPU: 32553.4s | SysFreeVM: 104031 MB | No ckpt change
[2026-09-08 16:19:34] PID: 22392 | WS: 118.8 MB (dWS: 7.25 MB) | Commit: 120.36 MB (dPM: 7.2 MB) | VM: 4329.31 MB | CPU: 32563.7s | SysFreeVM: 104015 MB | No ckpt change
[2026-09-08 16:19:44] PID: 22392 | WS: 118.8 MB (dWS: 7.25 MB) | Commit: 120.36 MB (dPM: 7.2 MB) | VM: 4329.31 MB | CPU: 32574s | SysFreeVM: 104033 MB | No ckpt change
[2026-09-08 16:19:54] PID: 22392 | WS: 118.8 MB (dWS: 7.25 MB) | Commit: 120.36 MB (dPM: 7.2 MB) | VM: 4329.31 MB | CPU: 32584.1s | SysFreeVM: 104018 MB | Ckpt: 50MB at 16:19:44
[2026-09-08 16:20:05] PID: 22392 | WS: 118.8 MB (dWS: 7.25 MB) | Commit: 120.36 MB (dPM: 7.2 MB) | VM: 4329.31 MB | CPU: 32594.3s | SysFreeVM: 104071 MB | No ckpt change
[2026-09-08 16:20:15] PID: 22392 | WS: 118.8 MB (dWS: 7.25 MB) | Commit: 120.36 MB (dPM: 7.2 MB) | VM: 4329.31 MB | CPU: 32604.5s | SysFreeVM: 104062 MB | No ckpt change
[2026-09-08 16:20:25] PID: 22392 | WS: 118.8 MB (dWS: 7.25 MB) | Commit: 120.36 MB (dPM: 7.2 MB) | VM: 4329.31 MB | CPU: 32614.7s | SysFreeVM: 104063 MB | No ckpt change
[2026-09-08 16:20:35] PID: 22392 | WS: 118.83 MB (dWS: 7.28 MB) | Commit: 120.36 MB (dPM: 7.2 MB) | VM: 4329.31 MB | CPU: 32624.8s | SysFreeVM: 104056 MB | Ckpt: 50MB at 16:20:27
[2026-09-08 16:20:46] PID: 22392 | WS: 118.83 MB (dWS: 7.28 MB) | Commit: 120.36 MB (dPM: 7.2 MB) | VM: 4329.31 MB | CPU: 32635s | SysFreeVM: 104040 MB | No ckpt change
[2026-09-08 16:20:56] PID: 22392 | WS: 118.83 MB (dWS: 7.28 MB) | Commit: 120.36 MB (dPM: 7.2 MB) | VM: 4329.31 MB | CPU: 32645.2s | SysFreeVM: 104032 MB | No ckpt change
[2026-09-08 16:21:06] PID: 22392 | WS: 118.83 MB (dWS: 7.28 MB) | Commit: 120.36 MB (dPM: 7.2 MB) | VM: 4329.31 MB | CPU: 32655.4s | SysFreeVM: 104011 MB | No ckpt change
[2026-09-08 16:21:16] PID: 22392 | WS: 118.83 MB (dWS: 7.28 MB) | Commit: 120.36 MB (dPM: 7.2 MB) | VM: 4329.31 MB | CPU: 32665.5s | SysFreeVM: 104074 MB | Ckpt: 50MB at 16:21:09
[2026-09-08 16:21:26] PID: 22392 | WS: 118.83 MB (dWS: 7.28 MB) | Commit: 120.36 MB (dPM: 7.2 MB) | VM: 4329.31 MB | CPU: 32675.7s | SysFreeVM: 104093 MB | No ckpt change
[2026-09-08 16:21:37] PID: 22392 | WS: 118.83 MB (dWS: 7.28 MB) | Commit: 120.36 MB (dPM: 7.2 MB) | VM: 4329.31 MB | CPU: 32685.8s | SysFreeVM: 104053 MB | No ckpt change
[2026-09-08 16:21:47] PID: 22392 | WS: 118.83 MB (dWS: 7.28 MB) | Commit: 120.36 MB (dPM: 7.2 MB) | VM: 4329.31 MB | CPU: 32696s | SysFreeVM: 104044 MB | No ckpt change
[2026-09-08 16:21:57] PID: 22392 | WS: 118.83 MB (dWS: 7.28 MB) | Commit: 120.36 MB (dPM: 7.2 MB) | VM: 4329.31 MB | CPU: 32706.1s | SysFreeVM: 104034 MB | Ckpt: 50MB at 16:21:52
[2026-09-08 16:22:07] PID: 22392 | WS: 118.83 MB (dWS: 7.28 MB) | Commit: 120.36 MB (dPM: 7.2 MB) | VM: 4329.31 MB | CPU: 32716.3s | SysFreeVM: 104064 MB | No ckpt change
[2026-09-08 16:22:18] PID: 22392 | WS: 118.83 MB (dWS: 7.28 MB) | Commit: 120.36 MB (dPM: 7.2 MB) | VM: 4329.31 MB | CPU: 32726.4s | SysFreeVM: 104040 MB | No ckpt change
[2026-09-08 16:22:28] PID: 22392 | WS: 118.83 MB (dWS: 7.28 MB) | Commit: 120.36 MB (dPM: 7.2 MB) | VM: 4329.31 MB | CPU: 32736.6s | SysFreeVM: 104093 MB | No ckpt change
[2026-09-08 16:22:38] PID: 22392 | WS: 118.83 MB (dWS: 7.28 MB) | Commit: 120.36 MB (dPM: 7.2 MB) | VM: 4329.31 MB | CPU: 32746.7s | SysFreeVM: 104062 MB | Ckpt: 50MB at 16:22:34
[2026-09-08 16:22:49] PID: 22392 | WS: 118.83 MB (dWS: 7.28 MB) | Commit: 120.36 MB (dPM: 7.2 MB) | VM: 4329.31 MB | CPU: 32757s | SysFreeVM: 104069 MB | No ckpt change
[2026-09-08 16:22:59] PID: 22392 | WS: 118.83 MB (dWS: 7.28 MB) | Commit: 120.36 MB (dPM: 7.2 MB) | VM: 4329.31 MB | CPU: 32767.2s | SysFreeVM: 104071 MB | No ckpt change
[2026-09-08 16:23:09] PID: 22392 | WS: 118.83 MB (dWS: 7.28 MB) | Commit: 120.36 MB (dPM: 7.2 MB) | VM: 4329.31 MB | CPU: 32777.4s | SysFreeVM: 104048 MB | No ckpt change
[2026-09-08 16:23:19] PID: 22392 | WS: 118.83 MB (dWS: 7.28 MB) | Commit: 120.36 MB (dPM: 7.2 MB) | VM: 4329.31 MB | CPU: 32787.6s | SysFreeVM: 103989 MB | Ckpt: 50MB at 16:23:17
[2026-09-08 16:23:29] PID: 22392 | WS: 118.83 MB (dWS: 7.28 MB) | Commit: 120.36 MB (dPM: 7.2 MB) | VM: 4329.31 MB | CPU: 32797.8s | SysFreeVM: 104012 MB | No ckpt change
[2026-09-08 16:23:40] PID: 22392 | WS: 118.83 MB (dWS: 7.28 MB) | Commit: 120.36 MB (dPM: 7.2 MB) | VM: 4329.31 MB | CPU: 32807.9s | SysFreeVM: 103986 MB | No ckpt change
[2026-09-08 16:23:50] PID: 22392 | WS: 118.83 MB (dWS: 7.28 MB) | Commit: 120.36 MB (dPM: 7.2 MB) | VM: 4329.31 MB | CPU: 32818.1s | SysFreeVM: 104038 MB | No ckpt change
[2026-09-08 16:24:00] PID: 22392 | WS: 118.83 MB (dWS: 7.28 MB) | Commit: 120.36 MB (dPM: 7.2 MB) | VM: 4329.31 MB | CPU: 32828.3s | SysFreeVM: 104029 MB | Ckpt: 50MB at 16:23:59
[2026-09-08 16:24:10] PID: 22392 | WS: 118.83 MB (dWS: 7.28 MB) | Commit: 120.36 MB (dPM: 7.2 MB) | VM: 4329.31 MB | CPU: 32838.5s | SysFreeVM: 104053 MB | No ckpt change
[2026-09-08 16:24:21] PID: 22392 | WS: 118.83 MB (dWS: 7.28 MB) | Commit: 120.36 MB (dPM: 7.2 MB) | VM: 4329.31 MB | CPU: 32848.7s | SysFreeVM: 104020 MB | No ckpt change
[2026-09-08 16:24:31] PID: 22392 | WS: 118.83 MB (dWS: 7.28 MB) | Commit: 120.36 MB (dPM: 7.2 MB) | VM: 4329.31 MB | CPU: 32858.9s | SysFreeVM: 103988 MB | No ckpt change
[2026-09-08 16:24:41] PID: 22392 | WS: 118.83 MB (dWS: 7.28 MB) | Commit: 120.36 MB (dPM: 7.2 MB) | VM: 4329.31 MB | CPU: 32869.1s | SysFreeVM: 104026 MB | No ckpt change
[2026-09-08 16:24:51] PID: 22392 | WS: 118.83 MB (dWS: 7.28 MB) | Commit: 120.36 MB (dPM: 7.2 MB) | VM: 4329.31 MB | CPU: 32879.2s | SysFreeVM: 104001 MB | Ckpt: 50MB at 16:24:42
[2026-09-08 16:25:02] PID: 22392 | WS: 118.83 MB (dWS: 7.28 MB) | Commit: 120.36 MB (dPM: 7.2 MB) | VM: 4329.31 MB | CPU: 32889.4s | SysFreeVM: 104062 MB | No ckpt change
[2026-09-08 16:25:12] PID: 22392 | WS: 118.83 MB (dWS: 7.28 MB) | Commit: 120.36 MB (dPM: 7.2 MB) | VM: 4329.31 MB | CPU: 32899.6s | SysFreeVM: 104056 MB | No ckpt change
[2026-09-08 16:25:22] PID: 22392 | WS: 118.83 MB (dWS: 7.28 MB) | Commit: 120.36 MB (dPM: 7.2 MB) | VM: 4329.31 MB | CPU: 32909.8s | SysFreeVM: 104042 MB | No ckpt change
[2026-09-08 16:25:32] PID: 22392 | WS: 118.83 MB (dWS: 7.28 MB) | Commit: 120.36 MB (dPM: 7.2 MB) | VM: 4329.31 MB | CPU: 32919.9s | SysFreeVM: 104051 MB | Ckpt: 50MB at 16:25:24
[2026-09-08 16:25:43] PID: 22392 | WS: 118.83 MB (dWS: 7.28 MB) | Commit: 120.36 MB (dPM: 7.2 MB) | VM: 4329.31 MB | CPU: 32930.2s | SysFreeVM: 104062 MB | No ckpt change
[2026-09-08 16:25:53] PID: 22392 | WS: 118.83 MB (dWS: 7.28 MB) | Commit: 120.36 MB (dPM: 7.2 MB) | VM: 4329.31 MB | CPU: 32940.3s | SysFreeVM: 104040 MB | No ckpt change
[2026-09-08 16:26:03] PID: 22392 | WS: 118.83 MB (dWS: 7.28 MB) | Commit: 120.36 MB (dPM: 7.2 MB) | VM: 4329.31 MB | CPU: 32950.5s | SysFreeVM: 104035 MB | No ckpt change
[2026-09-08 16:26:13] PID: 22392 | WS: 118.83 MB (dWS: 7.28 MB) | Commit: 120.36 MB (dPM: 7.2 MB) | VM: 4329.31 MB | CPU: 32960.7s | SysFreeVM: 103982 MB | Ckpt: 50MB at 16:26:07
[2026-09-08 16:26:24] PID: 22392 | WS: 118.83 MB (dWS: 7.28 MB) | Commit: 120.36 MB (dPM: 7.2 MB) | VM: 4329.31 MB | CPU: 32970.9s | SysFreeVM: 104070 MB | No ckpt change
[2026-09-08 16:26:34] PID: 22392 | WS: 118.83 MB (dWS: 7.28 MB) | Commit: 120.36 MB (dPM: 7.2 MB) | VM: 4329.31 MB | CPU: 32981.1s | SysFreeVM: 104067 MB | No ckpt change
[2026-09-08 16:26:44] PID: 22392 | WS: 118.83 MB (dWS: 7.28 MB) | Commit: 120.36 MB (dPM: 7.2 MB) | VM: 4329.31 MB | CPU: 32991.3s | SysFreeVM: 104045 MB | No ckpt change
[2026-09-08 16:26:54] PID: 22392 | WS: 118.83 MB (dWS: 7.28 MB) | Commit: 120.36 MB (dPM: 7.2 MB) | VM: 4329.31 MB | CPU: 33001.4s | SysFreeVM: 104036 MB | Ckpt: 50MB at 16:26:49
[2026-09-08 16:27:05] PID: 22392 | WS: 118.83 MB (dWS: 7.28 MB) | Commit: 120.36 MB (dPM: 7.2 MB) | VM: 4329.31 MB | CPU: 33011.6s | SysFreeVM: 104037 MB | No ckpt change
[2026-09-08 16:27:15] PID: 22392 | WS: 118.83 MB (dWS: 7.28 MB) | Commit: 120.36 MB (dPM: 7.2 MB) | VM: 4329.31 MB | CPU: 33021.8s | SysFreeVM: 104008 MB | No ckpt change
[2026-09-08 16:27:25] PID: 22392 | WS: 118.83 MB (dWS: 7.28 MB) | Commit: 120.36 MB (dPM: 7.2 MB) | VM: 4329.31 MB | CPU: 33032s | SysFreeVM: 104010 MB | No ckpt change
[2026-09-08 16:27:35] PID: 22392 | WS: 118.83 MB (dWS: 7.28 MB) | Commit: 120.36 MB (dPM: 7.2 MB) | VM: 4329.31 MB | CPU: 33042.2s | SysFreeVM: 104036 MB | Ckpt: 50MB at 16:27:32
[2026-09-08 16:27:46] PID: 22392 | WS: 118.83 MB (dWS: 7.28 MB) | Commit: 120.36 MB (dPM: 7.2 MB) | VM: 4329.31 MB | CPU: 33052.4s | SysFreeVM: 104023 MB | No ckpt change
[2026-09-08 16:27:56] PID: 22392 | WS: 118.83 MB (dWS: 7.28 MB) | Commit: 120.36 MB (dPM: 7.2 MB) | VM: 4329.31 MB | CPU: 33062.6s | SysFreeVM: 104014 MB | No ckpt change
[2026-09-08 16:28:06] PID: 22392 | WS: 118.83 MB (dWS: 7.28 MB) | Commit: 120.36 MB (dPM: 7.2 MB) | VM: 4329.31 MB | CPU: 33072.8s | SysFreeVM: 104026 MB | No ckpt change
[2026-09-08 16:28:16] PID: 22392 | WS: 118.87 MB (dWS: 7.32 MB) | Commit: 120.43 MB (dPM: 7.27 MB) | VM: 4329.31 MB | CPU: 33082.9s | SysFreeVM: 104012 MB | Ckpt: 50MB at 16:28:14
[2026-09-08 16:28:26] PID: 22392 | WS: 118.87 MB (dWS: 7.32 MB) | Commit: 120.43 MB (dPM: 7.27 MB) | VM: 4329.31 MB | CPU: 33093s | SysFreeVM: 103986 MB | No ckpt change
[2026-09-08 16:28:37] PID: 22392 | WS: 118.87 MB (dWS: 7.32 MB) | Commit: 120.43 MB (dPM: 7.27 MB) | VM: 4329.31 MB | CPU: 33103.2s | SysFreeVM: 104010 MB | No ckpt change
[2026-09-08 16:28:47] PID: 22392 | WS: 118.87 MB (dWS: 7.32 MB) | Commit: 120.43 MB (dPM: 7.27 MB) | VM: 4329.31 MB | CPU: 33113.4s | SysFreeVM: 104031 MB | No ckpt change
[2026-09-08 16:28:57] PID: 22392 | WS: 118.87 MB (dWS: 7.32 MB) | Commit: 120.43 MB (dPM: 7.27 MB) | VM: 4329.31 MB | CPU: 33123.5s | SysFreeVM: 104056 MB | Ckpt: 50MB at 16:28:56
[2026-09-08 16:29:07] PID: 22392 | WS: 118.87 MB (dWS: 7.32 MB) | Commit: 120.43 MB (dPM: 7.27 MB) | VM: 4329.31 MB | CPU: 33133.7s | SysFreeVM: 104035 MB | No ckpt change
[2026-09-08 16:29:18] PID: 22392 | WS: 118.87 MB (dWS: 7.32 MB) | Commit: 120.43 MB (dPM: 7.27 MB) | VM: 4329.31 MB | CPU: 33143.9s | SysFreeVM: 104048 MB | No ckpt change
[2026-09-08 16:29:28] PID: 22392 | WS: 118.87 MB (dWS: 7.32 MB) | Commit: 120.43 MB (dPM: 7.27 MB) | VM: 4329.31 MB | CPU: 33154.1s | SysFreeVM: 104004 MB | No ckpt change
[2026-09-08 16:29:38] PID: 22392 | WS: 118.87 MB (dWS: 7.32 MB) | Commit: 120.43 MB (dPM: 7.27 MB) | VM: 4329.31 MB | CPU: 33164.3s | SysFreeVM: 104011 MB | No ckpt change
[2026-09-08 16:29:48] PID: 22392 | WS: 118.87 MB (dWS: 7.32 MB) | Commit: 120.43 MB (dPM: 7.27 MB) | VM: 4329.31 MB | CPU: 33174.5s | SysFreeVM: 104006 MB | Ckpt: 50MB at 16:29:39
[2026-09-08 16:29:59] PID: 22392 | WS: 118.87 MB (dWS: 7.32 MB) | Commit: 120.43 MB (dPM: 7.27 MB) | VM: 4329.31 MB | CPU: 33184.6s | SysFreeVM: 103998 MB | No ckpt change
[2026-09-08 16:30:09] PID: 22392 | WS: 118.87 MB (dWS: 7.32 MB) | Commit: 120.43 MB (dPM: 7.27 MB) | VM: 4329.31 MB | CPU: 33194.8s | SysFreeVM: 104074 MB | No ckpt change
[2026-09-08 16:30:19] PID: 22392 | WS: 118.87 MB (dWS: 7.32 MB) | Commit: 120.43 MB (dPM: 7.27 MB) | VM: 4329.31 MB | CPU: 33205s | SysFreeVM: 104072 MB | No ckpt change
[2026-09-08 16:30:29] PID: 22392 | WS: 118.87 MB (dWS: 7.32 MB) | Commit: 120.43 MB (dPM: 7.27 MB) | VM: 4329.31 MB | CPU: 33215.2s | SysFreeVM: 104050 MB | Ckpt: 50MB at 16:30:21
[2026-09-08 16:30:40] PID: 22392 | WS: 118.87 MB (dWS: 7.32 MB) | Commit: 120.43 MB (dPM: 7.27 MB) | VM: 4329.31 MB | CPU: 33225.4s | SysFreeVM: 104046 MB | No ckpt change
[2026-09-08 16:30:50] PID: 22392 | WS: 118.87 MB (dWS: 7.32 MB) | Commit: 120.43 MB (dPM: 7.27 MB) | VM: 4329.31 MB | CPU: 33235.5s | SysFreeVM: 104029 MB | No ckpt change
[2026-09-08 16:31:00] PID: 22392 | WS: 118.87 MB (dWS: 7.32 MB) | Commit: 120.43 MB (dPM: 7.27 MB) | VM: 4329.31 MB | CPU: 33245.7s | SysFreeVM: 104012 MB | No ckpt change
[2026-09-08 16:31:10] PID: 22392 | WS: 118.87 MB (dWS: 7.32 MB) | Commit: 120.43 MB (dPM: 7.27 MB) | VM: 4329.31 MB | CPU: 33255.9s | SysFreeVM: 104028 MB | Ckpt: 50MB at 16:31:04
[2026-09-08 16:31:21] PID: 22392 | WS: 118.87 MB (dWS: 7.32 MB) | Commit: 120.43 MB (dPM: 7.27 MB) | VM: 4329.31 MB | CPU: 33266.1s | SysFreeVM: 104070 MB | No ckpt change
[2026-09-08 16:31:31] PID: 22392 | WS: 118.87 MB (dWS: 7.32 MB) | Commit: 120.43 MB (dPM: 7.27 MB) | VM: 4329.31 MB | CPU: 33276.4s | SysFreeVM: 104072 MB | No ckpt change
[2026-09-08 16:31:41] PID: 22392 | WS: 118.87 MB (dWS: 7.32 MB) | Commit: 120.43 MB (dPM: 7.27 MB) | VM: 4329.31 MB | CPU: 33286.6s | SysFreeVM: 104056 MB | No ckpt change
[2026-09-08 16:31:51] PID: 22392 | WS: 118.87 MB (dWS: 7.32 MB) | Commit: 120.43 MB (dPM: 7.27 MB) | VM: 4329.31 MB | CPU: 33296.8s | SysFreeVM: 104064 MB | Ckpt: 50MB at 16:31:46
[2026-09-08 16:32:02] PID: 22392 | WS: 118.87 MB (dWS: 7.32 MB) | Commit: 120.43 MB (dPM: 7.27 MB) | VM: 4329.31 MB | CPU: 33306.9s | SysFreeVM: 104035 MB | No ckpt change
[2026-09-08 16:32:12] PID: 22392 | WS: 118.87 MB (dWS: 7.32 MB) | Commit: 120.43 MB (dPM: 7.27 MB) | VM: 4329.31 MB | CPU: 33317.2s | SysFreeVM: 104032 MB | No ckpt change
[2026-09-08 16:32:22] PID: 22392 | WS: 118.87 MB (dWS: 7.32 MB) | Commit: 120.43 MB (dPM: 7.27 MB) | VM: 4329.31 MB | CPU: 33327.4s | SysFreeVM: 104017 MB | No ckpt change
[2026-09-08 16:32:32] PID: 22392 | WS: 118.87 MB (dWS: 7.32 MB) | Commit: 120.43 MB (dPM: 7.27 MB) | VM: 4329.31 MB | CPU: 33337.4s | SysFreeVM: 104067 MB | Ckpt: 50MB at 16:32:28
[2026-09-08 16:32:43] PID: 22392 | WS: 118.87 MB (dWS: 7.32 MB) | Commit: 120.43 MB (dPM: 7.27 MB) | VM: 4329.31 MB | CPU: 33347.6s | SysFreeVM: 104047 MB | No ckpt change
[2026-09-08 16:32:53] PID: 22392 | WS: 118.87 MB (dWS: 7.32 MB) | Commit: 120.43 MB (dPM: 7.27 MB) | VM: 4329.31 MB | CPU: 33357.7s | SysFreeVM: 104020 MB | No ckpt change
[2026-09-08 16:33:03] PID: 22392 | WS: 118.87 MB (dWS: 7.32 MB) | Commit: 120.43 MB (dPM: 7.27 MB) | VM: 4329.31 MB | CPU: 33368s | SysFreeVM: 104036 MB | No ckpt change
[2026-09-08 16:33:13] PID: 22392 | WS: 118.87 MB (dWS: 7.32 MB) | Commit: 120.43 MB (dPM: 7.27 MB) | VM: 4329.31 MB | CPU: 33378.2s | SysFreeVM: 104032 MB | Ckpt: 50MB at 16:33:11
[2026-09-08 16:33:24] PID: 22392 | WS: 118.87 MB (dWS: 7.32 MB) | Commit: 120.43 MB (dPM: 7.27 MB) | VM: 4329.31 MB | CPU: 33388.3s | SysFreeVM: 104046 MB | No ckpt change
[2026-09-08 16:33:34] PID: 22392 | WS: 118.87 MB (dWS: 7.32 MB) | Commit: 120.43 MB (dPM: 7.27 MB) | VM: 4329.31 MB | CPU: 33398.5s | SysFreeVM: 104036 MB | No ckpt change
[2026-09-08 16:33:44] PID: 22392 | WS: 118.87 MB (dWS: 7.32 MB) | Commit: 120.43 MB (dPM: 7.27 MB) | VM: 4329.31 MB | CPU: 33408.6s | SysFreeVM: 104079 MB | No ckpt change
[2026-09-08 16:33:54] PID: 22392 | WS: 118.87 MB (dWS: 7.32 MB) | Commit: 120.43 MB (dPM: 7.27 MB) | VM: 4329.31 MB | CPU: 33418.8s | SysFreeVM: 104085 MB | Ckpt: 50MB at 16:33:53
[2026-09-08 16:34:04] PID: 22392 | WS: 118.87 MB (dWS: 7.32 MB) | Commit: 120.43 MB (dPM: 7.27 MB) | VM: 4329.31 MB | CPU: 33428.9s | SysFreeVM: 104061 MB | No ckpt change
[2026-09-08 16:34:15] PID: 22392 | WS: 118.87 MB (dWS: 7.32 MB) | Commit: 120.43 MB (dPM: 7.27 MB) | VM: 4329.31 MB | CPU: 33439.1s | SysFreeVM: 104059 MB | No ckpt change
[2026-09-08 16:34:25] PID: 22392 | WS: 118.87 MB (dWS: 7.32 MB) | Commit: 120.43 MB (dPM: 7.27 MB) | VM: 4329.31 MB | CPU: 33449.3s | SysFreeVM: 104031 MB | No ckpt change
[2026-09-08 16:34:35] PID: 22392 | WS: 118.87 MB (dWS: 7.32 MB) | Commit: 120.43 MB (dPM: 7.27 MB) | VM: 4329.31 MB | CPU: 33459.5s | SysFreeVM: 104024 MB | No ckpt change
[2026-09-08 16:34:45] PID: 22392 | WS: 118.87 MB (dWS: 7.32 MB) | Commit: 120.43 MB (dPM: 7.27 MB) | VM: 4329.31 MB | CPU: 33469.6s | SysFreeVM: 103999 MB | Ckpt: 50MB at 16:34:36
[2026-09-08 16:34:56] PID: 22392 | WS: 118.87 MB (dWS: 7.32 MB) | Commit: 120.43 MB (dPM: 7.27 MB) | VM: 4329.31 MB | CPU: 33479.8s | SysFreeVM: 104070 MB | No ckpt change
[2026-09-08 16:35:06] PID: 22392 | WS: 118.87 MB (dWS: 7.32 MB) | Commit: 120.43 MB (dPM: 7.27 MB) | VM: 4329.31 MB | CPU: 33490s | SysFreeVM: 104066 MB | No ckpt change
[2026-09-08 16:35:16] PID: 22392 | WS: 118.87 MB (dWS: 7.32 MB) | Commit: 120.43 MB (dPM: 7.27 MB) | VM: 4329.31 MB | CPU: 33500.1s | SysFreeVM: 104069 MB | No ckpt change
[2026-09-08 16:35:26] PID: 22392 | WS: 118.87 MB (dWS: 7.32 MB) | Commit: 120.43 MB (dPM: 7.27 MB) | VM: 4329.31 MB | CPU: 33510.2s | SysFreeVM: 104074 MB | Ckpt: 50MB at 16:35:18
[2026-09-08 16:35:37] PID: 22392 | WS: 118.87 MB (dWS: 7.32 MB) | Commit: 120.43 MB (dPM: 7.27 MB) | VM: 4329.31 MB | CPU: 33520.4s | SysFreeVM: 104070 MB | No ckpt change
[2026-09-08 16:35:47] PID: 22392 | WS: 118.87 MB (dWS: 7.32 MB) | Commit: 120.43 MB (dPM: 7.27 MB) | VM: 4329.31 MB | CPU: 33530.6s | SysFreeVM: 104041 MB | No ckpt change
[2026-09-08 16:35:57] PID: 22392 | WS: 118.87 MB (dWS: 7.32 MB) | Commit: 120.43 MB (dPM: 7.27 MB) | VM: 4329.31 MB | CPU: 33540.7s | SysFreeVM: 104028 MB | No ckpt change
[2026-09-08 16:36:07] PID: 22392 | WS: 118.87 MB (dWS: 7.32 MB) | Commit: 120.43 MB (dPM: 7.27 MB) | VM: 4329.31 MB | CPU: 33550.9s | SysFreeVM: 104031 MB | Ckpt: 50MB at 16:36:01
[2026-09-08 16:36:17] PID: 22392 | WS: 118.87 MB (dWS: 7.32 MB) | Commit: 120.43 MB (dPM: 7.27 MB) | VM: 4329.31 MB | CPU: 33561s | SysFreeVM: 104078 MB | No ckpt change
[2026-09-08 16:36:28] PID: 22392 | WS: 118.87 MB (dWS: 7.32 MB) | Commit: 120.43 MB (dPM: 7.27 MB) | VM: 4329.31 MB | CPU: 33571.2s | SysFreeVM: 104085 MB | No ckpt change
[2026-09-08 16:36:38] PID: 22392 | WS: 118.87 MB (dWS: 7.32 MB) | Commit: 120.43 MB (dPM: 7.27 MB) | VM: 4329.31 MB | CPU: 33581.4s | SysFreeVM: 104060 MB | No ckpt change
[2026-09-08 16:36:48] PID: 22392 | WS: 118.87 MB (dWS: 7.32 MB) | Commit: 120.43 MB (dPM: 7.27 MB) | VM: 4329.31 MB | CPU: 33591.5s | SysFreeVM: 104065 MB | Ckpt: 50MB at 16:36:43
[2026-09-08 16:36:58] PID: 22392 | WS: 118.87 MB (dWS: 7.32 MB) | Commit: 120.43 MB (dPM: 7.27 MB) | VM: 4329.31 MB | CPU: 33601.7s | SysFreeVM: 104064 MB | No ckpt change
[2026-09-08 16:37:09] PID: 22392 | WS: 118.87 MB (dWS: 7.32 MB) | Commit: 120.43 MB (dPM: 7.27 MB) | VM: 4329.31 MB | CPU: 33611.9s | SysFreeVM: 104032 MB | No ckpt change
[2026-09-08 16:37:19] PID: 22392 | WS: 118.87 MB (dWS: 7.32 MB) | Commit: 120.43 MB (dPM: 7.27 MB) | VM: 4329.31 MB | CPU: 33622s | SysFreeVM: 104027 MB | No ckpt change
[2026-09-08 16:37:29] PID: 22392 | WS: 118.87 MB (dWS: 7.32 MB) | Commit: 120.43 MB (dPM: 7.27 MB) | VM: 4329.31 MB | CPU: 33632.2s | SysFreeVM: 104080 MB | Ckpt: 50MB at 16:37:26
[2026-09-08 16:37:39] PID: 22392 | WS: 118.87 MB (dWS: 7.32 MB) | Commit: 120.43 MB (dPM: 7.27 MB) | VM: 4329.31 MB | CPU: 33642.4s | SysFreeVM: 104071 MB | No ckpt change
[2026-09-08 16:37:50] PID: 22392 | WS: 118.87 MB (dWS: 7.32 MB) | Commit: 120.43 MB (dPM: 7.27 MB) | VM: 4329.31 MB | CPU: 33652.6s | SysFreeVM: 104044 MB | No ckpt change
[2026-09-08 16:38:00] PID: 22392 | WS: 118.87 MB (dWS: 7.32 MB) | Commit: 120.43 MB (dPM: 7.27 MB) | VM: 4329.31 MB | CPU: 33662.8s | SysFreeVM: 104058 MB | No ckpt change
[2026-09-08 16:38:10] PID: 22392 | WS: 118.93 MB (dWS: 7.38 MB) | Commit: 120.5 MB (dPM: 7.34 MB) | VM: 4329.31 MB | CPU: 33672.9s | SysFreeVM: 104035 MB | Ckpt: 50MB at 16:38:08
[2026-09-08 16:38:20] PID: 22392 | WS: 118.93 MB (dWS: 7.38 MB) | Commit: 120.5 MB (dPM: 7.34 MB) | VM: 4329.31 MB | CPU: 33683.2s | SysFreeVM: 104021 MB | No ckpt change
[2026-09-08 16:38:31] PID: 22392 | WS: 118.93 MB (dWS: 7.38 MB) | Commit: 120.5 MB (dPM: 7.34 MB) | VM: 4329.31 MB | CPU: 33693.4s | SysFreeVM: 104049 MB | No ckpt change
[2026-09-08 16:38:41] PID: 22392 | WS: 118.93 MB (dWS: 7.38 MB) | Commit: 120.5 MB (dPM: 7.34 MB) | VM: 4329.31 MB | CPU: 33703.6s | SysFreeVM: 104050 MB | No ckpt change
[2026-09-08 16:38:51] PID: 22392 | WS: 118.93 MB (dWS: 7.38 MB) | Commit: 120.5 MB (dPM: 7.34 MB) | VM: 4329.31 MB | CPU: 33713.7s | SysFreeVM: 104077 MB | Ckpt: 50MB at 16:38:51
[2026-09-08 16:39:01] PID: 22392 | WS: 118.93 MB (dWS: 7.38 MB) | Commit: 120.5 MB (dPM: 7.34 MB) | VM: 4329.31 MB | CPU: 33723.9s | SysFreeVM: 104064 MB | No ckpt change
[2026-09-08 16:39:12] PID: 22392 | WS: 118.93 MB (dWS: 7.38 MB) | Commit: 120.5 MB (dPM: 7.34 MB) | VM: 4329.31 MB | CPU: 33734.1s | SysFreeVM: 104064 MB | No ckpt change
[2026-09-08 16:39:22] PID: 22392 | WS: 118.93 MB (dWS: 7.38 MB) | Commit: 120.5 MB (dPM: 7.34 MB) | VM: 4329.31 MB | CPU: 33744.3s | SysFreeVM: 104051 MB | No ckpt change
[2026-09-08 16:39:32] PID: 22392 | WS: 118.93 MB (dWS: 7.38 MB) | Commit: 120.5 MB (dPM: 7.34 MB) | VM: 4329.31 MB | CPU: 33754.5s | SysFreeVM: 104016 MB | No ckpt change
[2026-09-08 16:39:42] PID: 22392 | WS: 118.93 MB (dWS: 7.38 MB) | Commit: 120.5 MB (dPM: 7.34 MB) | VM: 4329.31 MB | CPU: 33764.7s | SysFreeVM: 103995 MB | Ckpt: 50MB at 16:39:33
[2026-09-08 16:39:53] PID: 22392 | WS: 118.93 MB (dWS: 7.38 MB) | Commit: 120.5 MB (dPM: 7.34 MB) | VM: 4329.31 MB | CPU: 33774.9s | SysFreeVM: 103984 MB | No ckpt change
[2026-09-08 16:40:03] PID: 22392 | WS: 118.93 MB (dWS: 7.38 MB) | Commit: 120.5 MB (dPM: 7.34 MB) | VM: 4329.31 MB | CPU: 33785s | SysFreeVM: 104077 MB | No ckpt change
[2026-09-08 16:40:13] PID: 22392 | WS: 118.93 MB (dWS: 7.38 MB) | Commit: 120.5 MB (dPM: 7.34 MB) | VM: 4329.31 MB | CPU: 33795.1s | SysFreeVM: 104084 MB | No ckpt change
[2026-09-08 16:40:23] PID: 22392 | WS: 118.93 MB (dWS: 7.38 MB) | Commit: 120.5 MB (dPM: 7.34 MB) | VM: 4329.31 MB | CPU: 33805.2s | SysFreeVM: 104060 MB | Ckpt: 50MB at 16:40:16
[2026-09-08 16:40:33] PID: 22392 | WS: 118.93 MB (dWS: 7.38 MB) | Commit: 120.5 MB (dPM: 7.34 MB) | VM: 4329.31 MB | CPU: 33815.4s | SysFreeVM: 104053 MB | No ckpt change
[2026-09-08 16:40:44] PID: 22392 | WS: 118.93 MB (dWS: 7.38 MB) | Commit: 120.5 MB (dPM: 7.34 MB) | VM: 4329.31 MB | CPU: 33825.6s | SysFreeVM: 104052 MB | No ckpt change
[2026-09-08 16:40:54] PID: 22392 | WS: 118.93 MB (dWS: 7.38 MB) | Commit: 120.5 MB (dPM: 7.34 MB) | VM: 4329.31 MB | CPU: 33835.8s | SysFreeVM: 104035 MB | No ckpt change
[2026-09-08 16:41:04] PID: 22392 | WS: 118.93 MB (dWS: 7.38 MB) | Commit: 120.5 MB (dPM: 7.34 MB) | VM: 4329.31 MB | CPU: 33846s | SysFreeVM: 104011 MB | Ckpt: 50MB at 16:40:58
[2026-09-08 16:41:14] PID: 22392 | WS: 118.93 MB (dWS: 7.38 MB) | Commit: 120.5 MB (dPM: 7.34 MB) | VM: 4329.31 MB | CPU: 33856.2s | SysFreeVM: 104014 MB | No ckpt change
[2026-09-08 16:41:25] PID: 22392 | WS: 118.93 MB (dWS: 7.38 MB) | Commit: 120.5 MB (dPM: 7.34 MB) | VM: 4329.31 MB | CPU: 33866.5s | SysFreeVM: 103859 MB | No ckpt change
[2026-09-08 16:41:35] PID: 22392 | WS: 118.93 MB (dWS: 7.38 MB) | Commit: 120.5 MB (dPM: 7.34 MB) | VM: 4329.31 MB | CPU: 33876.7s | SysFreeVM: 103811 MB | No ckpt change
[2026-09-08 16:41:45] PID: 22392 | WS: 118.93 MB (dWS: 7.38 MB) | Commit: 120.5 MB (dPM: 7.34 MB) | VM: 4329.31 MB | CPU: 33886.9s | SysFreeVM: 103977 MB | Ckpt: 50MB at 16:41:41
[2026-09-08 16:41:55] PID: 22392 | WS: 118.93 MB (dWS: 7.38 MB) | Commit: 120.5 MB (dPM: 7.34 MB) | VM: 4329.31 MB | CPU: 33897.1s | SysFreeVM: 103739 MB | No ckpt change
[2026-09-08 16:42:06] PID: 22392 | WS: 118.93 MB (dWS: 7.38 MB) | Commit: 120.5 MB (dPM: 7.34 MB) | VM: 4329.31 MB | CPU: 33907.4s | SysFreeVM: 103732 MB | No ckpt change
[2026-09-08 16:42:16] PID: 22392 | WS: 118.93 MB (dWS: 7.38 MB) | Commit: 120.5 MB (dPM: 7.34 MB) | VM: 4329.31 MB | CPU: 33917.6s | SysFreeVM: 103711 MB | No ckpt change
[2026-09-08 16:42:26] PID: 22392 | WS: 118.93 MB (dWS: 7.38 MB) | Commit: 120.5 MB (dPM: 7.34 MB) | VM: 4329.31 MB | CPU: 33927.8s | SysFreeVM: 103746 MB | Ckpt: 50MB at 16:42:23
[2026-09-08 16:42:36] PID: 22392 | WS: 118.93 MB (dWS: 7.38 MB) | Commit: 120.5 MB (dPM: 7.34 MB) | VM: 4329.31 MB | CPU: 33937.9s | SysFreeVM: 103744 MB | No ckpt change
[2026-09-08 16:42:47] PID: 22392 | WS: 118.93 MB (dWS: 7.38 MB) | Commit: 120.5 MB (dPM: 7.34 MB) | VM: 4329.31 MB | CPU: 33948.2s | SysFreeVM: 104053 MB | No ckpt change
[2026-09-08 16:42:57] PID: 22392 | WS: 118.93 MB (dWS: 7.38 MB) | Commit: 120.5 MB (dPM: 7.34 MB) | VM: 4329.31 MB | CPU: 33958.4s | SysFreeVM: 104040 MB | No ckpt change
[2026-09-08 16:43:07] PID: 22392 | WS: 118.93 MB (dWS: 7.38 MB) | Commit: 120.5 MB (dPM: 7.34 MB) | VM: 4329.31 MB | CPU: 33968.6s | SysFreeVM: 104056 MB | Ckpt: 50MB at 16:43:06
[2026-09-08 16:43:17] PID: 22392 | WS: 118.93 MB (dWS: 7.38 MB) | Commit: 120.5 MB (dPM: 7.34 MB) | VM: 4329.31 MB | CPU: 33978.8s | SysFreeVM: 104041 MB | No ckpt change
[2026-09-08 16:43:28] PID: 22392 | WS: 118.93 MB (dWS: 7.38 MB) | Commit: 120.5 MB (dPM: 7.34 MB) | VM: 4329.31 MB | CPU: 33989s | SysFreeVM: 103993 MB | No ckpt change
[2026-09-08 16:43:38] PID: 22392 | WS: 118.93 MB (dWS: 7.38 MB) | Commit: 120.5 MB (dPM: 7.34 MB) | VM: 4329.31 MB | CPU: 33999.2s | SysFreeVM: 104075 MB | No ckpt change
[2026-09-08 16:43:48] PID: 22392 | WS: 118.93 MB (dWS: 7.38 MB) | Commit: 120.5 MB (dPM: 7.34 MB) | VM: 4329.31 MB | CPU: 34009.4s | SysFreeVM: 104065 MB | No ckpt change
[2026-09-08 16:43:58] PID: 22392 | WS: 118.93 MB (dWS: 7.38 MB) | Commit: 120.5 MB (dPM: 7.34 MB) | VM: 4329.31 MB | CPU: 34019.6s | SysFreeVM: 104048 MB | Ckpt: 50MB at 16:43:49
[2026-09-08 16:44:09] PID: 22392 | WS: 118.93 MB (dWS: 7.38 MB) | Commit: 120.5 MB (dPM: 7.34 MB) | VM: 4329.31 MB | CPU: 34029.7s | SysFreeVM: 104051 MB | No ckpt change
[2026-09-08 16:44:19] PID: 22392 | WS: 118.93 MB (dWS: 7.38 MB) | Commit: 120.5 MB (dPM: 7.34 MB) | VM: 4329.31 MB | CPU: 34040s | SysFreeVM: 104049 MB | No ckpt change
[2026-09-08 16:44:29] PID: 22392 | WS: 118.93 MB (dWS: 7.38 MB) | Commit: 120.5 MB (dPM: 7.34 MB) | VM: 4329.31 MB | CPU: 34050.2s | SysFreeVM: 103991 MB | No ckpt change
[2026-09-08 16:44:39] PID: 22392 | WS: 118.93 MB (dWS: 7.38 MB) | Commit: 120.5 MB (dPM: 7.34 MB) | VM: 4329.31 MB | CPU: 34060.4s | SysFreeVM: 103973 MB | Ckpt: 50MB at 16:44:31
[2026-09-08 16:44:50] PID: 22392 | WS: 118.93 MB (dWS: 7.38 MB) | Commit: 120.5 MB (dPM: 7.34 MB) | VM: 4329.31 MB | CPU: 34070.6s | SysFreeVM: 104016 MB | No ckpt change
[2026-09-08 16:45:00] PID: 22392 | WS: 118.93 MB (dWS: 7.38 MB) | Commit: 120.5 MB (dPM: 7.34 MB) | VM: 4329.31 MB | CPU: 34080.8s | SysFreeVM: 104020 MB | No ckpt change
[2026-09-08 16:45:10] PID: 22392 | WS: 118.93 MB (dWS: 7.38 MB) | Commit: 120.5 MB (dPM: 7.34 MB) | VM: 4329.31 MB | CPU: 34090.9s | SysFreeVM: 104044 MB | No ckpt change
[2026-09-08 16:45:20] PID: 22392 | WS: 118.93 MB (dWS: 7.38 MB) | Commit: 120.5 MB (dPM: 7.34 MB) | VM: 4329.31 MB | CPU: 34101.1s | SysFreeVM: 104034 MB | Ckpt: 50MB at 16:45:13
[2026-09-08 16:45:31] PID: 22392 | WS: 118.93 MB (dWS: 7.38 MB) | Commit: 120.5 MB (dPM: 7.34 MB) | VM: 4329.31 MB | CPU: 34111.3s | SysFreeVM: 104035 MB | No ckpt change
[2026-09-08 16:45:41] PID: 22392 | WS: 118.93 MB (dWS: 7.38 MB) | Commit: 120.5 MB (dPM: 7.34 MB) | VM: 4329.31 MB | CPU: 34121.5s | SysFreeVM: 104034 MB | No ckpt change
[2026-09-08 16:45:51] PID: 22392 | WS: 118.93 MB (dWS: 7.38 MB) | Commit: 120.5 MB (dPM: 7.34 MB) | VM: 4329.31 MB | CPU: 34131.7s | SysFreeVM: 104029 MB | No ckpt change
[2026-09-08 16:46:01] PID: 22392 | WS: 118.93 MB (dWS: 7.38 MB) | Commit: 120.5 MB (dPM: 7.34 MB) | VM: 4329.31 MB | CPU: 34141.8s | SysFreeVM: 104056 MB | Ckpt: 50MB at 16:45:56
[2026-09-08 16:46:12] PID: 22392 | WS: 118.93 MB (dWS: 7.38 MB) | Commit: 120.5 MB (dPM: 7.34 MB) | VM: 4329.31 MB | CPU: 34152s | SysFreeVM: 104053 MB | No ckpt change
[2026-09-08 16:46:22] PID: 22392 | WS: 118.93 MB (dWS: 7.38 MB) | Commit: 120.5 MB (dPM: 7.34 MB) | VM: 4329.31 MB | CPU: 34162.2s | SysFreeVM: 104016 MB | No ckpt change
[2026-09-08 16:46:32] PID: 22392 | WS: 118.93 MB (dWS: 7.38 MB) | Commit: 120.5 MB (dPM: 7.34 MB) | VM: 4329.31 MB | CPU: 34172.4s | SysFreeVM: 104019 MB | No ckpt change
[2026-09-08 16:46:42] PID: 22392 | WS: 118.93 MB (dWS: 7.38 MB) | Commit: 120.5 MB (dPM: 7.34 MB) | VM: 4329.31 MB | CPU: 34182.6s | SysFreeVM: 104014 MB | Ckpt: 50MB at 16:46:38
[2026-09-08 16:46:53] PID: 22392 | WS: 118.93 MB (dWS: 7.38 MB) | Commit: 120.5 MB (dPM: 7.34 MB) | VM: 4329.31 MB | CPU: 34192.7s | SysFreeVM: 104008 MB | No ckpt change
[2026-09-08 16:47:03] PID: 22392 | WS: 118.93 MB (dWS: 7.38 MB) | Commit: 120.5 MB (dPM: 7.34 MB) | VM: 4329.31 MB | CPU: 34202.9s | SysFreeVM: 103976 MB | No ckpt change
[2026-09-08 16:47:13] PID: 22392 | WS: 118.93 MB (dWS: 7.38 MB) | Commit: 120.5 MB (dPM: 7.34 MB) | VM: 4329.31 MB | CPU: 34213.1s | SysFreeVM: 104055 MB | No ckpt change
[2026-09-08 16:47:23] PID: 22392 | WS: 118.93 MB (dWS: 7.38 MB) | Commit: 120.5 MB (dPM: 7.34 MB) | VM: 4329.31 MB | CPU: 34223.3s | SysFreeVM: 104012 MB | Ckpt: 50MB at 16:47:21
[2026-09-08 16:47:34] PID: 22392 | WS: 118.93 MB (dWS: 7.38 MB) | Commit: 120.5 MB (dPM: 7.34 MB) | VM: 4329.31 MB | CPU: 34233.5s | SysFreeVM: 104011 MB | No ckpt change
[2026-09-08 16:47:44] PID: 22392 | WS: 118.93 MB (dWS: 7.38 MB) | Commit: 120.5 MB (dPM: 7.34 MB) | VM: 4329.31 MB | CPU: 34243.7s | SysFreeVM: 104022 MB | No ckpt change
[2026-09-08 16:47:54] PID: 22392 | WS: 118.93 MB (dWS: 7.38 MB) | Commit: 120.5 MB (dPM: 7.34 MB) | VM: 4329.31 MB | CPU: 34253.9s | SysFreeVM: 104031 MB | No ckpt change
[2026-09-08 16:48:04] PID: 22392 | WS: 118.93 MB (dWS: 7.38 MB) | Commit: 120.5 MB (dPM: 7.34 MB) | VM: 4329.31 MB | CPU: 34264.2s | SysFreeVM: 104022 MB | Ckpt: 50MB at 16:48:03
[2026-09-08 16:48:15] PID: 22392 | WS: 118.93 MB (dWS: 7.38 MB) | Commit: 120.5 MB (dPM: 7.34 MB) | VM: 4329.31 MB | CPU: 34274.3s | SysFreeVM: 104010 MB | No ckpt change
[2026-09-08 16:48:25] PID: 22392 | WS: 118.93 MB (dWS: 7.38 MB) | Commit: 120.5 MB (dPM: 7.34 MB) | VM: 4329.31 MB | CPU: 34284.5s | SysFreeVM: 104045 MB | No ckpt change
[2026-09-08 16:48:35] PID: 22392 | WS: 118.93 MB (dWS: 7.38 MB) | Commit: 120.5 MB (dPM: 7.34 MB) | VM: 4329.31 MB | CPU: 34294.8s | SysFreeVM: 104068 MB | No ckpt change
[2026-09-08 16:48:45] PID: 22392 | WS: 118.93 MB (dWS: 7.38 MB) | Commit: 120.5 MB (dPM: 7.34 MB) | VM: 4329.31 MB | CPU: 34304.9s | SysFreeVM: 104050 MB | No ckpt change
[2026-09-08 16:48:56] PID: 22392 | WS: 118.99 MB (dWS: 7.44 MB) | Commit: 120.56 MB (dPM: 7.4 MB) | VM: 4329.31 MB | CPU: 34315.1s | SysFreeVM: 104040 MB | Ckpt: 50MB at 16:48:46
[2026-09-08 16:49:06] PID: 22392 | WS: 118.99 MB (dWS: 7.44 MB) | Commit: 120.56 MB (dPM: 7.4 MB) | VM: 4329.31 MB | CPU: 34325.3s | SysFreeVM: 104061 MB | No ckpt change
[2026-09-08 16:49:16] PID: 22392 | WS: 118.99 MB (dWS: 7.44 MB) | Commit: 120.56 MB (dPM: 7.4 MB) | VM: 4329.31 MB | CPU: 34335.5s | SysFreeVM: 104012 MB | No ckpt change
[2026-09-08 16:49:26] PID: 22392 | WS: 118.99 MB (dWS: 7.44 MB) | Commit: 120.56 MB (dPM: 7.4 MB) | VM: 4329.31 MB | CPU: 34345.7s | SysFreeVM: 104014 MB | No ckpt change
[2026-09-08 16:49:37] PID: 22392 | WS: 118.99 MB (dWS: 7.44 MB) | Commit: 120.56 MB (dPM: 7.4 MB) | VM: 4329.31 MB | CPU: 34355.9s | SysFreeVM: 104029 MB | Ckpt: 50MB at 16:49:28
[2026-09-08 16:49:47] PID: 22392 | WS: 118.99 MB (dWS: 7.44 MB) | Commit: 120.56 MB (dPM: 7.4 MB) | VM: 4329.31 MB | CPU: 34366.1s | SysFreeVM: 104048 MB | No ckpt change
[2026-09-08 16:49:57] PID: 22392 | WS: 118.99 MB (dWS: 7.44 MB) | Commit: 120.56 MB (dPM: 7.4 MB) | VM: 4329.31 MB | CPU: 34376.3s | SysFreeVM: 104039 MB | No ckpt change
[2026-09-08 16:50:07] PID: 22392 | WS: 118.99 MB (dWS: 7.44 MB) | Commit: 120.56 MB (dPM: 7.4 MB) | VM: 4329.31 MB | CPU: 34386.4s | SysFreeVM: 104035 MB | No ckpt change
[2026-09-08 16:50:18] PID: 22392 | WS: 118.99 MB (dWS: 7.44 MB) | Commit: 120.56 MB (dPM: 7.4 MB) | VM: 4329.31 MB | CPU: 34396.6s | SysFreeVM: 104018 MB | Ckpt: 50MB at 16:50:11
[2026-09-08 16:50:28] PID: 22392 | WS: 118.99 MB (dWS: 7.44 MB) | Commit: 120.56 MB (dPM: 7.4 MB) | VM: 4329.31 MB | CPU: 34406.8s | SysFreeVM: 104035 MB | No ckpt change
[2026-09-08 16:50:38] PID: 22392 | WS: 118.99 MB (dWS: 7.44 MB) | Commit: 120.56 MB (dPM: 7.4 MB) | VM: 4329.31 MB | CPU: 34417s | SysFreeVM: 104005 MB | No ckpt change
[2026-09-08 16:50:48] PID: 22392 | WS: 118.99 MB (dWS: 7.44 MB) | Commit: 120.56 MB (dPM: 7.4 MB) | VM: 4329.31 MB | CPU: 34427.2s | SysFreeVM: 104079 MB | No ckpt change
[2026-09-08 16:50:59] PID: 22392 | WS: 119 MB (dWS: 7.45 MB) | Commit: 120.56 MB (dPM: 7.4 MB) | VM: 4329.31 MB | CPU: 34437.4s | SysFreeVM: 104021 MB | Ckpt: 50MB at 16:50:53
[2026-09-08 16:51:09] PID: 22392 | WS: 119 MB (dWS: 7.45 MB) | Commit: 120.56 MB (dPM: 7.4 MB) | VM: 4329.31 MB | CPU: 34447.5s | SysFreeVM: 104029 MB | No ckpt change
[2026-09-08 16:51:19] PID: 22392 | WS: 119 MB (dWS: 7.45 MB) | Commit: 120.56 MB (dPM: 7.4 MB) | VM: 4329.31 MB | CPU: 34457.7s | SysFreeVM: 104022 MB | No ckpt change
[2026-09-08 16:51:29] PID: 22392 | WS: 119 MB (dWS: 7.45 MB) | Commit: 120.56 MB (dPM: 7.4 MB) | VM: 4329.31 MB | CPU: 34467.9s | SysFreeVM: 104043 MB | No ckpt change
[2026-09-08 16:51:40] PID: 22392 | WS: 119 MB (dWS: 7.45 MB) | Commit: 120.56 MB (dPM: 7.4 MB) | VM: 4329.31 MB | CPU: 34478s | SysFreeVM: 104031 MB | Ckpt: 50MB at 16:51:35
[2026-09-08 16:51:50] PID: 22392 | WS: 119 MB (dWS: 7.45 MB) | Commit: 120.56 MB (dPM: 7.4 MB) | VM: 4329.31 MB | CPU: 34488.2s | SysFreeVM: 104066 MB | No ckpt change
[2026-09-08 16:52:00] PID: 22392 | WS: 119 MB (dWS: 7.45 MB) | Commit: 120.56 MB (dPM: 7.4 MB) | VM: 4329.31 MB | CPU: 34498.3s | SysFreeVM: 104071 MB | No ckpt change
[2026-09-08 16:52:10] PID: 22392 | WS: 119 MB (dWS: 7.45 MB) | Commit: 120.56 MB (dPM: 7.4 MB) | VM: 4329.31 MB | CPU: 34508.5s | SysFreeVM: 104050 MB | No ckpt change
[2026-09-08 16:52:21] PID: 22392 | WS: 119 MB (dWS: 7.45 MB) | Commit: 120.56 MB (dPM: 7.4 MB) | VM: 4329.31 MB | CPU: 34518.6s | SysFreeVM: 104038 MB | Ckpt: 50MB at 16:52:18
[2026-09-08 16:52:31] PID: 22392 | WS: 119 MB (dWS: 7.45 MB) | Commit: 120.56 MB (dPM: 7.4 MB) | VM: 4329.31 MB | CPU: 34528.8s | SysFreeVM: 104038 MB | No ckpt change
[2026-09-08 16:52:41] PID: 22392 | WS: 119 MB (dWS: 7.45 MB) | Commit: 120.56 MB (dPM: 7.4 MB) | VM: 4329.31 MB | CPU: 34539.1s | SysFreeVM: 104027 MB | No ckpt change
[2026-09-08 16:52:51] PID: 22392 | WS: 119 MB (dWS: 7.45 MB) | Commit: 120.56 MB (dPM: 7.4 MB) | VM: 4329.31 MB | CPU: 34549.3s | SysFreeVM: 104032 MB | No ckpt change
[2026-09-08 16:53:02] PID: 22392 | WS: 119 MB (dWS: 7.45 MB) | Commit: 120.56 MB (dPM: 7.4 MB) | VM: 4329.31 MB | CPU: 34559.4s | SysFreeVM: 104078 MB | Ckpt: 50MB at 16:53:00
[2026-09-08 16:53:12] PID: 22392 | WS: 119 MB (dWS: 7.45 MB) | Commit: 120.56 MB (dPM: 7.4 MB) | VM: 4329.31 MB | CPU: 34569.6s | SysFreeVM: 104079 MB | No ckpt change
[2026-09-08 16:53:22] PID: 22392 | WS: 119 MB (dWS: 7.45 MB) | Commit: 120.56 MB (dPM: 7.4 MB) | VM: 4329.31 MB | CPU: 34579.8s | SysFreeVM: 104048 MB | No ckpt change
[2026-09-08 16:53:32] PID: 22392 | WS: 119 MB (dWS: 7.45 MB) | Commit: 120.56 MB (dPM: 7.4 MB) | VM: 4329.31 MB | CPU: 34589.9s | SysFreeVM: 104067 MB | No ckpt change
[2026-09-08 16:53:43] PID: 22392 | WS: 119 MB (dWS: 7.45 MB) | Commit: 120.56 MB (dPM: 7.4 MB) | VM: 4329.31 MB | CPU: 34600.2s | SysFreeVM: 104035 MB | No ckpt change
[2026-09-08 16:53:53] PID: 22392 | WS: 119 MB (dWS: 7.45 MB) | Commit: 120.56 MB (dPM: 7.4 MB) | VM: 4329.31 MB | CPU: 34610.3s | SysFreeVM: 104031 MB | Ckpt: 50MB at 16:53:43
[2026-09-08 16:54:03] PID: 22392 | WS: 119 MB (dWS: 7.45 MB) | Commit: 120.56 MB (dPM: 7.4 MB) | VM: 4329.31 MB | CPU: 34620.5s | SysFreeVM: 104003 MB | No ckpt change
[2026-09-08 16:54:13] PID: 22392 | WS: 119 MB (dWS: 7.45 MB) | Commit: 120.56 MB (dPM: 7.4 MB) | VM: 4329.31 MB | CPU: 34630.6s | SysFreeVM: 104060 MB | No ckpt change
[2026-09-08 16:54:24] PID: 22392 | WS: 119 MB (dWS: 7.45 MB) | Commit: 120.56 MB (dPM: 7.4 MB) | VM: 4329.31 MB | CPU: 34640.8s | SysFreeVM: 104049 MB | No ckpt change
[2026-09-08 16:54:34] PID: 22392 | WS: 119 MB (dWS: 7.45 MB) | Commit: 120.56 MB (dPM: 7.4 MB) | VM: 4329.31 MB | CPU: 34651s | SysFreeVM: 103980 MB | Ckpt: 50MB at 16:54:25
[2026-09-08 16:54:44] PID: 22392 | WS: 119 MB (dWS: 7.45 MB) | Commit: 120.56 MB (dPM: 7.4 MB) | VM: 4329.31 MB | CPU: 34661.2s | SysFreeVM: 104025 MB | No ckpt change
[2026-09-08 16:54:54] PID: 22392 | WS: 119 MB (dWS: 7.45 MB) | Commit: 120.56 MB (dPM: 7.4 MB) | VM: 4329.31 MB | CPU: 34671.4s | SysFreeVM: 103987 MB | No ckpt change
[2026-09-08 16:55:05] PID: 22392 | WS: 119 MB (dWS: 7.45 MB) | Commit: 120.56 MB (dPM: 7.4 MB) | VM: 4329.31 MB | CPU: 34681.6s | SysFreeVM: 104017 MB | No ckpt change
[2026-09-08 16:55:15] PID: 22392 | WS: 119.12 MB (dWS: 7.57 MB) | Commit: 120.69 MB (dPM: 7.53 MB) | VM: 4329.31 MB | CPU: 34691.7s | SysFreeVM: 104010 MB | Ckpt: 50MB at 16:55:08
[2026-09-08 16:55:25] PID: 22392 | WS: 119.12 MB (dWS: 7.57 MB) | Commit: 120.69 MB (dPM: 7.53 MB) | VM: 4329.31 MB | CPU: 34701.8s | SysFreeVM: 104060 MB | No ckpt change
[2026-09-08 16:55:35] PID: 22392 | WS: 119.12 MB (dWS: 7.57 MB) | Commit: 120.69 MB (dPM: 7.53 MB) | VM: 4329.31 MB | CPU: 34712s | SysFreeVM: 104079 MB | No ckpt change
[2026-09-08 16:55:45] PID: 22392 | WS: 119.12 MB (dWS: 7.57 MB) | Commit: 120.69 MB (dPM: 7.53 MB) | VM: 4329.31 MB | CPU: 34722.2s | SysFreeVM: 104069 MB | No ckpt change
[2026-09-08 16:55:56] PID: 22392 | WS: 119.12 MB (dWS: 7.57 MB) | Commit: 120.69 MB (dPM: 7.53 MB) | VM: 4329.31 MB | CPU: 34732.3s | SysFreeVM: 103998 MB | Ckpt: 50MB at 16:55:50
[2026-09-08 16:56:06] PID: 22392 | WS: 119.12 MB (dWS: 7.57 MB) | Commit: 120.69 MB (dPM: 7.53 MB) | VM: 4329.31 MB | CPU: 34742.5s | SysFreeVM: 104017 MB | No ckpt change
[2026-09-08 16:56:16] PID: 22392 | WS: 119.12 MB (dWS: 7.57 MB) | Commit: 120.69 MB (dPM: 7.53 MB) | VM: 4329.31 MB | CPU: 34752.7s | SysFreeVM: 103983 MB | No ckpt change
[2026-09-08 16:56:26] PID: 22392 | WS: 119.12 MB (dWS: 7.57 MB) | Commit: 120.69 MB (dPM: 7.53 MB) | VM: 4329.31 MB | CPU: 34762.9s | SysFreeVM: 104017 MB | No ckpt change
[2026-09-08 16:56:37] PID: 22392 | WS: 119.12 MB (dWS: 7.57 MB) | Commit: 120.69 MB (dPM: 7.53 MB) | VM: 4329.31 MB | CPU: 34773.1s | SysFreeVM: 104002 MB | Ckpt: 50MB at 16:56:33
[2026-09-08 16:56:47] PID: 22392 | WS: 119.12 MB (dWS: 7.57 MB) | Commit: 120.69 MB (dPM: 7.53 MB) | VM: 4329.31 MB | CPU: 34783.3s | SysFreeVM: 104016 MB | No ckpt change
[2026-09-08 16:56:57] PID: 22392 | WS: 119.12 MB (dWS: 7.57 MB) | Commit: 120.69 MB (dPM: 7.53 MB) | VM: 4329.31 MB | CPU: 34793.5s | SysFreeVM: 104032 MB | No ckpt change
[2026-09-08 16:57:07] PID: 22392 | WS: 119.12 MB (dWS: 7.57 MB) | Commit: 120.69 MB (dPM: 7.53 MB) | VM: 4329.31 MB | CPU: 34803.6s | SysFreeVM: 104006 MB | No ckpt change
[2026-09-08 16:57:18] PID: 22392 | WS: 119.12 MB (dWS: 7.57 MB) | Commit: 120.69 MB (dPM: 7.53 MB) | VM: 4329.31 MB | CPU: 34813.7s | SysFreeVM: 103984 MB | Ckpt: 50MB at 16:57:16
[2026-09-08 16:57:28] PID: 22392 | WS: 119.12 MB (dWS: 7.57 MB) | Commit: 120.69 MB (dPM: 7.53 MB) | VM: 4329.31 MB | CPU: 34823.9s | SysFreeVM: 104023 MB | No ckpt change
[2026-09-08 16:57:38] PID: 22392 | WS: 119.12 MB (dWS: 7.57 MB) | Commit: 120.69 MB (dPM: 7.53 MB) | VM: 4329.31 MB | CPU: 34834.1s | SysFreeVM: 104031 MB | No ckpt change
[2026-09-08 16:57:48] PID: 22392 | WS: 119.12 MB (dWS: 7.57 MB) | Commit: 120.69 MB (dPM: 7.53 MB) | VM: 4329.31 MB | CPU: 34844.2s | SysFreeVM: 104062 MB | No ckpt change
[2026-09-08 16:57:59] PID: 22392 | WS: 119.12 MB (dWS: 7.57 MB) | Commit: 120.69 MB (dPM: 7.53 MB) | VM: 4329.31 MB | CPU: 34854.4s | SysFreeVM: 104022 MB | Ckpt: 50MB at 16:57:58
[2026-09-08 16:58:09] PID: 22392 | WS: 119.12 MB (dWS: 7.57 MB) | Commit: 120.69 MB (dPM: 7.53 MB) | VM: 4329.31 MB | CPU: 34864.6s | SysFreeVM: 104018 MB | No ckpt change
[2026-09-08 16:58:19] PID: 22392 | WS: 119.12 MB (dWS: 7.57 MB) | Commit: 120.69 MB (dPM: 7.53 MB) | VM: 4329.31 MB | CPU: 34874.8s | SysFreeVM: 104016 MB | No ckpt change
[2026-09-08 16:58:29] PID: 22392 | WS: 119.12 MB (dWS: 7.57 MB) | Commit: 120.69 MB (dPM: 7.53 MB) | VM: 4329.31 MB | CPU: 34884.9s | SysFreeVM: 104015 MB | No ckpt change
[2026-09-08 16:58:40] PID: 22392 | WS: 119.12 MB (dWS: 7.57 MB) | Commit: 120.69 MB (dPM: 7.53 MB) | VM: 4329.31 MB | CPU: 34895.1s | SysFreeVM: 104056 MB | No ckpt change
[2026-09-08 16:58:50] PID: 22392 | WS: 119.12 MB (dWS: 7.57 MB) | Commit: 120.69 MB (dPM: 7.53 MB) | VM: 4329.31 MB | CPU: 34905.3s | SysFreeVM: 104051 MB | Ckpt: 50MB at 16:58:41
[2026-09-08 16:59:00] PID: 22392 | WS: 119.12 MB (dWS: 7.57 MB) | Commit: 120.69 MB (dPM: 7.53 MB) | VM: 4329.31 MB | CPU: 34915.5s | SysFreeVM: 104034 MB | No ckpt change
[2026-09-08 16:59:10] PID: 22392 | WS: 119.12 MB (dWS: 7.57 MB) | Commit: 120.69 MB (dPM: 7.53 MB) | VM: 4329.31 MB | CPU: 34925.7s | SysFreeVM: 104039 MB | No ckpt change
[2026-09-08 16:59:21] PID: 22392 | WS: 119.12 MB (dWS: 7.57 MB) | Commit: 120.69 MB (dPM: 7.53 MB) | VM: 4329.31 MB | CPU: 34935.9s | SysFreeVM: 104008 MB | No ckpt change
[2026-09-08 16:59:31] PID: 22392 | WS: 119.12 MB (dWS: 7.57 MB) | Commit: 120.69 MB (dPM: 7.53 MB) | VM: 4329.31 MB | CPU: 34946.1s | SysFreeVM: 103949 MB | Ckpt: 50MB at 16:59:23
[2026-09-08 16:59:41] PID: 22392 | WS: 119.12 MB (dWS: 7.57 MB) | Commit: 120.69 MB (dPM: 7.53 MB) | VM: 4329.31 MB | CPU: 34956.4s | SysFreeVM: 103968 MB | No ckpt change
[2026-09-08 16:59:51] PID: 22392 | WS: 119.12 MB (dWS: 7.57 MB) | Commit: 120.69 MB (dPM: 7.53 MB) | VM: 4329.31 MB | CPU: 34966.5s | SysFreeVM: 103990 MB | No ckpt change
[2026-09-08 17:00:01] PID: 22392 | WS: 119.12 MB (dWS: 7.57 MB) | Commit: 120.69 MB (dPM: 7.53 MB) | VM: 4329.31 MB | CPU: 34976.6s | SysFreeVM: 104021 MB | No ckpt change
[2026-09-08 17:00:12] PID: 22392 | WS: 119.12 MB (dWS: 7.57 MB) | Commit: 120.69 MB (dPM: 7.53 MB) | VM: 4329.31 MB | CPU: 34986.7s | SysFreeVM: 104027 MB | Ckpt: 50MB at 17:00:05
[2026-09-08 17:00:22] PID: 22392 | WS: 119.12 MB (dWS: 7.57 MB) | Commit: 120.69 MB (dPM: 7.53 MB) | VM: 4329.31 MB | CPU: 34996.9s | SysFreeVM: 104023 MB | No ckpt change
[2026-09-08 17:00:32] PID: 22392 | WS: 119.12 MB (dWS: 7.57 MB) | Commit: 120.69 MB (dPM: 7.53 MB) | VM: 4329.31 MB | CPU: 35007.1s | SysFreeVM: 104019 MB | No ckpt change
[2026-09-08 17:00:42] PID: 22392 | WS: 119.12 MB (dWS: 7.57 MB) | Commit: 120.69 MB (dPM: 7.53 MB) | VM: 4329.31 MB | CPU: 35017.3s | SysFreeVM: 104010 MB | No ckpt change
[2026-09-08 17:00:53] PID: 22392 | WS: 119.12 MB (dWS: 7.57 MB) | Commit: 120.69 MB (dPM: 7.53 MB) | VM: 4329.31 MB | CPU: 35027.5s | SysFreeVM: 103998 MB | Ckpt: 50MB at 17:00:48
[2026-09-08 17:01:03] PID: 22392 | WS: 119.12 MB (dWS: 7.57 MB) | Commit: 120.69 MB (dPM: 7.53 MB) | VM: 4329.31 MB | CPU: 35037.6s | SysFreeVM: 103996 MB | No ckpt change
[2026-09-08 17:01:13] PID: 22392 | WS: 119.12 MB (dWS: 7.57 MB) | Commit: 120.69 MB (dPM: 7.53 MB) | VM: 4329.31 MB | CPU: 35047.8s | SysFreeVM: 104066 MB | No ckpt change
[2026-09-08 17:01:23] PID: 22392 | WS: 119.12 MB (dWS: 7.57 MB) | Commit: 120.69 MB (dPM: 7.53 MB) | VM: 4329.31 MB | CPU: 35058s | SysFreeVM: 104052 MB | No ckpt change
[2026-09-08 17:01:34] PID: 22392 | WS: 119.24 MB (dWS: 7.69 MB) | Commit: 120.82 MB (dPM: 7.66 MB) | VM: 4329.31 MB | CPU: 35068.2s | SysFreeVM: 103997 MB | Ckpt: 50MB at 17:01:30
[2026-09-08 17:01:44] PID: 22392 | WS: 119.24 MB (dWS: 7.69 MB) | Commit: 120.82 MB (dPM: 7.66 MB) | VM: 4329.31 MB | CPU: 35078.4s | SysFreeVM: 104005 MB | No ckpt change
[2026-09-08 17:01:54] PID: 22392 | WS: 119.24 MB (dWS: 7.69 MB) | Commit: 120.82 MB (dPM: 7.66 MB) | VM: 4329.31 MB | CPU: 35088.6s | SysFreeVM: 104015 MB | No ckpt change
[2026-09-08 17:02:05] PID: 22392 | WS: 119.24 MB (dWS: 7.69 MB) | Commit: 120.82 MB (dPM: 7.66 MB) | VM: 4329.31 MB | CPU: 35098.8s | SysFreeVM: 103997 MB | No ckpt change
[2026-09-08 17:02:15] PID: 22392 | WS: 119.24 MB (dWS: 7.69 MB) | Commit: 120.82 MB (dPM: 7.66 MB) | VM: 4329.31 MB | CPU: 35109s | SysFreeVM: 104026 MB | Ckpt: 50MB at 17:02:13
[2026-09-08 17:02:25] PID: 22392 | WS: 119.24 MB (dWS: 7.69 MB) | Commit: 120.82 MB (dPM: 7.66 MB) | VM: 4329.31 MB | CPU: 35119.2s | SysFreeVM: 104025 MB | No ckpt change
[2026-09-08 17:02:35] PID: 22392 | WS: 119.24 MB (dWS: 7.69 MB) | Commit: 120.82 MB (dPM: 7.66 MB) | VM: 4329.31 MB | CPU: 35129.4s | SysFreeVM: 104021 MB | No ckpt change
[2026-09-08 17:02:45] PID: 22392 | WS: 119.24 MB (dWS: 7.69 MB) | Commit: 120.82 MB (dPM: 7.66 MB) | VM: 4329.31 MB | CPU: 35139.5s | SysFreeVM: 104014 MB | No ckpt change
[2026-09-08 17:02:56] PID: 22392 | WS: 119.24 MB (dWS: 7.69 MB) | Commit: 120.82 MB (dPM: 7.66 MB) | VM: 4329.31 MB | CPU: 35149.6s | SysFreeVM: 104013 MB | Ckpt: 50MB at 17:02:55
[2026-09-08 17:03:06] PID: 22392 | WS: 119.24 MB (dWS: 7.69 MB) | Commit: 120.82 MB (dPM: 7.66 MB) | VM: 4329.31 MB | CPU: 35159.8s | SysFreeVM: 103986 MB | No ckpt change
[2026-09-08 17:03:16] PID: 22392 | WS: 119.24 MB (dWS: 7.69 MB) | Commit: 120.82 MB (dPM: 7.66 MB) | VM: 4329.31 MB | CPU: 35170s | SysFreeVM: 104017 MB | No ckpt change
[2026-09-08 17:03:26] PID: 22392 | WS: 119.24 MB (dWS: 7.69 MB) | Commit: 120.82 MB (dPM: 7.66 MB) | VM: 4329.31 MB | CPU: 35180.2s | SysFreeVM: 104042 MB | No ckpt change
[2026-09-08 17:03:37] PID: 22392 | WS: 119.24 MB (dWS: 7.69 MB) | Commit: 120.82 MB (dPM: 7.66 MB) | VM: 4329.31 MB | CPU: 35190.4s | SysFreeVM: 104038 MB | No ckpt change
[2026-09-08 17:03:47] PID: 22392 | WS: 119.24 MB (dWS: 7.69 MB) | Commit: 120.82 MB (dPM: 7.66 MB) | VM: 4329.31 MB | CPU: 35200.5s | SysFreeVM: 104051 MB | Ckpt: 50MB at 17:03:38
[2026-09-08 17:03:57] PID: 22392 | WS: 119.24 MB (dWS: 7.69 MB) | Commit: 120.82 MB (dPM: 7.66 MB) | VM: 4329.31 MB | CPU: 35210.7s | SysFreeVM: 104027 MB | No ckpt change
[2026-09-08 17:04:07] PID: 22392 | WS: 119.24 MB (dWS: 7.69 MB) | Commit: 120.82 MB (dPM: 7.66 MB) | VM: 4329.31 MB | CPU: 35220.8s | SysFreeVM: 104035 MB | No ckpt change
[2026-09-08 17:04:18] PID: 22392 | WS: 119.24 MB (dWS: 7.69 MB) | Commit: 120.82 MB (dPM: 7.66 MB) | VM: 4329.31 MB | CPU: 35231s | SysFreeVM: 104013 MB | No ckpt change
[2026-09-08 17:04:28] PID: 22392 | WS: 119.24 MB (dWS: 7.69 MB) | Commit: 120.82 MB (dPM: 7.66 MB) | VM: 4329.31 MB | CPU: 35241.2s | SysFreeVM: 104008 MB | Ckpt: 50MB at 17:04:20
[2026-09-08 17:04:38] PID: 22392 | WS: 119.24 MB (dWS: 7.69 MB) | Commit: 120.82 MB (dPM: 7.66 MB) | VM: 4329.31 MB | CPU: 35251.3s | SysFreeVM: 104012 MB | No ckpt change
[2026-09-08 17:04:48] PID: 22392 | WS: 119.24 MB (dWS: 7.69 MB) | Commit: 120.82 MB (dPM: 7.66 MB) | VM: 4329.31 MB | CPU: 35261.4s | SysFreeVM: 103987 MB | No ckpt change
[2026-09-08 17:04:59] PID: 22392 | WS: 119.24 MB (dWS: 7.69 MB) | Commit: 120.82 MB (dPM: 7.66 MB) | VM: 4329.31 MB | CPU: 35271.6s | SysFreeVM: 104040 MB | No ckpt change
[2026-09-08 17:05:09] PID: 22392 | WS: 119.24 MB (dWS: 7.69 MB) | Commit: 120.82 MB (dPM: 7.66 MB) | VM: 4329.31 MB | CPU: 35281.8s | SysFreeVM: 104043 MB | Ckpt: 50MB at 17:05:02
[2026-09-08 17:05:19] PID: 22392 | WS: 119.24 MB (dWS: 7.69 MB) | Commit: 120.82 MB (dPM: 7.66 MB) | VM: 4329.31 MB | CPU: 35292s | SysFreeVM: 104036 MB | No ckpt change
[2026-09-08 17:05:29] PID: 22392 | WS: 119.24 MB (dWS: 7.69 MB) | Commit: 120.82 MB (dPM: 7.66 MB) | VM: 4329.31 MB | CPU: 35302.1s | SysFreeVM: 104028 MB | No ckpt change
[2026-09-08 17:05:40] PID: 22392 | WS: 119.24 MB (dWS: 7.69 MB) | Commit: 120.82 MB (dPM: 7.66 MB) | VM: 4329.31 MB | CPU: 35312.3s | SysFreeVM: 104033 MB | No ckpt change
[2026-09-08 17:05:50] PID: 22392 | WS: 119.24 MB (dWS: 7.69 MB) | Commit: 120.82 MB (dPM: 7.66 MB) | VM: 4329.31 MB | CPU: 35322.4s | SysFreeVM: 104000 MB | Ckpt: 50MB at 17:05:45
[2026-09-08 17:06:00] PID: 22392 | WS: 119.24 MB (dWS: 7.69 MB) | Commit: 120.82 MB (dPM: 7.66 MB) | VM: 4329.31 MB | CPU: 35332.6s | SysFreeVM: 104029 MB | No ckpt change
[2026-09-08 17:06:10] PID: 22392 | WS: 119.24 MB (dWS: 7.69 MB) | Commit: 120.82 MB (dPM: 7.66 MB) | VM: 4329.31 MB | CPU: 35342.8s | SysFreeVM: 104053 MB | No ckpt change
[2026-09-08 17:06:21] PID: 22392 | WS: 119.24 MB (dWS: 7.69 MB) | Commit: 120.82 MB (dPM: 7.66 MB) | VM: 4329.31 MB | CPU: 35353s | SysFreeVM: 104068 MB | No ckpt change
[2026-09-08 17:06:31] PID: 22392 | WS: 119.24 MB (dWS: 7.69 MB) | Commit: 120.82 MB (dPM: 7.66 MB) | VM: 4329.31 MB | CPU: 35363.2s | SysFreeVM: 104030 MB | Ckpt: 50MB at 17:06:27
[2026-09-08 17:06:41] PID: 22392 | WS: 119.24 MB (dWS: 7.69 MB) | Commit: 120.82 MB (dPM: 7.66 MB) | VM: 4329.31 MB | CPU: 35373.3s | SysFreeVM: 104027 MB | No ckpt change
[2026-09-08 17:06:51] PID: 22392 | WS: 119.24 MB (dWS: 7.69 MB) | Commit: 120.82 MB (dPM: 7.66 MB) | VM: 4329.31 MB | CPU: 35383.4s | SysFreeVM: 104030 MB | No ckpt change
[2026-09-08 17:07:01] PID: 22392 | WS: 119.24 MB (dWS: 7.69 MB) | Commit: 120.82 MB (dPM: 7.66 MB) | VM: 4329.31 MB | CPU: 35393.7s | SysFreeVM: 104028 MB | No ckpt change
[2026-09-08 17:07:12] PID: 22392 | WS: 119.37 MB (dWS: 7.82 MB) | Commit: 120.95 MB (dPM: 7.79 MB) | VM: 4329.31 MB | CPU: 35403.8s | SysFreeVM: 103989 MB | Ckpt: 50MB at 17:07:10
[2026-09-08 17:07:22] PID: 22392 | WS: 119.37 MB (dWS: 7.82 MB) | Commit: 120.95 MB (dPM: 7.79 MB) | VM: 4329.31 MB | CPU: 35414s | SysFreeVM: 104050 MB | No ckpt change
[2026-09-08 17:07:32] PID: 22392 | WS: 119.37 MB (dWS: 7.82 MB) | Commit: 120.95 MB (dPM: 7.79 MB) | VM: 4329.31 MB | CPU: 35424.2s | SysFreeVM: 104057 MB | No ckpt change
[2026-09-08 17:07:42] PID: 22392 | WS: 119.37 MB (dWS: 7.82 MB) | Commit: 120.95 MB (dPM: 7.79 MB) | VM: 4329.31 MB | CPU: 35434.4s | SysFreeVM: 104049 MB | No ckpt change
[2026-09-08 17:07:53] PID: 22392 | WS: 119.37 MB (dWS: 7.82 MB) | Commit: 120.95 MB (dPM: 7.79 MB) | VM: 4329.31 MB | CPU: 35444.6s | SysFreeVM: 104038 MB | Ckpt: 50MB at 17:07:52
[2026-09-08 17:08:03] PID: 22392 | WS: 119.37 MB (dWS: 7.82 MB) | Commit: 120.95 MB (dPM: 7.79 MB) | VM: 4329.31 MB | CPU: 35454.8s | SysFreeVM: 104050 MB | No ckpt change
[2026-09-08 17:08:13] PID: 22392 | WS: 119.37 MB (dWS: 7.82 MB) | Commit: 120.95 MB (dPM: 7.79 MB) | VM: 4329.31 MB | CPU: 35465s | SysFreeVM: 104025 MB | No ckpt change
[2026-09-08 17:08:23] PID: 22392 | WS: 119.37 MB (dWS: 7.82 MB) | Commit: 120.95 MB (dPM: 7.79 MB) | VM: 4329.31 MB | CPU: 35475.2s | SysFreeVM: 104022 MB | No ckpt change
[2026-09-08 17:08:34] PID: 22392 | WS: 119.37 MB (dWS: 7.82 MB) | Commit: 120.95 MB (dPM: 7.79 MB) | VM: 4329.31 MB | CPU: 35485.5s | SysFreeVM: 104077 MB | No ckpt change
[2026-09-08 17:08:44] PID: 22392 | WS: 119.37 MB (dWS: 7.82 MB) | Commit: 120.95 MB (dPM: 7.79 MB) | VM: 4329.31 MB | CPU: 35495.6s | SysFreeVM: 104052 MB | Ckpt: 50MB at 17:08:35
[2026-09-08 17:08:54] PID: 22392 | WS: 119.37 MB (dWS: 7.82 MB) | Commit: 120.95 MB (dPM: 7.79 MB) | VM: 4329.31 MB | CPU: 35505.8s | SysFreeVM: 104051 MB | No ckpt change
[2026-09-08 17:09:04] PID: 22392 | WS: 119.37 MB (dWS: 7.82 MB) | Commit: 120.95 MB (dPM: 7.79 MB) | VM: 4329.31 MB | CPU: 35516s | SysFreeVM: 104053 MB | No ckpt change
[2026-09-08 17:09:15] PID: 22392 | WS: 119.37 MB (dWS: 7.82 MB) | Commit: 120.95 MB (dPM: 7.79 MB) | VM: 4329.31 MB | CPU: 35526.2s | SysFreeVM: 104043 MB | No ckpt change
[2026-09-08 17:09:25] PID: 22392 | WS: 119.37 MB (dWS: 7.82 MB) | Commit: 120.95 MB (dPM: 7.79 MB) | VM: 4329.31 MB | CPU: 35536.4s | SysFreeVM: 104024 MB | Ckpt: 50MB at 17:09:17
[2026-09-08 17:09:35] PID: 22392 | WS: 119.37 MB (dWS: 7.82 MB) | Commit: 120.95 MB (dPM: 7.79 MB) | VM: 4329.31 MB | CPU: 35546.5s | SysFreeVM: 104024 MB | No ckpt change
[2026-09-08 17:09:45] PID: 22392 | WS: 119.37 MB (dWS: 7.82 MB) | Commit: 120.95 MB (dPM: 7.79 MB) | VM: 4329.31 MB | CPU: 35556.7s | SysFreeVM: 103989 MB | No ckpt change
[2026-09-08 17:09:56] PID: 22392 | WS: 119.37 MB (dWS: 7.82 MB) | Commit: 120.95 MB (dPM: 7.79 MB) | VM: 4329.31 MB | CPU: 35566.9s | SysFreeVM: 104033 MB | No ckpt change
[2026-09-08 17:10:06] PID: 22392 | WS: 119.37 MB (dWS: 7.82 MB) | Commit: 120.95 MB (dPM: 7.79 MB) | VM: 4329.31 MB | CPU: 35577.1s | SysFreeVM: 104062 MB | Ckpt: 50MB at 17:10:00
[2026-09-08 17:10:16] PID: 22392 | WS: 119.37 MB (dWS: 7.82 MB) | Commit: 120.95 MB (dPM: 7.79 MB) | VM: 4329.31 MB | CPU: 35587.3s | SysFreeVM: 104051 MB | No ckpt change
[2026-09-08 17:10:26] PID: 22392 | WS: 119.37 MB (dWS: 7.82 MB) | Commit: 120.95 MB (dPM: 7.79 MB) | VM: 4329.31 MB | CPU: 35597.5s | SysFreeVM: 104045 MB | No ckpt change
[2026-09-08 17:10:36] PID: 22392 | WS: 119.37 MB (dWS: 7.82 MB) | Commit: 120.95 MB (dPM: 7.79 MB) | VM: 4329.31 MB | CPU: 35607.7s | SysFreeVM: 104049 MB | No ckpt change
[2026-09-08 17:10:47] PID: 22392 | WS: 119.37 MB (dWS: 7.82 MB) | Commit: 120.95 MB (dPM: 7.79 MB) | VM: 4329.31 MB | CPU: 35617.9s | SysFreeVM: 104009 MB | Ckpt: 50MB at 17:10:42
[2026-09-08 17:10:57] PID: 22392 | WS: 119.37 MB (dWS: 7.82 MB) | Commit: 120.95 MB (dPM: 7.79 MB) | VM: 4329.31 MB | CPU: 35628s | SysFreeVM: 104019 MB | No ckpt change
[2026-09-08 17:11:07] PID: 22392 | WS: 119.37 MB (dWS: 7.82 MB) | Commit: 120.95 MB (dPM: 7.79 MB) | VM: 4329.31 MB | CPU: 35638.2s | SysFreeVM: 104072 MB | No ckpt change
[2026-09-08 17:11:17] PID: 22392 | WS: 119.37 MB (dWS: 7.82 MB) | Commit: 120.95 MB (dPM: 7.79 MB) | VM: 4329.31 MB | CPU: 35648.4s | SysFreeVM: 104088 MB | No ckpt change
[2026-09-08 17:11:28] PID: 22392 | WS: 119.37 MB (dWS: 7.82 MB) | Commit: 120.95 MB (dPM: 7.79 MB) | VM: 4329.31 MB | CPU: 35658.5s | SysFreeVM: 104038 MB | Ckpt: 50MB at 17:11:25
[2026-09-08 17:11:38] PID: 22392 | WS: 119.37 MB (dWS: 7.82 MB) | Commit: 120.95 MB (dPM: 7.79 MB) | VM: 4329.31 MB | CPU: 35668.8s | SysFreeVM: 104053 MB | No ckpt change
[2026-09-08 17:11:48] PID: 22392 | WS: 119.37 MB (dWS: 7.82 MB) | Commit: 120.95 MB (dPM: 7.79 MB) | VM: 4329.31 MB | CPU: 35678.9s | SysFreeVM: 104059 MB | No ckpt change
[2026-09-08 17:11:58] PID: 22392 | WS: 119.37 MB (dWS: 7.82 MB) | Commit: 120.95 MB (dPM: 7.79 MB) | VM: 4329.31 MB | CPU: 35689.2s | SysFreeVM: 104032 MB | No ckpt change
[2026-09-08 17:12:09] PID: 22392 | WS: 119.37 MB (dWS: 7.82 MB) | Commit: 120.95 MB (dPM: 7.79 MB) | VM: 4329.31 MB | CPU: 35699.4s | SysFreeVM: 104015 MB | Ckpt: 50MB at 17:12:07
[2026-09-08 17:12:19] PID: 22392 | WS: 119.37 MB (dWS: 7.82 MB) | Commit: 120.95 MB (dPM: 7.79 MB) | VM: 4329.31 MB | CPU: 35709.5s | SysFreeVM: 104004 MB | No ckpt change
[2026-09-08 17:12:29] PID: 22392 | WS: 119.37 MB (dWS: 7.82 MB) | Commit: 120.95 MB (dPM: 7.79 MB) | VM: 4329.31 MB | CPU: 35719.6s | SysFreeVM: 104078 MB | No ckpt change
[2026-09-08 17:12:39] PID: 22392 | WS: 119.37 MB (dWS: 7.82 MB) | Commit: 120.95 MB (dPM: 7.79 MB) | VM: 4329.31 MB | CPU: 35729.8s | SysFreeVM: 104073 MB | No ckpt change
[2026-09-08 17:12:50] PID: 22392 | WS: 119.37 MB (dWS: 7.82 MB) | Commit: 120.95 MB (dPM: 7.79 MB) | VM: 4329.31 MB | CPU: 35740s | SysFreeVM: 103999 MB | No ckpt change
[2026-09-08 17:13:00] PID: 22392 | WS: 119.4 MB (dWS: 7.85 MB) | Commit: 120.95 MB (dPM: 7.79 MB) | VM: 4329.31 MB | CPU: 35750.1s | SysFreeVM: 104040 MB | Ckpt: 50MB at 17:12:50
[2026-09-08 17:13:10] PID: 22392 | WS: 119.4 MB (dWS: 7.85 MB) | Commit: 120.95 MB (dPM: 7.79 MB) | VM: 4329.31 MB | CPU: 35760.3s | SysFreeVM: 104026 MB | No ckpt change
[2026-09-08 17:13:20] PID: 22392 | WS: 119.4 MB (dWS: 7.85 MB) | Commit: 120.95 MB (dPM: 7.79 MB) | VM: 4329.31 MB | CPU: 35770.5s | SysFreeVM: 104037 MB | No ckpt change
[2026-09-08 17:13:31] PID: 22392 | WS: 119.4 MB (dWS: 7.85 MB) | Commit: 120.95 MB (dPM: 7.79 MB) | VM: 4329.31 MB | CPU: 35780.8s | SysFreeVM: 104047 MB | No ckpt change
[2026-09-08 17:13:41] PID: 22392 | WS: 119.4 MB (dWS: 7.85 MB) | Commit: 120.95 MB (dPM: 7.79 MB) | VM: 4329.31 MB | CPU: 35790.9s | SysFreeVM: 104020 MB | Ckpt: 50MB at 17:13:32
[2026-09-08 17:13:51] PID: 22392 | WS: 119.4 MB (dWS: 7.85 MB) | Commit: 120.95 MB (dPM: 7.79 MB) | VM: 4329.31 MB | CPU: 35801.1s | SysFreeVM: 104086 MB | No ckpt change
[2026-09-08 17:14:01] PID: 22392 | WS: 119.4 MB (dWS: 7.85 MB) | Commit: 120.95 MB (dPM: 7.79 MB) | VM: 4329.31 MB | CPU: 35811.3s | SysFreeVM: 104037 MB | No ckpt change
[2026-09-08 17:14:12] PID: 22392 | WS: 119.4 MB (dWS: 7.85 MB) | Commit: 120.95 MB (dPM: 7.79 MB) | VM: 4329.31 MB | CPU: 35821.5s | SysFreeVM: 104004 MB | No ckpt change
[2026-09-08 17:14:22] PID: 22392 | WS: 119.4 MB (dWS: 7.85 MB) | Commit: 120.95 MB (dPM: 7.79 MB) | VM: 4329.31 MB | CPU: 35831.6s | SysFreeVM: 104015 MB | Ckpt: 50MB at 17:14:15
[2026-09-08 17:14:32] PID: 22392 | WS: 119.4 MB (dWS: 7.85 MB) | Commit: 120.95 MB (dPM: 7.79 MB) | VM: 4329.31 MB | CPU: 35841.9s | SysFreeVM: 104022 MB | No ckpt change
[2026-09-08 17:14:42] PID: 22392 | WS: 119.4 MB (dWS: 7.85 MB) | Commit: 120.95 MB (dPM: 7.79 MB) | VM: 4329.31 MB | CPU: 35852.1s | SysFreeVM: 103979 MB | No ckpt change
[2026-09-08 17:14:52] PID: 22392 | WS: 119.4 MB (dWS: 7.85 MB) | Commit: 120.95 MB (dPM: 7.79 MB) | VM: 4329.31 MB | CPU: 35862.2s | SysFreeVM: 103976 MB | No ckpt change
[2026-09-08 17:15:03] PID: 22392 | WS: 119.4 MB (dWS: 7.85 MB) | Commit: 120.95 MB (dPM: 7.79 MB) | VM: 4329.31 MB | CPU: 35872.3s | SysFreeVM: 104032 MB | Ckpt: 50MB at 17:14:57
[2026-09-08 17:15:13] PID: 22392 | WS: 119.4 MB (dWS: 7.85 MB) | Commit: 120.95 MB (dPM: 7.79 MB) | VM: 4329.31 MB | CPU: 35882.6s | SysFreeVM: 104030 MB | No ckpt change
[2026-09-08 17:15:23] PID: 22392 | WS: 119.4 MB (dWS: 7.85 MB) | Commit: 120.95 MB (dPM: 7.79 MB) | VM: 4329.31 MB | CPU: 35892.7s | SysFreeVM: 104032 MB | No ckpt change
[2026-09-08 17:15:33] PID: 22392 | WS: 119.4 MB (dWS: 7.85 MB) | Commit: 120.95 MB (dPM: 7.79 MB) | VM: 4329.31 MB | CPU: 35902.9s | SysFreeVM: 104040 MB | No ckpt change
[2026-09-08 17:15:44] PID: 22392 | WS: 119.4 MB (dWS: 7.85 MB) | Commit: 120.95 MB (dPM: 7.79 MB) | VM: 4329.31 MB | CPU: 35913s | SysFreeVM: 104020 MB | Ckpt: 50MB at 17:15:40
[2026-09-08 17:15:54] PID: 22392 | WS: 119.4 MB (dWS: 7.85 MB) | Commit: 120.95 MB (dPM: 7.79 MB) | VM: 4329.31 MB | CPU: 35923.2s | SysFreeVM: 104013 MB | No ckpt change
[2026-09-08 17:16:04] PID: 22392 | WS: 119.4 MB (dWS: 7.85 MB) | Commit: 120.95 MB (dPM: 7.79 MB) | VM: 4329.31 MB | CPU: 35933.4s | SysFreeVM: 104004 MB | No ckpt change
[2026-09-08 17:16:14] PID: 22392 | WS: 119.4 MB (dWS: 7.85 MB) | Commit: 120.95 MB (dPM: 7.79 MB) | VM: 4329.31 MB | CPU: 35943.5s | SysFreeVM: 104003 MB | No ckpt change
[2026-09-08 17:16:25] PID: 22392 | WS: 119.65 MB (dWS: 8.1 MB) | Commit: 121.21 MB (dPM: 8.05 MB) | VM: 4329.31 MB | CPU: 35953.7s | SysFreeVM: 104031 MB | Ckpt: 50MB at 17:16:22
[2026-09-08 17:16:35] PID: 22392 | WS: 119.65 MB (dWS: 8.1 MB) | Commit: 121.21 MB (dPM: 8.05 MB) | VM: 4329.31 MB | CPU: 35963.8s | SysFreeVM: 104031 MB | No ckpt change
[2026-09-08 17:16:45] PID: 22392 | WS: 119.65 MB (dWS: 8.1 MB) | Commit: 121.21 MB (dPM: 8.05 MB) | VM: 4329.31 MB | CPU: 35974s | SysFreeVM: 104027 MB | No ckpt change
[2026-09-08 17:16:55] PID: 22392 | WS: 119.65 MB (dWS: 8.1 MB) | Commit: 121.21 MB (dPM: 8.05 MB) | VM: 4329.31 MB | CPU: 35984.2s | SysFreeVM: 103994 MB | No ckpt change
[2026-09-08 17:17:06] PID: 22392 | WS: 119.65 MB (dWS: 8.1 MB) | Commit: 121.21 MB (dPM: 8.05 MB) | VM: 4329.31 MB | CPU: 35994.4s | SysFreeVM: 104000 MB | Ckpt: 50MB at 17:17:05
[2026-09-08 17:17:16] PID: 22392 | WS: 119.65 MB (dWS: 8.1 MB) | Commit: 121.21 MB (dPM: 8.05 MB) | VM: 4329.31 MB | CPU: 36004.6s | SysFreeVM: 103984 MB | No ckpt change
[2026-09-08 17:17:26] PID: 22392 | WS: 119.65 MB (dWS: 8.1 MB) | Commit: 121.21 MB (dPM: 8.05 MB) | VM: 4329.31 MB | CPU: 36014.8s | SysFreeVM: 104029 MB | No ckpt change
[2026-09-08 17:17:36] PID: 22392 | WS: 119.65 MB (dWS: 8.1 MB) | Commit: 121.21 MB (dPM: 8.05 MB) | VM: 4329.31 MB | CPU: 36025.1s | SysFreeVM: 104023 MB | No ckpt change
[2026-09-08 17:17:47] PID: 22392 | WS: 119.65 MB (dWS: 8.1 MB) | Commit: 121.21 MB (dPM: 8.05 MB) | VM: 4329.31 MB | CPU: 36035.3s | SysFreeVM: 104037 MB | No ckpt change
[2026-09-08 17:17:57] PID: 22392 | WS: 119.65 MB (dWS: 8.1 MB) | Commit: 121.21 MB (dPM: 8.05 MB) | VM: 4329.31 MB | CPU: 36045.4s | SysFreeVM: 104027 MB | Ckpt: 50MB at 17:17:47
[2026-09-08 17:18:07] PID: 22392 | WS: 119.65 MB (dWS: 8.1 MB) | Commit: 121.21 MB (dPM: 8.05 MB) | VM: 4329.31 MB | CPU: 36055.5s | SysFreeVM: 104016 MB | No ckpt change
[2026-09-08 17:18:17] PID: 22392 | WS: 119.65 MB (dWS: 8.1 MB) | Commit: 121.21 MB (dPM: 8.05 MB) | VM: 4329.31 MB | CPU: 36065.7s | SysFreeVM: 104031 MB | No ckpt change
[2026-09-08 17:18:28] PID: 22392 | WS: 119.65 MB (dWS: 8.1 MB) | Commit: 121.21 MB (dPM: 8.05 MB) | VM: 4329.31 MB | CPU: 36075.9s | SysFreeVM: 104022 MB | No ckpt change
[2026-09-08 17:18:38] PID: 22392 | WS: 119.65 MB (dWS: 8.1 MB) | Commit: 121.21 MB (dPM: 8.05 MB) | VM: 4329.31 MB | CPU: 36086s | SysFreeVM: 103997 MB | Ckpt: 50MB at 17:18:30
[2026-09-08 17:18:48] PID: 22392 | WS: 119.65 MB (dWS: 8.1 MB) | Commit: 121.21 MB (dPM: 8.05 MB) | VM: 4329.31 MB | CPU: 36096.2s | SysFreeVM: 104039 MB | No ckpt change
[2026-09-08 17:18:58] PID: 22392 | WS: 119.65 MB (dWS: 8.1 MB) | Commit: 121.21 MB (dPM: 8.05 MB) | VM: 4329.31 MB | CPU: 36106.3s | SysFreeVM: 104037 MB | No ckpt change
[2026-09-08 17:19:09] PID: 22392 | WS: 119.65 MB (dWS: 8.1 MB) | Commit: 121.21 MB (dPM: 8.05 MB) | VM: 4329.31 MB | CPU: 36116.6s | SysFreeVM: 104043 MB | No ckpt change
[2026-09-08 17:19:19] PID: 22392 | WS: 119.65 MB (dWS: 8.1 MB) | Commit: 121.21 MB (dPM: 8.05 MB) | VM: 4329.31 MB | CPU: 36126.8s | SysFreeVM: 104056 MB | Ckpt: 50MB at 17:19:12
[2026-09-08 17:19:29] PID: 22392 | WS: 119.65 MB (dWS: 8.1 MB) | Commit: 121.21 MB (dPM: 8.05 MB) | VM: 4329.31 MB | CPU: 36137s | SysFreeVM: 104041 MB | No ckpt change
[2026-09-08 17:19:39] PID: 22392 | WS: 119.65 MB (dWS: 8.1 MB) | Commit: 121.21 MB (dPM: 8.05 MB) | VM: 4329.31 MB | CPU: 36147.1s | SysFreeVM: 104002 MB | No ckpt change
[2026-09-08 17:19:49] PID: 22392 | WS: 119.65 MB (dWS: 8.1 MB) | Commit: 121.21 MB (dPM: 8.05 MB) | VM: 4329.31 MB | CPU: 36157.3s | SysFreeVM: 103981 MB | No ckpt change
[2026-09-08 17:20:00] PID: 22392 | WS: 119.65 MB (dWS: 8.1 MB) | Commit: 121.21 MB (dPM: 8.05 MB) | VM: 4329.31 MB | CPU: 36167.4s | SysFreeVM: 103981 MB | Ckpt: 50MB at 17:19:55
[2026-09-08 17:20:10] PID: 22392 | WS: 119.65 MB (dWS: 8.1 MB) | Commit: 121.21 MB (dPM: 8.05 MB) | VM: 4329.31 MB | CPU: 36177.6s | SysFreeVM: 103992 MB | No ckpt change
[2026-09-08 17:20:20] PID: 22392 | WS: 119.65 MB (dWS: 8.1 MB) | Commit: 121.21 MB (dPM: 8.05 MB) | VM: 4329.31 MB | CPU: 36187.9s | SysFreeVM: 104041 MB | No ckpt change
[2026-09-08 17:20:30] PID: 22392 | WS: 119.65 MB (dWS: 8.1 MB) | Commit: 121.21 MB (dPM: 8.05 MB) | VM: 4329.31 MB | CPU: 36198.1s | SysFreeVM: 104054 MB | No ckpt change
[2026-09-08 17:20:41] PID: 22392 | WS: 119.65 MB (dWS: 8.1 MB) | Commit: 121.21 MB (dPM: 8.05 MB) | VM: 4329.31 MB | CPU: 36208.2s | SysFreeVM: 104048 MB | Ckpt: 50MB at 17:20:37
[2026-09-08 17:20:51] PID: 22392 | WS: 119.65 MB (dWS: 8.1 MB) | Commit: 121.21 MB (dPM: 8.05 MB) | VM: 4329.31 MB | CPU: 36218.4s | SysFreeVM: 104030 MB | No ckpt change
[2026-09-08 17:21:01] PID: 22392 | WS: 119.65 MB (dWS: 8.1 MB) | Commit: 121.21 MB (dPM: 8.05 MB) | VM: 4329.31 MB | CPU: 36228.6s | SysFreeVM: 104001 MB | No ckpt change
[2026-09-08 17:21:11] PID: 22392 | WS: 119.65 MB (dWS: 8.1 MB) | Commit: 121.21 MB (dPM: 8.05 MB) | VM: 4329.31 MB | CPU: 36238.8s | SysFreeVM: 104018 MB | No ckpt change
[2026-09-08 17:21:22] PID: 22392 | WS: 119.65 MB (dWS: 8.1 MB) | Commit: 121.21 MB (dPM: 8.05 MB) | VM: 4329.31 MB | CPU: 36248.9s | SysFreeVM: 104006 MB | Ckpt: 50MB at 17:21:20
[2026-09-08 17:21:32] PID: 22392 | WS: 119.65 MB (dWS: 8.1 MB) | Commit: 121.21 MB (dPM: 8.05 MB) | VM: 4329.31 MB | CPU: 36259.1s | SysFreeVM: 104047 MB | No ckpt change
[2026-09-08 17:21:42] PID: 22392 | WS: 119.65 MB (dWS: 8.1 MB) | Commit: 121.21 MB (dPM: 8.05 MB) | VM: 4329.31 MB | CPU: 36269.4s | SysFreeVM: 104034 MB | No ckpt change
[2026-09-08 17:21:52] PID: 22392 | WS: 119.65 MB (dWS: 8.1 MB) | Commit: 121.21 MB (dPM: 8.05 MB) | VM: 4329.31 MB | CPU: 36279.6s | SysFreeVM: 104047 MB | No ckpt change
[2026-09-08 17:22:03] PID: 22392 | WS: 119.65 MB (dWS: 8.1 MB) | Commit: 121.21 MB (dPM: 8.05 MB) | VM: 4329.31 MB | CPU: 36289.7s | SysFreeVM: 104016 MB | No ckpt change
[2026-09-08 17:22:13] PID: 22392 | WS: 119.65 MB (dWS: 8.1 MB) | Commit: 121.21 MB (dPM: 8.05 MB) | VM: 4329.31 MB | CPU: 36299.9s | SysFreeVM: 104042 MB | Ckpt: 50MB at 17:22:02
[2026-09-08 17:22:23] PID: 22392 | WS: 119.65 MB (dWS: 8.1 MB) | Commit: 121.21 MB (dPM: 8.05 MB) | VM: 4329.31 MB | CPU: 36310.1s | SysFreeVM: 104022 MB | No ckpt change
[2026-09-08 17:22:33] PID: 22392 | WS: 119.65 MB (dWS: 8.1 MB) | Commit: 121.21 MB (dPM: 8.05 MB) | VM: 4329.31 MB | CPU: 36320.3s | SysFreeVM: 104024 MB | No ckpt change
[2026-09-08 17:22:44] PID: 22392 | WS: 119.65 MB (dWS: 8.1 MB) | Commit: 121.21 MB (dPM: 8.05 MB) | VM: 4329.31 MB | CPU: 36330.5s | SysFreeVM: 104065 MB | No ckpt change
[2026-09-08 17:22:54] PID: 22392 | WS: 119.65 MB (dWS: 8.1 MB) | Commit: 121.21 MB (dPM: 8.05 MB) | VM: 4329.31 MB | CPU: 36340.7s | SysFreeVM: 104046 MB | Ckpt: 50MB at 17:22:45
[2026-09-08 17:23:04] PID: 22392 | WS: 119.65 MB (dWS: 8.1 MB) | Commit: 121.21 MB (dPM: 8.05 MB) | VM: 4329.31 MB | CPU: 36350.9s | SysFreeVM: 104051 MB | No ckpt change
[2026-09-08 17:23:14] PID: 22392 | WS: 119.65 MB (dWS: 8.1 MB) | Commit: 121.21 MB (dPM: 8.05 MB) | VM: 4329.31 MB | CPU: 36361s | SysFreeVM: 104039 MB | No ckpt change
[2026-09-08 17:23:25] PID: 22392 | WS: 119.65 MB (dWS: 8.1 MB) | Commit: 121.21 MB (dPM: 8.05 MB) | VM: 4329.31 MB | CPU: 36371.3s | SysFreeVM: 104051 MB | No ckpt change
[2026-09-08 17:23:35] PID: 22392 | WS: 119.65 MB (dWS: 8.1 MB) | Commit: 121.21 MB (dPM: 8.05 MB) | VM: 4329.31 MB | CPU: 36381.4s | SysFreeVM: 104000 MB | Ckpt: 50MB at 17:23:27
[2026-09-08 17:23:45] PID: 22392 | WS: 119.65 MB (dWS: 8.1 MB) | Commit: 121.21 MB (dPM: 8.05 MB) | VM: 4329.31 MB | CPU: 36391.6s | SysFreeVM: 104016 MB | No ckpt change
[2026-09-08 17:23:55] PID: 22392 | WS: 119.65 MB (dWS: 8.1 MB) | Commit: 121.21 MB (dPM: 8.05 MB) | VM: 4329.31 MB | CPU: 36401.8s | SysFreeVM: 104063 MB | No ckpt change
[2026-09-08 17:24:06] PID: 22392 | WS: 119.65 MB (dWS: 8.1 MB) | Commit: 121.21 MB (dPM: 8.05 MB) | VM: 4329.31 MB | CPU: 36412s | SysFreeVM: 104022 MB | No ckpt change
[2026-09-08 17:24:16] PID: 22392 | WS: 119.65 MB (dWS: 8.1 MB) | Commit: 121.21 MB (dPM: 8.05 MB) | VM: 4329.31 MB | CPU: 36422.2s | SysFreeVM: 104053 MB | Ckpt: 50MB at 17:24:10
[2026-09-08 17:24:26] PID: 22392 | WS: 119.65 MB (dWS: 8.1 MB) | Commit: 121.21 MB (dPM: 8.05 MB) | VM: 4329.31 MB | CPU: 36432.3s | SysFreeVM: 104055 MB | No ckpt change
[2026-09-08 17:24:36] PID: 22392 | WS: 119.65 MB (dWS: 8.1 MB) | Commit: 121.21 MB (dPM: 8.05 MB) | VM: 4329.31 MB | CPU: 36442.5s | SysFreeVM: 104004 MB | No ckpt change
[2026-09-08 17:24:47] PID: 22392 | WS: 119.65 MB (dWS: 8.1 MB) | Commit: 121.21 MB (dPM: 8.05 MB) | VM: 4329.31 MB | CPU: 36452.8s | SysFreeVM: 103988 MB | No ckpt change
[2026-09-08 17:24:57] PID: 22392 | WS: 119.65 MB (dWS: 8.1 MB) | Commit: 121.21 MB (dPM: 8.05 MB) | VM: 4329.31 MB | CPU: 36462.8s | SysFreeVM: 103978 MB | Ckpt: 50MB at 17:24:52
[2026-09-08 17:25:07] PID: 22392 | WS: 119.65 MB (dWS: 8.1 MB) | Commit: 121.21 MB (dPM: 8.05 MB) | VM: 4329.31 MB | CPU: 36473s | SysFreeVM: 103997 MB | No ckpt change
[2026-09-08 17:25:17] PID: 22392 | WS: 119.65 MB (dWS: 8.1 MB) | Commit: 121.21 MB (dPM: 8.05 MB) | VM: 4329.31 MB | CPU: 36483.2s | SysFreeVM: 104037 MB | No ckpt change
[2026-09-08 17:25:28] PID: 22392 | WS: 119.65 MB (dWS: 8.1 MB) | Commit: 121.21 MB (dPM: 8.05 MB) | VM: 4329.31 MB | CPU: 36493.4s | SysFreeVM: 104045 MB | No ckpt change
[2026-09-08 17:25:38] PID: 22392 | WS: 119.65 MB (dWS: 8.1 MB) | Commit: 121.21 MB (dPM: 8.05 MB) | VM: 4329.31 MB | CPU: 36503.6s | SysFreeVM: 104026 MB | Ckpt: 50MB at 17:25:35
[2026-09-08 17:25:48] PID: 22392 | WS: 119.65 MB (dWS: 8.1 MB) | Commit: 121.21 MB (dPM: 8.05 MB) | VM: 4329.31 MB | CPU: 36513.7s | SysFreeVM: 104026 MB | No ckpt change
[2026-09-08 17:25:58] PID: 22392 | WS: 119.65 MB (dWS: 8.1 MB) | Commit: 121.21 MB (dPM: 8.05 MB) | VM: 4329.31 MB | CPU: 36523.9s | SysFreeVM: 104035 MB | No ckpt change
[2026-09-08 17:26:08] PID: 22392 | WS: 119.65 MB (dWS: 8.1 MB) | Commit: 121.21 MB (dPM: 8.05 MB) | VM: 4329.31 MB | CPU: 36534s | SysFreeVM: 104035 MB | No ckpt change
[2026-09-08 17:26:19] PID: 22392 | WS: 119.65 MB (dWS: 8.1 MB) | Commit: 121.21 MB (dPM: 8.05 MB) | VM: 4329.31 MB | CPU: 36544.2s | SysFreeVM: 104000 MB | Ckpt: 50MB at 17:26:17
[2026-09-08 17:26:29] PID: 22392 | WS: 119.65 MB (dWS: 8.1 MB) | Commit: 121.21 MB (dPM: 8.05 MB) | VM: 4329.31 MB | CPU: 36554.4s | SysFreeVM: 104066 MB | No ckpt change
[2026-09-08 17:26:39] PID: 22392 | WS: 119.65 MB (dWS: 8.1 MB) | Commit: 121.21 MB (dPM: 8.05 MB) | VM: 4329.31 MB | CPU: 36564.6s | SysFreeVM: 104050 MB | No ckpt change
[2026-09-08 17:26:49] PID: 22392 | WS: 119.65 MB (dWS: 8.1 MB) | Commit: 121.21 MB (dPM: 8.05 MB) | VM: 4329.31 MB | CPU: 36574.7s | SysFreeVM: 104042 MB | No ckpt change
[2026-09-08 17:27:00] PID: 22392 | WS: 119.65 MB (dWS: 8.1 MB) | Commit: 121.21 MB (dPM: 8.05 MB) | VM: 4329.31 MB | CPU: 36584.8s | SysFreeVM: 104015 MB | No ckpt change
[2026-09-08 17:27:10] PID: 22392 | WS: 119.65 MB (dWS: 8.1 MB) | Commit: 121.21 MB (dPM: 8.05 MB) | VM: 4329.31 MB | CPU: 36594.9s | SysFreeVM: 104021 MB | Ckpt: 50MB at 17:27:00
[2026-09-08 17:27:20] PID: 22392 | WS: 119.65 MB (dWS: 8.1 MB) | Commit: 121.21 MB (dPM: 8.05 MB) | VM: 4329.31 MB | CPU: 36605.2s | SysFreeVM: 104002 MB | No ckpt change
[2026-09-08 17:27:30] PID: 22392 | WS: 119.65 MB (dWS: 8.1 MB) | Commit: 121.21 MB (dPM: 8.05 MB) | VM: 4329.31 MB | CPU: 36615.4s | SysFreeVM: 103939 MB | No ckpt change
[2026-09-08 17:27:41] PID: 22392 | WS: 119.65 MB (dWS: 8.1 MB) | Commit: 121.21 MB (dPM: 8.05 MB) | VM: 4329.31 MB | CPU: 36625.6s | SysFreeVM: 104046 MB | No ckpt change
[2026-09-08 17:27:51] PID: 22392 | WS: 119.65 MB (dWS: 8.1 MB) | Commit: 121.21 MB (dPM: 8.05 MB) | VM: 4329.31 MB | CPU: 36635.7s | SysFreeVM: 104027 MB | Ckpt: 50MB at 17:27:42
[2026-09-08 17:28:01] PID: 22392 | WS: 119.65 MB (dWS: 8.1 MB) | Commit: 121.21 MB (dPM: 8.05 MB) | VM: 4329.31 MB | CPU: 36645.9s | SysFreeVM: 104037 MB | No ckpt change
[2026-09-08 17:28:11] PID: 22392 | WS: 119.65 MB (dWS: 8.1 MB) | Commit: 121.21 MB (dPM: 8.05 MB) | VM: 4329.31 MB | CPU: 36656s | SysFreeVM: 104024 MB | No ckpt change
[2026-09-08 17:28:22] PID: 22392 | WS: 119.65 MB (dWS: 8.1 MB) | Commit: 121.21 MB (dPM: 8.05 MB) | VM: 4329.31 MB | CPU: 36666.2s | SysFreeVM: 103986 MB | No ckpt change
[2026-09-08 17:28:32] PID: 22392 | WS: 119.65 MB (dWS: 8.1 MB) | Commit: 121.21 MB (dPM: 8.05 MB) | VM: 4329.31 MB | CPU: 36676.3s | SysFreeVM: 104015 MB | Ckpt: 50MB at 17:28:25
[2026-09-08 17:28:42] PID: 22392 | WS: 119.65 MB (dWS: 8.1 MB) | Commit: 121.21 MB (dPM: 8.05 MB) | VM: 4329.31 MB | CPU: 36686.5s | SysFreeVM: 103987 MB | No ckpt change
[2026-09-08 17:28:52] PID: 22392 | WS: 119.65 MB (dWS: 8.1 MB) | Commit: 121.21 MB (dPM: 8.05 MB) | VM: 4329.31 MB | CPU: 36696.8s | SysFreeVM: 104038 MB | No ckpt change
[2026-09-08 17:29:03] PID: 22392 | WS: 119.65 MB (dWS: 8.1 MB) | Commit: 121.21 MB (dPM: 8.05 MB) | VM: 4329.31 MB | CPU: 36707s | SysFreeVM: 104018 MB | No ckpt change
[2026-09-08 17:29:13] PID: 22392 | WS: 119.78 MB (dWS: 8.23 MB) | Commit: 121.35 MB (dPM: 8.19 MB) | VM: 4329.31 MB | CPU: 36717.1s | SysFreeVM: 104017 MB | Ckpt: 50MB at 17:29:07
[2026-09-08 17:29:23] PID: 22392 | WS: 119.78 MB (dWS: 8.23 MB) | Commit: 121.35 MB (dPM: 8.19 MB) | VM: 4329.31 MB | CPU: 36727.3s | SysFreeVM: 104049 MB | No ckpt change
[2026-09-08 17:29:33] PID: 22392 | WS: 119.78 MB (dWS: 8.23 MB) | Commit: 121.35 MB (dPM: 8.19 MB) | VM: 4329.31 MB | CPU: 36737.5s | SysFreeVM: 104006 MB | No ckpt change
[2026-09-08 17:29:44] PID: 22392 | WS: 119.78 MB (dWS: 8.23 MB) | Commit: 121.35 MB (dPM: 8.19 MB) | VM: 4329.31 MB | CPU: 36747.7s | SysFreeVM: 103978 MB | No ckpt change
[2026-09-08 17:29:54] PID: 22392 | WS: 119.78 MB (dWS: 8.23 MB) | Commit: 121.35 MB (dPM: 8.19 MB) | VM: 4329.31 MB | CPU: 36757.8s | SysFreeVM: 103957 MB | Ckpt: 50MB at 17:29:49
[2026-09-08 17:30:04] PID: 22392 | WS: 119.78 MB (dWS: 8.23 MB) | Commit: 121.35 MB (dPM: 8.19 MB) | VM: 4329.31 MB | CPU: 36768s | SysFreeVM: 103987 MB | No ckpt change
[2026-09-08 17:30:14] PID: 22392 | WS: 119.78 MB (dWS: 8.23 MB) | Commit: 121.35 MB (dPM: 8.19 MB) | VM: 4329.31 MB | CPU: 36778.1s | SysFreeVM: 104023 MB | No ckpt change
[2026-09-08 17:30:24] PID: 22392 | WS: 119.78 MB (dWS: 8.23 MB) | Commit: 121.35 MB (dPM: 8.19 MB) | VM: 4329.31 MB | CPU: 36788.3s | SysFreeVM: 103995 MB | No ckpt change
[2026-09-08 17:30:35] PID: 22392 | WS: 119.78 MB (dWS: 8.23 MB) | Commit: 121.35 MB (dPM: 8.19 MB) | VM: 4329.31 MB | CPU: 36798.5s | SysFreeVM: 103986 MB | Ckpt: 50MB at 17:30:32
[2026-09-08 17:30:45] PID: 22392 | WS: 119.78 MB (dWS: 8.23 MB) | Commit: 121.35 MB (dPM: 8.19 MB) | VM: 4329.31 MB | CPU: 36808.7s | SysFreeVM: 103989 MB | No ckpt change
[2026-09-08 17:30:55] PID: 22392 | WS: 119.78 MB (dWS: 8.23 MB) | Commit: 121.35 MB (dPM: 8.19 MB) | VM: 4329.31 MB | CPU: 36818.9s | SysFreeVM: 103994 MB | No ckpt change
[2026-09-08 17:31:06] PID: 22392 | WS: 119.78 MB (dWS: 8.23 MB) | Commit: 121.35 MB (dPM: 8.19 MB) | VM: 4329.31 MB | CPU: 36829.1s | SysFreeVM: 104018 MB | No ckpt change
[2026-09-08 17:31:16] PID: 22392 | WS: 119.78 MB (dWS: 8.23 MB) | Commit: 121.35 MB (dPM: 8.19 MB) | VM: 4329.31 MB | CPU: 36839.2s | SysFreeVM: 104022 MB | Ckpt: 50MB at 17:31:14
[2026-09-08 17:31:26] PID: 22392 | WS: 119.78 MB (dWS: 8.23 MB) | Commit: 121.35 MB (dPM: 8.19 MB) | VM: 4329.31 MB | CPU: 36849.5s | SysFreeVM: 103985 MB | No ckpt change
[2026-09-08 17:31:36] PID: 22392 | WS: 119.78 MB (dWS: 8.23 MB) | Commit: 121.35 MB (dPM: 8.19 MB) | VM: 4329.31 MB | CPU: 36859.7s | SysFreeVM: 104009 MB | No ckpt change
[2026-09-08 17:31:47] PID: 22392 | WS: 119.78 MB (dWS: 8.23 MB) | Commit: 121.35 MB (dPM: 8.19 MB) | VM: 4329.31 MB | CPU: 36869.9s | SysFreeVM: 104020 MB | No ckpt change
[2026-09-08 17:31:57] PID: 22392 | WS: 119.78 MB (dWS: 8.23 MB) | Commit: 121.35 MB (dPM: 8.19 MB) | VM: 4329.31 MB | CPU: 36880.1s | SysFreeVM: 103927 MB | No ckpt change
[2026-09-08 17:32:07] PID: 22392 | WS: 119.78 MB (dWS: 8.23 MB) | Commit: 121.35 MB (dPM: 8.19 MB) | VM: 4329.31 MB | CPU: 36890.3s | SysFreeVM: 103960 MB | Ckpt: 50MB at 17:31:57
[2026-09-08 17:32:17] PID: 22392 | WS: 119.78 MB (dWS: 8.23 MB) | Commit: 121.35 MB (dPM: 8.19 MB) | VM: 4329.31 MB | CPU: 36900.5s | SysFreeVM: 103996 MB | No ckpt change
[2026-09-08 17:32:28] PID: 22392 | WS: 119.78 MB (dWS: 8.23 MB) | Commit: 121.35 MB (dPM: 8.19 MB) | VM: 4329.31 MB | CPU: 36910.7s | SysFreeVM: 104023 MB | No ckpt change
[2026-09-08 17:32:38] PID: 22392 | WS: 119.78 MB (dWS: 8.23 MB) | Commit: 121.35 MB (dPM: 8.19 MB) | VM: 4329.31 MB | CPU: 36920.9s | SysFreeVM: 104022 MB | No ckpt change
[2026-09-08 17:32:48] PID: 22392 | WS: 119.78 MB (dWS: 8.23 MB) | Commit: 121.35 MB (dPM: 8.19 MB) | VM: 4329.31 MB | CPU: 36931.1s | SysFreeVM: 103992 MB | Ckpt: 50MB at 17:32:39
[2026-09-08 17:32:58] PID: 22392 | WS: 119.78 MB (dWS: 8.23 MB) | Commit: 121.35 MB (dPM: 8.19 MB) | VM: 4329.31 MB | CPU: 36941.3s | SysFreeVM: 104010 MB | No ckpt change
[2026-09-08 17:33:09] PID: 22392 | WS: 119.78 MB (dWS: 8.23 MB) | Commit: 121.35 MB (dPM: 8.19 MB) | VM: 4329.31 MB | CPU: 36951.6s | SysFreeVM: 103982 MB | No ckpt change
[2026-09-08 17:33:19] PID: 22392 | WS: 119.78 MB (dWS: 8.23 MB) | Commit: 121.35 MB (dPM: 8.19 MB) | VM: 4329.31 MB | CPU: 36961.8s | SysFreeVM: 103991 MB | No ckpt change
[2026-09-08 17:33:29] PID: 22392 | WS: 119.78 MB (dWS: 8.23 MB) | Commit: 121.35 MB (dPM: 8.19 MB) | VM: 4329.31 MB | CPU: 36972s | SysFreeVM: 104052 MB | Ckpt: 50MB at 17:33:22
[2026-09-08 17:33:39] PID: 22392 | WS: 119.78 MB (dWS: 8.23 MB) | Commit: 121.35 MB (dPM: 8.19 MB) | VM: 4329.31 MB | CPU: 36982.2s | SysFreeVM: 104036 MB | No ckpt change
[2026-09-08 17:33:50] PID: 22392 | WS: 119.78 MB (dWS: 8.23 MB) | Commit: 121.35 MB (dPM: 8.19 MB) | VM: 4329.31 MB | CPU: 36992.4s | SysFreeVM: 104021 MB | No ckpt change
[2026-09-08 17:34:00] PID: 22392 | WS: 119.78 MB (dWS: 8.23 MB) | Commit: 121.35 MB (dPM: 8.19 MB) | VM: 4329.31 MB | CPU: 37002.6s | SysFreeVM: 104030 MB | No ckpt change
[2026-09-08 17:34:10] PID: 22392 | WS: 119.78 MB (dWS: 8.23 MB) | Commit: 121.35 MB (dPM: 8.19 MB) | VM: 4329.31 MB | CPU: 37012.8s | SysFreeVM: 104024 MB | Ckpt: 50MB at 17:34:04
[2026-09-08 17:34:20] PID: 22392 | WS: 119.78 MB (dWS: 8.23 MB) | Commit: 121.35 MB (dPM: 8.19 MB) | VM: 4329.31 MB | CPU: 37023s | SysFreeVM: 104009 MB | No ckpt change
[2026-09-08 17:34:31] PID: 22392 | WS: 119.78 MB (dWS: 8.23 MB) | Commit: 121.35 MB (dPM: 8.19 MB) | VM: 4329.31 MB | CPU: 37033.2s | SysFreeVM: 104006 MB | No ckpt change
[2026-09-08 17:34:41] PID: 22392 | WS: 119.78 MB (dWS: 8.23 MB) | Commit: 121.35 MB (dPM: 8.19 MB) | VM: 4329.31 MB | CPU: 37043.4s | SysFreeVM: 104019 MB | No ckpt change
[2026-09-08 17:34:51] PID: 22392 | WS: 119.78 MB (dWS: 8.23 MB) | Commit: 121.35 MB (dPM: 8.19 MB) | VM: 4329.31 MB | CPU: 37053.6s | SysFreeVM: 103999 MB | Ckpt: 50MB at 17:34:47
[2026-09-08 17:35:01] PID: 22392 | WS: 119.78 MB (dWS: 8.23 MB) | Commit: 121.35 MB (dPM: 8.19 MB) | VM: 4329.31 MB | CPU: 37063.7s | SysFreeVM: 103977 MB | No ckpt change
[2026-09-08 17:35:12] PID: 22392 | WS: 119.78 MB (dWS: 8.23 MB) | Commit: 121.35 MB (dPM: 8.19 MB) | VM: 4329.31 MB | CPU: 37073.9s | SysFreeVM: 103998 MB | No ckpt change
[2026-09-08 17:35:22] PID: 22392 | WS: 119.78 MB (dWS: 8.23 MB) | Commit: 121.35 MB (dPM: 8.19 MB) | VM: 4329.31 MB | CPU: 37084.1s | SysFreeVM: 104005 MB | No ckpt change
[2026-09-08 17:35:32] PID: 22392 | WS: 119.78 MB (dWS: 8.23 MB) | Commit: 121.35 MB (dPM: 8.19 MB) | VM: 4329.31 MB | CPU: 37094.3s | SysFreeVM: 103976 MB | Ckpt: 50MB at 17:35:29
[2026-09-08 17:35:42] PID: 22392 | WS: 119.78 MB (dWS: 8.23 MB) | Commit: 121.35 MB (dPM: 8.19 MB) | VM: 4329.31 MB | CPU: 37104.5s | SysFreeVM: 103984 MB | No ckpt change
[2026-09-08 17:35:53] PID: 22392 | WS: 119.78 MB (dWS: 8.23 MB) | Commit: 121.35 MB (dPM: 8.19 MB) | VM: 4329.31 MB | CPU: 37114.7s | SysFreeVM: 104061 MB | No ckpt change
[2026-09-08 17:36:03] PID: 22392 | WS: 119.78 MB (dWS: 8.23 MB) | Commit: 121.35 MB (dPM: 8.19 MB) | VM: 4329.31 MB | CPU: 37124.9s | SysFreeVM: 104025 MB | No ckpt change
[2026-09-08 17:36:13] PID: 22392 | WS: 119.78 MB (dWS: 8.23 MB) | Commit: 121.35 MB (dPM: 8.19 MB) | VM: 4329.31 MB | CPU: 37135.1s | SysFreeVM: 104041 MB | Ckpt: 50MB at 17:36:11
[2026-09-08 17:36:23] PID: 22392 | WS: 119.78 MB (dWS: 8.23 MB) | Commit: 121.35 MB (dPM: 8.19 MB) | VM: 4329.31 MB | CPU: 37145.2s | SysFreeVM: 104046 MB | No ckpt change
[2026-09-08 17:36:33] PID: 22392 | WS: 119.78 MB (dWS: 8.23 MB) | Commit: 121.35 MB (dPM: 8.19 MB) | VM: 4329.31 MB | CPU: 37155.4s | SysFreeVM: 104021 MB | No ckpt change
[2026-09-08 17:36:44] PID: 22392 | WS: 119.78 MB (dWS: 8.23 MB) | Commit: 121.35 MB (dPM: 8.19 MB) | VM: 4329.31 MB | CPU: 37165.6s | SysFreeVM: 104016 MB | No ckpt change
[2026-09-08 17:36:54] PID: 22392 | WS: 119.78 MB (dWS: 8.23 MB) | Commit: 121.35 MB (dPM: 8.19 MB) | VM: 4329.31 MB | CPU: 37175.8s | SysFreeVM: 103986 MB | No ckpt change
[2026-09-08 17:37:04] PID: 22392 | WS: 119.78 MB (dWS: 8.23 MB) | Commit: 121.35 MB (dPM: 8.19 MB) | VM: 4329.31 MB | CPU: 37186s | SysFreeVM: 104034 MB | Ckpt: 50MB at 17:36:54
[2026-09-08 17:37:14] PID: 22392 | WS: 119.78 MB (dWS: 8.23 MB) | Commit: 121.35 MB (dPM: 8.19 MB) | VM: 4329.31 MB | CPU: 37196.2s | SysFreeVM: 104036 MB | No ckpt change
[2026-09-08 17:37:25] PID: 22392 | WS: 119.78 MB (dWS: 8.23 MB) | Commit: 121.35 MB (dPM: 8.19 MB) | VM: 4329.31 MB | CPU: 37206.4s | SysFreeVM: 104044 MB | No ckpt change
[2026-09-08 17:37:35] PID: 22392 | WS: 119.78 MB (dWS: 8.23 MB) | Commit: 121.35 MB (dPM: 8.19 MB) | VM: 4329.31 MB | CPU: 37216.6s | SysFreeVM: 104041 MB | No ckpt change
[2026-09-08 17:37:45] PID: 22392 | WS: 119.78 MB (dWS: 8.23 MB) | Commit: 121.35 MB (dPM: 8.19 MB) | VM: 4329.31 MB | CPU: 37226.7s | SysFreeVM: 104014 MB | Ckpt: 50MB at 17:37:36
[2026-09-08 17:37:55] PID: 22392 | WS: 119.78 MB (dWS: 8.23 MB) | Commit: 121.35 MB (dPM: 8.19 MB) | VM: 4329.31 MB | CPU: 37236.8s | SysFreeVM: 103980 MB | No ckpt change
[2026-09-08 17:38:06] PID: 22392 | WS: 119.78 MB (dWS: 8.23 MB) | Commit: 121.35 MB (dPM: 8.19 MB) | VM: 4329.31 MB | CPU: 37247s | SysFreeVM: 104019 MB | No ckpt change
[2026-09-08 17:38:16] PID: 22392 | WS: 119.78 MB (dWS: 8.23 MB) | Commit: 121.35 MB (dPM: 8.19 MB) | VM: 4329.31 MB | CPU: 37257.2s | SysFreeVM: 104001 MB | No ckpt change
[2026-09-08 17:38:26] PID: 22392 | WS: 119.78 MB (dWS: 8.23 MB) | Commit: 121.35 MB (dPM: 8.19 MB) | VM: 4329.31 MB | CPU: 37267.4s | SysFreeVM: 104005 MB | Ckpt: 50MB at 17:38:19
[2026-09-08 17:38:36] PID: 22392 | WS: 119.78 MB (dWS: 8.23 MB) | Commit: 121.35 MB (dPM: 8.19 MB) | VM: 4329.31 MB | CPU: 37277.6s | SysFreeVM: 104020 MB | No ckpt change
[2026-09-08 17:38:46] PID: 22392 | WS: 119.78 MB (dWS: 8.23 MB) | Commit: 121.35 MB (dPM: 8.19 MB) | VM: 4329.31 MB | CPU: 37287.8s | SysFreeVM: 104044 MB | No ckpt change
[2026-09-08 17:38:57] PID: 22392 | WS: 119.78 MB (dWS: 8.23 MB) | Commit: 121.35 MB (dPM: 8.19 MB) | VM: 4329.31 MB | CPU: 37298s | SysFreeVM: 104044 MB | No ckpt change
[2026-09-08 17:39:07] PID: 22392 | WS: 119.78 MB (dWS: 8.23 MB) | Commit: 121.35 MB (dPM: 8.19 MB) | VM: 4329.31 MB | CPU: 37308.1s | SysFreeVM: 104013 MB | Ckpt: 50MB at 17:39:01
[2026-09-08 17:39:17] PID: 22392 | WS: 119.78 MB (dWS: 8.23 MB) | Commit: 121.35 MB (dPM: 8.19 MB) | VM: 4329.31 MB | CPU: 37318.1s | SysFreeVM: 104023 MB | No ckpt change
[2026-09-08 17:39:27] PID: 22392 | WS: 119.78 MB (dWS: 8.23 MB) | Commit: 121.35 MB (dPM: 8.19 MB) | VM: 4329.31 MB | CPU: 37328.3s | SysFreeVM: 104024 MB | No ckpt change
[2026-09-08 17:39:38] PID: 22392 | WS: 119.78 MB (dWS: 8.23 MB) | Commit: 121.35 MB (dPM: 8.19 MB) | VM: 4329.31 MB | CPU: 37338.4s | SysFreeVM: 104024 MB | No ckpt change
[2026-09-08 17:39:48] PID: 22392 | WS: 119.78 MB (dWS: 8.23 MB) | Commit: 121.35 MB (dPM: 8.19 MB) | VM: 4329.31 MB | CPU: 37348.5s | SysFreeVM: 103983 MB | Ckpt: 50MB at 17:39:44
[2026-09-08 17:39:58] PID: 22392 | WS: 119.78 MB (dWS: 8.23 MB) | Commit: 121.35 MB (dPM: 8.19 MB) | VM: 4329.31 MB | CPU: 37358.7s | SysFreeVM: 103966 MB | No ckpt change
[2026-09-08 17:40:08] PID: 22392 | WS: 119.78 MB (dWS: 8.23 MB) | Commit: 121.35 MB (dPM: 8.19 MB) | VM: 4329.31 MB | CPU: 37368.8s | SysFreeVM: 103857 MB | No ckpt change
[2026-09-08 17:40:19] PID: 22392 | WS: 119.78 MB (dWS: 8.23 MB) | Commit: 121.35 MB (dPM: 8.19 MB) | VM: 4329.31 MB | CPU: 37378.9s | SysFreeVM: 103952 MB | No ckpt change
[2026-09-08 17:40:29] PID: 22392 | WS: 119.8 MB (dWS: 8.25 MB) | Commit: 121.36 MB (dPM: 8.2 MB) | VM: 4329.31 MB | CPU: 37389.1s | SysFreeVM: 103966 MB | Ckpt: 50MB at 17:40:21
[2026-09-08 17:40:39] PID: 22392 | WS: 119.8 MB (dWS: 8.25 MB) | Commit: 121.36 MB (dPM: 8.2 MB) | VM: 4329.31 MB | CPU: 37399.3s | SysFreeVM: 103979 MB | No ckpt change
[2026-09-08 17:40:49] PID: 22392 | WS: 119.8 MB (dWS: 8.25 MB) | Commit: 121.36 MB (dPM: 8.2 MB) | VM: 4329.31 MB | CPU: 37409.5s | SysFreeVM: 103979 MB | No ckpt change
[2026-09-08 17:41:00] PID: 22392 | WS: 119.8 MB (dWS: 8.25 MB) | Commit: 121.36 MB (dPM: 8.2 MB) | VM: 4329.31 MB | CPU: 37419.6s | SysFreeVM: 103988 MB | No ckpt change
[2026-09-08 17:41:10] PID: 22392 | WS: 119.8 MB (dWS: 8.25 MB) | Commit: 121.36 MB (dPM: 8.2 MB) | VM: 4329.31 MB | CPU: 37429.7s | SysFreeVM: 104061 MB | Ckpt: 50MB at 17:41:03
[2026-09-08 17:41:20] PID: 22392 | WS: 119.8 MB (dWS: 8.25 MB) | Commit: 121.36 MB (dPM: 8.2 MB) | VM: 4329.31 MB | CPU: 37439.9s | SysFreeVM: 104065 MB | No ckpt change
[2026-09-08 17:41:30] PID: 22392 | WS: 119.8 MB (dWS: 8.25 MB) | Commit: 121.36 MB (dPM: 8.2 MB) | VM: 4329.31 MB | CPU: 37450.1s | SysFreeVM: 104046 MB | No ckpt change
[2026-09-08 17:41:41] PID: 22392 | WS: 119.8 MB (dWS: 8.25 MB) | Commit: 121.36 MB (dPM: 8.2 MB) | VM: 4329.31 MB | CPU: 37460.3s | SysFreeVM: 104015 MB | No ckpt change
[2026-09-08 17:41:51] PID: 22392 | WS: 119.8 MB (dWS: 8.25 MB) | Commit: 121.36 MB (dPM: 8.2 MB) | VM: 4329.31 MB | CPU: 37470.5s | SysFreeVM: 103997 MB | Ckpt: 50MB at 17:41:48
[2026-09-08 17:42:01] PID: 22392 | WS: 119.8 MB (dWS: 8.25 MB) | Commit: 121.36 MB (dPM: 8.2 MB) | VM: 4329.31 MB | CPU: 37480.6s | SysFreeVM: 103973 MB | No ckpt change
[2026-09-08 17:42:12] PID: 22392 | WS: 119.8 MB (dWS: 8.25 MB) | Commit: 121.36 MB (dPM: 8.2 MB) | VM: 4329.31 MB | CPU: 37490.7s | SysFreeVM: 103843 MB | No ckpt change
[2026-09-08 17:42:22] PID: 22392 | WS: 119.8 MB (dWS: 8.25 MB) | Commit: 121.36 MB (dPM: 8.2 MB) | VM: 4329.31 MB | CPU: 37500.9s | SysFreeVM: 103994 MB | No ckpt change
[2026-09-08 17:42:32] PID: 22392 | WS: 119.8 MB (dWS: 8.25 MB) | Commit: 121.36 MB (dPM: 8.2 MB) | VM: 4329.31 MB | CPU: 37511.2s | SysFreeVM: 104034 MB | No ckpt change
[2026-09-08 17:42:42] PID: 22392 | WS: 119.8 MB (dWS: 8.25 MB) | Commit: 121.36 MB (dPM: 8.2 MB) | VM: 4329.31 MB | CPU: 37521.3s | SysFreeVM: 104035 MB | Ckpt: 50MB at 17:42:33
[2026-09-08 17:42:52] PID: 22392 | WS: 119.8 MB (dWS: 8.25 MB) | Commit: 121.36 MB (dPM: 8.2 MB) | VM: 4329.31 MB | CPU: 37531.5s | SysFreeVM: 104004 MB | No ckpt change
[2026-09-08 17:43:03] PID: 22392 | WS: 119.8 MB (dWS: 8.25 MB) | Commit: 121.36 MB (dPM: 8.2 MB) | VM: 4329.31 MB | CPU: 37541.6s | SysFreeVM: 104013 MB | No ckpt change
[2026-09-08 17:43:13] PID: 22392 | WS: 119.8 MB (dWS: 8.25 MB) | Commit: 121.36 MB (dPM: 8.2 MB) | VM: 4329.31 MB | CPU: 37551.8s | SysFreeVM: 104045 MB | No ckpt change
[2026-09-08 17:43:23] PID: 22392 | WS: 119.8 MB (dWS: 8.25 MB) | Commit: 121.36 MB (dPM: 8.2 MB) | VM: 4329.31 MB | CPU: 37561.9s | SysFreeVM: 104037 MB | Ckpt: 50MB at 17:43:15
[2026-09-08 17:43:34] PID: 22392 | WS: 119.8 MB (dWS: 8.25 MB) | Commit: 121.36 MB (dPM: 8.2 MB) | VM: 4329.31 MB | CPU: 37572.1s | SysFreeVM: 104022 MB | No ckpt change
[2026-09-08 17:43:44] PID: 22392 | WS: 119.8 MB (dWS: 8.25 MB) | Commit: 121.36 MB (dPM: 8.2 MB) | VM: 4329.31 MB | CPU: 37582.4s | SysFreeVM: 104041 MB | No ckpt change
[2026-09-08 17:43:54] PID: 22392 | WS: 119.8 MB (dWS: 8.25 MB) | Commit: 121.36 MB (dPM: 8.2 MB) | VM: 4329.31 MB | CPU: 37592.5s | SysFreeVM: 104010 MB | No ckpt change
[2026-09-08 17:44:04] PID: 22392 | WS: 119.8 MB (dWS: 8.25 MB) | Commit: 121.36 MB (dPM: 8.2 MB) | VM: 4329.31 MB | CPU: 37602.7s | SysFreeVM: 104061 MB | Ckpt: 50MB at 17:43:58
[2026-09-08 17:44:14] PID: 22392 | WS: 119.8 MB (dWS: 8.25 MB) | Commit: 121.36 MB (dPM: 8.2 MB) | VM: 4329.31 MB | CPU: 37612.8s | SysFreeVM: 104053 MB | No ckpt change
[2026-09-08 17:44:25] PID: 22392 | WS: 119.8 MB (dWS: 8.25 MB) | Commit: 121.36 MB (dPM: 8.2 MB) | VM: 4329.31 MB | CPU: 37623s | SysFreeVM: 104040 MB | No ckpt change
[2026-09-08 17:44:35] PID: 22392 | WS: 119.8 MB (dWS: 8.25 MB) | Commit: 121.36 MB (dPM: 8.2 MB) | VM: 4329.31 MB | CPU: 37633.2s | SysFreeVM: 104045 MB | No ckpt change
[2026-09-08 17:44:45] PID: 22392 | WS: 119.8 MB (dWS: 8.25 MB) | Commit: 121.36 MB (dPM: 8.2 MB) | VM: 4329.31 MB | CPU: 37643.4s | SysFreeVM: 103986 MB | Ckpt: 50MB at 17:44:40
[2026-09-08 17:44:55] PID: 22392 | WS: 119.8 MB (dWS: 8.25 MB) | Commit: 121.36 MB (dPM: 8.2 MB) | VM: 4329.31 MB | CPU: 37653.7s | SysFreeVM: 103980 MB | No ckpt change
[2026-09-08 17:45:06] PID: 22392 | WS: 119.8 MB (dWS: 8.25 MB) | Commit: 121.36 MB (dPM: 8.2 MB) | VM: 4329.31 MB | CPU: 37663.7s | SysFreeVM: 104030 MB | No ckpt change
[2026-09-08 17:45:16] PID: 22392 | WS: 119.8 MB (dWS: 8.25 MB) | Commit: 121.36 MB (dPM: 8.2 MB) | VM: 4329.31 MB | CPU: 37673.9s | SysFreeVM: 104029 MB | No ckpt change
[2026-09-08 17:45:26] PID: 22392 | WS: 119.8 MB (dWS: 8.25 MB) | Commit: 121.36 MB (dPM: 8.2 MB) | VM: 4329.31 MB | CPU: 37684.1s | SysFreeVM: 104011 MB | Ckpt: 50MB at 17:45:23
[2026-09-08 17:45:36] PID: 22392 | WS: 119.8 MB (dWS: 8.25 MB) | Commit: 121.36 MB (dPM: 8.2 MB) | VM: 4329.31 MB | CPU: 37694.3s | SysFreeVM: 104017 MB | No ckpt change
[2026-09-08 17:45:47] PID: 22392 | WS: 119.8 MB (dWS: 8.25 MB) | Commit: 121.36 MB (dPM: 8.2 MB) | VM: 4329.31 MB | CPU: 37704.6s | SysFreeVM: 104012 MB | No ckpt change
[2026-09-08 17:45:57] PID: 22392 | WS: 119.8 MB (dWS: 8.25 MB) | Commit: 121.36 MB (dPM: 8.2 MB) | VM: 4329.31 MB | CPU: 37714.7s | SysFreeVM: 104061 MB | No ckpt change
[2026-09-08 17:46:07] PID: 22392 | WS: 119.8 MB (dWS: 8.25 MB) | Commit: 121.36 MB (dPM: 8.2 MB) | VM: 4329.31 MB | CPU: 37724.9s | SysFreeVM: 103976 MB | Ckpt: 50MB at 17:46:05
[2026-09-08 17:46:17] PID: 22392 | WS: 119.8 MB (dWS: 8.25 MB) | Commit: 121.36 MB (dPM: 8.2 MB) | VM: 4329.31 MB | CPU: 37735.1s | SysFreeVM: 103968 MB | No ckpt change
[2026-09-08 17:46:28] PID: 22392 | WS: 119.8 MB (dWS: 8.25 MB) | Commit: 121.36 MB (dPM: 8.2 MB) | VM: 4329.31 MB | CPU: 37745.3s | SysFreeVM: 103965 MB | No ckpt change
[2026-09-08 17:46:38] Process geomind (PID 22392) has stopped.
[2026-09-08 17:46:38] Process exited cleanly without OS crash or memory exhaustion errors detected.

================================================================================
[2026-09-08 17:56:57] Starting GeoMind Continuous Memory Monitor (Interval: 15s)
================================================================================
[2026-09-08 17:56:57] Hooked geomind PID 7260 | Initial WS: 111.58 MB | Initial Commit: 113.23 MB
[2026-09-08 17:56:58] PID: 7260 | WS: 111.58 MB (dWS: 0 MB) | Commit: 113.23 MB (dPM: 0 MB) | VM: 4321.3 MB | CPU: 28.6s | SysFreeVM: 103916 MB | Ckpt: 50MB at 17:46:05
[2026-09-08 17:57:13] PID: 7260 | WS: 111.58 MB (dWS: 0 MB) | Commit: 113.23 MB (dPM: 0 MB) | VM: 4321.3 MB | CPU: 44.1s | SysFreeVM: 103899 MB | No ckpt change
[2026-09-08 17:57:28] PID: 7260 | WS: 111.58 MB (dWS: 0 MB) | Commit: 113.23 MB (dPM: 0 MB) | VM: 4321.3 MB | CPU: 59.2s | SysFreeVM: 103868 MB | No ckpt change
[2026-09-08 17:57:44] PID: 7260 | WS: 111.58 MB (dWS: 0 MB) | Commit: 113.23 MB (dPM: 0 MB) | VM: 4321.3 MB | CPU: 74.2s | SysFreeVM: 103891 MB | No ckpt change
[2026-09-08 17:57:59] PID: 7260 | WS: 111.59 MB (dWS: 0.01 MB) | Commit: 113.23 MB (dPM: 0 MB) | VM: 4321.3 MB | CPU: 89.4s | SysFreeVM: 103939 MB | No ckpt change
[2026-09-08 17:58:14] PID: 7260 | WS: 111.59 MB (dWS: 0.01 MB) | Commit: 113.23 MB (dPM: 0 MB) | VM: 4321.3 MB | CPU: 104.3s | SysFreeVM: 103865 MB | No ckpt change
[2026-09-08 17:58:29] PID: 7260 | WS: 111.59 MB (dWS: 0.01 MB) | Commit: 113.23 MB (dPM: 0 MB) | VM: 4321.3 MB | CPU: 119.5s | SysFreeVM: 103781 MB | No ckpt change
[2026-09-08 17:58:45] PID: 7260 | WS: 111.59 MB (dWS: 0.01 MB) | Commit: 113.23 MB (dPM: 0 MB) | VM: 4321.3 MB | CPU: 134.6s | SysFreeVM: 103895 MB | No ckpt change
[2026-09-08 17:59:00] PID: 7260 | WS: 111.59 MB (dWS: 0.01 MB) | Commit: 113.23 MB (dPM: 0 MB) | VM: 4321.3 MB | CPU: 149.8s | SysFreeVM: 103813 MB | No ckpt change
[2026-09-08 17:59:15] PID: 7260 | WS: 111.59 MB (dWS: 0.01 MB) | Commit: 113.23 MB (dPM: 0 MB) | VM: 4321.3 MB | CPU: 164.9s | SysFreeVM: 103912 MB | No ckpt change
[2026-09-08 17:59:30] PID: 7260 | WS: 111.59 MB (dWS: 0.01 MB) | Commit: 113.23 MB (dPM: 0 MB) | VM: 4321.3 MB | CPU: 180.1s | SysFreeVM: 103986 MB | No ckpt change
[2026-09-08 17:59:46] PID: 7260 | WS: 111.59 MB (dWS: 0.01 MB) | Commit: 113.23 MB (dPM: 0 MB) | VM: 4321.3 MB | CPU: 195.2s | SysFreeVM: 103904 MB | No ckpt change
[2026-09-08 18:00:01] PID: 7260 | WS: 111.59 MB (dWS: 0.01 MB) | Commit: 113.23 MB (dPM: 0 MB) | VM: 4321.3 MB | CPU: 210.3s | SysFreeVM: 103894 MB | No ckpt change
[2026-09-08 18:00:16] PID: 7260 | WS: 111.61 MB (dWS: 0.03 MB) | Commit: 113.23 MB (dPM: 0 MB) | VM: 4321.3 MB | CPU: 225.4s | SysFreeVM: 103713 MB | No ckpt change
[2026-09-08 18:00:32] PID: 7260 | WS: 111.61 MB (dWS: 0.03 MB) | Commit: 113.23 MB (dPM: 0 MB) | VM: 4321.3 MB | CPU: 240.5s | SysFreeVM: 103184 MB | No ckpt change
[2026-09-08 18:00:47] PID: 7260 | WS: 111.6 MB (dWS: 0.02 MB) | Commit: 113.23 MB (dPM: 0 MB) | VM: 4321.3 MB | CPU: 255.6s | SysFreeVM: 102832 MB | No ckpt change
[2026-09-08 18:01:02] PID: 7260 | WS: 111.6 MB (dWS: 0.02 MB) | Commit: 113.23 MB (dPM: 0 MB) | VM: 4321.3 MB | CPU: 270.8s | SysFreeVM: 102943 MB | No ckpt change
[2026-09-08 18:01:17] PID: 7260 | WS: 111.6 MB (dWS: 0.02 MB) | Commit: 113.23 MB (dPM: 0 MB) | VM: 4321.3 MB | CPU: 286s | SysFreeVM: 102987 MB | No ckpt change
