[GeoMind CAUSAL CE Stream] Ep 1.0/Inf | D[1.0/10.0] | 5.7911e-05% (0.0214844 / 37098.9 KB) | LR: 0.0022 | TEMP: 1.0
  Train -> TL: 0.0 | ATL: 0.0 | TPPL: 0.0 | ENT: 0.0b | CERT: 0.0% | SURP: 0.0b
  Val   -> VL: 6.8479 | AVL: 6.8479 | VPPL: 941.898 | VENT: 10.2393b | VCERT: 1.06986% | VSURP: 11.458b

[GeoMind CAUSAL CE Stream] Ep 1.0/Inf | D[1.0/10.0] | 0.0864006% (32.0537 / 37098.9 KB) | LR: 0.00222 | TEMP: 1.0
  Train -> TL: 6.3418 | ATL: 6.3418 | TPPL: 567.817 | ENT: 10.0817b | CERT: 1.45689% | SURP: 10.2074b
  Val   -> VL: 5.92854 | AVL: 6.80193 | VPPL: 899.581 | VENT: 9.76831b | VCERT: 3.84733% | VSURP: 9.39462b

[GeoMind CAUSAL CE Stream] Ep 1.0/Inf | D[1.0/10.0] | 0.128436% (47.6484 / 37098.9 KB) | LR: 0.002238 | TEMP: 1.0
  Train -> TL: 5.71563 | ATL: 6.11499 | TPPL: 452.592 | ENT: 9.02408b | CERT: 5.02432% | SURP: 8.95952b
  Val   -> VL: 5.76509 | AVL: 6.75009 | VPPL: 854.133 | VENT: 9.19035b | VCERT: 5.94457% | VSURP: 9.0114b

[GeoMind CAUSAL CE Stream] Ep 1.0/Inf | D[1.0/10.0] | 0.191188% (70.9287 / 37098.9 KB) | LR: 0.0022542 | TEMP: 1.0
  Train -> TL: 5.31165 | ATL: 5.85141 | TPPL: 347.725 | ENT: 8.81649b | CERT: 6.4195% | SURP: 8.29266b
  Val   -> VL: 5.62053 | AVL: 6.69361 | VPPL: 807.23 | VENT: 9.1115b | VCERT: 5.55589% | VSURP: 8.81661b

[GeoMind CAUSAL CE Stream] Ep 1.0/Inf | D[1.0/10.0] | 0.248902% (92.3398 / 37098.9 KB) | LR: 0.00222039 | TEMP: 1.00569
  Train -> TL: 5.24826 | ATL: 5.71066 | TPPL: 302.07 | ENT: 8.59252b | CERT: 6.00555% | SURP: 8.27226b
  Val   -> VL: 5.55235 | AVL: 6.63655 | VPPL: 762.457 | VENT: 8.73913b | VCERT: 6.38369% | VSURP: 8.67539b

[GeoMind CAUSAL CE Stream] Ep 1.0/Inf | D[1.0/10.0] | 0.344529% (127.816 / 37098.9 KB) | LR: 0.00218708 | TEMP: 1.01843
  Train -> TL: 5.03247 | ATL: 5.54536 | TPPL: 256.046 | ENT: 8.38246b | CERT: 6.36003% | SURP: 7.99031b
  Val   -> VL: 5.43764 | AVL: 6.5766 | VPPL: 718.094 | VENT: 8.71568b | VCERT: 6.50287% | VSURP: 8.53089b

[GeoMind CAUSAL CE Stream] Ep 1.0/Inf | D[1.0/10.0] | 0.430203% (159.601 / 37098.9 KB) | LR: 0.00215427 | TEMP: 1.03512
  Train -> TL: 4.87625 | ATL: 5.40676 | TPPL: 222.908 | ENT: 8.26102b | CERT: 7.33926% | SURP: 7.69705b
  Val   -> VL: 5.36675 | AVL: 6.51611 | VPPL: 675.943 | VENT: 8.58654b | VCERT: 6.26758% | VSURP: 8.42391b

[GeoMind CAUSAL CE Stream] Ep 1.0/Inf | D[1.0/10.0] | 0.487437% (180.834 / 37098.9 KB) | LR: 0.00212196 | TEMP: 1.05048
  Train -> TL: 4.76194 | ATL: 5.33081 | TPPL: 206.605 | ENT: 7.97652b | CERT: 7.59624% | SURP: 7.56768b
  Val   -> VL: 5.31265 | AVL: 6.45594 | VPPL: 636.469 | VENT: 8.23724b | VCERT: 8.12949% | VSURP: 8.29409b

[GeoMind CAUSAL CE Stream] Ep 1.0/Inf | D[1.0/10.0] | 0.538096% (199.628 / 37098.9 KB) | LR: 0.00209013 | TEMP: 1.06251
  Train -> TL: 4.89405 | ATL: 5.28676 | TPPL: 197.702 | ENT: 7.83451b | CERT: 7.67459% | SURP: 7.67219b
  Val   -> VL: 5.29854 | AVL: 6.39807 | VPPL: 600.682 | VENT: 8.46422b | VCERT: 6.34198% | VSURP: 8.33118b

[GeoMind CAUSAL CE Stream] Ep 1.0/Inf | D[1.0/10.0] | 0.552461% (204.957 / 37098.9 KB) | LR: 0.00205878 | TEMP: 1.06759
  Train -> TL: 5.72091 | ATL: 5.30035 | TPPL: 200.407 | ENT: 8.00066b | CERT: 7.7833% | SURP: 8.2617b
  Val   -> VL: 5.29834 | AVL: 6.34308 | VPPL: 568.544 | VENT: 8.55708b | VCERT: 5.87465% | VSURP: 8.36001b

[GeoMind CAUSAL CE Stream] Ep 1.0/Inf | D[1.0/10.0] | 0.642328% (238.297 / 37098.9 KB) | LR: 0.0020279 | TEMP: 1.07115
  Train -> TL: 4.96366 | ATL: 5.25152 | TPPL: 190.856 | ENT: 7.97685b | CERT: 7.01853% | SURP: 7.75445b
  Val   -> VL: 5.16554 | AVL: 6.2842 | VPPL: 536.036 | VENT: 8.39459b | VCERT: 6.90052% | VSURP: 8.1599b

[GeoMind CAUSAL CE Stream] Ep 1.0/Inf | D[1.0/10.0] | 0.702866% (260.756 / 37098.9 KB) | LR: 0.00199748 | TEMP: 1.07306
  Train -> TL: 4.78139 | ATL: 5.21014 | TPPL: 183.121 | ENT: 7.8916b | CERT: 7.50442% | SURP: 7.61928b
  Val   -> VL: 5.1582 | AVL: 6.2279 | VPPL: 506.691 | VENT: 8.26123b | VCERT: 6.93588% | VSURP: 8.10444b

[GeoMind CAUSAL CE Stream] Ep 1.0/Inf | D[1.0/10.0] | 0.756976% (280.83 / 37098.9 KB) | LR: 0.00196752 | TEMP: 1.0735
  Train -> TL: 4.6315 | ATL: 5.17263 | TPPL: 176.378 | ENT: 7.60688b | CERT: 7.89443% | SURP: 7.41315b
  Val   -> VL: 5.16275 | AVL: 6.17464 | VPPL: 480.412 | VENT: 8.04594b | VCERT: 8.02634% | VSURP: 8.08923b

[GeoMind CAUSAL CE Stream] Ep 1.0/Inf | D[1.0/10.0] | 0.785468% (291.4 / 37098.9 KB) | LR: 0.001938 | TEMP: 1.07113
  Train -> TL: 4.81197 | ATL: 5.15859 | TPPL: 173.92 | ENT: 7.27711b | CERT: 9.89475% | SURP: 7.56882b
  Val   -> VL: 5.16049 | AVL: 6.12394 | VPPL: 456.659 | VENT: 7.87512b | VCERT: 8.47902% | VSURP: 8.06893b

[GeoMind CAUSAL CE Stream] Ep 1.0/Inf | D[1.0/10.0] | 0.836406% (310.298 / 37098.9 KB) | LR: 0.00190893 | TEMP: 1.06643
  Train -> TL: 4.95887 | ATL: 5.14481 | TPPL: 171.538 | ENT: 7.55625b | CERT: 7.54047% | SURP: 7.62493b
  Val   -> VL: 5.13423 | AVL: 6.07445 | VPPL: 434.611 | VENT: 8.16678b | VCERT: 7.31815% | VSURP: 8.07236b

[GeoMind CAUSAL CE Stream] Ep 1.0/Inf | D[1.0/10.0] | 0.861119% (319.466 / 37098.9 KB) | LR: 0.0018803 | TEMP: 1.05994
  Train -> TL: 4.643 | ATL: 5.13148 | TPPL: 169.268 | ENT: 7.62277b | CERT: 8.26682% | SURP: 7.39384b
  Val   -> VL: 5.14037 | AVL: 6.02775 | VPPL: 414.779 | VENT: 8.10532b | VCERT: 8.08011% | VSURP: 8.06612b

[GeoMind CAUSAL CE Stream] Ep 1.0/Inf | D[1.0/10.0] | 0.884791% (328.248 / 37098.9 KB) | LR: 0.0018521 | TEMP: 1.05694
  Train -> TL: 4.62577 | ATL: 5.11886 | TPPL: 167.145 | ENT: 7.51682b | CERT: 10.0221% | SURP: 7.33274b
  Val   -> VL: 5.13835 | AVL: 5.98328 | VPPL: 396.738 | VENT: 8.18103b | VCERT: 7.22226% | VSURP: 8.08077b

[GeoMind CAUSAL CE Stream] Ep 1.0/Inf | D[1.0/10.0] | 0.957375% (355.176 / 37098.9 KB) | LR: 0.00182431 | TEMP: 1.05409
  Train -> TL: 4.57971 | ATL: 5.08139 | TPPL: 160.997 | ENT: 7.55996b | CERT: 8.87083% | SURP: 7.25003b
  Val   -> VL: 5.14099 | AVL: 5.94116 | VPPL: 380.377 | VENT: 8.05068b | VCERT: 7.76244% | VSURP: 8.08168b

[GeoMind CAUSAL CE Stream] Ep 1.0/Inf | D[1.0/10.0] | 1.02261% (379.379 / 37098.9 KB) | LR: 0.00188188 | TEMP: 1.05139
  Train -> TL: 4.62771 | ATL: 5.05297 | TPPL: 156.487 | ENT: 7.53213b | CERT: 7.65206% | SURP: 7.24409b
  Val   -> VL: 5.10459 | AVL: 5.89933 | VPPL: 364.794 | VENT: 8.08412b | VCERT: 6.915% | VSURP: 8.02343b

[GeoMind CAUSAL CE Stream] Ep 1.0/Inf | D[1.0/10.0] | 1.08431% (402.268 / 37098.9 KB) | LR: 0.00193369 | TEMP: 1.04882
  Train -> TL: 4.78685 | ATL: 5.03783 | TPPL: 154.135 | ENT: 7.55388b | CERT: 7.24829% | SURP: 7.48176b
  Val   -> VL: 5.0672 | AVL: 5.85773 | VPPL: 349.928 | VENT: 8.22781b | VCERT: 6.60627% | VSURP: 7.98764b

[GeoMind CAUSAL CE Stream] Ep 1.0/Inf | D[1.0/10.0] | 1.15924% (430.065 / 37098.9 KB) | LR: 0.00198033 | TEMP: 1.04638
  Train -> TL: 4.57071 | ATL: 5.0084 | TPPL: 149.665 | ENT: 7.60019b | CERT: 7.68253% | SURP: 7.30252b
  Val   -> VL: 5.0642 | AVL: 5.81805 | VPPL: 336.316 | VENT: 8.04768b | VCERT: 7.08336% | VSURP: 7.96265b

[GeoMind CAUSAL CE Stream] Ep 1.0/Inf | D[1.0/10.0] | 1.19858% (444.661 / 37098.9 KB) | LR: 0.00202229 | TEMP: 1.04406
  Train -> TL: 4.78448 | ATL: 5.00163 | TPPL: 148.655 | ENT: 7.59413b | CERT: 7.15298% | SURP: 7.57099b
  Val   -> VL: 5.0616 | AVL: 5.78023 | VPPL: 323.833 | VENT: 8.14592b | VCERT: 6.66379% | VSURP: 7.98086b

[GeoMind CAUSAL CE Stream] Ep 1.0/Inf | D[1.0/10.0] | 1.24507% (461.906 / 37098.9 KB) | LR: 0.00206006 | TEMP: 1.04186
  Train -> TL: 4.87875 | ATL: 4.99696 | TPPL: 147.963 | ENT: 7.81746b | CERT: 6.25835% | SURP: 7.54695b
  Val   -> VL: 5.05405 | AVL: 5.74392 | VPPL: 312.286 | VENT: 8.17801b | VCERT: 6.16758% | VSURP: 7.97796b

[GeoMind CAUSAL CE Stream] Ep 1.0/Inf | D[1.0/10.0] | 1.29689% (481.132 / 37098.9 KB) | LR: 0.00209406 | TEMP: 1.03976
  Train -> TL: 4.63732 | ATL: 4.98253 | TPPL: 145.843 | ENT: 7.62949b | CERT: 7.02425% | SURP: 7.30058b
  Val   -> VL: 5.04676 | AVL: 5.70906 | VPPL: 301.588 | VENT: 8.06608b | VCERT: 6.81907% | VSURP: 7.95086b

[GeoMind CAUSAL CE Stream] Ep 1.0/Inf | D[1.0/10.0] | 1.34696% (499.709 / 37098.9 KB) | LR: 0.00212465 | TEMP: 1.03778
  Train -> TL: 4.62452 | ATL: 4.96914 | TPPL: 143.904 | ENT: 7.60753b | CERT: 7.78634% | SURP: 7.31624b
  Val   -> VL: 5.00097 | AVL: 5.67366 | VPPL: 291.097 | VENT: 8.09398b | VCERT: 6.89556% | VSURP: 7.88087b

[GeoMind CAUSAL CE Stream] Ep 1.0/Inf | D[1.0/10.0] | 1.42706% (529.423 / 37098.9 KB) | LR: 0.00215219 | TEMP: 1.03589
  Train -> TL: 4.62221 | ATL: 4.95036 | TPPL: 141.225 | ENT: 7.71419b | CERT: 6.4033% | SURP: 7.30069b
  Val   -> VL: 4.98694 | AVL: 5.63932 | VPPL: 281.272 | VENT: 8.19565b | VCERT: 6.38059% | VSURP: 7.89039b

[GeoMind CAUSAL CE Stream] Ep 1.0/Inf | D[1.0/10.0] | 1.49134% (553.271 / 37098.9 KB) | LR: 0.00217697 | TEMP: 1.03409
  Train -> TL: 4.62733 | ATL: 4.93652 | TPPL: 139.284 | ENT: 7.72052b | CERT: 6.83849% | SURP: 7.29296b
  Val   -> VL: 4.97026 | AVL: 5.60587 | VPPL: 272.018 | VENT: 8.0958b | VCERT: 7.29709% | VSURP: 7.84368b

[GeoMind CAUSAL CE Stream] Ep 1.0/Inf | D[1.0/10.0] | 1.54838% (574.433 / 37098.9 KB) | LR: 0.00219927 | TEMP: 1.03239
  Train -> TL: 4.63025 | ATL: 4.9255 | TPPL: 137.759 | ENT: 7.67607b | CERT: 6.66424% | SURP: 7.33414b
  Val   -> VL: 4.97165 | AVL: 5.57416 | VPPL: 263.527 | VENT: 8.16595b | VCERT: 6.50836% | VSURP: 7.86514b

[GeoMind CAUSAL CE Stream] Ep 1.0/Inf | D[1.0/10.0] | 1.57389% (583.895 / 37098.9 KB) | LR: 0.00221934 | TEMP: 1.03077
  Train -> TL: 5.02218 | ATL: 4.92775 | TPPL: 138.068 | ENT: 7.7023b | CERT: 5.55907% | SURP: 7.80446b
  Val   -> VL: 5.01864 | AVL: 5.54638 | VPPL: 256.308 | VENT: 8.20269b | VCERT: 7.51095% | VSURP: 7.97069b

[GeoMind CAUSAL CE Stream] Ep 1.0/Inf | D[1.0/10.0] | 1.61407% (598.803 / 37098.9 KB) | LR: 0.00223741 | TEMP: 1.02923
  Train -> TL: 4.39904 | ATL: 4.91385 | TPPL: 136.163 | ENT: 7.51814b | CERT: 8.83096% | SURP: 7.04271b
  Val   -> VL: 4.95912 | AVL: 5.51702 | VPPL: 248.892 | VENT: 8.16516b | VCERT: 6.82881% | VSURP: 7.83677b

[GeoMind CAUSAL CE Stream] Ep 1.0/Inf | D[1.0/10.0] | 1.66601% (618.07 / 37098.9 KB) | LR: 0.00225367 | TEMP: 1.02777
  Train -> TL: 4.67445 | ATL: 4.90614 | TPPL: 135.116 | ENT: 7.70814b | CERT: 6.24254% | SURP: 7.36078b
  Val   -> VL: 4.94966 | AVL: 5.48865 | VPPL: 241.93 | VENT: 8.16436b | VCERT: 6.55199% | VSURP: 7.83563b

[GeoMind CAUSAL CE Stream] Ep 1.0/Inf | D[1.0/10.0] | 1.72552% (640.15 / 37098.9 KB) | LR: 0.0022683 | TEMP: 1.02638
  Train -> TL: 4.57223 | ATL: 4.89448 | TPPL: 133.55 | ENT: 7.64307b | CERT: 7.50117% | SURP: 7.18489b
  Val   -> VL: 4.91783 | AVL: 5.46011 | VPPL: 235.123 | VENT: 8.33042b | VCERT: 5.99724% | VSURP: 7.79634b

[GeoMind CAUSAL CE Stream] Ep 1.0/Inf | D[1.0/10.0] | 1.74522% (647.459 / 37098.9 KB) | LR: 0.00228147 | TEMP: 1.02506
  Train -> TL: 4.7441 | ATL: 4.89312 | TPPL: 133.369 | ENT: 7.85674b | CERT: 6.17853% | SURP: 7.52178b
  Val   -> VL: 4.93301 | AVL: 5.43375 | VPPL: 229.007 | VENT: 8.33113b | VCERT: 5.85617% | VSURP: 7.82223b

[GeoMind CAUSAL CE Stream] Ep 1.0/Inf | D[1.0/10.0] | 1.80367% (669.141 / 37098.9 KB) | LR: 0.00229332 | TEMP: 1.02381
  Train -> TL: 4.49223 | ATL: 4.88056 | TPPL: 131.704 | ENT: 7.6536b | CERT: 6.83602% | SURP: 7.1266b
  Val   -> VL: 4.91882 | AVL: 5.40801 | VPPL: 223.186 | VENT: 8.18107b | VCERT: 6.41027% | VSURP: 7.79543b

[GeoMind CAUSAL CE Stream] Ep 1.0/Inf | D[1.0/10.0] | 1.96925% (730.57 / 37098.9 KB) | LR: 0.00230399 | TEMP: 1.02262
  Train -> TL: 4.27031 | ATL: 4.83779 | TPPL: 126.19 | ENT: 7.19914b | CERT: 9.8339% | SURP: 6.83008b
  Val   -> VL: 5.02208 | AVL: 5.38871 | VPPL: 218.921 | VENT: 7.79494b | VCERT: 7.13852% | VSURP: 7.95354b

[GeoMind CAUSAL CE Stream] Ep 1.0/Inf | D[1.0/10.0] | 2.03904% (756.463 / 37098.9 KB) | LR: 0.00231359 | TEMP: 1.02149
  Train -> TL: 4.54864 | ATL: 4.82796 | TPPL: 124.955 | ENT: 7.30674b | CERT: 7.21443% | SURP: 7.16751b
  Val   -> VL: 4.94593 | AVL: 5.36657 | VPPL: 214.128 | VENT: 8.0443b | VCERT: 6.03135% | VSURP: 7.84157b

[GeoMind CAUSAL CE Stream] Ep 1.0/Inf | D[1.0/10.0] | 2.05494% (762.362 / 37098.9 KB) | LR: 0.00232223 | TEMP: 1.02041
  Train -> TL: 4.39084 | ATL: 4.82451 | TPPL: 124.525 | ENT: 7.23722b | CERT: 11.0634% | SURP: 7.08047b
  Val   -> VL: 4.9362 | AVL: 5.34505 | VPPL: 209.569 | VENT: 8.01196b | VCERT: 7.75198% | VSURP: 7.80157b

[GeoMind CAUSAL CE Stream] Ep 1.0/Inf | D[1.0/10.0] | 2.07088% (768.273 / 37098.9 KB) | LR: 0.00233001 | TEMP: 1.01939
  Train -> TL: 4.68018 | ATL: 4.82335 | TPPL: 124.381 | ENT: 7.44674b | CERT: 10.0236% | SURP: 7.32021b
  Val   -> VL: 4.91643 | AVL: 5.32362 | VPPL: 205.126 | VENT: 8.14391b | VCERT: 6.60153% | VSURP: 7.79011b

[GeoMind CAUSAL CE Stream] Ep 1.0/Inf | D[1.0/10.0] | 2.15032% (797.745 / 37098.9 KB) | LR: 0.00233701 | TEMP: 1.01842
  Train -> TL: 4.47048 | ATL: 4.81136 | TPPL: 122.899 | ENT: 7.61486b | CERT: 6.80745% | SURP: 7.13374b
  Val   -> VL: 4.88875 | AVL: 5.30188 | VPPL: 200.714 | VENT: 8.19095b | VCERT: 6.41767% | VSURP: 7.75966b

[GeoMind CAUSAL CE Stream] Ep 1.0/Inf | D[1.0/10.0] | 2.21863% (823.09 / 37098.9 KB) | LR: 0.00234331 | TEMP: 1.0175
  Train -> TL: 4.64765 | ATL: 4.80569 | TPPL: 122.204 | ENT: 7.63609b | CERT: 6.93207% | SURP: 7.29799b
  Val   -> VL: 4.91433 | AVL: 5.2825 | VPPL: 196.862 | VENT: 8.22696b | VCERT: 5.91526% | VSURP: 7.8213b

[GeoMind CAUSAL CE Stream] Ep 1.0/Inf | D[1.0/10.0] | 2.28783% (848.76 / 37098.9 KB) | LR: 0.00234898 | TEMP: 1.01663
  Train -> TL: 4.58327 | ATL: 4.79958 | TPPL: 121.46 | ENT: 7.73044b | CERT: 5.55115% | SURP: 7.30814b
  Val   -> VL: 4.92283 | AVL: 5.26452 | VPPL: 193.353 | VENT: 8.204b | VCERT: 5.76652% | VSURP: 7.79246b

[GeoMind CAUSAL CE Stream] Ep 1.0/Inf | D[1.0/10.0] | 2.43677% (904.016 / 37098.9 KB) | LR: 0.00235408 | TEMP: 1.01579
  Train -> TL: 4.55669 | ATL: 4.78422 | TPPL: 119.608 | ENT: 7.6751b | CERT: 7.44297% | SURP: 7.22085b
  Val   -> VL: 4.88986 | AVL: 5.24578 | VPPL: 189.765 | VENT: 8.34643b | VCERT: 7.39045% | VSURP: 7.78878b

[GeoMind CAUSAL CE Stream] Ep 1.0/Inf | D[1.0/10.0] | 2.50917% (930.877 / 37098.9 KB) | LR: 0.00235867 | TEMP: 1.015
  Train -> TL: 4.52007 | ATL: 4.7754 | TPPL: 118.558 | ENT: 7.68608b | CERT: 7.7776% | SURP: 7.19153b
  Val   -> VL: 4.85518 | AVL: 5.22625 | VPPL: 186.094 | VENT: 8.29745b | VCERT: 6.48335% | VSURP: 7.70489b

[GeoMind CAUSAL CE Stream] Ep 1.0/Inf | D[1.0/10.0] | 2.57199% (954.182 / 37098.9 KB) | LR: 0.0023628 | TEMP: 1.01425
  Train -> TL: 4.88133 | ATL: 4.77823 | TPPL: 118.893 | ENT: 7.92798b | CERT: 7.71832% | SURP: 7.56277b
  Val   -> VL: 4.8712 | AVL: 5.2085 | VPPL: 182.82 | VENT: 8.32399b | VCERT: 6.15211% | VSURP: 7.74026b

[GeoMind CAUSAL CE Stream] Ep 1.0/Inf | D[1.0/10.0] | 2.64342% (980.68 / 37098.9 KB) | LR: 0.00236652 | TEMP: 1.01354
  Train -> TL: 4.49334 | ATL: 4.77018 | TPPL: 117.941 | ENT: 7.76219b | CERT: 6.95032% | SURP: 7.15723b
  Val   -> VL: 4.8099 | AVL: 5.18857 | VPPL: 179.212 | VENT: 8.31268b | VCERT: 6.2462% | VSURP: 7.64003b

[GeoMind CAUSAL CE Stream] Ep 1.0/Inf | D[1.0/10.0] | 2.72378% (1010.49 / 37098.9 KB) | LR: 0.00236987 | TEMP: 1.01286
  Train -> TL: 4.38989 | ATL: 4.75806 | TPPL: 116.52 | ENT: 7.55026b | CERT: 7.85287% | SURP: 7.00451b
  Val   -> VL: 4.83712 | AVL: 5.171 | VPPL: 176.091 | VENT: 8.33519b | VCERT: 5.72736% | VSURP: 7.69247b

[GeoMind CAUSAL CE Stream] Ep 1.0/Inf | D[1.0/10.0] | 2.76883% (1027.21 / 37098.9 KB) | LR: 0.00237288 | TEMP: 1.01222
  Train -> TL: 4.53715 | ATL: 4.75428 | TPPL: 116.08 | ENT: 7.79646b | CERT: 6.1991% | SURP: 7.17851b
  Val   -> VL: 4.84577 | AVL: 5.15474 | VPPL: 173.25 | VENT: 8.32043b | VCERT: 5.65065% | VSURP: 7.71536b

[GeoMind CAUSAL CE Stream] Ep 1.0/Inf | D[1.0/10.0] | 2.81394% (1043.94 / 37098.9 KB) | LR: 0.0023756 | TEMP: 1.01161
  Train -> TL: 4.543 | ATL: 4.75098 | TPPL: 115.698 | ENT: 7.80095b | CERT: 6.01032% | SURP: 7.10553b
  Val   -> VL: 4.82568 | AVL: 5.13828 | VPPL: 170.423 | VENT: 8.25995b | VCERT: 6.09724% | VSURP: 7.68442b

[GeoMind CAUSAL CE Stream] Ep 1.0/Inf | D[1.0/10.0] | 2.87681% (1067.26 / 37098.9 KB) | LR: 0.00237804 | TEMP: 1.01103
  Train -> TL: 4.52896 | ATL: 4.7459 | TPPL: 115.111 | ENT: 7.58997b | CERT: 6.8058% | SURP: 7.17389b
  Val   -> VL: 4.88642 | AVL: 5.12569 | VPPL: 168.29 | VENT: 8.13361b | VCERT: 5.79675% | VSURP: 7.77334b

[GeoMind CAUSAL CE Stream] Ep 1.0/Inf | D[1.0/10.0] | 2.94444% (1092.36 / 37098.9 KB) | LR: 0.00238023 | TEMP: 1.01048
  Train -> TL: 4.00736 | ATL: 4.71529 | TPPL: 111.641 | ENT: 6.50239b | CERT: 10.7913% | SURP: 6.26347b
  Val   -> VL: 4.91878 | AVL: 5.11535 | VPPL: 166.558 | VENT: 7.99584b | VCERT: 6.61245% | VSURP: 7.81941b

[GeoMind CAUSAL CE Stream] Ep 1.0/Inf | D[1.0/10.0] | 3.00241% (1113.86 / 37098.9 KB) | LR: 0.00238221 | TEMP: 1.00995
  Train -> TL: 4.72135 | ATL: 4.7154 | TPPL: 111.654 | ENT: 7.68081b | CERT: 5.78117% | SURP: 7.48423b
  Val   -> VL: 4.87852 | AVL: 5.1035 | VPPL: 164.598 | VENT: 8.17646b | VCERT: 5.95555% | VSURP: 7.7613b

[GeoMind CAUSAL CE Stream] Ep 1.0/Inf | D[1.0/10.0] | 3.04669% (1130.29 / 37098.9 KB) | LR: 0.00238399 | TEMP: 1.00946
  Train -> TL: 4.46751 | ATL: 4.71179 | TPPL: 111.252 | ENT: 7.64223b | CERT: 6.02437% | SURP: 7.05945b
  Val   -> VL: 4.89018 | AVL: 5.09284 | VPPL: 162.851 | VENT: 8.16648b | VCERT: 6.06309% | VSURP: 7.79851b

[GeoMind CAUSAL CE Stream] Ep 1.0/Inf | D[1.0/10.0] | 3.12721% (1160.16 / 37098.9 KB) | LR: 0.00238559 | TEMP: 1.00898
  Train -> TL: 4.39509 | ATL: 4.70357 | TPPL: 110.34 | ENT: 7.41667b | CERT: 7.78634% | SURP: 6.99664b
  Val   -> VL: 4.83464 | AVL: 5.07993 | VPPL: 160.763 | VENT: 8.16033b | VCERT: 6.49801% | VSURP: 7.69879b

[GeoMind CAUSAL CE Stream] Ep 1.0/Inf | D[1.0/10.0] | 3.21511% (1192.77 / 37098.9 KB) | LR: 0.00238703 | TEMP: 1.00853
  Train -> TL: 4.38346 | ATL: 4.69462 | TPPL: 109.358 | ENT: 7.57957b | CERT: 7.15731% | SURP: 7.02072b
  Val   -> VL: 4.81598 | AVL: 5.06673 | VPPL: 158.655 | VENT: 8.10326b | VCERT: 6.75277% | VSURP: 7.66598b

[GeoMind CAUSAL CE Stream] Ep 1.0/Inf | D[1.0/10.0] | 3.26344% (1210.7 / 37098.9 KB) | LR: 0.00238833 | TEMP: 1.00811
  Train -> TL: 4.38888 | ATL: 4.68999 | TPPL: 108.852 | ENT: 7.53717b | CERT: 7.39917% | SURP: 6.97505b
  Val   -> VL: 4.8211 | AVL: 5.05445 | VPPL: 156.718 | VENT: 8.15174b | VCERT: 6.04966% | VSURP: 7.68017b

[GeoMind CAUSAL CE Stream] Ep 1.0/Inf | D[1.0/10.0] | 3.33646% (1237.79 / 37098.9 KB) | LR: 0.00238949 | TEMP: 1.0077
  Train -> TL: 4.0959 | ATL: 4.67781 | TPPL: 107.534 | ENT: 7.37368b | CERT: 9.2832% | SURP: 6.71264b
  Val   -> VL: 4.83416 | AVL: 5.04344 | VPPL: 155.002 | VENT: 8.06572b | VCERT: 6.79681% | VSURP: 7.67022b

[GeoMind CAUSAL CE Stream] Ep 1.0/Inf | D[1.0/10.0] | 3.38338% (1255.2 / 37098.9 KB) | LR: 0.00239055 | TEMP: 1.00732
  Train -> TL: 4.45392 | ATL: 4.67473 | TPPL: 107.203 | ENT: 7.60896b | CERT: 6.33675% | SURP: 7.10109b
  Val   -> VL: 4.84095 | AVL: 5.03331 | VPPL: 153.44 | VENT: 8.17957b | VCERT: 6.00638% | VSURP: 7.70502b

[GeoMind CAUSAL CE Stream] Ep 1.0/Inf | D[1.0/10.0] | 3.44681% (1278.73 / 37098.9 KB) | LR: 0.00239149 | TEMP: 1.00695
  Train -> TL: 4.6523 | ATL: 4.67433 | TPPL: 107.16 | ENT: 7.70024b | CERT: 5.89217% | SURP: 7.26369b
  Val   -> VL: 4.85023 | AVL: 5.02416 | VPPL: 152.042 | VENT: 8.26221b | VCERT: 6.13942% | VSURP: 7.73319b

[GeoMind CAUSAL CE Stream] Ep 1.0/Inf | D[1.0/10.0] | 3.48344% (1292.32 / 37098.9 KB) | LR: 0.00239211 | TEMP: 1.0066
  Train -> TL: 4.78434 | ATL: 4.67555 | TPPL: 107.292 | ENT: 7.7787b | CERT: 6.57086% | SURP: 7.48184b
  Val   -> VL: 4.83978 | AVL: 5.01494 | VPPL: 150.647 | VENT: 8.30999b | VCERT: 5.75128% | VSURP: 7.74567b

[GeoMind CAUSAL CE Stream] Ep 1.0/Inf | D[1.0/10.0] | 3.52491% (1307.7 / 37098.9 KB) | LR: 0.00239251 | TEMP: 1.00627
  Train -> TL: 4.34916 | ATL: 4.6716 | TPPL: 106.868 | ENT: 7.65728b | CERT: 6.86691% | SURP: 6.87483b
  Val   -> VL: 4.83462 | AVL: 5.00592 | VPPL: 149.295 | VENT: 8.23749b | VCERT: 5.91734% | VSURP: 7.70954b

[GeoMind CAUSAL CE Stream] Ep 1.0/Inf | D[1.0/10.0] | 3.59346% (1333.14 / 37098.9 KB) | LR: 0.00239288 | TEMP: 1.00596
  Train -> TL: 4.49609 | ATL: 4.66847 | TPPL: 106.534 | ENT: 7.65977b | CERT: 6.19379% | SURP: 7.07472b
  Val   -> VL: 4.81008 | AVL: 4.99613 | VPPL: 147.84 | VENT: 8.20703b | VCERT: 5.65989% | VSURP: 7.68458b

[GeoMind CAUSAL CE Stream] Ep 1.0/Inf | D[1.0/10.0] | 3.64136% (1350.91 / 37098.9 KB) | LR: 0.00239323 | TEMP: 1.00566
  Train -> TL: 4.32934 | ATL: 4.66445 | TPPL: 106.108 | ENT: 7.619b | CERT: 6.5916% | SURP: 6.93172b
  Val   -> VL: 4.82627 | AVL: 4.98764 | VPPL: 146.59 | VENT: 8.17406b | VCERT: 5.67851% | VSURP: 7.68205b

[GeoMind CAUSAL CE Stream] Ep 1.0/Inf | D[1.0/10.0] | 3.66156% (1358.4 / 37098.9 KB) | LR: 0.00239357 | TEMP: 1.00538
  Train -> TL: 4.66602 | ATL: 4.66446 | TPPL: 106.109 | ENT: 7.74896b | CERT: 5.47525% | SURP: 7.27083b
  Val   -> VL: 4.81681 | AVL: 4.9791 | VPPL: 145.343 | VENT: 8.24542b | VCERT: 5.83798% | VSURP: 7.67769b

[GeoMind CAUSAL CE Stream] Ep 1.0/Inf | D[1.0/10.0] | 3.67924% (1364.96 / 37098.9 KB) | LR: 0.00239389 | TEMP: 1.00511
  Train -> TL: 4.20032 | ATL: 4.66198 | TPPL: 105.845 | ENT: 7.58657b | CERT: 7.2157% | SURP: 6.69527b
  Val   -> VL: 4.81335 | AVL: 4.97081 | VPPL: 144.143 | VENT: 8.21548b | VCERT: 6.06609% | VSURP: 7.65948b

[GeoMind CAUSAL CE Stream] Ep 1.0/Inf | D[1.0/10.0] | 3.70947% (1376.17 / 37098.9 KB) | LR: 0.0023942 | TEMP: 1.00485
  Train -> TL: 4.41509 | ATL: 4.66004 | TPPL: 105.64 | ENT: 7.57548b | CERT: 6.7291% | SURP: 7.0462b
  Val   -> VL: 4.80676 | AVL: 4.96261 | VPPL: 142.966 | VENT: 8.27525b | VCERT: 5.57567% | VSURP: 7.67535b

[GeoMind CAUSAL CE Stream] Ep 1.0/Inf | D[1.0/10.0] | 3.74772% (1390.36 / 37098.9 KB) | LR: 0.00239448 | TEMP: 1.00461
  Train -> TL: 4.41176 | ATL: 4.65751 | TPPL: 105.374 | ENT: 7.6331b | CERT: 6.8161% | SURP: 7.00644b
  Val   -> VL: 4.81448 | AVL: 4.9552 | VPPL: 141.911 | VENT: 8.21414b | VCERT: 6.12242% | VSURP: 7.68583b

[GeoMind CAUSAL CE Stream] Ep 1.0/Inf | D[1.0/10.0] | 3.83001% (1420.89 / 37098.9 KB) | LR: 0.00239476 | TEMP: 1.00438
  Train -> TL: 4.13216 | ATL: 4.64543 | TPPL: 104.108 | ENT: 7.48147b | CERT: 7.63642% | SURP: 6.60795b
  Val   -> VL: 4.87029 | AVL: 4.95095 | VPPL: 141.31 | VENT: 8.05092b | VCERT: 6.92959% | VSURP: 7.77299b

[GeoMind CAUSAL CE Stream] Ep 1.0/Inf | D[1.0/10.0] | 3.8825% (1440.37 / 37098.9 KB) | LR: 0.00239502 | TEMP: 1.00416
  Train -> TL: 4.69691 | ATL: 4.64629 | TPPL: 104.198 | ENT: 7.28578b | CERT: 7.70444% | SURP: 7.14904b
  Val   -> VL: 4.85372 | AVL: 4.94609 | VPPL: 140.624 | VENT: 8.23404b | VCERT: 5.45613% | VSURP: 7.78842b

[GeoMind CAUSAL CE Stream] Ep 1.0/Inf | D[1.0/10.0] | 3.94122% (1462.15 / 37098.9 KB) | LR: 0.00239527 | TEMP: 1.00395
  Train -> TL: 4.50479 | ATL: 4.64403 | TPPL: 103.963 | ENT: 7.60942b | CERT: 6.58733% | SURP: 7.05774b
  Val   -> VL: 4.85978 | AVL: 4.94178 | VPPL: 140.019 | VENT: 8.09068b | VCERT: 6.00958% | VSURP: 7.74716b

[GeoMind CAUSAL CE Stream] Ep 1.0/Inf | D[1.0/10.0] | 3.96743% (1471.87 / 37098.9 KB) | LR: 0.00239551 | TEMP: 1.00376
  Train -> TL: 4.19118 | ATL: 4.64159 | TPPL: 103.709 | ENT: 7.46758b | CERT: 9.3795% | SURP: 6.8375b
  Val   -> VL: 4.86112 | AVL: 4.93774 | VPPL: 139.455 | VENT: 8.07365b | VCERT: 6.04435% | VSURP: 7.74568b

[GeoMind CAUSAL CE Stream] Ep 1.0/Inf | D[1.0/10.0] | 4.04379% (1500.2 / 37098.9 KB) | LR: 0.00239573 | TEMP: 1.00357
  Train -> TL: 4.18983 | ATL: 4.63299 | TPPL: 102.821 | ENT: 7.39039b | CERT: 7.68253% | SURP: 6.73227b
  Val   -> VL: 4.86505 | AVL: 4.93411 | VPPL: 138.949 | VENT: 8.18186b | VCERT: 5.48664% | VSURP: 7.76998b

[GeoMind CAUSAL CE Stream] Ep 1.0/Inf | D[1.0/10.0] | 4.09658% (1519.79 / 37098.9 KB) | LR: 0.00239594 | TEMP: 1.00339
  Train -> TL: 4.56972 | ATL: 4.63231 | TPPL: 102.751 | ENT: 7.48933b | CERT: 6.28941% | SURP: 6.96561b
  Val   -> VL: 4.87171 | AVL: 4.93099 | VPPL: 138.517 | VENT: 8.10813b | VCERT: 5.62423% | VSURP: 7.77693b

[GeoMind CAUSAL CE Stream] Ep 1.0/Inf | D[1.0/10.0] | 4.18733% (1553.46 / 37098.9 KB) | LR: 0.00239614 | TEMP: 1.00322
  Train -> TL: 4.40586 | ATL: 4.62744 | TPPL: 102.252 | ENT: 7.53216b | CERT: 7.25983% | SURP: 7.01093b
  Val   -> VL: 4.84665 | AVL: 4.92677 | VPPL: 137.934 | VENT: 8.20483b | VCERT: 5.63111% | VSURP: 7.73884b

[GeoMind CAUSAL CE Stream] Ep 1.0/Inf | D[1.0/10.0] | 4.24167% (1573.61 / 37098.9 KB) | LR: 0.00239634 | TEMP: 1.00306
  Train -> TL: 4.42815 | ATL: 4.62485 | TPPL: 101.988 | ENT: 7.54723b | CERT: 7.24418% | SURP: 7.02102b
  Val   -> VL: 4.85005 | AVL: 4.92294 | VPPL: 137.405 | VENT: 8.18675b | VCERT: 5.94829% | VSURP: 7.73032b

[GeoMind CAUSAL CE Stream] Ep 1.0/Inf | D[1.0/10.0] | 4.31131% (1599.45 / 37098.9 KB) | LR: 0.00239652 | TEMP: 1.00291
  Train -> TL: 4.60074 | ATL: 4.62447 | TPPL: 101.948 | ENT: 7.69163b | CERT: 5.94554% | SURP: 7.21671b
  Val   -> VL: 4.82848 | AVL: 4.91821 | VPPL: 136.758 | VENT: 8.18943b | VCERT: 5.63832% | VSURP: 7.73121b

[GeoMind CAUSAL CE Stream] Ep 1.0/Inf | D[1.0/10.0] | 4.34572% (1612.22 / 37098.9 KB) | LR: 0.00239669 | TEMP: 1.00276
  Train -> TL: 4.39855 | ATL: 4.62251 | TPPL: 101.749 | ENT: 7.27371b | CERT: 8.23611% | SURP: 6.93324b
  Val   -> VL: 4.82624 | AVL: 4.91361 | VPPL: 136.131 | VENT: 8.19015b | VCERT: 5.76898% | VSURP: 7.71498b

[GeoMind CAUSAL CE Stream] Ep 1.0/Inf | D[1.0/10.0] | 4.36684% (1620.05 / 37098.9 KB) | LR: 0.00239686 | TEMP: 1.00262
  Train -> TL: 4.29452 | ATL: 4.62082 | TPPL: 101.578 | ENT: 7.17007b | CERT: 8.2231% | SURP: 6.8397b
  Val   -> VL: 4.82233 | AVL: 4.90905 | VPPL: 135.511 | VENT: 8.17389b | VCERT: 5.70934% | VSURP: 7.70057b

[GeoMind CAUSAL CE Stream] Ep 1.0/Inf | D[1.0/10.0] | 4.43094% (1643.83 / 37098.9 KB) | LR: 0.00239702 | TEMP: 1.00249
  Train -> TL: 4.36365 | ATL: 4.61674 | TPPL: 101.164 | ENT: 7.57468b | CERT: 6.82388% | SURP: 6.97255b
  Val   -> VL: 4.80694 | AVL: 4.90394 | VPPL: 134.821 | VENT: 8.19139b | VCERT: 5.62843% | VSURP: 7.67977b

[GeoMind CAUSAL CE Stream] Ep 1.0/Inf | D[1.0/10.0] | 4.49796% (1668.7 / 37098.9 KB) | LR: 0.00239716 | TEMP: 1.00237
  Train -> TL: 4.35451 | ATL: 4.61299 | TPPL: 100.785 | ENT: 7.55679b | CERT: 6.65791% | SURP: 6.94554b
  Val   -> VL: 4.80603 | AVL: 4.89905 | VPPL: 134.162 | VENT: 8.18825b | VCERT: 5.77529% | VSURP: 7.67276b

[GeoMind CAUSAL CE Stream] Ep 1.0/Inf | D[1.0/10.0] | 4.54053% (1684.49 / 37098.9 KB) | LR: 0.00239731 | TEMP: 1.00225
  Train -> TL: 4.47581 | ATL: 4.61174 | TPPL: 100.659 | ENT: 7.62151b | CERT: 6.51308% | SURP: 7.11414b
  Val   -> VL: 4.80633 | AVL: 4.89441 | VPPL: 133.542 | VENT: 8.22608b | VCERT: 5.81817% | VSURP: 7.671b

[GeoMind CAUSAL CE Stream] Ep 1.0/Inf | D[1.0/10.0] | 4.64704% (1724 / 37098.9 KB) | LR: 0.00239744 | TEMP: 1.00214
  Train -> TL: 4.37147 | ATL: 4.60642 | TPPL: 100.126 | ENT: 7.65087b | CERT: 6.89846% | SURP: 6.98124b
  Val   -> VL: 4.77323 | AVL: 4.88835 | VPPL: 132.735 | VENT: 8.21622b | VCERT: 5.91881% | VSURP: 7.61814b

[GeoMind CAUSAL CE Stream] Ep 1.0/Inf | D[1.0/10.0] | 4.71196% (1748.09 / 37098.9 KB) | LR: 0.00239757 | TEMP: 1.00203
  Train -> TL: 4.44659 | ATL: 4.60432 | TPPL: 99.9148 | ENT: 7.65928b | CERT: 6.30406% | SURP: 7.05004b
  Val   -> VL: 4.79986 | AVL: 4.88393 | VPPL: 132.149 | VENT: 8.25861b | VCERT: 5.51962% | VSURP: 7.66882b

[GeoMind CAUSAL CE Stream] Ep 1.0/Inf | D[1.0/10.0] | 4.76182% (1766.58 / 37098.9 KB) | LR: 0.00239769 | TEMP: 1.00193
  Train -> TL: 4.59874 | ATL: 4.60426 | TPPL: 99.9088 | ENT: 7.63615b | CERT: 6.90335% | SURP: 7.13123b
  Val   -> VL: 4.77872 | AVL: 4.87867 | VPPL: 131.456 | VENT: 8.21053b | VCERT: 5.87985% | VSURP: 7.62805b

[GeoMind CAUSAL CE Stream] Ep 1.0/Inf | D[1.0/10.0] | 4.83245% (1792.79 / 37098.9 KB) | LR: 0.0023978 | TEMP: 1.00183
  Train -> TL: 4.51242 | ATL: 4.60288 | TPPL: 99.7709 | ENT: 7.76141b | CERT: 6.03205% | SURP: 7.14038b
  Val   -> VL: 4.76079 | AVL: 4.87277 | VPPL: 130.683 | VENT: 8.21181b | VCERT: 6.18528% | VSURP: 7.59213b

[GeoMind CAUSAL CE Stream] Ep 1.0/Inf | D[1.0/10.0] | 4.8755% (1808.76 / 37098.9 KB) | LR: 0.00239791 | TEMP: 1.00174
  Train -> TL: 4.57713 | ATL: 4.60264 | TPPL: 99.7478 | ENT: 7.75973b | CERT: 5.9207% | SURP: 7.17965b
  Val   -> VL: 4.80303 | AVL: 4.86929 | VPPL: 130.228 | VENT: 8.29862b | VCERT: 5.28833% | VSURP: 7.68206b

[GeoMind CAUSAL CE Stream] Ep 1.0/Inf | D[1.0/10.0] | 4.94073% (1832.96 / 37098.9 KB) | LR: 0.00239802 | TEMP: 1.00165
  Train -> TL: 4.50952 | ATL: 4.6014 | TPPL: 99.6235 | ENT: 7.69337b | CERT: 6.29671% | SURP: 7.07244b
  Val   -> VL: 4.8595 | AVL: 4.8688 | VPPL: 130.164 | VENT: 8.13295b | VCERT: 7.0693% | VSURP: 7.78926b

[GeoMind CAUSAL CE Stream] Ep 1.0/Inf | D[1.0/10.0] | 5.02897% (1865.69 / 37098.9 KB) | LR: 0.00239812 | TEMP: 1.00157
  Train -> TL: 4.32712 | ATL: 4.59676 | TPPL: 99.1621 | ENT: 7.57311b | CERT: 6.58376% | SURP: 6.92388b
  Val   -> VL: 4.7843 | AVL: 4.86457 | VPPL: 129.616 | VENT: 8.11161b | VCERT: 6.57206% | VSURP: 7.63091b

[GeoMind CAUSAL CE Stream] Ep 1.0/Inf | D[1.0/10.0] | 5.07405% (1882.42 / 37098.9 KB) | LR: 0.00239821 | TEMP: 1.00149
  Train -> TL: 4.64024 | ATL: 4.59719 | TPPL: 99.2054 | ENT: 7.4214b | CERT: 7.65196% | SURP: 7.22152b
  Val   -> VL: 4.75508 | AVL: 4.8591 | VPPL: 128.908 | VENT: 8.14635b | VCERT: 6.05362% | VSURP: 7.60705b

[GeoMind CAUSAL CE Stream] Ep 1.0/Inf | D[1.0/10.0] | 5.12523% (1901.41 / 37098.9 KB) | LR: 0.0023983 | TEMP: 1.00142
  Train -> TL: 4.48696 | ATL: 4.59614 | TPPL: 99.1008 | ENT: 7.65589b | CERT: 6.72713% | SURP: 7.12541b
  Val   -> VL: 4.73554 | AVL: 4.85292 | VPPL: 128.114 | VENT: 8.20925b | VCERT: 5.87287% | VSURP: 7.56691b

[GeoMind CAUSAL CE Stream] Ep 1.0/Inf | D[1.0/10.0] | 5.20448% (1930.81 / 37098.9 KB) | LR: 0.00239839 | TEMP: 1.00135
  Train -> TL: 4.59785 | ATL: 4.59617 | TPPL: 99.1038 | ENT: 7.75099b | CERT: 5.29575% | SURP: 7.22693b
  Val   -> VL: 4.72875 | AVL: 4.84671 | VPPL: 127.321 | VENT: 8.15512b | VCERT: 5.74018% | VSURP: 7.57709b

[GeoMind CAUSAL CE Stream] Ep 1.0/Inf | D[1.0/10.0] | 5.29629% (1964.87 / 37098.9 KB) | LR: 0.00239847 | TEMP: 1.00128
  Train -> TL: 3.91494 | ATL: 4.58462 | TPPL: 97.9662 | ENT: 7.22441b | CERT: 9.34899% | SURP: 6.47369b
  Val   -> VL: 4.81001 | AVL: 4.84488 | VPPL: 127.088 | VENT: 8.03323b | VCERT: 5.96751% | VSURP: 7.67085b

[GeoMind CAUSAL CE Stream] Ep 1.0/Inf | D[1.0/10.0] | 5.368% (1991.47 / 37098.9 KB) | LR: 0.00239854 | TEMP: 1.00122
  Train -> TL: 4.19465 | ATL: 4.57948 | TPPL: 97.4641 | ENT: 7.42445b | CERT: 7.37321% | SURP: 6.78651b
  Val   -> VL: 4.75361 | AVL: 4.84031 | VPPL: 126.509 | VENT: 8.13392b | VCERT: 5.8882% | VSURP: 7.57636b

[GeoMind CAUSAL CE Stream] Ep 1.0/Inf | D[1.0/10.0] | 5.43739% (2017.21 / 37098.9 KB) | LR: 0.00239862 | TEMP: 1.00115
  Train -> TL: 4.42724 | ATL: 4.57763 | TPPL: 97.284 | ENT: 7.54011b | CERT: 6.79083% | SURP: 7.0117b
  Val   -> VL: 4.74515 | AVL: 4.83555 | VPPL: 125.908 | VENT: 8.15895b | VCERT: 5.75806% | VSURP: 7.58079b

[GeoMind CAUSAL CE Stream] Ep 1.0/Inf | D[1.0/10.0] | 5.47335% (2030.55 / 37098.9 KB) | LR: 0.00239868 | TEMP: 1.0011
  Train -> TL: 4.47567 | ATL: 4.577 | TPPL: 97.2225 | ENT: 7.5934b | CERT: 7.29435% | SURP: 7.07168b
  Val   -> VL: 4.77191 | AVL: 4.83237 | VPPL: 125.508 | VENT: 8.17784b | VCERT: 5.76186% | VSURP: 7.63061b

[GeoMind CAUSAL CE Stream] Ep 1.0/Inf | D[1.0/10.0] | 5.52541% (2049.87 / 37098.9 KB) | LR: 0.00239875 | TEMP: 1.00104
  Train -> TL: 4.55341 | ATL: 4.57674 | TPPL: 97.197 | ENT: 7.61779b | CERT: 6.7196% | SURP: 7.17352b
  Val   -> VL: 4.79568 | AVL: 4.83054 | VPPL: 125.278 | VENT: 8.22418b | VCERT: 5.82392% | VSURP: 7.69979b

[GeoMind CAUSAL CE Stream] Ep 1.0/Inf | D[1.0/10.0] | 5.58619% (2072.42 / 37098.9 KB) | LR: 0.00239881 | TEMP: 1.00099
  Train -> TL: 4.29626 | ATL: 4.57398 | TPPL: 96.9291 | ENT: 7.4459b | CERT: 7.86545% | SURP: 6.9101b
  Val   -> VL: 4.7484 | AVL: 4.82643 | VPPL: 124.765 | VENT: 8.19664b | VCERT: 5.93729% | VSURP: 7.58929b

[GeoMind CAUSAL CE Stream] Ep 1.0/Inf | D[1.0/10.0] | 5.6819% (2107.93 / 37098.9 KB) | LR: 0.00239887 | TEMP: 1.00094
  Train -> TL: 4.23368 | ATL: 4.56847 | TPPL: 96.3964 | ENT: 7.56726b | CERT: 6.93387% | SURP: 6.83024b
  Val   -> VL: 4.78085 | AVL: 4.82415 | VPPL: 124.481 | VENT: 8.05883b | VCERT: 7.00085% | VSURP: 7.61223b

[GeoMind CAUSAL CE Stream] Ep 1.0/Inf | D[1.0/10.0] | 5.71049% (2118.53 / 37098.9 KB) | LR: 0.00239893 | TEMP: 1.00089
  Train -> TL: 4.35989 | ATL: 4.56744 | TPPL: 96.2969 | ENT: 7.31043b | CERT: 8.02486% | SURP: 6.95579b
  Val   -> VL: 4.76735 | AVL: 4.82131 | VPPL: 124.128 | VENT: 8.16684b | VCERT: 5.93478% | VSURP: 7.60853b

[GeoMind CAUSAL CE Stream] Ep 1.0/Inf | D[1.0/10.0] | 5.77693% (2143.18 / 37098.9 KB) | LR: 0.00239898 | TEMP: 1.00085
  Train -> TL: 4.43974 | ATL: 4.56602 | TPPL: 96.1609 | ENT: 7.6876b | CERT: 5.72944% | SURP: 7.09956b
  Val   -> VL: 4.76069 | AVL: 4.81828 | VPPL: 123.752 | VENT: 8.18257b | VCERT: 5.73176% | VSURP: 7.6145b

[GeoMind CAUSAL CE Stream] Ep 1.0/Inf | D[1.0/10.0] | 5.84088% (2166.9 / 37098.9 KB) | LR: 0.00239903 | TEMP: 1.00081
  Train -> TL: 4.26797 | ATL: 4.56311 | TPPL: 95.8811 | ENT: 7.5493b | CERT: 6.70128% | SURP: 6.88319b
  Val   -> VL: 4.76136 | AVL: 4.81543 | VPPL: 123.4 | VENT: 8.18172b | VCERT: 5.84023% | VSURP: 7.59767b

[GeoMind CAUSAL CE Stream] Ep 1.0/Inf | D[1.0/10.0] | 5.91145% (2193.08 / 37098.9 KB) | LR: 0.00239908 | TEMP: 1.00077
  Train -> TL: 4.27944 | ATL: 4.55957 | TPPL: 95.5425 | ENT: 7.52781b | CERT: 7.40967% | SURP: 6.79881b
  Val   -> VL: 4.72227 | AVL: 4.81078 | VPPL: 122.827 | VENT: 8.18045b | VCERT: 5.72283% | VSURP: 7.55348b

[GeoMind CAUSAL CE Stream] Ep 1.0/Inf | D[1.0/10.0] | 5.98263% (2219.49 / 37098.9 KB) | LR: 0.00239913 | TEMP: 1.00073
  Train -> TL: 4.54654 | ATL: 4.55941 | TPPL: 95.5275 | ENT: 7.73323b | CERT: 5.51779% | SURP: 7.21824b
  Val   -> VL: 4.72599 | AVL: 4.80654 | VPPL: 122.307 | VENT: 8.19863b | VCERT: 6.14929% | VSURP: 7.55007b

[GeoMind CAUSAL CE Stream] Ep 1.0/Inf | D[1.0/10.0] | 6.02464% (2235.08 / 37098.9 KB) | LR: 0.00239917 | TEMP: 1.00069
  Train -> TL: 4.42647 | ATL: 4.55839 | TPPL: 95.4295 | ENT: 7.61128b | CERT: 7.14667% | SURP: 6.96332b
  Val   -> VL: 4.79146 | AVL: 4.80578 | VPPL: 122.215 | VENT: 8.15935b | VCERT: 5.90327% | VSURP: 7.68981b

[GeoMind CAUSAL CE Stream] Ep 1.0/Inf | D[1.0/10.0] | 6.07496% (2253.74 / 37098.9 KB) | LR: 0.00239921 | TEMP: 1.00066
  Train -> TL: 4.36458 | ATL: 4.55685 | TPPL: 95.283 | ENT: 7.53211b | CERT: 7.18684% | SURP: 6.98282b
  Val   -> VL: 4.75774 | AVL: 4.80338 | VPPL: 121.922 | VENT: 8.19079b | VCERT: 5.57762% | VSURP: 7.61384b

[GeoMind CAUSAL CE Stream] Ep 1.0/Inf | D[1.0/10.0] | 6.12695% (2273.03 / 37098.9 KB) | LR: 0.00239925 | TEMP: 1.00062
  Train -> TL: 4.54455 | ATL: 4.55675 | TPPL: 95.273 | ENT: 7.62226b | CERT: 6.40348% | SURP: 7.0888b
  Val   -> VL: 4.77042 | AVL: 4.80173 | VPPL: 121.721 | VENT: 8.25109b | VCERT: 5.24671% | VSURP: 7.64459b

[GeoMind CAUSAL CE Stream] Ep 1.0/Inf | D[1.0/10.0] | 6.19066% (2296.67 / 37098.9 KB) | LR: 0.00239929 | TEMP: 1.00059
  Train -> TL: 4.42086 | ATL: 4.5553 | TPPL: 95.1355 | ENT: 7.50046b | CERT: 7.81376% | SURP: 6.94921b
  Val   -> VL: 4.77606 | AVL: 4.80045 | VPPL: 121.565 | VENT: 8.13187b | VCERT: 6.07891% | VSURP: 7.6079b

[GeoMind CAUSAL CE Stream] Ep 1.0/Inf | D[1.0/10.0] | 6.24817% (2318 / 37098.9 KB) | LR: 0.00239932 | TEMP: 1.00056
  Train -> TL: 4.37671 | ATL: 4.5539 | TPPL: 95.0021 | ENT: 7.54506b | CERT: 7.1601% | SURP: 6.91705b
  Val   -> VL: 4.79257 | AVL: 4.80006 | VPPL: 121.517 | VENT: 8.19802b | VCERT: 5.57924% | VSURP: 7.66246b

[GeoMind CAUSAL CE Stream] Ep 1.0/Inf | D[1.0/10.0] | 6.32102% (2345.03 / 37098.9 KB) | LR: 0.00239936 | TEMP: 1.00053
  Train -> TL: 4.4901 | ATL: 4.55313 | TPPL: 94.9291 | ENT: 7.60499b | CERT: 7.20949% | SURP: 7.13417b
  Val   -> VL: 4.75021 | AVL: 4.79756 | VPPL: 121.215 | VENT: 8.20745b | VCERT: 5.46577% | VSURP: 7.60199b

[GeoMind CAUSAL CE Stream] Ep 1.0/Inf | D[1.0/10.0] | 6.3739% (2364.65 / 37098.9 KB) | LR: 0.00239939 | TEMP: 1.00051
  Train -> TL: 4.38084 | ATL: 4.55196 | TPPL: 94.8178 | ENT: 7.64211b | CERT: 6.28242% | SURP: 6.95524b
  Val   -> VL: 4.76088 | AVL: 4.79573 | VPPL: 120.993 | VENT: 8.23667b | VCERT: 5.29744% | VSURP: 7.62435b

[GeoMind CAUSAL CE Stream] Ep 1.0/Inf | D[1.0/10.0] | 6.45661% (2395.33 / 37098.9 KB) | LR: 0.00239942 | TEMP: 1.00048
  Train -> TL: 4.43518 | ATL: 4.55063 | TPPL: 94.692 | ENT: 7.72504b | CERT: 5.5436% | SURP: 7.09833b
  Val   -> VL: 4.77626 | AVL: 4.79476 | VPPL: 120.875 | VENT: 8.21765b | VCERT: 5.52948% | VSURP: 7.63167b

[GeoMind CAUSAL CE Stream] Ep 1.0/Inf | D[1.0/10.0] | 6.49582% (2409.88 / 37098.9 KB) | LR: 0.00239945 | TEMP: 1.00046
  Train -> TL: 4.13894 | ATL: 4.54841 | TPPL: 94.4821 | ENT: 7.49497b | CERT: 8.38451% | SURP: 6.71863b
  Val   -> VL: 4.77278 | AVL: 4.79366 | VPPL: 120.742 | VENT: 8.1698b | VCERT: 6.16222% | VSURP: 7.6179b

[GeoMind CAUSAL CE Stream] Ep 1.0/Inf | D[1.0/10.0] | 6.50446% (2413.08 / 37098.9 KB) | LR: 0.00239948 | TEMP: 1.00044
  Train -> TL: 4.64158 | ATL: 4.54854 | TPPL: 94.494 | ENT: 7.6742b | CERT: 9.0885% | SURP: 7.13631b
  Val   -> VL: 4.7635 | AVL: 4.79215 | VPPL: 120.56 | VENT: 8.17407b | VCERT: 6.43501% | VSURP: 7.61162b

[GeoMind CAUSAL CE Stream] Ep 1.0/Inf | D[1.0/10.0] | 6.51286% (2416.2 / 37098.9 KB) | LR: 0.0023995 | TEMP: 1.00041
  Train -> TL: 4.58049 | ATL: 4.54858 | TPPL: 94.498 | ENT: 7.66391b | CERT: 9.84253% | SURP: 7.24943b
  Val   -> VL: 4.76847 | AVL: 4.79097 | VPPL: 120.418 | VENT: 8.18512b | VCERT: 6.35271% | VSURP: 7.62149b

[GeoMind CAUSAL CE Stream] Ep 1.0/Inf | D[1.0/10.0] | 6.54371% (2427.65 / 37098.9 KB) | LR: 0.00239953 | TEMP: 1.00039
  Train -> TL: 4.51238 | ATL: 4.54841 | TPPL: 94.4825 | ENT: 7.77278b | CERT: 6.04546% | SURP: 7.18689b
  Val   -> VL: 4.74872 | AVL: 4.78885 | VPPL: 120.164 | VENT: 8.21144b | VCERT: 5.62204% | VSURP: 7.58504b

[GeoMind CAUSAL CE Stream] Ep 1.0/Inf | D[1.0/10.0] | 6.58846% (2444.25 / 37098.9 KB) | LR: 0.00239955 | TEMP: 1.00037
  Train -> TL: 4.16781 | ATL: 4.54608 | TPPL: 94.2622 | ENT: 7.48947b | CERT: 8.03516% | SURP: 6.6927b
  Val   -> VL: 4.78081 | AVL: 4.78845 | VPPL: 120.115 | VENT: 8.16912b | VCERT: 6.24836% | VSURP: 7.67617b

[GeoMind CAUSAL CE Stream] Ep 1.0/Inf | D[1.0/10.0] | 6.64121% (2463.82 / 37098.9 KB) | LR: 0.00239957 | TEMP: 1.00035
  Train -> TL: 4.48865 | ATL: 4.54561 | TPPL: 94.2177 | ENT: 7.61291b | CERT: 6.99208% | SURP: 6.92886b
  Val   -> VL: 4.78041 | AVL: 4.78805 | VPPL: 120.067 | VENT: 8.22317b | VCERT: 5.47942% | VSURP: 7.67052b

[GeoMind CAUSAL CE Stream] Ep 1.0/Inf | D[1.0/10.0] | 6.71337% (2490.59 / 37098.9 KB) | LR: 0.0023996 | TEMP: 1.00034
  Train -> TL: 4.21574 | ATL: 4.54211 | TPPL: 93.8882 | ENT: 7.49317b | CERT: 7.61481% | SURP: 6.79522b
  Val   -> VL: 4.75074 | AVL: 4.78618 | VPPL: 119.843 | VENT: 8.10134b | VCERT: 6.19642% | VSURP: 7.60488b

[GeoMind CAUSAL CE Stream] Ep 1.0/Inf | D[1.0/10.0] | 6.78129% (2515.79 / 37098.9 KB) | LR: 0.00239962 | TEMP: 1.00032
  Train -> TL: 4.41184 | ATL: 4.54084 | TPPL: 93.7699 | ENT: 7.47554b | CERT: 7.56627% | SURP: 6.9965b
  Val   -> VL: 4.73981 | AVL: 4.78387 | VPPL: 119.566 | VENT: 8.13807b | VCERT: 5.98509% | VSURP: 7.59159b

[GeoMind CAUSAL CE Stream] Ep 1.0/Inf | D[1.0/10.0] | 6.82887% (2533.44 / 37098.9 KB) | LR: 0.00239963 | TEMP: 1.0003
  Train -> TL: 4.51324 | ATL: 4.54066 | TPPL: 93.7527 | ENT: 7.64764b | CERT: 6.31836% | SURP: 7.09786b
  Val   -> VL: 4.77163 | AVL: 4.78325 | VPPL: 119.492 | VENT: 8.21747b | VCERT: 5.29291% | VSURP: 7.6563b

[GeoMind CAUSAL CE Stream] Ep 1.0/Inf | D[1.0/10.0] | 6.87559% (2550.77 / 37098.9 KB) | LR: 0.00239965 | TEMP: 1.00029
  Train -> TL: 4.16637 | ATL: 4.53791 | TPPL: 93.4952 | ENT: 7.45234b | CERT: 7.44869% | SURP: 6.70426b
  Val   -> VL: 4.75652 | AVL: 4.78192 | VPPL: 119.333 | VENT: 8.09672b | VCERT: 6.34445% | VSURP: 7.60652b

[GeoMind CAUSAL CE Stream] Ep 1.0/Inf | D[1.0/10.0] | 6.93263% (2571.93 / 37098.9 KB) | LR: 0.00239967 | TEMP: 1.00027
  Train -> TL: 3.96339 | ATL: 4.53249 | TPPL: 92.9897 | ENT: 7.19651b | CERT: 9.15461% | SURP: 6.48245b
  Val   -> VL: 4.7929 | AVL: 4.78247 | VPPL: 119.398 | VENT: 7.98703b | VCERT: 6.91765% | VSURP: 7.63417b

[GeoMind CAUSAL CE Stream] Ep 1.0/Inf | D[1.0/10.0] | 6.98108% (2589.91 / 37098.9 KB) | LR: 0.00239969 | TEMP: 1.00026
  Train -> TL: 4.47367 | ATL: 4.53206 | TPPL: 92.9503 | ENT: 7.49028b | CERT: 7.30186% | SURP: 6.99207b
  Val   -> VL: 4.7399 | AVL: 4.78034 | VPPL: 119.145 | VENT: 8.15703b | VCERT: 5.56906% | VSURP: 7.59034b

[GeoMind CAUSAL CE Stream] Ep 1.0/Inf | D[1.0/10.0] | 7.06753% (2621.98 / 37098.9 KB) | LR: 0.0023997 | TEMP: 1.00025
  Train -> TL: 4.29476 | ATL: 4.52957 | TPPL: 92.7188 | ENT: 7.45268b | CERT: 7.34292% | SURP: 6.84632b
  Val   -> VL: 4.73745 | AVL: 4.77819 | VPPL: 118.889 | VENT: 8.14467b | VCERT: 5.69029% | VSURP: 7.58221b

[GeoMind CAUSAL CE Stream] Ep 1.0/Inf | D[1.0/10.0] | 7.12664% (2643.91 / 37098.9 KB) | LR: 0.00239972 | TEMP: 1.00024
  Train -> TL: 4.13866 | ATL: 4.52651 | TPPL: 92.4351 | ENT: 7.29712b | CERT: 7.78616% | SURP: 6.68616b
  Val   -> VL: 4.74312 | AVL: 4.77644 | VPPL: 118.681 | VENT: 8.10426b | VCERT: 5.944% | VSURP: 7.59005b

[GeoMind CAUSAL CE Stream] Ep 1.0/Inf | D[1.0/10.0] | 7.17833% (2663.08 / 37098.9 KB) | LR: 0.00239973 | TEMP: 1.00022
  Train -> TL: 4.68433 | ATL: 4.52754 | TPPL: 92.5302 | ENT: 7.25435b | CERT: 7.92488% | SURP: 7.28251b
  Val   -> VL: 4.71589 | AVL: 4.77341 | VPPL: 118.322 | VENT: 8.11482b | VCERT: 5.71428% | VSURP: 7.58331b

[GeoMind CAUSAL CE Stream] Ep 1.0/Inf | D[1.0/10.0] | 7.21295% (2675.93 / 37098.9 KB) | LR: 0.00239975 | TEMP: 1.00021
  Train -> TL: 4.28064 | ATL: 4.52646 | TPPL: 92.4305 | ENT: 7.41165b | CERT: 8.67734% | SURP: 6.86104b
  Val   -> VL: 4.72606 | AVL: 4.77104 | VPPL: 118.042 | VENT: 8.12058b | VCERT: 5.86909% | VSURP: 7.58931b

[GeoMind CAUSAL CE Stream] Ep 1.0/Inf | D[1.0/10.0] | 7.27187% (2697.79 / 37098.9 KB) | LR: 0.00239976 | TEMP: 1.0002
  Train -> TL: 4.35864 | ATL: 4.52501 | TPPL: 92.2971 | ENT: 7.51114b | CERT: 6.72816% | SURP: 6.91873b
  Val   -> VL: 4.68956 | AVL: 4.76697 | VPPL: 117.563 | VENT: 8.13052b | VCERT: 6.18723% | VSURP: 7.50491b

[GeoMind CAUSAL CE Stream] Ep 1.0/Inf | D[1.0/10.0] | 7.33122% (2719.8 / 37098.9 KB) | LR: 0.00239977 | TEMP: 1.00019
  Train -> TL: 4.69139 | ATL: 4.52659 | TPPL: 92.4429 | ENT: 7.74497b | CERT: 6.40899% | SURP: 7.40904b
  Val   -> VL: 4.71317 | AVL: 4.76428 | VPPL: 117.247 | VENT: 8.13217b | VCERT: 6.50182% | VSURP: 7.56013b

[GeoMind CAUSAL CE Stream] Ep 1.0/Inf | D[1.0/10.0] | 7.36803% (2733.46 / 37098.9 KB) | LR: 0.00239978 | TEMP: 1.00018
  Train -> TL: 4.51452 | ATL: 4.52654 | TPPL: 92.4377 | ENT: 7.61357b | CERT: 6.68276% | SURP: 7.15022b
  Val   -> VL: 4.70507 | AVL: 4.76132 | VPPL: 116.9 | VENT: 8.16582b | VCERT: 6.09293% | VSURP: 7.53454b

[GeoMind CAUSAL CE Stream] Ep 1.0/Inf | D[1.0/10.0] | 7.446% (2762.39 / 37098.9 KB) | LR: 0.00239979 | TEMP: 1.00017
  Train -> TL: 4.45914 | ATL: 4.52587 | TPPL: 92.3765 | ENT: 7.66589b | CERT: 5.56052% | SURP: 7.06712b
  Val   -> VL: 4.72318 | AVL: 4.75941 | VPPL: 116.677 | VENT: 8.24678b | VCERT: 5.29405% | VSURP: 7.58673b

[GeoMind CAUSAL CE Stream] Ep 1.0/Inf | D[1.0/10.0] | 7.49728% (2781.41 / 37098.9 KB) | LR: 0.0023998 | TEMP: 1.00016
  Train -> TL: 4.21735 | ATL: 4.52364 | TPPL: 92.1703 | ENT: 7.42698b | CERT: 7.33399% | SURP: 6.78214b
  Val   -> VL: 4.71913 | AVL: 4.7574 | VPPL: 116.443 | VENT: 8.12204b | VCERT: 5.85366% | VSURP: 7.56449b

[GeoMind CAUSAL CE Stream] Ep 1.0/Inf | D[1.0/10.0] | 7.57505% (2810.26 / 37098.9 KB) | LR: 0.00239981 | TEMP: 1.00016
  Train -> TL: 4.41062 | ATL: 4.52261 | TPPL: 92.0753 | ENT: 7.59629b | CERT: 5.98977% | SURP: 7.01979b
  Val   -> VL: 4.71429 | AVL: 4.75524 | VPPL: 116.192 | VENT: 8.11248b | VCERT: 5.64438% | VSURP: 7.55452b

[GeoMind CAUSAL CE Stream] Ep 1.0/Inf | D[1.0/10.0] | 7.6411% (2834.77 / 37098.9 KB) | LR: 0.00239982 | TEMP: 1.00015
  Train -> TL: 4.19417 | ATL: 4.51979 | TPPL: 91.8166 | ENT: 7.45554b | CERT: 7.11223% | SURP: 6.73056b
  Val   -> VL: 4.7021 | AVL: 4.75259 | VPPL: 115.884 | VENT: 8.14947b | VCERT: 5.86314% | VSURP: 7.54907b

[GeoMind CAUSAL CE Stream] Ep 1.0/Inf | D[1.0/10.0] | 7.70198% (2857.35 / 37098.9 KB) | LR: 0.00239983 | TEMP: 1.00014
  Train -> TL: 4.61929 | ATL: 4.52062 | TPPL: 91.8926 | ENT: 7.63158b | CERT: 6.4583% | SURP: 7.21342b
  Val   -> VL: 4.72874 | AVL: 4.75139 | VPPL: 115.745 | VENT: 8.24156b | VCERT: 5.41102% | VSURP: 7.60163b

[GeoMind CAUSAL CE Stream] Ep 1.0/Inf | D[1.0/10.0] | 7.76556% (2880.94 / 37098.9 KB) | LR: 0.00239984 | TEMP: 1.00013
  Train -> TL: 4.34683 | ATL: 4.51916 | TPPL: 91.7581 | ENT: 7.72348b | CERT: 6.02372% | SURP: 7.00989b
  Val   -> VL: 4.74259 | AVL: 4.75095 | VPPL: 115.695 | VENT: 7.97914b | VCERT: 6.85338% | VSURP: 7.59927b

[GeoMind CAUSAL CE Stream] Ep 1.0/Inf | D[1.0/10.0] | 7.83261% (2905.81 / 37098.9 KB) | LR: 0.00239985 | TEMP: 1.00013
  Train -> TL: 4.45127 | ATL: 4.51858 | TPPL: 91.7055 | ENT: 7.52934b | CERT: 7.02079% | SURP: 7.06206b
  Val   -> VL: 4.72305 | AVL: 4.74956 | VPPL: 115.533 | VENT: 8.12702b | VCERT: 6.00062% | VSURP: 7.56502b

[GeoMind CAUSAL CE Stream] Ep 1.0/Inf | D[1.0/10.0] | 7.90334% (2932.05 / 37098.9 KB) | LR: 0.00239985 | TEMP: 1.00012
  Train -> TL: 4.36706 | ATL: 4.51724 | TPPL: 91.5825 | ENT: 7.56782b | CERT: 6.59435% | SURP: 6.95829b
  Val   -> VL: 4.71574 | AVL: 4.74787 | VPPL: 115.338 | VENT: 8.17908b | VCERT: 5.52132% | VSURP: 7.57431b

[GeoMind CAUSAL CE Stream] Ep 1.0/Inf | D[1.0/10.0] | 7.9496% (2949.21 / 37098.9 KB) | LR: 0.00239986 | TEMP: 1.00011
  Train -> TL: 4.47397 | ATL: 4.51702 | TPPL: 91.5622 | ENT: 7.66938b | CERT: 5.52349% | SURP: 7.05896b
  Val   -> VL: 4.70431 | AVL: 4.74569 | VPPL: 115.087 | VENT: 8.19275b | VCERT: 5.599% | VSURP: 7.55013b

[GeoMind CAUSAL CE Stream] Ep 1.0/Inf | D[1.0/10.0] | 8.00219% (2968.73 / 37098.9 KB) | LR: 0.00239987 | TEMP: 1.00011
  Train -> TL: 4.41102 | ATL: 4.51629 | TPPL: 91.4958 | ENT: 7.57553b | CERT: 6.12085% | SURP: 7.03203b
  Val   -> VL: 4.73438 | AVL: 4.74512 | VPPL: 115.022 | VENT: 8.10521b | VCERT: 5.82199% | VSURP: 7.59949b

[GeoMind CAUSAL CE Stream] Ep 1.0/Inf | D[1.0/10.0] | 8.0767% (2996.37 / 37098.9 KB) | LR: 0.00239988 | TEMP: 1.0001
  Train -> TL: 4.202 | ATL: 4.51317 | TPPL: 91.2103 | ENT: 7.20008b | CERT: 8.46955% | SURP: 6.68264b
  Val   -> VL: 4.74212 | AVL: 4.74497 | VPPL: 115.005 | VENT: 8.13191b | VCERT: 6.02434% | VSURP: 7.57746b

[GeoMind CAUSAL CE Stream] Ep 1.0/Inf | D[1.0/10.0] | 8.11178% (3009.38 / 37098.9 KB) | LR: 0.00239988 | TEMP: 1.0001
  Train -> TL: 4.51138 | ATL: 4.51316 | TPPL: 91.2096 | ENT: 7.70147b | CERT: 5.48155% | SURP: 7.16017b
  Val   -> VL: 4.76632 | AVL: 4.74604 | VPPL: 115.128 | VENT: 8.18516b | VCERT: 5.37898% | VSURP: 7.63928b

[GeoMind CAUSAL CE Stream] Ep 1.0/Inf | D[1.0/10.0] | 8.13913% (3019.53 / 37098.9 KB) | LR: 0.00239989 | TEMP: 1.00009
  Train -> TL: 4.29017 | ATL: 4.51243 | TPPL: 91.1433 | ENT: 7.60071b | CERT: 8.41822% | SURP: 6.81408b
  Val   -> VL: 4.77399 | AVL: 4.74744 | VPPL: 115.289 | VENT: 8.06593b | VCERT: 6.22821% | VSURP: 7.61677b

[GeoMind CAUSAL CE Stream] Ep 1.0/Inf | D[1.0/10.0] | 8.20451% (3043.79 / 37098.9 KB) | LR: 0.00239989 | TEMP: 1.00009
  Train -> TL: 4.29135 | ATL: 4.51074 | TPPL: 90.9894 | ENT: 7.53047b | CERT: 6.37788% | SURP: 6.84038b
  Val   -> VL: 4.76362 | AVL: 4.74825 | VPPL: 115.382 | VENT: 8.11527b | VCERT: 5.81884% | VSURP: 7.63489b

[GeoMind CAUSAL CE Stream] Ep 1.0/Inf | D[1.0/10.0] | 8.24013% (3057 / 37098.9 KB) | LR: 0.0023999 | TEMP: 1.00008
  Train -> TL: 4.35289 | ATL: 4.51011 | TPPL: 90.9316 | ENT: 7.53379b | CERT: 6.31663% | SURP: 6.94059b
  Val   -> VL: 4.75635 | AVL: 4.74865 | VPPL: 115.429 | VENT: 8.12276b | VCERT: 5.79721% | VSURP: 7.63106b

[GeoMind CAUSAL CE Stream] Ep 1.0/Inf | D[1.0/10.0] | 8.2994% (3078.99 / 37098.9 KB) | LR: 0.0023999 | TEMP: 1.00008
  Train -> TL: 4.49342 | ATL: 4.50998 | TPPL: 90.9204 | ENT: 7.65975b | CERT: 5.69183% | SURP: 7.05888b
  Val   -> VL: 4.74635 | AVL: 4.74854 | VPPL: 115.415 | VENT: 8.03844b | VCERT: 6.10763% | VSURP: 7.58937b

[GeoMind CAUSAL CE Stream] Ep 1.0/Inf | D[1.0/10.0] | 8.36774% (3104.34 / 37098.9 KB) | LR: 0.00239991 | TEMP: 1.00008
  Train -> TL: 4.16715 | ATL: 4.50713 | TPPL: 90.6617 | ENT: 7.26236b | CERT: 7.69792% | SURP: 6.71762b
  Val   -> VL: 4.75542 | AVL: 4.74888 | VPPL: 115.455 | VENT: 7.9948b | VCERT: 6.09397% | VSURP: 7.60614b

[GeoMind CAUSAL CE Stream] Ep 1.0/Inf | D[1.0/10.0] | 8.43833% (3130.53 / 37098.9 KB) | LR: 0.00239991 | TEMP: 1.00007
  Train -> TL: 4.51076 | ATL: 4.50717 | TPPL: 90.6645 | ENT: 7.64851b | CERT: 5.44889% | SURP: 7.13976b
  Val   -> VL: 4.75009 | AVL: 4.74894 | VPPL: 115.462 | VENT: 8.07764b | VCERT: 5.82341% | VSURP: 7.59973b

[GeoMind CAUSAL CE Stream] Ep 1.0/Inf | D[1.0/10.0] | 8.4817% (3146.62 / 37098.9 KB) | LR: 0.00239992 | TEMP: 1.00007
  Train -> TL: 4.42886 | ATL: 4.50675 | TPPL: 90.6264 | ENT: 7.54459b | CERT: 6.70145% | SURP: 7.04012b
  Val   -> VL: 4.74798 | AVL: 4.74889 | VPPL: 115.457 | VENT: 7.97727b | VCERT: 6.43237% | VSURP: 7.61443b

[GeoMind CAUSAL CE Stream] Ep 1.0/Inf | D[1.0/10.0] | 8.51047% (3157.29 / 37098.9 KB) | LR: 0.00239992 | TEMP: 1.00007
  Train -> TL: 4.43781 | ATL: 4.50656 | TPPL: 90.6099 | ENT: 7.50587b | CERT: 6.58828% | SURP: 7.03068b
  Val   -> VL: 4.7998 | AVL: 4.75144 | VPPL: 115.751 | VENT: 8.02638b | VCERT: 5.91491% | VSURP: 7.72949b

[GeoMind CAUSAL CE Stream] Ep 1.0/Inf | D[1.0/10.0] | 8.54794% (3171.19 / 37098.9 KB) | LR: 0.00239993 | TEMP: 1.00006
  Train -> TL: 4.39074 | ATL: 4.50611 | TPPL: 90.5688 | ENT: 7.46252b | CERT: 7.74771% | SURP: 6.99405b
  Val   -> VL: 4.76719 | AVL: 4.75223 | VPPL: 115.842 | VENT: 8.13749b | VCERT: 5.32743% | VSURP: 7.68824b

[GeoMind CAUSAL CE Stream] Ep 1.0/Inf | D[1.0/10.0] | 8.59419% (3188.35 / 37098.9 KB) | LR: 0.00239993 | TEMP: 1.00006
  Train -> TL: 4.52198 | ATL: 4.50619 | TPPL: 90.5765 | ENT: 7.71473b | CERT: 5.80045% | SURP: 7.165b
  Val   -> VL: 4.75083 | AVL: 4.75216 | VPPL: 115.834 | VENT: 8.08523b | VCERT: 6.19185% | VSURP: 7.61076b

[GeoMind CAUSAL CE Stream] Ep 1.0/Inf | D[1.0/10.0] | 8.63822% (3204.69 / 37098.9 KB) | LR: 0.00239993 | TEMP: 1.00006
  Train -> TL: 4.70419 | ATL: 4.50732 | TPPL: 90.6784 | ENT: 7.6391b | CERT: 6.52143% | SURP: 7.36451b
  Val   -> VL: 4.79062 | AVL: 4.75408 | VPPL: 116.057 | VENT: 8.16387b | VCERT: 5.61437% | VSURP: 7.6933b

[GeoMind CAUSAL CE Stream] Ep 1.0/Inf | D[1.0/10.0] | 8.70093% (3227.95 / 37098.9 KB) | LR: 0.00239994 | TEMP: 1.00005
  Train -> TL: 4.34753 | ATL: 4.50611 | TPPL: 90.5689 | ENT: 7.49663b | CERT: 7.38596% | SURP: 6.88903b
  Val   -> VL: 4.74473 | AVL: 4.75361 | VPPL: 116.003 | VENT: 8.11263b | VCERT: 5.98766% | VSURP: 7.60942b

[GeoMind CAUSAL CE Stream] Ep 1.0/Inf | D[1.0/10.0] | 8.77138% (3254.09 / 37098.9 KB) | LR: 0.00239994 | TEMP: 1.00005
  Train -> TL: 4.20715 | ATL: 4.50354 | TPPL: 90.3366 | ENT: 7.3899b | CERT: 7.58009% | SURP: 6.78223b
  Val   -> VL: 4.71276 | AVL: 4.75157 | VPPL: 115.766 | VENT: 8.05193b | VCERT: 6.13123% | VSURP: 7.54442b

[GeoMind CAUSAL CE Stream] Ep 1.0/Inf | D[1.0/10.0] | 8.82261% (3273.09 / 37098.9 KB) | LR: 0.00239994 | TEMP: 1.00005
  Train -> TL: 4.3662 | ATL: 4.50269 | TPPL: 90.2593 | ENT: 7.48729b | CERT: 6.90282% | SURP: 6.81941b
  Val   -> VL: 4.72018 | AVL: 4.75 | VPPL: 115.584 | VENT: 8.08426b | VCERT: 6.11376% | VSURP: 7.58191b

[GeoMind CAUSAL CE Stream] Ep 1.0/Inf | D[1.0/10.0] | 8.87996% (3294.37 / 37098.9 KB) | LR: 0.00239995 | TEMP: 1.00005
  Train -> TL: 4.52445 | ATL: 4.50284 | TPPL: 90.2729 | ENT: 7.54071b | CERT: 6.15299% | SURP: 7.07252b
  Val   -> VL: 4.72807 | AVL: 4.7489 | VPPL: 115.458 | VENT: 8.05898b | VCERT: 5.73793% | VSURP: 7.58846b

[GeoMind CAUSAL CE Stream] Ep 1.0/Inf | D[1.0/10.0] | 8.89627% (3300.42 / 37098.9 KB) | LR: 0.00239995 | TEMP: 1.00004
  Train -> TL: 4.27763 | ATL: 4.50249 | TPPL: 90.2417 | ENT: 7.45669b | CERT: 6.67938% | SURP: 6.86064b
  Val   -> VL: 4.71528 | AVL: 4.74722 | VPPL: 115.264 | VENT: 8.06666b | VCERT: 5.77582% | VSURP: 7.55265b

[GeoMind CAUSAL CE Stream] Ep 1.0/Inf | D[1.0/10.0] | 8.96612% (3326.33 / 37098.9 KB) | LR: 0.00239995 | TEMP: 1.00004
  Train -> TL: 4.38664 | ATL: 4.50168 | TPPL: 90.1684 | ENT: 7.49955b | CERT: 6.91602% | SURP: 6.88298b
  Val   -> VL: 4.72856 | AVL: 4.74629 | VPPL: 115.156 | VENT: 8.05804b | VCERT: 6.32219% | VSURP: 7.56376b

[GeoMind CAUSAL CE Stream] Ep 1.0/Inf | D[1.0/10.0] | 8.99949% (3338.71 / 37098.9 KB) | LR: 0.00239995 | TEMP: 1.00004
  Train -> TL: 4.17897 | ATL: 4.50045 | TPPL: 90.0574 | ENT: 7.39449b | CERT: 7.65275% | SURP: 6.74282b
  Val   -> VL: 4.74595 | AVL: 4.74627 | VPPL: 115.154 | VENT: 8.10284b | VCERT: 5.91063% | VSURP: 7.60161b

[GeoMind CAUSAL CE Stream] Ep 1.0/Inf | D[1.0/10.0] | 9.04793% (3356.68 / 37098.9 KB) | LR: 0.00239996 | TEMP: 1.00004
  Train -> TL: 4.3874 | ATL: 4.49991 | TPPL: 90.0093 | ENT: 7.54928b | CERT: 6.61727% | SURP: 6.89807b
  Val   -> VL: 4.72103 | AVL: 4.74501 | VPPL: 115.009 | VENT: 8.14422b | VCERT: 5.60766% | VSURP: 7.57065b

[GeoMind CAUSAL CE Stream] Ep 1.0/Inf | D[1.0/10.0] | 9.09156% (3372.87 / 37098.9 KB) | LR: 0.00239996 | TEMP: 1.00004
  Train -> TL: 4.23348 | ATL: 4.49861 | TPPL: 89.8921 | ENT: 7.30065b | CERT: 7.67889% | SURP: 6.78538b
  Val   -> VL: 4.76226 | AVL: 4.74587 | VPPL: 115.108 | VENT: 8.03262b | VCERT: 5.89465% | VSURP: 7.64283b

[GeoMind CAUSAL CE Stream] Ep 1.0/Inf | D[1.0/10.0] | 9.11959% (3383.27 / 37098.9 KB) | LR: 0.00239996 | TEMP: 1.00003
  Train -> TL: 4.51843 | ATL: 4.49867 | TPPL: 89.8976 | ENT: 7.58418b | CERT: 6.01303% | SURP: 7.13588b
  Val   -> VL: 4.74714 | AVL: 4.74594 | VPPL: 115.116 | VENT: 8.06552b | VCERT: 5.95097% | VSURP: 7.61465b

[GeoMind CAUSAL CE Stream] Ep 1.0/Inf | D[1.0/10.0] | 9.20123% (3413.56 / 37098.9 KB) | LR: 0.00239996 | TEMP: 1.00003
  Train -> TL: 4.33862 | ATL: 4.4973 | TPPL: 89.7742 | ENT: 7.43943b | CERT: 7.19477% | SURP: 6.93881b
  Val   -> VL: 4.72091 | AVL: 4.74469 | VPPL: 114.972 | VENT: 8.14594b | VCERT: 5.53707% | VSURP: 7.57379b

[GeoMind CAUSAL CE Stream] Ep 1.0/Inf | D[1.0/10.0] | 9.31333% (3455.15 / 37098.9 KB) | LR: 0.00239996 | TEMP: 1.00003
  Train -> TL: 4.26268 | ATL: 4.49481 | TPPL: 89.5509 | ENT: 7.37737b | CERT: 7.21042% | SURP: 6.88974b
  Val   -> VL: 4.71744 | AVL: 4.74332 | VPPL: 114.815 | VENT: 8.2033b | VCERT: 5.4628% | VSURP: 7.54793b

[GeoMind CAUSAL CE Stream] Ep 1.0/Inf | D[1.0/10.0] | 9.43015% (3498.49 / 37098.9 KB) | LR: 0.00239997 | TEMP: 1.00003
  Train -> TL: 3.99401 | ATL: 4.4898 | TPPL: 89.1039 | ENT: 7.26045b | CERT: 7.5019% | SURP: 6.51153b
  Val   -> VL: 4.72834 | AVL: 4.74257 | VPPL: 114.729 | VENT: 8.17037b | VCERT: 5.44137% | VSURP: 7.55522b

[GeoMind CAUSAL CE Stream] Ep 1.0/Inf | D[1.0/10.0] | 9.5329% (3536.61 / 37098.9 KB) | LR: 0.00239997 | TEMP: 1.00003
  Train -> TL: 4.59153 | ATL: 4.49086 | TPPL: 89.1985 | ENT: 7.66426b | CERT: 6.08355% | SURP: 7.1045b
  Val   -> VL: 4.76217 | AVL: 4.74355 | VPPL: 114.842 | VENT: 8.18742b | VCERT: 5.67509% | VSURP: 7.62947b

[GeoMind CAUSAL CE Stream] Ep 1.0/Inf | D[1.0/10.0] | 9.58762% (3556.9 / 37098.9 KB) | LR: 0.00239997 | TEMP: 1.00003
  Train -> TL: 4.34836 | ATL: 4.49009 | TPPL: 89.1295 | ENT: 7.57898b | CERT: 6.69692% | SURP: 6.94691b
  Val   -> VL: 4.74066 | AVL: 4.74341 | VPPL: 114.825 | VENT: 8.2302b | VCERT: 5.15828% | VSURP: 7.6142b

[GeoMind CAUSAL CE Stream] Ep 1.0/Inf | D[1.0/10.0] | 9.63705% (3575.24 / 37098.9 KB) | LR: 0.00239997 | TEMP: 1.00002
  Train -> TL: 4.41476 | ATL: 4.48968 | TPPL: 89.0928 | ENT: 7.57552b | CERT: 6.74311% | SURP: 6.99908b
  Val   -> VL: 4.74599 | AVL: 4.74354 | VPPL: 114.84 | VENT: 8.17b | VCERT: 6.35109% | VSURP: 7.60448b

[GeoMind CAUSAL CE Stream] Ep 1.0/Inf | D[1.0/10.0] | 9.68184% (3591.86 / 37098.9 KB) | LR: 0.00239997 | TEMP: 1.00002
  Train -> TL: 4.47373 | ATL: 4.48961 | TPPL: 89.0863 | ENT: 7.63624b | CERT: 6.51694% | SURP: 7.04492b
  Val   -> VL: 4.73267 | AVL: 4.743 | VPPL: 114.777 | VENT: 8.15199b | VCERT: 5.99264% | VSURP: 7.59316b

[GeoMind CAUSAL CE Stream] Ep 1.0/Inf | D[1.0/10.0] | 9.74361% (3614.77 / 37098.9 KB) | LR: 0.00239997 | TEMP: 1.00002
  Train -> TL: 4.32462 | ATL: 4.48858 | TPPL: 88.9953 | ENT: 7.56434b | CERT: 7.35818% | SURP: 6.85119b
  Val   -> VL: 4.72054 | AVL: 4.74187 | VPPL: 114.649 | VENT: 8.1601b | VCERT: 5.80812% | VSURP: 7.57273b

[GeoMind CAUSAL CE Stream] Ep 1.0/Inf | D[1.0/10.0] | 9.80047% (3635.87 / 37098.9 KB) | LR: 0.00239997 | TEMP: 1.00002
  Train -> TL: 4.46339 | ATL: 4.48845 | TPPL: 88.9835 | ENT: 7.56436b | CERT: 6.4063% | SURP: 6.99571b
  Val   -> VL: 4.76718 | AVL: 4.74314 | VPPL: 114.794 | VENT: 8.2132b | VCERT: 5.26011% | VSURP: 7.68654b

[GeoMind CAUSAL CE Stream] Ep 1.0/Inf | D[1.0/10.0] | 9.84728% (3653.24 / 37098.9 KB) | LR: 0.00239998 | TEMP: 1.00002
  Train -> TL: 4.28776 | ATL: 4.48753 | TPPL: 88.9018 | ENT: 7.50504b | CERT: 6.50506% | SURP: 6.81015b
  Val   -> VL: 4.78994 | AVL: 4.74548 | VPPL: 115.063 | VENT: 8.0383b | VCERT: 6.21782% | VSURP: 7.69158b

[GeoMind CAUSAL CE Stream] Ep 1.0/Inf | D[1.0/10.0] | 9.89932% (3672.54 / 37098.9 KB) | LR: 0.00239998 | TEMP: 1.00002
  Train -> TL: 4.30408 | ATL: 4.48664 | TPPL: 88.8229 | ENT: 7.43234b | CERT: 6.84288% | SURP: 6.85927b
  Val   -> VL: 4.78437 | AVL: 4.74742 | VPPL: 115.287 | VENT: 8.11675b | VCERT: 5.76477% | VSURP: 7.66991b

[GeoMind CAUSAL CE Stream] Ep 1.0/Inf | D[1.0/10.0] | 9.96099% (3695.42 / 37098.9 KB) | LR: 0.00239998 | TEMP: 1.00002
  Train -> TL: 4.47909 | ATL: 4.4866 | TPPL: 88.819 | ENT: 7.58937b | CERT: 6.06234% | SURP: 7.10196b
  Val   -> VL: 4.75375 | AVL: 4.74774 | VPPL: 115.323 | VENT: 8.10553b | VCERT: 5.71685% | VSURP: 7.6279b

[GeoMind CAUSAL CE Stream] Ep 1.0/Inf | D[1.0/10.0] | 9.97565% (3700.86 / 37098.9 KB) | LR: 0.00239998 | TEMP: 1.00002
  Train -> TL: 3.82328 | ATL: 4.48538 | TPPL: 88.7102 | ENT: 6.84681b | CERT: 11.2648% | SURP: 6.10265b
  Val   -> VL: 4.7679 | AVL: 4.74875 | VPPL: 115.44 | VENT: 7.93494b | VCERT: 7.55638% | VSURP: 7.61432b

[GeoMind CAUSAL CE Stream] Ep 1.0/Inf | D[1.0/10.0] | 10.0368% (3723.54 / 37098.9 KB) | LR: 0.00239998 | TEMP: 1.00002
  Train -> TL: 4.49343 | ATL: 4.48542 | TPPL: 88.7146 | ENT: 7.52605b | CERT: 6.58644% | SURP: 7.01892b
  Val   -> VL: 4.77865 | AVL: 4.75024 | VPPL: 115.612 | VENT: 8.05718b | VCERT: 6.3168% | VSURP: 7.66069b

[GeoMind CAUSAL CE Stream] Ep 1.0/Inf | D[1.0/10.0] | 10.1019% (3747.71 / 37098.9 KB) | LR: 0.00239998 | TEMP: 1.00002
  Train -> TL: 4.1125 | ATL: 4.48287 | TPPL: 88.4883 | ENT: 7.11838b | CERT: 9.62638% | SURP: 6.61556b
  Val   -> VL: 4.73801 | AVL: 4.74963 | VPPL: 115.542 | VENT: 8.04758b | VCERT: 6.08692% | VSURP: 7.59832b

[GeoMind CAUSAL CE Stream] Ep 1.0/Inf | D[1.0/10.0] | 10.1499% (3765.5 / 37098.9 KB) | LR: 0.00239998 | TEMP: 1.00001
  Train -> TL: 4.17547 | ATL: 4.48149 | TPPL: 88.3661 | ENT: 7.35569b | CERT: 8.34973% | SURP: 6.76539b
  Val   -> VL: 4.72861 | AVL: 4.74858 | VPPL: 115.42 | VENT: 8.08353b | VCERT: 5.84801% | VSURP: 7.56577b

[GeoMind CAUSAL CE Stream] Ep 1.0/Inf | D[1.0/10.0] | 10.2104% (3787.96 / 37098.9 KB) | LR: 0.00239998 | TEMP: 1.00001
  Train -> TL: 4.19078 | ATL: 4.47983 | TPPL: 88.2198 | ENT: 7.33687b | CERT: 8.26462% | SURP: 6.69955b
  Val   -> VL: 4.73949 | AVL: 4.74813 | VPPL: 115.368 | VENT: 8.09235b | VCERT: 5.8121% | VSURP: 7.59489b

[GeoMind CAUSAL CE Stream] Ep 1.0/Inf | D[1.0/10.0] | 10.288% (3816.74 / 37098.9 KB) | LR: 0.00239998 | TEMP: 1.00001
  Train -> TL: 4.2517 | ATL: 4.47833 | TPPL: 88.0875 | ENT: 7.47846b | CERT: 6.94839% | SURP: 6.85273b
  Val   -> VL: 4.73316 | AVL: 4.74738 | VPPL: 115.281 | VENT: 8.15848b | VCERT: 5.47047% | VSURP: 7.60476b

[GeoMind CAUSAL CE Stream] Ep 1.0/Inf | D[1.0/10.0] | 10.357% (3842.33 / 37098.9 KB) | LR: 0.00239998 | TEMP: 1.00001
  Train -> TL: 4.24036 | ATL: 4.47692 | TPPL: 87.9638 | ENT: 7.52402b | CERT: 6.95574% | SURP: 6.86949b
  Val   -> VL: 4.74322 | AVL: 4.74717 | VPPL: 115.258 | VENT: 8.08237b | VCERT: 6.21087% | VSURP: 7.60428b

[GeoMind CAUSAL CE Stream] Ep 1.0/Inf | D[1.0/10.0] | 10.4011% (3858.71 / 37098.9 KB) | LR: 0.00239999 | TEMP: 1.00001
  Train -> TL: 4.46861 | ATL: 4.47689 | TPPL: 87.9605 | ENT: 7.51691b | CERT: 7.31174% | SURP: 6.93161b
  Val   -> VL: 4.75245 | AVL: 4.74743 | VPPL: 115.288 | VENT: 8.08178b | VCERT: 6.09617% | VSURP: 7.61136b

[GeoMind CAUSAL CE Stream] Ep 1.0/Inf | D[1.0/10.0] | 10.461% (3880.91 / 37098.9 KB) | LR: 0.00239999 | TEMP: 1.00001
  Train -> TL: 4.61551 | ATL: 4.47767 | TPPL: 88.0292 | ENT: 7.64308b | CERT: 6.12411% | SURP: 7.20615b
  Val   -> VL: 4.7759 | AVL: 4.74886 | VPPL: 115.452 | VENT: 8.08031b | VCERT: 6.58067% | VSURP: 7.70529b

[GeoMind CAUSAL CE Stream] Ep 1.0/Inf | D[1.0/10.0] | 10.5091% (3898.78 / 37098.9 KB) | LR: 0.00239999 | TEMP: 1.00001
  Train -> TL: 4.61467 | ATL: 4.47828 | TPPL: 88.0828 | ENT: 7.71806b | CERT: 5.59184% | SURP: 7.23471b
  Val   -> VL: 4.77574 | AVL: 4.7502 | VPPL: 115.607 | VENT: 8.09576b | VCERT: 5.98173% | VSURP: 7.679b

[GeoMind CAUSAL CE Stream] Ep 1.0/Inf | D[1.0/10.0] | 10.5543% (3915.52 / 37098.9 KB) | LR: 0.00239999 | TEMP: 1.00001
  Train -> TL: 3.91886 | ATL: 4.47595 | TPPL: 87.8781 | ENT: 7.37885b | CERT: 7.97609% | SURP: 6.43205b
  Val   -> VL: 4.79477 | AVL: 4.75243 | VPPL: 115.865 | VENT: 7.93778b | VCERT: 6.37053% | VSURP: 7.67146b

[GeoMind CAUSAL CE Stream] Ep 1.0/Inf | D[1.0/10.0] | 10.6616% (3955.33 / 37098.9 KB) | LR: 0.00239999 | TEMP: 1.00001
  Train -> TL: 4.16706 | ATL: 4.47349 | TPPL: 87.662 | ENT: 7.30622b | CERT: 7.89678% | SURP: 6.69664b
  Val   -> VL: 4.83757 | AVL: 4.75669 | VPPL: 116.36 | VENT: 8.04521b | VCERT: 5.83466% | VSURP: 7.7515b

[GeoMind CAUSAL CE Stream] Ep 1.0/Inf | D[1.0/10.0] | 10.8031% (4007.85 / 37098.9 KB) | LR: 0.00239999 | TEMP: 1.00001
  Train -> TL: 4.01041 | ATL: 4.46849 | TPPL: 87.2252 | ENT: 7.24291b | CERT: 8.40412% | SURP: 6.49919b
  Val   -> VL: 4.82124 | AVL: 4.75991 | VPPL: 116.736 | VENT: 8.01783b | VCERT: 6.43946% | VSURP: 7.6959b

[GeoMind CAUSAL CE Stream] Ep 1.0/Inf | D[1.0/10.0] | 10.8721% (4033.44 / 37098.9 KB) | LR: 0.00239999 | TEMP: 1.00001
  Train -> TL: 4.16379 | ATL: 4.46661 | TPPL: 87.0611 | ENT: 7.32052b | CERT: 7.87439% | SURP: 6.64816b
  Val   -> VL: 4.85746 | AVL: 4.76479 | VPPL: 117.307 | VENT: 7.95855b | VCERT: 5.91367% | VSURP: 7.76946b

[GeoMind CAUSAL CE Stream] Ep 1.0/Inf | D[1.0/10.0] | 10.9457% (4060.75 / 37098.9 KB) | LR: 0.00239999 | TEMP: 1.00001
  Train -> TL: 4.40906 | ATL: 4.46618 | TPPL: 87.0238 | ENT: 7.41917b | CERT: 7.23995% | SURP: 6.96206b
  Val   -> VL: 4.80851 | AVL: 4.76698 | VPPL: 117.563 | VENT: 8.08215b | VCERT: 5.59429% | VSURP: 7.68988b

[GeoMind CAUSAL CE Stream] Ep 1.0/Inf | D[1.0/10.0] | 10.9985% (4080.34 / 37098.9 KB) | LR: 0.00239999 | TEMP: 1.00001
  Train -> TL: 4.21844 | ATL: 4.46487 | TPPL: 86.91 | ENT: 7.28783b | CERT: 7.18065% | SURP: 6.72388b
  Val   -> VL: 4.79434 | AVL: 4.76835 | VPPL: 117.724 | VENT: 8.14572b | VCERT: 5.32433% | VSURP: 7.68468b

[GeoMind CAUSAL CE Stream] Ep 1.0/Inf | D[1.0/10.0] | 11.0424% (4096.62 / 37098.9 KB) | LR: 0.00239999 | TEMP: 1.00001
  Train -> TL: 4.46491 | ATL: 4.46487 | TPPL: 86.91 | ENT: 7.52465b | CERT: 6.59255% | SURP: 6.97824b
  Val   -> VL: 4.79732 | AVL: 4.76979 | VPPL: 117.895 | VENT: 8.12868b | VCERT: 5.65119% | VSURP: 7.69101b

[GeoMind CAUSAL CE Stream] Ep 1.0/Inf | D[1.0/10.0] | 11.0586% (4102.62 / 37098.9 KB) | LR: 0.00239999 | TEMP: 1.00001
  Train -> TL: 4.67931 | ATL: 4.46519 | TPPL: 86.9376 | ENT: 7.75245b | CERT: 5.65704% | SURP: 7.41806b
  Val   -> VL: 4.77361 | AVL: 4.76999 | VPPL: 117.917 | VENT: 8.127b | VCERT: 6.01749% | VSURP: 7.64634b

[GeoMind CAUSAL CE Stream] Ep 1.0/Inf | D[1.0/10.0] | 11.1089% (4121.28 / 37098.9 KB) | LR: 0.00239999 | TEMP: 1.00001
  Train -> TL: 4.24177 | ATL: 4.46432 | TPPL: 86.8615 | ENT: 7.51574b | CERT: 6.87754% | SURP: 6.82484b
  Val   -> VL: 4.7708 | AVL: 4.77003 | VPPL: 117.922 | VENT: 8.13177b | VCERT: 5.72294% | VSURP: 7.6577b

[GeoMind CAUSAL CE Stream] Ep 1.0/Inf | D[1.0/10.0] | 11.219% (4162.15 / 37098.9 KB) | LR: 0.00239999 | TEMP: 1.00001
  Train -> TL: 4.40153 | ATL: 4.46369 | TPPL: 86.8069 | ENT: 7.57914b | CERT: 6.23453% | SURP: 6.94052b
  Val   -> VL: 4.70911 | AVL: 4.76698 | VPPL: 117.564 | VENT: 7.99216b | VCERT: 6.66242% | VSURP: 7.54302b

[GeoMind CAUSAL CE Stream] Ep 1.0/Inf | D[1.0/10.0] | 11.3009% (4192.5 / 37098.9 KB) | LR: 0.00239999 | TEMP: 1.00001
  Train -> TL: 4.25232 | ATL: 4.46219 | TPPL: 86.6771 | ENT: 7.38602b | CERT: 7.71992% | SURP: 6.79701b
  Val   -> VL: 4.73582 | AVL: 4.76542 | VPPL: 117.381 | VENT: 8.08514b | VCERT: 5.65802% | VSURP: 7.62337b

[GeoMind CAUSAL CE Stream] Ep 1.0/Inf | D[1.0/10.0] | 11.3506% (4210.95 / 37098.9 KB) | LR: 0.00239999 | TEMP: 1.00001
  Train -> TL: 4.3478 | ATL: 4.46163 | TPPL: 86.6285 | ENT: 7.29707b | CERT: 7.3935% | SURP: 6.84147b
  Val   -> VL: 4.72581 | AVL: 4.76344 | VPPL: 117.148 | VENT: 8.06929b | VCERT: 5.83607% | VSURP: 7.59406b

[GeoMind CAUSAL CE Stream] Ep 1.0/Inf | D[1.0/10.0] | 11.4128% (4234.01 / 37098.9 KB) | LR: 0.00239999 | TEMP: 1.00001
  Train -> TL: 4.43571 | ATL: 4.46149 | TPPL: 86.6166 | ENT: 7.54488b | CERT: 6.29454% | SURP: 6.97382b
  Val   -> VL: 4.71068 | AVL: 4.7608 | VPPL: 116.84 | VENT: 8.05189b | VCERT: 5.67592% | VSURP: 7.55479b

[GeoMind CAUSAL CE Stream] Ep 1.0/Inf | D[1.0/10.0] | 11.435% (4242.25 / 37098.9 KB) | LR: 0.00239999 | TEMP: 1.00001
  Train -> TL: 4.44721 | ATL: 4.46146 | TPPL: 86.614 | ENT: 7.51866b | CERT: 7.94891% | SURP: 6.80795b
  Val   -> VL: 4.70543 | AVL: 4.75803 | VPPL: 116.517 | VENT: 7.96698b | VCERT: 8.25061% | VSURP: 7.52304b

[GeoMind CAUSAL CE Stream] Ep 1.0/Inf | D[1.0/10.0] | 11.4748% (4257.04 / 37098.9 KB) | LR: 0.00239999 | TEMP: 1.00001
  Train -> TL: 4.24815 | ATL: 4.46068 | TPPL: 86.5466 | ENT: 7.27695b | CERT: 8.09264% | SURP: 6.59919b
  Val   -> VL: 4.8079 | AVL: 4.76053 | VPPL: 116.808 | VENT: 7.90657b | VCERT: 7.17624% | VSURP: 7.71546b

[GeoMind CAUSAL CE Stream] Ep 1.0/Inf | D[1.0/10.0] | 11.5758% (4294.5 / 37098.9 KB) | LR: 0.00239999 | TEMP: 1
  Train -> TL: 4.28612 | ATL: 4.45898 | TPPL: 86.3996 | ENT: 7.25233b | CERT: 8.34567% | SURP: 6.78607b
  Val   -> VL: 4.77636 | AVL: 4.76132 | VPPL: 116.9 | VENT: 8.03917b | VCERT: 5.82405% | VSURP: 7.66371b

[GeoMind CAUSAL CE Stream] Ep 1.0/Inf | D[1.0/10.0] | 11.6707% (4329.71 / 37098.9 KB) | LR: 0.00239999 | TEMP: 1
  Train -> TL: 4.29647 | ATL: 4.45791 | TPPL: 86.3066 | ENT: 7.40921b | CERT: 7.9745% | SURP: 6.85809b
  Val   -> VL: 4.75119 | AVL: 4.76081 | VPPL: 116.841 | VENT: 8.09715b | VCERT: 5.88374% | VSURP: 7.62057b

[GeoMind CAUSAL CE Stream] Ep 1.0/Inf | D[1.0/10.0] | 11.8924% (4411.97 / 37098.9 KB) | LR: 0.00239999 | TEMP: 1
  Train -> TL: 4.36715 | ATL: 4.45644 | TPPL: 86.1806 | ENT: 7.51774b | CERT: 7.77641% | SURP: 6.9522b
  Val   -> VL: 4.7396 | AVL: 4.75975 | VPPL: 116.717 | VENT: 8.13148b | VCERT: 5.67837% | VSURP: 7.61193b

[GeoMind CAUSAL CE Stream] Ep 1.0/Inf | D[1.0/10.0] | 11.9614% (4437.55 / 37098.9 KB) | LR: 0.0024 | TEMP: 1
  Train -> TL: 4.17117 | ATL: 4.45474 | TPPL: 86.0342 | ENT: 7.45348b | CERT: 7.97832% | SURP: 6.77302b
  Val   -> VL: 4.72289 | AVL: 4.75791 | VPPL: 116.502 | VENT: 8.11231b | VCERT: 6.03295% | VSURP: 7.54828b

[GeoMind CAUSAL CE Stream] Ep 1.0/Inf | D[1.0/10.0] | 11.9879% (4447.39 / 37098.9 KB) | LR: 0.0024 | TEMP: 1
  Train -> TL: 4.28349 | ATL: 4.45422 | TPPL: 85.9889 | ENT: 7.54453b | CERT: 8.74645% | SURP: 6.89981b
  Val   -> VL: 4.76023 | AVL: 4.75803 | VPPL: 116.516 | VENT: 8.06717b | VCERT: 6.13816% | VSURP: 7.60677b

[GeoMind CAUSAL CE Stream] Ep 1.0/Inf | D[1.0/10.0] | 12.0422% (4467.53 / 37098.9 KB) | LR: 0.0024 | TEMP: 1
  Train -> TL: 4.42682 | ATL: 4.45409 | TPPL: 85.9781 | ENT: 7.56541b | CERT: 6.48416% | SURP: 7.03829b
  Val   -> VL: 4.70398 | AVL: 4.75532 | VPPL: 116.201 | VENT: 8.10989b | VCERT: 5.77586% | VSURP: 7.53703b

[GeoMind CAUSAL CE Stream] Ep 1.0/Inf | D[1.0/10.0] | 12.0804% (4481.71 / 37098.9 KB) | LR: 0.0024 | TEMP: 1
  Train -> TL: 4.29286 | ATL: 4.45359 | TPPL: 85.9345 | ENT: 7.2505b | CERT: 7.61124% | SURP: 6.75531b
  Val   -> VL: 4.72294 | AVL: 4.7537 | VPPL: 116.013 | VENT: 8.09303b | VCERT: 5.78463% | VSURP: 7.56594b

[GeoMind CAUSAL CE Stream] Ep 1.0/Inf | D[1.0/10.0] | 12.1278% (4499.27 / 37098.9 KB) | LR: 0.0024 | TEMP: 1
  Train -> TL: 4.34316 | ATL: 4.45317 | TPPL: 85.8988 | ENT: 7.59591b | CERT: 6.27645% | SURP: 6.98685b
  Val   -> VL: 4.74592 | AVL: 4.75331 | VPPL: 115.968 | VENT: 8.03655b | VCERT: 6.12354% | VSURP: 7.59262b

[GeoMind CAUSAL CE Stream] Ep 1.0/Inf | D[1.0/10.0] | 12.1865% (4521.07 / 37098.9 KB) | LR: 0.0024 | TEMP: 1
  Train -> TL: 4.26035 | ATL: 4.45217 | TPPL: 85.8134 | ENT: 7.33932b | CERT: 7.80893% | SURP: 6.76782b
  Val   -> VL: 4.76368 | AVL: 4.75383 | VPPL: 116.028 | VENT: 8.03385b | VCERT: 6.33831% | VSURP: 7.63432b

[GeoMind CAUSAL CE Stream] Ep 1.0/Inf | D[1.0/10.0] | 12.2518% (4545.28 / 37098.9 KB) | LR: 0.0024 | TEMP: 1
  Train -> TL: 4.37994 | ATL: 4.45182 | TPPL: 85.7829 | ENT: 7.53181b | CERT: 7.1018% | SURP: 6.8918b
  Val   -> VL: 4.78808 | AVL: 4.75555 | VPPL: 116.227 | VENT: 8.07798b | VCERT: 6.98673% | VSURP: 7.6636b

[GeoMind CAUSAL CE Stream] Ep 1.0/Inf | D[1.0/10.0] | 12.3239% (4572.02 / 37098.9 KB) | LR: 0.0024 | TEMP: 1
  Train -> TL: 4.42684 | ATL: 4.45168 | TPPL: 85.7711 | ENT: 7.60928b | CERT: 7.84494% | SURP: 6.96815b
  Val   -> VL: 4.76533 | AVL: 4.75603 | VPPL: 116.284 | VENT: 8.13808b | VCERT: 6.23549% | VSURP: 7.64228b

[GeoMind CAUSAL CE Stream] Ep 1.0/Inf | D[1.0/10.0] | 12.4041% (4601.8 / 37098.9 KB) | LR: 0.0024 | TEMP: 1
  Train -> TL: 4.19827 | ATL: 4.44961 | TPPL: 85.5931 | ENT: 7.06314b | CERT: 9.36199% | SURP: 6.69155b
  Val   -> VL: 4.79737 | AVL: 4.7581 | VPPL: 116.524 | VENT: 7.95622b | VCERT: 7.31899% | VSURP: 7.64052b

[GeoMind CAUSAL CE Stream] Ep 1.0/Inf | D[1.0/10.0] | 12.4695% (4626.04 / 37098.9 KB) | LR: 0.0024 | TEMP: 1
  Train -> TL: 4.32852 | ATL: 4.44883 | TPPL: 85.5271 | ENT: 7.27217b | CERT: 8.62237% | SURP: 6.83371b
  Val   -> VL: 4.73373 | AVL: 4.75688 | VPPL: 116.383 | VENT: 8.15753b | VCERT: 5.60072% | VSURP: 7.58765b

[GeoMind CAUSAL CE Stream] Ep 1.0/Inf | D[1.0/10.0] | 12.5816% (4667.66 / 37098.9 KB) | LR: 0.0024 | TEMP: 1
  Train -> TL: 4.12482 | ATL: 4.44577 | TPPL: 85.2652 | ENT: 7.37487b | CERT: 7.90422% | SURP: 6.57124b
  Val   -> VL: 4.76757 | AVL: 4.75742 | VPPL: 116.445 | VENT: 8.00262b | VCERT: 6.00316% | VSURP: 7.6553b

[GeoMind CAUSAL CE Stream] Ep 1.0/Inf | D[1.0/10.0] | 12.7287% (4722.21 / 37098.9 KB) | LR: 0.0024 | TEMP: 1
  Train -> TL: 4.04176 | ATL: 4.44098 | TPPL: 84.8582 | ENT: 7.1597b | CERT: 8.50561% | SURP: 6.54672b
  Val   -> VL: 4.75097 | AVL: 4.75709 | VPPL: 116.407 | VENT: 7.98484b | VCERT: 6.11753% | VSURP: 7.61267b

[GeoMind CAUSAL CE Stream] Ep 1.0/Inf | D[1.0/10.0] | 12.8173% (4755.07 / 37098.9 KB) | LR: 0.0024 | TEMP: 1
  Train -> TL: 3.98932 | ATL: 4.43763 | TPPL: 84.5743 | ENT: 7.00693b | CERT: 8.69564% | SURP: 6.46847b
  Val   -> VL: 4.74368 | AVL: 4.75642 | VPPL: 116.329 | VENT: 7.97996b | VCERT: 5.85088% | VSURP: 7.59464b

[GeoMind CAUSAL CE Stream] Ep 1.0/Inf | D[1.0/10.0] | 12.9055% (4787.79 / 37098.9 KB) | LR: 0.0024 | TEMP: 1
  Train -> TL: 4.18168 | ATL: 4.43589 | TPPL: 84.4271 | ENT: 7.20168b | CERT: 8.58937% | SURP: 6.71276b
  Val   -> VL: 4.75376 | AVL: 4.75629 | VPPL: 116.314 | VENT: 8.00145b | VCERT: 6.01853% | VSURP: 7.63077b

[GeoMind CAUSAL CE Stream] Ep 1.0/Inf | D[1.0/10.0] | 12.9324% (4797.79 / 37098.9 KB) | LR: 0.0024 | TEMP: 1
  Train -> TL: 4.56282 | ATL: 4.43616 | TPPL: 84.4499 | ENT: 7.61299b | CERT: 6.10627% | SURP: 7.28504b
  Val   -> VL: 4.74008 | AVL: 4.75548 | VPPL: 116.219 | VENT: 8.02083b | VCERT: 5.92423% | VSURP: 7.59829b

[GeoMind CAUSAL CE Stream] Ep 1.0/Inf | D[1.0/10.0] | 13.0049% (4824.67 / 37098.9 KB) | LR: 0.0024 | TEMP: 1
  Train -> TL: 4.30168 | ATL: 4.43533 | TPPL: 84.3803 | ENT: 7.35463b | CERT: 8.06484% | SURP: 6.74572b
  Val   -> VL: 4.73468 | AVL: 4.75444 | VPPL: 116.099 | VENT: 7.99614b | VCERT: 6.16961% | VSURP: 7.60708b

[GeoMind CAUSAL CE Stream] Ep 1.0/Inf | D[1.0/10.0] | 13.0676% (4847.94 / 37098.9 KB) | LR: 0.0024 | TEMP: 1
  Train -> TL: 4.2379 | ATL: 4.43438 | TPPL: 84.2998 | ENT: 7.36761b | CERT: 7.51088% | SURP: 6.82598b
  Val   -> VL: 4.7427 | AVL: 4.75385 | VPPL: 116.03 | VENT: 8.00284b | VCERT: 6.18963% | VSURP: 7.59117b

[GeoMind CAUSAL CE Stream] Ep 1.0/Inf | D[1.0/10.0] | 13.113% (4864.79 / 37098.9 KB) | LR: 0.0024 | TEMP: 1
  Train -> TL: 4.3413 | ATL: 4.43407 | TPPL: 84.2739 | ENT: 7.50783b | CERT: 7.12138% | SURP: 6.9295b
  Val   -> VL: 4.74742 | AVL: 4.75353 | VPPL: 115.993 | VENT: 8.04137b | VCERT: 5.82435% | VSURP: 7.60655b

[GeoMind CAUSAL CE Stream] Ep 1.0/Inf | D[1.0/10.0] | 13.2959% (4932.65 / 37098.9 KB) | LR: 0.0024 | TEMP: 1
  Train -> TL: 4.45967 | ATL: 4.43428 | TPPL: 84.2912 | ENT: 7.53495b | CERT: 6.14501% | SURP: 6.9791b
  Val   -> VL: 4.79877 | AVL: 4.75579 | VPPL: 116.256 | VENT: 8.05488b | VCERT: 5.22387% | VSURP: 7.71928b

[GeoMind CAUSAL CE Stream] Ep 1.0/Inf | D[1.0/10.0] | 13.3703% (4960.23 / 37098.9 KB) | LR: 0.0024 | TEMP: 1
  Train -> TL: 4.27168 | ATL: 4.43342 | TPPL: 84.2193 | ENT: 7.37198b | CERT: 7.43585% | SURP: 6.75991b
  Val   -> VL: 4.82394 | AVL: 4.7592 | VPPL: 116.653 | VENT: 7.98236b | VCERT: 5.66141% | VSURP: 7.74143b

[GeoMind CAUSAL CE Stream] Ep 1.0/Inf | D[1.0/10.0] | 13.422% (4979.43 / 37098.9 KB) | LR: 0.0024 | TEMP: 1
  Train -> TL: 4.45678 | ATL: 4.43352 | TPPL: 84.2271 | ENT: 7.52541b | CERT: 6.23815% | SURP: 7.03895b
  Val   -> VL: 4.77833 | AVL: 4.76016 | VPPL: 116.764 | VENT: 8.00762b | VCERT: 5.99239% | VSURP: 7.6617b

[GeoMind CAUSAL CE Stream] Ep 1.0/Inf | D[1.0/10.0] | 13.4512% (4990.25 / 37098.9 KB) | LR: 0.0024 | TEMP: 1
  Train -> TL: 4.43705 | ATL: 4.43353 | TPPL: 84.2278 | ENT: 7.37144b | CERT: 7.8697% | SURP: 6.91045b
  Val   -> VL: 4.79941 | AVL: 4.76212 | VPPL: 116.994 | VENT: 8.07996b | VCERT: 5.83479% | VSURP: 7.71964b

[GeoMind CAUSAL CE Stream] Ep 1.0/Inf | D[1.0/10.0] | 13.4666% (4995.97 / 37098.9 KB) | LR: 0.0024 | TEMP: 1
  Train -> TL: 4.57062 | ATL: 4.43378 | TPPL: 84.249 | ENT: 7.38829b | CERT: 7.74339% | SURP: 7.10049b
  Val   -> VL: 4.83801 | AVL: 4.76591 | VPPL: 117.438 | VENT: 7.99557b | VCERT: 6.35925% | VSURP: 7.78336b

[GeoMind CAUSAL CE Stream] Ep 1.0/Inf | D[1.0/10.0] | 13.5185% (5015.21 / 37098.9 KB) | LR: 0.0024 | TEMP: 1
  Train -> TL: 4.32707 | ATL: 4.43333 | TPPL: 84.211 | ENT: 7.36018b | CERT: 7.0947% | SURP: 6.8543b
  Val   -> VL: 4.8271 | AVL: 4.76897 | VPPL: 117.798 | VENT: 7.92606b | VCERT: 6.62093% | VSURP: 7.72316b

[GeoMind CAUSAL CE Stream] Ep 1.0/Inf | D[1.0/10.0] | 13.5628% (5031.64 / 37098.9 KB) | LR: 0.0024 | TEMP: 1
  Train -> TL: 4.07225 | ATL: 4.43217 | TPPL: 84.1134 | ENT: 6.95443b | CERT: 8.64463% | SURP: 6.55211b
  Val   -> VL: 4.81462 | AVL: 4.77126 | VPPL: 118.067 | VENT: 7.87935b | VCERT: 6.73953% | VSURP: 7.68404b

[GeoMind CAUSAL CE Stream] Ep 1.0/Inf | D[1.0/10.0] | 13.6216% (5053.45 / 37098.9 KB) | LR: 0.0024 | TEMP: 1
  Train -> TL: 4.25167 | ATL: 4.4314 | TPPL: 84.049 | ENT: 7.34804b | CERT: 8.45799% | SURP: 6.84028b
  Val   -> VL: 4.72735 | AVL: 4.76906 | VPPL: 117.809 | VENT: 7.96968b | VCERT: 6.46542% | VSURP: 7.5653b

[GeoMind CAUSAL CE Stream] Ep 1.0/Inf | D[1.0/10.0] | 13.6614% (5068.24 / 37098.9 KB) | LR: 0.0024 | TEMP: 1
  Train -> TL: 4.63697 | ATL: 4.43202 | TPPL: 84.1015 | ENT: 7.66226b | CERT: 6.9151% | SURP: 7.14453b
  Val   -> VL: 4.70246 | AVL: 4.76573 | VPPL: 117.417 | VENT: 8.09109b | VCERT: 6.15924% | VSURP: 7.54231b

[GeoMind CAUSAL CE Stream] Ep 1.0/Inf | D[1.0/10.0] | 13.7149% (5088.08 / 37098.9 KB) | LR: 0.0024 | TEMP: 1
  Train -> TL: 4.46674 | ATL: 4.43216 | TPPL: 84.1129 | ENT: 7.53214b | CERT: 6.57811% | SURP: 6.98394b
  Val   -> VL: 4.73328 | AVL: 4.76411 | VPPL: 117.227 | VENT: 8.07361b | VCERT: 6.00258% | VSURP: 7.62148b

[GeoMind CAUSAL CE Stream] Ep 1.0/Inf | D[1.0/10.0] | 13.7783% (5111.59 / 37098.9 KB) | LR: 0.0024 | TEMP: 1
  Train -> TL: 4.3221 | ATL: 4.43163 | TPPL: 84.068 | ENT: 7.53725b | CERT: 7.10415% | SURP: 6.84047b
  Val   -> VL: 4.72056 | AVL: 4.76193 | VPPL: 116.972 | VENT: 8.02701b | VCERT: 6.35848% | VSURP: 7.58019b

[GeoMind CAUSAL CE Stream] Ep 1.0/Inf | D[1.0/10.0] | 13.8117% (5123.99 / 37098.9 KB) | LR: 0.0024 | TEMP: 1
  Train -> TL: 4.25235 | ATL: 4.43116 | TPPL: 84.0289 | ENT: 7.21256b | CERT: 8.01344% | SURP: 6.72534b
  Val   -> VL: 4.72543 | AVL: 4.76011 | VPPL: 116.758 | VENT: 8.02477b | VCERT: 6.18049% | VSURP: 7.57456b

[GeoMind CAUSAL CE Stream] Ep 1.0/Inf | D[1.0/10.0] | 13.8625% (5142.85 / 37098.9 KB) | LR: 0.0024 | TEMP: 1
  Train -> TL: 4.32587 | ATL: 4.43081 | TPPL: 83.9995 | ENT: 7.5085b | CERT: 7.00552% | SURP: 6.88291b
  Val   -> VL: 4.7051 | AVL: 4.75736 | VPPL: 116.438 | VENT: 8.05517b | VCERT: 6.08691% | VSURP: 7.5468b

[GeoMind CAUSAL CE Stream] Ep 1.0/Inf | D[1.0/10.0] | 13.9473% (5174.3 / 37098.9 KB) | LR: 0.0024 | TEMP: 1
  Train -> TL: 4.13569 | ATL: 4.42909 | TPPL: 83.8549 | ENT: 7.41992b | CERT: 7.59452% | SURP: 6.66627b
  Val   -> VL: 4.70962 | AVL: 4.75497 | VPPL: 116.16 | VENT: 8.03767b | VCERT: 5.97267% | VSURP: 7.5429b

[GeoMind CAUSAL CE Stream] Ep 1.0/Inf | D[1.0/10.0] | 13.9893% (5189.87 / 37098.9 KB) | LR: 0.0024 | TEMP: 1
  Train -> TL: 4.145 | ATL: 4.42817 | TPPL: 83.7777 | ENT: 6.66719b | CERT: 11.76% | SURP: 6.35013b
  Val   -> VL: 4.74812 | AVL: 4.75463 | VPPL: 116.12 | VENT: 7.94369b | VCERT: 6.40618% | VSURP: 7.65443b

[GeoMind CAUSAL CE Stream] Ep 1.0/Inf | D[1.0/10.0] | 14.0585% (5215.56 / 37098.9 KB) | LR: 0.0024 | TEMP: 1
  Train -> TL: 4.27062 | ATL: 4.42742 | TPPL: 83.7151 | ENT: 7.22952b | CERT: 8.95957% | SURP: 6.82581b
  Val   -> VL: 4.73006 | AVL: 4.7534 | VPPL: 115.978 | VENT: 7.96479b | VCERT: 6.36155% | VSURP: 7.59464b

[GeoMind CAUSAL CE Stream] Ep 1.0/Inf | D[1.0/10.0] | 14.1213% (5238.86 / 37098.9 KB) | LR: 0.0024 | TEMP: 1
  Train -> TL: 4.56626 | ATL: 4.4281 | TPPL: 83.7723 | ENT: 7.5611b | CERT: 7.17364% | SURP: 7.14608b
  Val   -> VL: 4.7908 | AVL: 4.75527 | VPPL: 116.195 | VENT: 8.07199b | VCERT: 6.21173% | VSURP: 7.70604b

[GeoMind CAUSAL CE Stream] Ep 1.0/Inf | D[1.0/10.0] | 14.1886% (5263.83 / 37098.9 KB) | LR: 0.0024 | TEMP: 1
  Train -> TL: 3.91694 | ATL: 4.4256 | TPPL: 83.5629 | ENT: 7.08369b | CERT: 9.82273% | SURP: 6.41224b
  Val   -> VL: 4.79694 | AVL: 4.75735 | VPPL: 116.437 | VENT: 7.92108b | VCERT: 6.93338% | VSURP: 7.65915b

[GeoMind CAUSAL CE Stream] Ep 1.0/Inf | D[1.0/10.0] | 14.2286% (5278.66 / 37098.9 KB) | LR: 0.0024 | TEMP: 1
  Train -> TL: 3.94601 | ATL: 4.42366 | TPPL: 83.4009 | ENT: 6.69014b | CERT: 10.7288% | SURP: 6.28351b
  Val   -> VL: 4.79355 | AVL: 4.75916 | VPPL: 116.648 | VENT: 7.89775b | VCERT: 7.14714% | VSURP: 7.66002b

[GeoMind CAUSAL CE Stream] Ep 1.0/Inf | D[1.0/10.0] | 14.2692% (5293.72 / 37098.9 KB) | LR: 0.0024 | TEMP: 1
  Train -> TL: 4.27391 | ATL: 4.42325 | TPPL: 83.3671 | ENT: 7.4649b | CERT: 7.60011% | SURP: 6.88203b
  Val   -> VL: 4.78362 | AVL: 4.76038 | VPPL: 116.791 | VENT: 7.95549b | VCERT: 6.63057% | VSURP: 7.65044b

[GeoMind CAUSAL CE Stream] Ep 1.0/Inf | D[1.0/10.0] | 14.3342% (5317.82 / 37098.9 KB) | LR: 0.0024 | TEMP: 1
  Train -> TL: 4.51095 | ATL: 4.42367 | TPPL: 83.4019 | ENT: 7.58757b | CERT: 6.62272% | SURP: 7.07471b
  Val   -> VL: 4.7527 | AVL: 4.76 | VPPL: 116.746 | VENT: 8.07201b | VCERT: 5.73193% | VSURP: 7.62667b

[GeoMind CAUSAL CE Stream] Ep 1.0/Inf | D[1.0/10.0] | 14.3775% (5333.91 / 37098.9 KB) | LR: 0.0024 | TEMP: 1
  Train -> TL: 4.16797 | ATL: 4.42281 | TPPL: 83.33 | ENT: 7.14486b | CERT: 7.61459% | SURP: 6.7015b
  Val   -> VL: 4.73688 | AVL: 4.75884 | VPPL: 116.611 | VENT: 8.02033b | VCERT: 5.9974% | VSURP: 7.5855b

[GeoMind CAUSAL CE Stream] Ep 1.0/Inf | D[1.0/10.0] | 14.453% (5361.92 / 37098.9 KB) | LR: 0.0024 | TEMP: 1
  Train -> TL: 4.23544 | ATL: 4.42161 | TPPL: 83.2302 | ENT: 7.41292b | CERT: 7.57845% | SURP: 6.75496b
  Val   -> VL: 4.69695 | AVL: 4.75575 | VPPL: 116.251 | VENT: 7.85564b | VCERT: 7.21274% | VSURP: 7.50001b

[GeoMind CAUSAL CE Stream] Ep 1.0/Inf | D[1.0/10.0] | 14.53% (5390.48 / 37098.9 KB) | LR: 0.0024 | TEMP: 1
  Train -> TL: 4.00459 | ATL: 4.41837 | TPPL: 82.9607 | ENT: 7.07949b | CERT: 8.99392% | SURP: 6.46609b
  Val   -> VL: 4.71937 | AVL: 4.75393 | VPPL: 116.039 | VENT: 7.69988b | VCERT: 7.90622% | VSURP: 7.54704b

[GeoMind CAUSAL CE Stream] Ep 1.0/Inf | D[1.0/10.0] | 14.6087% (5419.67 / 37098.9 KB) | LR: 0.0024 | TEMP: 1
  Train -> TL: 3.86789 | ATL: 4.4135 | TPPL: 82.5582 | ENT: 6.69022b | CERT: 10.2639% | SURP: 6.16134b
  Val   -> VL: 4.71773 | AVL: 4.75212 | VPPL: 115.83 | VENT: 7.66334b | VCERT: 7.65812% | VSURP: 7.53679b

[GeoMind CAUSAL CE Stream] Ep 1.0/Inf | D[1.0/10.0] | 14.6606% (5438.93 / 37098.9 KB) | LR: 0.0024 | TEMP: 1
  Train -> TL: 4.01105 | ATL: 4.4116 | TPPL: 82.4013 | ENT: 6.77555b | CERT: 9.49624% | SURP: 6.36592b
  Val   -> VL: 4.69658 | AVL: 4.74934 | VPPL: 115.508 | VENT: 7.78459b | VCERT: 6.97494% | VSURP: 7.54699b

[GeoMind CAUSAL CE Stream] Ep 1.0/Inf | D[1.0/10.0] | 14.6915% (5450.4 / 37098.9 KB) | LR: 0.0024 | TEMP: 1
  Train -> TL: 4.30012 | ATL: 4.41141 | TPPL: 82.3855 | ENT: 7.31873b | CERT: 7.25665% | SURP: 6.99476b
  Val   -> VL: 4.69667 | AVL: 4.74671 | VPPL: 115.205 | VENT: 7.81782b | VCERT: 7.68092% | VSURP: 7.54951b

[GeoMind CAUSAL CE Stream] Ep 1.0/Inf | D[1.0/10.0] | 14.7394% (5468.14 / 37098.9 KB) | LR: 0.0024 | TEMP: 1
  Train -> TL: 4.11577 | ATL: 4.4105 | TPPL: 82.3106 | ENT: 7.14556b | CERT: 8.3884% | SURP: 6.55376b
  Val   -> VL: 4.73049 | AVL: 4.7459 | VPPL: 115.111 | VENT: 7.9137b | VCERT: 5.86069% | VSURP: 7.60924b

[GeoMind CAUSAL CE Stream] Ep 1.0/Inf | D[1.0/10.0] | 14.8036% (5491.98 / 37098.9 KB) | LR: 0.0024 | TEMP: 1
  Train -> TL: 4.23036 | ATL: 4.40966 | TPPL: 82.2413 | ENT: 7.17627b | CERT: 8.05963% | SURP: 6.7619b
  Val   -> VL: 4.7471 | AVL: 4.74596 | VPPL: 115.118 | VENT: 7.89482b | VCERT: 6.11212% | VSURP: 7.62798b

[GeoMind CAUSAL CE Stream] Ep 1.0/Inf | D[1.0/10.0] | 14.8536% (5510.53 / 37098.9 KB) | LR: 0.0024 | TEMP: 1
  Train -> TL: 4.67686 | ATL: 4.41032 | TPPL: 82.2955 | ENT: 7.44969b | CERT: 6.40094% | SURP: 7.33765b
  Val   -> VL: 4.741 | AVL: 4.74571 | VPPL: 115.09 | VENT: 7.85551b | VCERT: 8.1808% | VSURP: 7.62222b

[GeoMind CAUSAL CE Stream] Ep 1.0/Inf | D[1.0/10.0] | 14.907% (5530.35 / 37098.9 KB) | LR: 0.0024 | TEMP: 1
  Train -> TL: 4.36471 | ATL: 4.41016 | TPPL: 82.2826 | ENT: 7.46934b | CERT: 7.08325% | SURP: 6.91881b
  Val   -> VL: 4.71254 | AVL: 4.74405 | VPPL: 114.899 | VENT: 8.01515b | VCERT: 5.9453% | VSURP: 7.58122b

[GeoMind CAUSAL CE Stream] Ep 1.0/Inf | D[1.0/10.0] | 14.9526% (5547.24 / 37098.9 KB) | LR: 0.0024 | TEMP: 1
  Train -> TL: 4.36709 | ATL: 4.41003 | TPPL: 82.2718 | ENT: 7.52649b | CERT: 6.91562% | SURP: 6.93286b
  Val   -> VL: 4.71298 | AVL: 4.7425 | VPPL: 114.721 | VENT: 7.98916b | VCERT: 6.19745% | VSURP: 7.56785b

[GeoMind CAUSAL CE Stream] Ep 1.0/Inf | D[1.0/10.0] | 15.0016% (5565.43 / 37098.9 KB) | LR: 0.0024 | TEMP: 1
  Train -> TL: 4.2237 | ATL: 4.40942 | TPPL: 82.2219 | ENT: 7.23353b | CERT: 8.33065% | SURP: 6.61231b
  Val   -> VL: 4.73459 | AVL: 4.7421 | VPPL: 114.675 | VENT: 7.99991b | VCERT: 6.03454% | VSURP: 7.6176b

[GeoMind CAUSAL CE Stream] Ep 1.0/Inf | D[1.0/10.0] | 15.0445% (5581.34 / 37098.9 KB) | LR: 0.0024 | TEMP: 1
  Train -> TL: 4.51515 | ATL: 4.4097 | TPPL: 82.245 | ENT: 7.56385b | CERT: 6.66388% | SURP: 7.18898b
  Val   -> VL: 4.7215 | AVL: 4.74107 | VPPL: 114.557 | VENT: 7.97667b | VCERT: 6.36405% | VSURP: 7.5721b

[GeoMind CAUSAL CE Stream] Ep 1.0/Inf | D[1.0/10.0] | 15.1345% (5614.73 / 37098.9 KB) | LR: 0.0024 | TEMP: 1
  Train -> TL: 4.1666 | ATL: 4.40843 | TPPL: 82.1408 | ENT: 7.28893b | CERT: 7.71843% | SURP: 6.70702b
  Val   -> VL: 4.75322 | AVL: 4.74168 | VPPL: 114.627 | VENT: 7.98102b | VCERT: 6.28449% | VSURP: 7.61131b

[GeoMind CAUSAL CE Stream] Ep 1.0/Inf | D[1.0/10.0] | 15.2238% (5647.87 / 37098.9 KB) | LR: 0.0024 | TEMP: 1
  Train -> TL: 4.07152 | ATL: 4.40654 | TPPL: 81.9857 | ENT: 7.14533b | CERT: 8.44325% | SURP: 6.58885b
  Val   -> VL: 4.75958 | AVL: 4.74258 | VPPL: 114.729 | VENT: 7.98865b | VCERT: 5.97162% | VSURP: 7.62762b

[GeoMind CAUSAL CE Stream] Ep 1.0/Inf | D[1.0/10.0] | 15.3371% (5689.88 / 37098.9 KB) | LR: 0.0024 | TEMP: 1
  Train -> TL: 3.88432 | ATL: 4.40228 | TPPL: 81.637 | ENT: 7.10342b | CERT: 9.64663% | SURP: 6.31853b
  Val   -> VL: 4.74822 | AVL: 4.74286 | VPPL: 114.762 | VENT: 7.96024b | VCERT: 6.14981% | VSURP: 7.61377b

[GeoMind CAUSAL CE Stream] Ep 1.0/Inf | D[1.0/10.0] | 15.447% (5730.68 / 37098.9 KB) | LR: 0.0024 | TEMP: 1
  Train -> TL: 4.26577 | ATL: 4.40134 | TPPL: 81.5597 | ENT: 7.05395b | CERT: 8.01199% | SURP: 6.75124b
  Val   -> VL: 4.7996 | AVL: 4.74569 | VPPL: 115.088 | VENT: 7.97729b | VCERT: 5.52999% | VSURP: 7.70036b

[GeoMind CAUSAL CE Stream] Ep 1.0/Inf | D[1.0/10.0] | 15.509% (5753.67 / 37098.9 KB) | LR: 0.002376 | TEMP: 1.00922
  Train -> TL: 4.44067 | ATL: 4.40148 | TPPL: 81.5717 | ENT: 7.08307b | CERT: 12.3511% | SURP: 6.72808b
  Val   -> VL: 4.86867 | AVL: 4.75184 | VPPL: 115.798 | VENT: 7.90164b | VCERT: 6.98804% | VSURP: 7.80714b

[GeoMind CAUSAL CE Stream] Ep 1.0/Inf | D[1.0/10.0] | 15.593% (5784.85 / 37098.9 KB) | LR: 0.0023784 | TEMP: 1.00876
  Train -> TL: 4.24288 | ATL: 4.40061 | TPPL: 81.5008 | ENT: 7.15839b | CERT: 8.91139% | SURP: 6.65032b
  Val   -> VL: 4.80486 | AVL: 4.75449 | VPPL: 116.105 | VENT: 7.9668b | VCERT: 5.67125% | VSURP: 7.70445b

[GeoMind CAUSAL CE Stream] Ep 1.0/Inf | D[1.0/10.0] | 15.6569% (5808.52 / 37098.9 KB) | LR: 0.00238056 | TEMP: 1.00832
  Train -> TL: 4.26865 | ATL: 4.40007 | TPPL: 81.4569 | ENT: 7.43542b | CERT: 6.1057% | SURP: 6.83029b
  Val   -> VL: 4.81312 | AVL: 4.75743 | VPPL: 116.446 | VENT: 7.89082b | VCERT: 6.15095% | VSURP: 7.7055b

[GeoMind CAUSAL CE Stream] Ep 1.0/Inf | D[1.0/10.0] | 15.7206% (5832.19 / 37098.9 KB) | LR: 0.00238249 | TEMP: 1.00791
  Train -> TL: 4.36161 | ATL: 4.39993 | TPPL: 81.4448 | ENT: 7.39219b | CERT: 6.93826% | SURP: 6.96009b
  Val   -> VL: 4.78332 | AVL: 4.75872 | VPPL: 116.597 | VENT: 7.92692b | VCERT: 5.94844% | VSURP: 7.66139b

[GeoMind CAUSAL CE Stream] Ep 1.0/Inf | D[1.0/10.0] | 15.798% (5860.88 / 37098.9 KB) | LR: 0.00238424 | TEMP: 1.00751
  Train -> TL: 4.57696 | ATL: 4.40095 | TPPL: 81.5285 | ENT: 7.6808b | CERT: 5.52672% | SURP: 7.2021b
  Val   -> VL: 4.75265 | AVL: 4.75842 | VPPL: 116.561 | VENT: 7.89406b | VCERT: 6.5048% | VSURP: 7.6076b

[GeoMind CAUSAL CE Stream] Ep 1.0/Inf | D[1.0/10.0] | 15.876% (5889.84 / 37098.9 KB) | LR: 0.00238582 | TEMP: 1.00714
  Train -> TL: 4.54168 | ATL: 4.40179 | TPPL: 81.597 | ENT: 7.65321b | CERT: 5.65467% | SURP: 7.09502b
  Val   -> VL: 4.7704 | AVL: 4.75902 | VPPL: 116.631 | VENT: 7.835b | VCERT: 6.84121% | VSURP: 7.63669b

[GeoMind CAUSAL CE Stream] Ep 1.0/Inf | D[1.0/10.0] | 15.9046% (5900.43 / 37098.9 KB) | LR: 0.00238724 | TEMP: 1.00678
  Train -> TL: 4.48912 | ATL: 4.40197 | TPPL: 81.6111 | ENT: 7.45458b | CERT: 7.06305% | SURP: 7.04958b
  Val   -> VL: 4.78269 | AVL: 4.7602 | VPPL: 116.769 | VENT: 7.83726b | VCERT: 6.40526% | VSURP: 7.67515b

[GeoMind CAUSAL CE Stream] Ep 1.0/Inf | D[1.0/10.0] | 15.9392% (5913.26 / 37098.9 KB) | LR: 0.00238851 | TEMP: 1.00644
  Train -> TL: 4.04553 | ATL: 4.40105 | TPPL: 81.5367 | ENT: 6.88546b | CERT: 9.6763% | SURP: 6.46491b
  Val   -> VL: 4.75144 | AVL: 4.75976 | VPPL: 116.718 | VENT: 7.82293b | VCERT: 6.63878% | VSURP: 7.60081b

[GeoMind CAUSAL CE Stream] Ep 1.0/Inf | D[1.0/10.0] | 15.9841% (5929.95 / 37098.9 KB) | LR: 0.00238966 | TEMP: 1.00612
  Train -> TL: 4.53077 | ATL: 4.40143 | TPPL: 81.5673 | ENT: 7.4526b | CERT: 6.66907% | SURP: 7.09195b
  Val   -> VL: 4.74007 | AVL: 4.75878 | VPPL: 116.603 | VENT: 7.90583b | VCERT: 6.31985% | VSURP: 7.6046b

[GeoMind CAUSAL CE Stream] Ep 1.0/Inf | D[1.0/10.0] | 16.0655% (5960.12 / 37098.9 KB) | LR: 0.0023907 | TEMP: 1.00581
  Train -> TL: 4.41528 | ATL: 4.40151 | TPPL: 81.5739 | ENT: 7.34409b | CERT: 7.34964% | SURP: 6.95354b
  Val   -> VL: 4.79661 | AVL: 4.76067 | VPPL: 116.824 | VENT: 7.93189b | VCERT: 6.44609% | VSURP: 7.7039b

[GeoMind CAUSAL CE Stream] Ep 1.0/Inf | D[1.0/10.0] | 16.0857% (5967.6 / 37098.9 KB) | LR: 0.00239163 | TEMP: 1.00552
  Train -> TL: 4.49081 | ATL: 4.40163 | TPPL: 81.5838 | ENT: 7.47132b | CERT: 6.74649% | SURP: 7.05015b
  Val   -> VL: 4.79607 | AVL: 4.76244 | VPPL: 117.031 | VENT: 7.98671b | VCERT: 5.86395% | VSURP: 7.71466b

[GeoMind CAUSAL CE Stream] Ep 1.0/Inf | D[1.0/10.0] | 16.1144% (5978.28 / 37098.9 KB) | LR: 0.00239246 | TEMP: 1.00525
  Train -> TL: 4.28021 | ATL: 4.40142 | TPPL: 81.5665 | ENT: 7.18654b | CERT: 8.22362% | SURP: 6.75973b
  Val   -> VL: 4.78062 | AVL: 4.76335 | VPPL: 117.138 | VENT: 7.98468b | VCERT: 5.9162% | VSURP: 7.67743b

[GeoMind CAUSAL CE Stream] Ep 1.0/Inf | D[1.0/10.0] | 16.1408% (5988.07 / 37098.9 KB) | LR: 0.00239322 | TEMP: 1.00498
  Train -> TL: 4.17479 | ATL: 4.40112 | TPPL: 81.542 | ENT: 6.97941b | CERT: 8.98407% | SURP: 6.57952b
  Val   -> VL: 4.7828 | AVL: 4.76432 | VPPL: 117.251 | VENT: 7.99b | VCERT: 5.84996% | VSURP: 7.68344b

[GeoMind CAUSAL CE Stream] Ep 1.0/Inf | D[1.0/10.0] | 16.2052% (6011.96 / 37098.9 KB) | LR: 0.0023939 | TEMP: 1.00473
  Train -> TL: 4.27818 | ATL: 4.40067 | TPPL: 81.5058 | ENT: 7.37829b | CERT: 7.13064% | SURP: 6.79251b
  Val   -> VL: 4.78442 | AVL: 4.76533 | VPPL: 117.369 | VENT: 7.94435b | VCERT: 6.14405% | VSURP: 7.68126b

[GeoMind CAUSAL CE Stream] Ep 1.0/Inf | D[1.0/10.0] | 16.2629% (6033.36 / 37098.9 KB) | LR: 0.00239451 | TEMP: 1.0045
  Train -> TL: 4.27508 | ATL: 4.40019 | TPPL: 81.4661 | ENT: 7.30502b | CERT: 7.34169% | SURP: 6.80914b
  Val   -> VL: 4.77453 | AVL: 4.76579 | VPPL: 117.423 | VENT: 8.01981b | VCERT: 5.76159% | VSURP: 7.66098b

[GeoMind CAUSAL CE Stream] Ep 1.0/Inf | D[1.0/10.0] | 16.3069% (6049.68 / 37098.9 KB) | LR: 0.00239489 | TEMP: 1.00427
  Train -> TL: 4.19116 | ATL: 4.39967 | TPPL: 81.4237 | ENT: 7.18296b | CERT: 8.09435% | SURP: 6.72349b
  Val   -> VL: 4.76368 | AVL: 4.76568 | VPPL: 117.411 | VENT: 8.0061b | VCERT: 5.82292% | VSURP: 7.64588b

[GeoMind CAUSAL CE Stream] Ep 1.0/Inf | D[1.0/10.0] | 16.3319% (6058.97 / 37098.9 KB) | LR: 0.00239514 | TEMP: 1.00406
  Train -> TL: 4.36318 | ATL: 4.39962 | TPPL: 81.4197 | ENT: 7.51056b | CERT: 5.65362% | SURP: 6.85416b
  Val   -> VL: 4.75888 | AVL: 4.76534 | VPPL: 117.371 | VENT: 7.99285b | VCERT: 5.61514% | VSURP: 7.66421b

[GeoMind CAUSAL CE Stream] Ep 1.0/Inf | D[1.0/10.0] | 16.3719% (6073.79 / 37098.9 KB) | LR: 0.00239539 | TEMP: 1.00386
  Train -> TL: 4.01824 | ATL: 4.3988 | TPPL: 81.3529 | ENT: 7.31432b | CERT: 6.918% | SURP: 6.50305b
  Val   -> VL: 4.79791 | AVL: 4.76697 | VPPL: 117.562 | VENT: 7.81823b | VCERT: 6.47784% | VSURP: 7.69688b

[GeoMind CAUSAL CE Stream] Ep 1.0/Inf | D[1.0/10.0] | 16.4039% (6085.68 / 37098.9 KB) | LR: 0.00239562 | TEMP: 1.00366
  Train -> TL: 4.53346 | ATL: 4.39902 | TPPL: 81.3714 | ENT: 7.40906b | CERT: 7.01611% | SURP: 7.08268b
  Val   -> VL: 4.77984 | AVL: 4.76761 | VPPL: 117.638 | VENT: 7.92225b | VCERT: 6.12496% | VSURP: 7.67974b

[GeoMind CAUSAL CE Stream] Ep 1.0/Inf | D[1.0/10.0] | 16.5188% (6128.3 / 37098.9 KB) | LR: 0.00239583 | TEMP: 1.00348
  Train -> TL: 4.48665 | ATL: 4.39964 | TPPL: 81.4218 | ENT: 7.55134b | CERT: 5.94745% | SURP: 7.06925b
  Val   -> VL: 4.75136 | AVL: 4.7668 | VPPL: 117.543 | VENT: 7.87397b | VCERT: 6.09669% | VSURP: 7.64598b

[GeoMind CAUSAL CE Stream] Ep 1.0/Inf | D[1.0/10.0] | 16.5766% (6149.74 / 37098.9 KB) | LR: 0.00239604 | TEMP: 1.00331
  Train -> TL: 4.26929 | ATL: 4.39916 | TPPL: 81.3829 | ENT: 7.37701b | CERT: 7.5728% | SURP: 6.83361b
  Val   -> VL: 4.69771 | AVL: 4.76335 | VPPL: 117.137 | VENT: 8.06087b | VCERT: 5.5516% | VSURP: 7.56447b

[GeoMind CAUSAL CE Stream] Ep 1.0/Inf | D[1.0/10.0] | 16.6157% (6164.25 / 37098.9 KB) | LR: 0.00239624 | TEMP: 1.00314
  Train -> TL: 4.19986 | ATL: 4.39873 | TPPL: 81.3476 | ENT: 7.53022b | CERT: 6.30369% | SURP: 6.80402b
  Val   -> VL: 4.70478 | AVL: 4.76042 | VPPL: 116.795 | VENT: 7.90464b | VCERT: 6.76043% | VSURP: 7.53025b

[GeoMind CAUSAL CE Stream] Ep 1.0/Inf | D[1.0/10.0] | 16.6336% (6170.9 / 37098.9 KB) | LR: 0.00239643 | TEMP: 1.00298
  Train -> TL: 4.37622 | ATL: 4.3987 | TPPL: 81.3454 | ENT: 7.48619b | CERT: 7.32438% | SURP: 6.94919b
  Val   -> VL: 4.7077 | AVL: 4.75778 | VPPL: 116.487 | VENT: 7.85184b | VCERT: 7.24457% | VSURP: 7.53409b

[GeoMind CAUSAL CE Stream] Ep 1.0/Inf | D[1.0/10.0] | 16.6597% (6180.58 / 37098.9 KB) | LR: 0.00239656 | TEMP: 1.00283
  Train -> TL: 4.09115 | ATL: 4.39824 | TPPL: 81.3077 | ENT: 7.32155b | CERT: 7.51665% | SURP: 6.6729b
  Val   -> VL: 4.72645 | AVL: 4.75621 | VPPL: 116.305 | VENT: 7.87788b | VCERT: 6.74905% | VSURP: 7.57811b

[GeoMind CAUSAL CE Stream] Ep 1.0/Inf | D[1.0/10.0] | 16.7215% (6203.49 / 37098.9 KB) | LR: 0.00239671 | TEMP: 1.00269
  Train -> TL: 4.46562 | ATL: 4.39851 | TPPL: 81.3295 | ENT: 7.49441b | CERT: 6.77356% | SURP: 7.05222b
  Val   -> VL: 4.73514 | AVL: 4.75516 | VPPL: 116.182 | VENT: 7.96663b | VCERT: 6.46821% | VSURP: 7.62511b

[GeoMind CAUSAL CE Stream] Ep 1.0/Inf | D[1.0/10.0] | 16.751% (6214.42 / 37098.9 KB) | LR: 0.00239678 | TEMP: 1.00256
  Train -> TL: 4.04914 | ATL: 4.39797 | TPPL: 81.2858 | ENT: 7.35396b | CERT: 8.45308% | SURP: 6.65475b
  Val   -> VL: 4.71246 | AVL: 4.75303 | VPPL: 115.935 | VENT: 7.93867b | VCERT: 6.4003% | VSURP: 7.54089b

[GeoMind CAUSAL CE Stream] Ep 1.0/Inf | D[1.0/10.0] | 16.7791% (6224.86 / 37098.9 KB) | LR: 0.00239677 | TEMP: 1.00243
  Train -> TL: 4.1403 | ATL: 4.39741 | TPPL: 81.2403 | ENT: 7.26373b | CERT: 8.06767% | SURP: 6.68643b
  Val   -> VL: 4.77269 | AVL: 4.75401 | VPPL: 116.049 | VENT: 7.84178b | VCERT: 6.73456% | VSURP: 7.64161b

[GeoMind CAUSAL CE Stream] Ep 1.0/Inf | D[1.0/10.0] | 16.7989% (6232.22 / 37098.9 KB) | LR: 0.00239673 | TEMP: 1.00231
  Train -> TL: 4.25135 | ATL: 4.3972 | TPPL: 81.2233 | ENT: 7.42379b | CERT: 6.75558% | SURP: 6.84894b
  Val   -> VL: 4.7819 | AVL: 4.7554 | VPPL: 116.211 | VENT: 7.76588b | VCERT: 6.49701% | VSURP: 7.64945b

[GeoMind CAUSAL CE Stream] Ep 1.0/Inf | D[1.0/10.0] | 16.8166% (6238.79 / 37098.9 KB) | LR: 0.00239665 | TEMP: 1.00219
  Train -> TL: 4.09338 | ATL: 4.39683 | TPPL: 81.193 | ENT: 7.4254b | CERT: 7.93638% | SURP: 6.71239b
  Val   -> VL: 4.81619 | AVL: 4.75844 | VPPL: 116.564 | VENT: 7.62986b | VCERT: 7.90301% | VSURP: 7.68904b

[GeoMind CAUSAL CE Stream] Ep 1.0/Inf | D[1.0/10.0] | 16.8372% (6246.43 / 37098.9 KB) | LR: 0.00239649 | TEMP: 1.00208
  Train -> TL: 3.92169 | ATL: 4.39618 | TPPL: 81.1401 | ENT: 7.09847b | CERT: 12.4264% | SURP: 6.41026b
  Val   -> VL: 4.84778 | AVL: 4.76291 | VPPL: 117.086 | VENT: 7.53931b | VCERT: 8.80489% | VSURP: 7.73353b

[GeoMind CAUSAL CE Stream] Ep 1.0/Inf | D[1.0/10.0] | 16.8582% (6254.21 / 37098.9 KB) | LR: 0.00239632 | TEMP: 1.00198
  Train -> TL: 4.21746 | ATL: 4.39593 | TPPL: 81.12 | ENT: 7.15312b | CERT: 10.028% | SURP: 6.74417b
  Val   -> VL: 4.83948 | AVL: 4.76674 | VPPL: 117.535 | VENT: 7.66222b | VCERT: 7.46714% | VSURP: 7.74306b

[GeoMind CAUSAL CE Stream] Ep 1.0/Inf | D[1.0/10.0] | 16.8963% (6268.34 / 37098.9 KB) | LR: 0.00239614 | TEMP: 1.00188
  Train -> TL: 4.31406 | ATL: 4.39573 | TPPL: 81.1037 | ENT: 7.31852b | CERT: 7.50532% | SURP: 6.89557b
  Val   -> VL: 4.80158 | AVL: 4.76848 | VPPL: 117.74 | VENT: 7.72393b | VCERT: 7.14435% | VSURP: 7.6935b

[GeoMind CAUSAL CE Stream] Ep 1.0/Inf | D[1.0/10.0] | 16.9548% (6290.04 / 37098.9 KB) | LR: 0.002396 | TEMP: 1.00179
  Train -> TL: 4.45468 | ATL: 4.39593 | TPPL: 81.1197 | ENT: 7.39938b | CERT: 6.3769% | SURP: 7.04719b
  Val   -> VL: 4.75588 | AVL: 4.76785 | VPPL: 117.666 | VENT: 7.95167b | VCERT: 6.15895% | VSURP: 7.64736b

[GeoMind CAUSAL CE Stream] Ep 1.0/Inf | D[1.0/10.0] | 17.0059% (6309 / 37098.9 KB) | LR: 0.00239593 | TEMP: 1.0017
  Train -> TL: 4.51271 | ATL: 4.39629 | TPPL: 81.1494 | ENT: 7.67132b | CERT: 5.65532% | SURP: 7.01835b
  Val   -> VL: 4.74313 | AVL: 4.76661 | VPPL: 117.521 | VENT: 8.03862b | VCERT: 5.78388% | VSURP: 7.63401b

[GeoMind CAUSAL CE Stream] Ep 1.0/Inf | D[1.0/10.0] | 17.0656% (6331.16 / 37098.9 KB) | LR: 0.00239578 | TEMP: 1.00161
  Train -> TL: 4.17641 | ATL: 4.39566 | TPPL: 81.0985 | ENT: 7.33369b | CERT: 7.64541% | SURP: 6.67875b
  Val   -> VL: 4.72378 | AVL: 4.76447 | VPPL: 117.269 | VENT: 7.91027b | VCERT: 6.1532% | VSURP: 7.5699b

[GeoMind CAUSAL CE Stream] Ep 1.0/Inf | D[1.0/10.0] | 17.1343% (6356.64 / 37098.9 KB) | LR: 0.00239558 | TEMP: 1.00153
  Train -> TL: 4.26636 | ATL: 4.39518 | TPPL: 81.0591 | ENT: 7.35876b | CERT: 7.19959% | SURP: 6.76794b
  Val   -> VL: 4.75944 | AVL: 4.76422 | VPPL: 117.24 | VENT: 7.94972b | VCERT: 6.74674% | VSURP: 7.62986b

[GeoMind CAUSAL CE Stream] Ep 1.0/Inf | D[1.0/10.0] | 17.2166% (6387.18 / 37098.9 KB) | LR: 0.0023954 | TEMP: 1.00146
  Train -> TL: 4.39358 | ATL: 4.39517 | TPPL: 81.0585 | ENT: 7.50771b | CERT: 7.13807% | SURP: 6.93357b
  Val   -> VL: 4.76424 | AVL: 4.76422 | VPPL: 117.24 | VENT: 8.01784b | VCERT: 6.41915% | VSURP: 7.64633b

[GeoMind CAUSAL CE Stream] Ep 1.0/Inf | D[1.0/10.0] | 17.2485% (6399.01 / 37098.9 KB) | LR: 0.00239521 | TEMP: 1.00138
  Train -> TL: 4.26979 | ATL: 4.39495 | TPPL: 81.0408 | ENT: 7.34038b | CERT: 10.1134% | SURP: 6.67939b
  Val   -> VL: 4.75459 | AVL: 4.76374 | VPPL: 117.183 | VENT: 8.02192b | VCERT: 6.39217% | VSURP: 7.63544b

[GeoMind CAUSAL CE Stream] Ep 1.0/Inf | D[1.0/10.0] | 17.3496% (6436.5 / 37098.9 KB) | LR: 0.00239493 | TEMP: 1.00131
  Train -> TL: 4.24387 | ATL: 4.39408 | TPPL: 80.9705 | ENT: 7.4416b | CERT: 8.04605% | SURP: 6.77087b
  Val   -> VL: 4.73934 | AVL: 4.76252 | VPPL: 117.041 | VENT: 7.9611b | VCERT: 6.45334% | VSURP: 7.60323b

[GeoMind CAUSAL CE Stream] Ep 1.0/Inf | D[1.0/10.0] | 17.4112% (6459.38 / 37098.9 KB) | LR: 0.00239459 | TEMP: 1.00125
  Train -> TL: 4.21738 | ATL: 4.39344 | TPPL: 80.9183 | ENT: 7.38749b | CERT: 7.74192% | SURP: 6.7254b
  Val   -> VL: 4.73418 | AVL: 4.7611 | VPPL: 116.875 | VENT: 7.92122b | VCERT: 6.66475% | VSURP: 7.59159b

[GeoMind CAUSAL CE Stream] Ep 1.0/Inf | D[1.0/10.0] | 17.4842% (6486.47 / 37098.9 KB) | LR: 0.00239419 | TEMP: 1.00119
  Train -> TL: 4.18447 | ATL: 4.39264 | TPPL: 80.8539 | ENT: 7.23591b | CERT: 7.53282% | SURP: 6.70983b
  Val   -> VL: 4.73614 | AVL: 4.75986 | VPPL: 116.729 | VENT: 7.93099b | VCERT: 5.98856% | VSURP: 7.60332b

[GeoMind CAUSAL CE Stream] Ep 1.0/Inf | D[1.0/10.0] | 17.5426% (6508.1 / 37098.9 KB) | LR: 0.0023938 | TEMP: 1.00113
  Train -> TL: 4.33733 | ATL: 4.39245 | TPPL: 80.838 | ENT: 7.42422b | CERT: 6.69125% | SURP: 6.89999b
  Val   -> VL: 4.72781 | AVL: 4.75825 | VPPL: 116.542 | VENT: 7.88709b | VCERT: 6.19073% | VSURP: 7.57581b

[GeoMind CAUSAL CE Stream] Ep 1.0/Inf | D[1.0/10.0] | 17.5992% (6529.11 / 37098.9 KB) | LR: 0.00239336 | TEMP: 1.00107
  Train -> TL: 4.17999 | ATL: 4.39176 | TPPL: 80.7827 | ENT: 7.11872b | CERT: 8.3238% | SURP: 6.65947b
  Val   -> VL: 4.75224 | AVL: 4.75795 | VPPL: 116.507 | VENT: 7.91743b | VCERT: 5.87345% | VSURP: 7.61537b

[GeoMind CAUSAL CE Stream] Ep 1.0/Inf | D[1.0/10.0] | 17.6586% (6551.15 / 37098.9 KB) | LR: 0.00239294 | TEMP: 1.00102
  Train -> TL: 4.33512 | ATL: 4.39158 | TPPL: 80.7682 | ENT: 7.46718b | CERT: 6.98294% | SURP: 6.93425b
  Val   -> VL: 4.76657 | AVL: 4.75838 | VPPL: 116.557 | VENT: 7.94561b | VCERT: 6.0906% | VSURP: 7.6603b

[GeoMind CAUSAL CE Stream] Ep 1.0/Inf | D[1.0/10.0] | 17.6951% (6564.68 / 37098.9 KB) | LR: 0.00239255 | TEMP: 1.00097
  Train -> TL: 4.34516 | ATL: 4.39149 | TPPL: 80.7609 | ENT: 7.37294b | CERT: 7.56391% | SURP: 6.75191b
  Val   -> VL: 4.75004 | AVL: 4.75797 | VPPL: 116.509 | VENT: 7.99682b | VCERT: 5.93266% | VSURP: 7.6194b

[GeoMind CAUSAL CE Stream] Ep 1.0/Inf | D[1.0/10.0] | 17.7523% (6585.93 / 37098.9 KB) | LR: 0.00239214 | TEMP: 1.00092
  Train -> TL: 4.21373 | ATL: 4.39099 | TPPL: 80.7201 | ENT: 7.45822b | CERT: 7.23887% | SURP: 6.84774b
  Val   -> VL: 4.75684 | AVL: 4.75791 | VPPL: 116.502 | VENT: 7.96599b | VCERT: 6.28658% | VSURP: 7.62598b

[GeoMind CAUSAL CE Stream] Ep 1.0/Inf | D[1.0/10.0] | 17.7941% (6601.42 / 37098.9 KB) | LR: 0.00239173 | TEMP: 1.00087
  Train -> TL: 4.28926 | ATL: 4.39069 | TPPL: 80.6962 | ENT: 7.4508b | CERT: 7.42274% | SURP: 6.77129b
  Val   -> VL: 4.74514 | AVL: 4.75727 | VPPL: 116.428 | VENT: 7.85846b | VCERT: 6.60691% | VSURP: 7.61804b

[GeoMind CAUSAL CE Stream] Ep 1.0/Inf | D[1.0/10.0] | 17.872% (6630.34 / 37098.9 KB) | LR: 0.00239127 | TEMP: 1.00083
  Train -> TL: 4.18684 | ATL: 4.38997 | TPPL: 80.638 | ENT: 7.32282b | CERT: 8.01373% | SURP: 6.73015b
  Val   -> VL: 4.73672 | AVL: 4.75624 | VPPL: 116.308 | VENT: 7.86471b | VCERT: 6.51775% | VSURP: 7.57374b

[GeoMind CAUSAL CE Stream] Ep 1.0/Inf | D[1.0/10.0] | 17.9056% (6642.79 / 37098.9 KB) | LR: 0.00239081 | TEMP: 1.00079
  Train -> TL: 4.22082 | ATL: 4.38965 | TPPL: 80.6126 | ENT: 7.31508b | CERT: 7.37282% | SURP: 6.74945b
  Val   -> VL: 4.74175 | AVL: 4.75552 | VPPL: 116.224 | VENT: 7.86681b | VCERT: 6.42261% | VSURP: 7.59939b

[GeoMind CAUSAL CE Stream] Ep 1.0/Inf | D[1.0/10.0] | 17.9557% (6661.37 / 37098.9 KB) | LR: 0.0023904 | TEMP: 1.00075
  Train -> TL: 4.38663 | ATL: 4.38965 | TPPL: 80.6118 | ENT: 7.45845b | CERT: 6.65674% | SURP: 6.92092b
  Val   -> VL: 4.72802 | AVL: 4.75414 | VPPL: 116.064 | VENT: 7.9011b | VCERT: 6.35034% | VSURP: 7.59618b

[GeoMind CAUSAL CE Stream] Ep 1.0/Inf | D[1.0/10.0] | 18.0204% (6685.37 / 37098.9 KB) | LR: 0.00239009 | TEMP: 1.00071
  Train -> TL: 4.5241 | ATL: 4.39017 | TPPL: 80.6538 | ENT: 7.61562b | CERT: 5.76612% | SURP: 7.14086b
  Val   -> VL: 4.74103 | AVL: 4.75349 | VPPL: 115.988 | VENT: 7.85727b | VCERT: 6.66297% | VSURP: 7.60135b

[GeoMind CAUSAL CE Stream] Ep 1.0/Inf | D[1.0/10.0] | 18.0773% (6706.47 / 37098.9 KB) | LR: 0.00238979 | TEMP: 1.00067
  Train -> TL: 4.30956 | ATL: 4.38993 | TPPL: 80.6345 | ENT: 7.39909b | CERT: 7.83307% | SURP: 6.79732b
  Val   -> VL: 4.70971 | AVL: 4.7513 | VPPL: 115.735 | VENT: 7.94339b | VCERT: 6.36459% | VSURP: 7.58806b

[GeoMind CAUSAL CE Stream] Ep 1.0/Inf | D[1.0/10.0] | 18.1608% (6737.45 / 37098.9 KB) | LR: 0.00238941 | TEMP: 1.00064
  Train -> TL: 4.18803 | ATL: 4.38911 | TPPL: 80.5688 | ENT: 7.31639b | CERT: 7.68549% | SURP: 6.68805b
  Val   -> VL: 4.71584 | AVL: 4.74953 | VPPL: 115.53 | VENT: 7.93889b | VCERT: 6.49157% | VSURP: 7.56696b

[GeoMind CAUSAL CE Stream] Ep 1.0/Inf | D[1.0/10.0] | 18.225% (6761.29 / 37098.9 KB) | LR: 0.00238897 | TEMP: 1.00061
  Train -> TL: 4.18387 | ATL: 4.38836 | TPPL: 80.5083 | ENT: 7.33014b | CERT: 8.02593% | SURP: 6.67237b
  Val   -> VL: 4.69948 | AVL: 4.74702 | VPPL: 115.241 | VENT: 7.88871b | VCERT: 6.33672% | VSURP: 7.53792b

[GeoMind CAUSAL CE Stream] Ep 1.0/Inf | D[1.0/10.0] | 18.2809% (6782.03 / 37098.9 KB) | LR: 0.00238842 | TEMP: 1.00058
  Train -> TL: 4.01457 | ATL: 4.38715 | TPPL: 80.4107 | ENT: 7.05614b | CERT: 8.68743% | SURP: 6.43233b
  Val   -> VL: 4.68436 | AVL: 4.74389 | VPPL: 114.88 | VENT: 7.87614b | VCERT: 6.45029% | VSURP: 7.54202b

[GeoMind CAUSAL CE Stream] Ep 1.0/Inf | D[1.0/10.0] | 18.3189% (6796.1 / 37098.9 KB) | LR: 0.00238791 | TEMP: 1.00055
  Train -> TL: 4.30738 | ATL: 4.387 | TPPL: 80.3986 | ENT: 7.4115b | CERT: 7.28242% | SURP: 6.97824b
  Val   -> VL: 4.69529 | AVL: 4.74146 | VPPL: 114.602 | VENT: 7.88349b | VCERT: 6.93978% | VSURP: 7.5412b

[GeoMind CAUSAL CE Stream] Ep 1.0/Inf | D[1.0/10.0] | 18.428% (6836.6 / 37098.9 KB) | LR: 0.00238698 | TEMP: 1.00052
  Train -> TL: 3.83669 | ATL: 4.38336 | TPPL: 80.107 | ENT: 6.74869b | CERT: 11.0225% | SURP: 6.09864b
  Val   -> VL: 4.75509 | AVL: 4.74214 | VPPL: 114.68 | VENT: 7.78781b | VCERT: 6.66774% | VSURP: 7.60306b

[GeoMind CAUSAL CE Stream] Ep 1.0/Inf | D[1.0/10.0] | 18.4805% (6856.07 / 37098.9 KB) | LR: 0.00238608 | TEMP: 1.0005
  Train -> TL: 4.21242 | ATL: 4.38289 | TPPL: 80.0693 | ENT: 7.10729b | CERT: 8.94151% | SURP: 6.73533b
  Val   -> VL: 4.77934 | AVL: 4.744 | VPPL: 114.893 | VENT: 7.86925b | VCERT: 6.11312% | VSURP: 7.67727b

[GeoMind CAUSAL CE Stream] Ep 1.0/Inf | D[1.0/10.0] | 18.5377% (6877.3 / 37098.9 KB) | LR: 0.00238524 | TEMP: 1.00047
  Train -> TL: 4.28428 | ATL: 4.38262 | TPPL: 80.0473 | ENT: 7.27825b | CERT: 7.56628% | SURP: 6.79267b
  Val   -> VL: 4.73417 | AVL: 4.74351 | VPPL: 114.837 | VENT: 7.93801b | VCERT: 5.83328% | VSURP: 7.59927b

[GeoMind CAUSAL CE Stream] Ep 1.0/Inf | D[1.0/10.0] | 18.5703% (6889.39 / 37098.9 KB) | LR: 0.00238446 | TEMP: 1.00045
  Train -> TL: 4.28209 | ATL: 4.38245 | TPPL: 80.0341 | ENT: 7.39553b | CERT: 6.87509% | SURP: 6.88602b
  Val   -> VL: 4.75594 | AVL: 4.74413 | VPPL: 114.908 | VENT: 7.86946b | VCERT: 6.46729% | VSURP: 7.62441b

[GeoMind CAUSAL CE Stream] Ep 1.0/Inf | D[1.0/10.0] | 18.6436% (6916.59 / 37098.9 KB) | LR: 0.00238372 | TEMP: 1.00042
  Train -> TL: 4.30692 | ATL: 4.38217 | TPPL: 80.0116 | ENT: 7.39188b | CERT: 7.0627% | SURP: 6.82146b
  Val   -> VL: 4.75943 | AVL: 4.7449 | VPPL: 114.996 | VENT: 7.92891b | VCERT: 6.7629% | VSURP: 7.63811b

[GeoMind CAUSAL CE Stream] Ep 1.0/Inf | D[1.0/10.0] | 18.7037% (6938.89 / 37098.9 KB) | LR: 0.00238293 | TEMP: 1.0004
  Train -> TL: 4.08368 | ATL: 4.38118 | TPPL: 79.9326 | ENT: 7.17218b | CERT: 8.85514% | SURP: 6.58455b
  Val   -> VL: 4.76622 | AVL: 4.74596 | VPPL: 115.119 | VENT: 7.75515b | VCERT: 8.14% | VSURP: 7.60617b

[GeoMind CAUSAL CE Stream] Ep 1.0/Inf | D[1.0/10.0] | 18.7565% (6958.46 / 37098.9 KB) | LR: 0.00238219 | TEMP: 1.00038
  Train -> TL: 4.32124 | ATL: 4.38101 | TPPL: 79.9189 | ENT: 7.21514b | CERT: 8.68116% | SURP: 6.77891b
  Val   -> VL: 4.75856 | AVL: 4.74659 | VPPL: 115.191 | VENT: 7.93933b | VCERT: 6.08866% | VSURP: 7.64524b

[GeoMind CAUSAL CE Stream] Ep 1.0/Inf | D[1.0/10.0] | 18.8126% (6979.26 / 37098.9 KB) | LR: 0.00238144 | TEMP: 1.00036
  Train -> TL: 4.14752 | ATL: 4.3803 | TPPL: 79.8618 | ENT: 7.2882b | CERT: 8.08121% | SURP: 6.67158b
  Val   -> VL: 4.70015 | AVL: 4.74427 | VPPL: 114.924 | VENT: 7.90298b | VCERT: 6.55626% | VSURP: 7.53646b

[GeoMind CAUSAL CE Stream] Ep 1.0/Inf | D[1.0/10.0] | 18.8773% (7003.26 / 37098.9 KB) | LR: 0.00238079 | TEMP: 1.00035
  Train -> TL: 4.46127 | ATL: 4.38052 | TPPL: 79.8797 | ENT: 7.41852b | CERT: 6.46482% | SURP: 7.01274b
  Val   -> VL: 4.73666 | AVL: 4.74389 | VPPL: 114.88 | VENT: 7.97431b | VCERT: 6.01199% | VSURP: 7.64582b

[GeoMind CAUSAL CE Stream] Ep 1.0/Inf | D[1.0/10.0] | 18.8936% (7009.31 / 37098.9 KB) | LR: 0.0023802 | TEMP: 1.00033
  Train -> TL: 4.26683 | ATL: 4.38042 | TPPL: 79.8719 | ENT: 7.34979b | CERT: 6.98058% | SURP: 6.81026b
  Val   -> VL: 4.72664 | AVL: 4.74303 | VPPL: 114.781 | VENT: 7.94641b | VCERT: 6.13676% | VSURP: 7.60697b

[GeoMind CAUSAL CE Stream] Ep 1.0/Inf | D[1.0/10.0] | 18.971% (7038.04 / 37098.9 KB) | LR: 0.00237948 | TEMP: 1.00031
  Train -> TL: 4.07711 | ATL: 4.37903 | TPPL: 79.7607 | ENT: 7.19218b | CERT: 8.24468% | SURP: 6.52512b
  Val   -> VL: 4.81198 | AVL: 4.74647 | VPPL: 115.178 | VENT: 7.536b | VCERT: 9.70094% | VSURP: 7.75082b

[GeoMind CAUSAL CE Stream] Ep 1.0/Inf | D[1.0/10.0] | 19.0519% (7068.05 / 37098.9 KB) | LR: 0.0023788 | TEMP: 1.0003
  Train -> TL: 4.3036 | ATL: 4.37874 | TPPL: 79.7376 | ENT: 7.2534b | CERT: 7.41574% | SURP: 6.8222b
  Val   -> VL: 4.71531 | AVL: 4.74492 | VPPL: 114.998 | VENT: 7.88381b | VCERT: 6.50856% | VSURP: 7.56705b

[GeoMind CAUSAL CE Stream] Ep 1.0/Inf | D[1.0/10.0] | 19.0857% (7080.59 / 37098.9 KB) | LR: 0.00237816 | TEMP: 1.00028
  Train -> TL: 4.26905 | ATL: 4.37855 | TPPL: 79.7221 | ENT: 7.43858b | CERT: 7.1475% | SURP: 6.91607b
  Val   -> VL: 4.71612 | AVL: 4.74348 | VPPL: 114.833 | VENT: 7.91745b | VCERT: 6.47125% | VSURP: 7.5638b

[GeoMind CAUSAL CE Stream] Ep 1.0/Inf | D[1.0/10.0] | 19.1313% (7097.5 / 37098.9 KB) | LR: 0.00237757 | TEMP: 1.00027
  Train -> TL: 4.30841 | ATL: 4.37839 | TPPL: 79.7094 | ENT: 7.43463b | CERT: 6.68189% | SURP: 6.85497b
  Val   -> VL: 4.75426 | AVL: 4.74402 | VPPL: 114.895 | VENT: 7.96354b | VCERT: 6.15077% | VSURP: 7.64218b

[GeoMind CAUSAL CE Stream] Ep 1.0/Inf | D[1.0/10.0] | 19.2099% (7126.65 / 37098.9 KB) | LR: 0.00237701 | TEMP: 1.00025
  Train -> TL: 4.33545 | ATL: 4.37822 | TPPL: 79.6958 | ENT: 7.46919b | CERT: 7.39953% | SURP: 6.89706b
  Val   -> VL: 4.7363 | AVL: 4.74363 | VPPL: 114.85 | VENT: 7.86055b | VCERT: 7.17834% | VSURP: 7.60278b

[GeoMind CAUSAL CE Stream] Ep 1.0/Inf | D[1.0/10.0] | 19.2687% (7148.48 / 37098.9 KB) | LR: 0.00237657 | TEMP: 1.00024
  Train -> TL: 4.53407 | ATL: 4.37867 | TPPL: 79.7319 | ENT: 7.66749b | CERT: 6.10769% | SURP: 7.12686b
  Val   -> VL: 4.72646 | AVL: 4.74277 | VPPL: 114.752 | VENT: 8.0356b | VCERT: 5.86704% | VSURP: 7.60082b

[GeoMind CAUSAL CE Stream] Ep 1.0/Inf | D[1.0/10.0] | 19.3458% (7177.09 / 37098.9 KB) | LR: 0.00237613 | TEMP: 1.00023
  Train -> TL: 4.3101 | ATL: 4.3784 | TPPL: 79.7101 | ENT: 7.50569b | CERT: 7.63062% | SURP: 6.91043b
  Val   -> VL: 4.71659 | AVL: 4.74146 | VPPL: 114.602 | VENT: 7.89017b | VCERT: 6.33338% | VSURP: 7.57448b

[GeoMind CAUSAL CE Stream] Ep 1.0/Inf | D[1.0/10.0] | 19.4462% (7214.33 / 37098.9 KB) | LR: 0.00237569 | TEMP: 1.00022
  Train -> TL: 4.29554 | ATL: 4.378 | TPPL: 79.6788 | ENT: 7.15763b | CERT: 8.39978% | SURP: 6.77823b
  Val   -> VL: 4.72499 | AVL: 4.74064 | VPPL: 114.507 | VENT: 7.95329b | VCERT: 5.8695% | VSURP: 7.59136b

[GeoMind CAUSAL CE Stream] Ep 1.0/Inf | D[1.0/10.0] | 19.5047% (7236.05 / 37098.9 KB) | LR: 0.00237537 | TEMP: 1.00021
  Train -> TL: 4.55818 | ATL: 4.37856 | TPPL: 79.7233 | ENT: 7.59329b | CERT: 6.38818% | SURP: 7.04889b
  Val   -> VL: 4.72155 | AVL: 4.73968 | VPPL: 114.398 | VENT: 7.94955b | VCERT: 5.81818% | VSURP: 7.56445b

[GeoMind CAUSAL CE Stream] Ep 1.0/Inf | D[1.0/10.0] | 19.5915% (7268.25 / 37098.9 KB) | LR: 0.00237505 | TEMP: 1.0002
  Train -> TL: 4.33661 | ATL: 4.37839 | TPPL: 79.7096 | ENT: 7.5489b | CERT: 6.65949% | SURP: 6.93022b
  Val   -> VL: 4.70897 | AVL: 4.73815 | VPPL: 114.223 | VENT: 7.96731b | VCERT: 5.96344% | VSURP: 7.55055b

[GeoMind CAUSAL CE Stream] Ep 1.0/Inf | D[1.0/10.0] | 19.6808% (7301.35 / 37098.9 KB) | LR: 0.00237439 | TEMP: 1.00019
  Train -> TL: 3.70922 | ATL: 4.37547 | TPPL: 79.4775 | ENT: 6.95565b | CERT: 10.1743% | SURP: 6.11615b
  Val   -> VL: 4.79491 | AVL: 4.74099 | VPPL: 114.547 | VENT: 7.6335b | VCERT: 7.63644% | VSURP: 7.64932b

[GeoMind CAUSAL CE Stream] Ep 1.0/Inf | D[1.0/10.0] | 19.8143% (7350.9 / 37098.9 KB) | LR: 0.0023736 | TEMP: 1.00018
  Train -> TL: 4.1211 | ATL: 4.37393 | TPPL: 79.3547 | ENT: 7.17839b | CERT: 8.33142% | SURP: 6.65521b
  Val   -> VL: 4.77645 | AVL: 4.74276 | VPPL: 114.75 | VENT: 7.71299b | VCERT: 7.9596% | VSURP: 7.6434b

[GeoMind CAUSAL CE Stream] Ep 1.0/Inf | D[1.0/10.0] | 19.8633% (7369.06 / 37098.9 KB) | LR: 0.0023728 | TEMP: 1.00017
  Train -> TL: 4.10783 | ATL: 4.37324 | TPPL: 79.3002 | ENT: 7.10725b | CERT: 8.33205% | SURP: 6.62787b
  Val   -> VL: 4.72542 | AVL: 4.74189 | VPPL: 114.651 | VENT: 7.7728b | VCERT: 7.34263% | VSURP: 7.57912b

[GeoMind CAUSAL CE Stream] Ep 1.0/Inf | D[1.0/10.0] | 19.9008% (7383 / 37098.9 KB) | LR: 0.00237214 | TEMP: 1.00016
  Train -> TL: 4.53792 | ATL: 4.37368 | TPPL: 79.3349 | ENT: 7.53476b | CERT: 6.72666% | SURP: 7.04844b
  Val   -> VL: 4.71766 | AVL: 4.74068 | VPPL: 114.512 | VENT: 7.69665b | VCERT: 8.27137% | VSURP: 7.56924b

[GeoMind CAUSAL CE Stream] Ep 1.0/Inf | D[1.0/10.0] | 19.9819% (7413.06 / 37098.9 KB) | LR: 0.0023715 | TEMP: 1.00015
  Train -> TL: 4.29707 | ATL: 4.37337 | TPPL: 79.3107 | ENT: 7.41777b | CERT: 7.14075% | SURP: 6.79221b
  Val   -> VL: 4.67399 | AVL: 4.73735 | VPPL: 114.131 | VENT: 7.91645b | VCERT: 6.61613% | VSURP: 7.50482b

[GeoMind CAUSAL CE Stream] Ep 1.0/Inf | D[1.0/10.0] | 20.0212% (7427.66 / 37098.9 KB) | LR: 0.00237092 | TEMP: 1.00014
  Train -> TL: 4.36941 | ATL: 4.37337 | TPPL: 79.3102 | ENT: 7.44119b | CERT: 6.54509% | SURP: 6.92993b
  Val   -> VL: 4.68048 | AVL: 4.7345 | VPPL: 113.807 | VENT: 7.99866b | VCERT: 6.18634% | VSURP: 7.53454b

[GeoMind CAUSAL CE Stream] Ep 1.0/Inf | D[1.0/10.0] | 20.077% (7448.34 / 37098.9 KB) | LR: 0.00237036 | TEMP: 1.00014
  Train -> TL: 4.23666 | ATL: 4.37299 | TPPL: 79.2807 | ENT: 7.36435b | CERT: 8.09586% | SURP: 6.69182b
  Val   -> VL: 4.69071 | AVL: 4.73231 | VPPL: 113.558 | VENT: 7.86973b | VCERT: 6.7832% | VSURP: 7.53521b

[GeoMind CAUSAL CE Stream] Ep 1.0/Inf | D[1.0/10.0] | 20.1914% (7490.81 / 37098.9 KB) | LR: 0.00236975 | TEMP: 1.00013
  Train -> TL: 4.21957 | ATL: 4.37222 | TPPL: 79.2193 | ENT: 7.43768b | CERT: 6.75323% | SURP: 6.77169b
  Val   -> VL: 4.73413 | AVL: 4.7324 | VPPL: 113.568 | VENT: 7.8632b | VCERT: 6.90907% | VSURP: 7.58997b

[GeoMind CAUSAL CE Stream] Ep 1.0/Inf | D[1.0/10.0] | 20.2446% (7510.53 / 37098.9 KB) | LR: 0.00236914 | TEMP: 1.00012
  Train -> TL: 4.19994 | ATL: 4.37173 | TPPL: 79.1808 | ENT: 7.30314b | CERT: 7.57654% | SURP: 6.73602b
  Val   -> VL: 4.70372 | AVL: 4.73097 | VPPL: 113.406 | VENT: 7.86088b | VCERT: 6.76827% | VSURP: 7.53958b

[GeoMind CAUSAL CE Stream] Ep 1.0/Inf | D[1.0/10.0] | 20.2921% (7528.14 / 37098.9 KB) | LR: 0.00236852 | TEMP: 1.00012
  Train -> TL: 4.13615 | ATL: 4.37119 | TPPL: 79.1374 | ENT: 7.16476b | CERT: 8.40093% | SURP: 6.61783b
  Val   -> VL: 4.68955 | AVL: 4.7289 | VPPL: 113.171 | VENT: 7.83742b | VCERT: 6.74002% | VSURP: 7.51824b

[GeoMind CAUSAL CE Stream] Ep 1.0/Inf | D[1.0/10.0] | 20.3746% (7558.74 / 37098.9 KB) | LR: 0.00236791 | TEMP: 1.00011
  Train -> TL: 4.2492 | ATL: 4.37072 | TPPL: 79.1008 | ENT: 7.40114b | CERT: 6.65113% | SURP: 6.8273b
  Val   -> VL: 4.71577 | AVL: 4.72824 | VPPL: 113.097 | VENT: 7.91446b | VCERT: 6.51777% | VSURP: 7.57532b

[GeoMind CAUSAL CE Stream] Ep 1.0/Inf | D[1.0/10.0] | 20.4565% (7589.15 / 37098.9 KB) | LR: 0.00236723 | TEMP: 1.00011
  Train -> TL: 4.1159 | ATL: 4.36976 | TPPL: 79.0243 | ENT: 7.37413b | CERT: 8.20654% | SURP: 6.62831b
  Val   -> VL: 4.70193 | AVL: 4.72693 | VPPL: 112.948 | VENT: 7.84977b | VCERT: 6.49605% | VSURP: 7.54236b

[GeoMind CAUSAL CE Stream] Ep 1.0/Inf | D[1.0/10.0] | 20.5119% (7609.68 / 37098.9 KB) | LR: 0.0023666 | TEMP: 1.0001
  Train -> TL: 4.33559 | ATL: 4.36966 | TPPL: 79.0169 | ENT: 7.39379b | CERT: 7.46005% | SURP: 6.91257b
  Val   -> VL: 4.72037 | AVL: 4.7266 | VPPL: 112.911 | VENT: 7.88959b | VCERT: 6.6041% | VSURP: 7.57497b

[GeoMind CAUSAL CE Stream] Ep 1.0/Inf | D[1.0/10.0] | 20.5695% (7631.06 / 37098.9 KB) | LR: 0.00236598 | TEMP: 1.0001
  Train -> TL: 4.21437 | ATL: 4.36921 | TPPL: 78.9809 | ENT: 7.34092b | CERT: 7.97218% | SURP: 6.71609b
  Val   -> VL: 4.72444 | AVL: 4.72649 | VPPL: 112.899 | VENT: 7.78008b | VCERT: 7.35618% | VSURP: 7.56268b

[GeoMind CAUSAL CE Stream] Ep 1.0/Inf | D[1.0/10.0] | 20.6465% (7659.63 / 37098.9 KB) | LR: 0.00236524 | TEMP: 1.00009
  Train -> TL: 4.03558 | ATL: 4.36775 | TPPL: 78.8659 | ENT: 6.97441b | CERT: 9.29415% | SURP: 6.45101b
  Val   -> VL: 4.78124 | AVL: 4.72923 | VPPL: 113.208 | VENT: 7.82627b | VCERT: 6.96895% | VSURP: 7.62064b

[GeoMind CAUSAL CE Stream] Ep 1.0/Inf | D[1.0/10.0] | 20.7221% (7687.67 / 37098.9 KB) | LR: 0.00236443 | TEMP: 1.00009
  Train -> TL: 3.99703 | ATL: 4.36665 | TPPL: 78.7795 | ENT: 7.11949b | CERT: 8.27975% | SURP: 6.45224b
  Val   -> VL: 4.769 | AVL: 4.73122 | VPPL: 113.434 | VENT: 7.85559b | VCERT: 7.04472% | VSURP: 7.62997b

[GeoMind CAUSAL CE Stream] Ep 1.0/Inf | D[1.0/10.0] | 20.7942% (7714.43 / 37098.9 KB) | LR: 0.0023636 | TEMP: 1.00008
  Train -> TL: 4.11781 | ATL: 4.36586 | TPPL: 78.717 | ENT: 7.25836b | CERT: 7.68354% | SURP: 6.61865b
  Val   -> VL: 4.80077 | AVL: 4.73469 | VPPL: 113.829 | VENT: 7.917b | VCERT: 6.44706% | VSURP: 7.72517b

[GeoMind CAUSAL CE Stream] Ep 1.0/Inf | D[1.0/10.0] | 20.8444% (7733.05 / 37098.9 KB) | LR: 0.00236283 | TEMP: 1.00008
  Train -> TL: 4.31703 | ATL: 4.36574 | TPPL: 78.7073 | ENT: 7.26487b | CERT: 7.89925% | SURP: 6.78994b
  Val   -> VL: 4.77114 | AVL: 4.73652 | VPPL: 114.036 | VENT: 7.88782b | VCERT: 6.4622% | VSURP: 7.674b

[GeoMind CAUSAL CE Stream] Ep 1.0/Inf | D[1.0/10.0] | 20.8886% (7749.43 / 37098.9 KB) | LR: 0.00236219 | TEMP: 1.00007
  Train -> TL: 4.53463 | ATL: 4.36613 | TPPL: 78.7386 | ENT: 7.4492b | CERT: 6.75709% | SURP: 7.12087b
  Val   -> VL: 4.72666 | AVL: 4.73602 | VPPL: 113.98 | VENT: 7.89291b | VCERT: 6.30432% | VSURP: 7.59277b

[GeoMind CAUSAL CE Stream] Ep 1.0/Inf | D[1.0/10.0] | 20.9592% (7775.66 / 37098.9 KB) | LR: 0.00236158 | TEMP: 1.00007
  Train -> TL: 4.27577 | ATL: 4.36582 | TPPL: 78.7137 | ENT: 7.46049b | CERT: 6.73685% | SURP: 6.86898b
  Val   -> VL: 4.75537 | AVL: 4.73699 | VPPL: 114.09 | VENT: 7.90592b | VCERT: 5.97749% | VSURP: 7.65395b

[GeoMind CAUSAL CE Stream] Ep 1.0/Inf | D[1.0/10.0] | 21.0477% (7808.45 / 37098.9 KB) | LR: 0.00236101 | TEMP: 1.00007
  Train -> TL: 4.32954 | ATL: 4.36567 | TPPL: 78.7024 | ENT: 7.44076b | CERT: 7.01527% | SURP: 6.86252b
  Val   -> VL: 4.70686 | AVL: 4.73549 | VPPL: 113.919 | VENT: 7.97384b | VCERT: 5.92639% | VSURP: 7.57046b

[GeoMind CAUSAL CE Stream] Ep 1.0/Inf | D[1.0/10.0] | 21.1215% (7835.85 / 37098.9 KB) | LR: 0.00236042 | TEMP: 1.00006
  Train -> TL: 4.17911 | ATL: 4.36506 | TPPL: 78.6543 | ENT: 7.36086b | CERT: 7.4114% | SURP: 6.7181b
  Val   -> VL: 4.72683 | AVL: 4.73505 | VPPL: 113.869 | VENT: 7.88483b | VCERT: 6.54434% | VSURP: 7.58045b

[GeoMind CAUSAL CE Stream] Ep 1.0/Inf | D[1.0/10.0] | 21.1579% (7849.36 / 37098.9 KB) | LR: 0.0023599 | TEMP: 1.00006
  Train -> TL: 4.43712 | ATL: 4.36519 | TPPL: 78.6647 | ENT: 7.30949b | CERT: 9.49175% | SURP: 7.01742b
  Val   -> VL: 4.73209 | AVL: 4.7349 | VPPL: 113.853 | VENT: 7.99684b | VCERT: 6.14552% | VSURP: 7.61459b

[GeoMind CAUSAL CE Stream] Ep 1.0/Inf | D[1.0/10.0] | 21.2111% (7869.08 / 37098.9 KB) | LR: 0.00235934 | TEMP: 1.00006
  Train -> TL: 4.02119 | ATL: 4.36445 | TPPL: 78.6061 | ENT: 7.43519b | CERT: 7.63432% | SURP: 6.59005b
  Val   -> VL: 4.75961 | AVL: 4.73614 | VPPL: 113.993 | VENT: 7.83915b | VCERT: 7.50933% | VSURP: 7.61388b

[GeoMind CAUSAL CE Stream] Ep 1.0/Inf | D[1.0/10.0] | 21.2606% (7887.44 / 37098.9 KB) | LR: 0.00235886 | TEMP: 1.00005
  Train -> TL: 4.44581 | ATL: 4.36464 | TPPL: 78.6211 | ENT: 7.39975b | CERT: 7.36937% | SURP: 6.97611b
  Val   -> VL: 4.73033 | AVL: 4.73585 | VPPL: 113.96 | VENT: 7.9897b | VCERT: 6.14608% | VSURP: 7.59223b

[GeoMind CAUSAL CE Stream] Ep 1.0/Inf | D[1.0/10.0] | 21.2966% (7900.82 / 37098.9 KB) | LR: 0.00235842 | TEMP: 1.00005
  Train -> TL: 4.34619 | ATL: 4.36461 | TPPL: 78.6187 | ENT: 7.44615b | CERT: 7.16065% | SURP: 6.88463b
  Val   -> VL: 4.72279 | AVL: 4.7352 | VPPL: 113.886 | VENT: 7.93912b | VCERT: 6.45041% | VSURP: 7.54969b

[GeoMind CAUSAL CE Stream] Ep 1.0/Inf | D[1.0/10.0] | 21.4069% (7941.72 / 37098.9 KB) | LR: 0.00235801 | TEMP: 1.00005
  Train -> TL: 4.31919 | ATL: 4.36443 | TPPL: 78.6046 | ENT: 7.53029b | CERT: 7.23555% | SURP: 6.92063b
  Val   -> VL: 4.66119 | AVL: 4.7315 | VPPL: 113.465 | VENT: 7.9651b | VCERT: 6.33455% | VSURP: 7.472b

[GeoMind CAUSAL CE Stream] Ep 1.0/Inf | D[1.0/10.0] | 21.5044% (7977.89 / 37098.9 KB) | LR: 0.00235762 | TEMP: 1.00005
  Train -> TL: 4.33232 | ATL: 4.3643 | TPPL: 78.5947 | ENT: 7.5639b | CERT: 6.69% | SURP: 6.87122b
  Val   -> VL: 4.6803 | AVL: 4.72894 | VPPL: 113.175 | VENT: 7.86742b | VCERT: 6.50661% | VSURP: 7.54934b

[GeoMind CAUSAL CE Stream] Ep 1.0/Inf | D[1.0/10.0] | 21.5668% (8001.05 / 37098.9 KB) | LR: 0.00235723 | TEMP: 1.00004
  Train -> TL: 4.28453 | ATL: 4.36406 | TPPL: 78.5752 | ENT: 7.36066b | CERT: 6.99339% | SURP: 6.75774b
  Val   -> VL: 4.74358 | AVL: 4.72967 | VPPL: 113.258 | VENT: 7.86321b | VCERT: 6.41507% | VSURP: 7.65367b

[GeoMind CAUSAL CE Stream] Ep 1.0/Inf | D[1.0/10.0] | 21.6072% (8016.05 / 37098.9 KB) | LR: 0.0023568 | TEMP: 1.00004
  Train -> TL: 4.06542 | ATL: 4.36338 | TPPL: 78.5223 | ENT: 7.10666b | CERT: 8.77559% | SURP: 6.47225b
  Val   -> VL: 4.75244 | AVL: 4.73081 | VPPL: 113.387 | VENT: 7.68111b | VCERT: 8.01346% | VSURP: 7.64877b

[GeoMind CAUSAL CE Stream] Ep 1.0/Inf | D[1.0/10.0] | 21.675% (8041.18 / 37098.9 KB) | LR: 0.00235638 | TEMP: 1.00004
  Train -> TL: 4.27126 | ATL: 4.36311 | TPPL: 78.501 | ENT: 7.28292b | CERT: 7.54651% | SURP: 6.79728b
  Val   -> VL: 4.72959 | AVL: 4.73075 | VPPL: 113.38 | VENT: 7.91258b | VCERT: 6.12546% | VSURP: 7.59292b

[GeoMind CAUSAL CE Stream] Ep 1.0/Inf | D[1.0/10.0] | 21.7537% (8070.39 / 37098.9 KB) | LR: 0.00235597 | TEMP: 1.00004
  Train -> TL: 4.30176 | ATL: 4.36289 | TPPL: 78.4834 | ENT: 7.35615b | CERT: 6.82545% | SURP: 6.87583b
  Val   -> VL: 4.76025 | AVL: 4.73222 | VPPL: 113.547 | VENT: 7.93737b | VCERT: 6.15875% | VSURP: 7.65066b

[GeoMind CAUSAL CE Stream] Ep 1.0/Inf | D[1.0/10.0] | 21.8173% (8093.97 / 37098.9 KB) | LR: 0.00235548 | TEMP: 1.00004
  Train -> TL: 4.06513 | ATL: 4.36194 | TPPL: 78.409 | ENT: 6.93847b | CERT: 8.65483% | SURP: 6.44022b
  Val   -> VL: 4.77431 | AVL: 4.73433 | VPPL: 113.787 | VENT: 7.95524b | VCERT: 5.82367% | VSURP: 7.68534b

[GeoMind CAUSAL CE Stream] Ep 1.0/Inf | D[1.0/10.0] | 21.8812% (8117.68 / 37098.9 KB) | LR: 0.00235501 | TEMP: 1.00003
  Train -> TL: 4.29349 | ATL: 4.36173 | TPPL: 78.3929 | ENT: 7.45786b | CERT: 6.50303% | SURP: 6.87786b
  Val   -> VL: 4.7368 | AVL: 4.73445 | VPPL: 113.801 | VENT: 7.86299b | VCERT: 6.47408% | VSURP: 7.60109b

[GeoMind CAUSAL CE Stream] Ep 1.0/Inf | D[1.0/10.0] | 21.899% (8124.29 / 37098.9 KB) | LR: 0.00235458 | TEMP: 1.00003
  Train -> TL: 4.25909 | ATL: 4.36166 | TPPL: 78.387 | ENT: 7.3142b | CERT: 8.26905% | SURP: 6.78322b
  Val   -> VL: 4.74184 | AVL: 4.73482 | VPPL: 113.843 | VENT: 7.86083b | VCERT: 6.62193% | VSURP: 7.62963b

[GeoMind CAUSAL CE Stream] Ep 1.0/Inf | D[1.0/10.0] | 21.9615% (8147.46 / 37098.9 KB) | LR: 0.0023542 | TEMP: 1.00003
  Train -> TL: 4.38176 | ATL: 4.36171 | TPPL: 78.3911 | ENT: 7.51465b | CERT: 6.50024% | SURP: 7.01467b
  Val   -> VL: 4.72132 | AVL: 4.73414 | VPPL: 113.766 | VENT: 7.89397b | VCERT: 6.75936% | VSURP: 7.58831b

[GeoMind CAUSAL CE Stream] Ep 1.0/Inf | D[1.0/10.0] | 22.0579% (8183.23 / 37098.9 KB) | LR: 0.00235355 | TEMP: 1.00003
  Train -> TL: 3.83214 | ATL: 4.35936 | TPPL: 78.2069 | ENT: 7.00029b | CERT: 11.8505% | SURP: 6.32963b
  Val   -> VL: 4.7964 | AVL: 4.73726 | VPPL: 114.121 | VENT: 7.72738b | VCERT: 7.49086% | VSURP: 7.64992b

[GeoMind CAUSAL CE Stream] Ep 1.0/Inf | D[1.0/10.0] | 22.1981% (8235.27 / 37098.9 KB) | LR: 0.00233002 | TEMP: 1.01221
  Train -> TL: 3.56812 | ATL: 4.35446 | TPPL: 77.825 | ENT: 6.69082b | CERT: 13.0894% | SURP: 5.95669b
  Val   -> VL: 4.89975 | AVL: 4.74538 | VPPL: 115.052 | VENT: 7.65796b | VCERT: 7.19101% | VSURP: 7.80041b

[GeoMind CAUSAL CE Stream] Ep 1.0/Inf | D[1.0/10.0] | 22.2996% (8272.9 / 37098.9 KB) | LR: 0.00233113 | TEMP: 1.0116
  Train -> TL: 4.29918 | ATL: 4.35421 | TPPL: 77.8057 | ENT: 7.11689b | CERT: 8.78487% | SURP: 6.8033b
  Val   -> VL: 4.8019 | AVL: 4.74821 | VPPL: 115.377 | VENT: 7.9226b | VCERT: 6.21333% | VSURP: 7.68579b

[GeoMind CAUSAL CE Stream] Ep 1.0/Inf | D[1.0/10.0] | 22.376% (8301.25 / 37098.9 KB) | LR: 0.00233199 | TEMP: 1.01102
  Train -> TL: 3.98028 | ATL: 4.35316 | TPPL: 77.7238 | ENT: 7.18795b | CERT: 8.28523% | SURP: 6.51958b
  Val   -> VL: 4.7502 | AVL: 4.74831 | VPPL: 115.389 | VENT: 7.8676b | VCERT: 6.45015% | VSURP: 7.57094b

[GeoMind CAUSAL CE Stream] Ep 1.0/Inf | D[1.0/10.0] | 22.4633% (8333.66 / 37098.9 KB) | LR: 0.00233257 | TEMP: 1.01047
  Train -> TL: 3.8841 | ATL: 4.35158 | TPPL: 77.6011 | ENT: 7.12466b | CERT: 8.32664% | SURP: 6.36103b
  Val   -> VL: 4.75069 | AVL: 4.74843 | VPPL: 115.403 | VENT: 7.83024b | VCERT: 6.31898% | VSURP: 7.58021b

[GeoMind CAUSAL CE Stream] Ep 1.0/Inf | D[1.0/10.0] | 22.5061% (8349.53 / 37098.9 KB) | LR: 0.00233308 | TEMP: 1.00995
  Train -> TL: 4.30762 | ATL: 4.3515 | TPPL: 77.5951 | ENT: 7.31297b | CERT: 6.88678% | SURP: 6.84037b
  Val   -> VL: 4.74374 | AVL: 4.74819 | VPPL: 115.376 | VENT: 7.84317b | VCERT: 6.30998% | VSURP: 7.58361b

[GeoMind CAUSAL CE Stream] Ep 1.0/Inf | D[1.0/10.0] | 22.5553% (8367.76 / 37098.9 KB) | LR: 0.00233359 | TEMP: 1.00945
  Train -> TL: 4.52966 | ATL: 4.35195 | TPPL: 77.6294 | ENT: 7.54718b | CERT: 6.74413% | SURP: 7.18779b
  Val   -> VL: 4.78497 | AVL: 4.75003 | VPPL: 115.588 | VENT: 7.75828b | VCERT: 7.40221% | VSURP: 7.65462b

[GeoMind CAUSAL CE Stream] Ep 1.0/Inf | D[1.0/10.0] | 22.6092% (8387.78 / 37098.9 KB) | LR: 0.00233405 | TEMP: 1.00898
  Train -> TL: 4.35154 | ATL: 4.35195 | TPPL: 77.6293 | ENT: 7.41112b | CERT: 6.77264% | SURP: 6.88277b
  Val   -> VL: 4.76128 | AVL: 4.75059 | VPPL: 115.653 | VENT: 7.77771b | VCERT: 7.03763% | VSURP: 7.62416b

[GeoMind CAUSAL CE Stream] Ep 1.0/Inf | D[1.0/10.0] | 22.6598% (8406.53 / 37098.9 KB) | LR: 0.00233446 | TEMP: 1.00853
  Train -> TL: 4.32198 | ATL: 4.35188 | TPPL: 77.6244 | ENT: 7.46949b | CERT: 6.83926% | SURP: 6.90877b
  Val   -> VL: 4.76949 | AVL: 4.75154 | VPPL: 115.762 | VENT: 7.83232b | VCERT: 6.7739% | VSURP: 7.62927b

[GeoMind CAUSAL CE Stream] Ep 1.0/Inf | D[1.0/10.0] | 22.6917% (8418.4 / 37098.9 KB) | LR: 0.00233488 | TEMP: 1.0081
  Train -> TL: 4.63818 | ATL: 4.35231 | TPPL: 77.6578 | ENT: 7.51716b | CERT: 6.41573% | SURP: 7.21539b
  Val   -> VL: 4.78468 | AVL: 4.7532 | VPPL: 115.954 | VENT: 7.90922b | VCERT: 6.33058% | VSURP: 7.68046b

[GeoMind CAUSAL CE Stream] Ep 1.0/Inf | D[1.0/10.0] | 22.7166% (8427.61 / 37098.9 KB) | LR: 0.00233527 | TEMP: 1.0077
  Train -> TL: 4.36893 | ATL: 4.35233 | TPPL: 77.6591 | ENT: 7.55982b | CERT: 6.13969% | SURP: 6.96906b
  Val   -> VL: 4.79297 | AVL: 4.75518 | VPPL: 116.185 | VENT: 7.84857b | VCERT: 6.91423% | VSURP: 7.70249b

[GeoMind CAUSAL CE Stream] Ep 1.0/Inf | D[1.0/10.0] | 22.7416% (8436.88 / 37098.9 KB) | LR: 0.00233556 | TEMP: 1.00731
  Train -> TL: 4.02976 | ATL: 4.35195 | TPPL: 77.63 | ENT: 7.25819b | CERT: 7.40395% | SURP: 6.58254b
  Val   -> VL: 4.77321 | AVL: 4.75609 | VPPL: 116.29 | VENT: 7.70514b | VCERT: 7.90646% | VSURP: 7.62151b

[GeoMind CAUSAL CE Stream] Ep 1.0/Inf | D[1.0/10.0] | 22.792% (8455.59 / 37098.9 KB) | LR: 0.00233578 | TEMP: 1.00695
  Train -> TL: 4.1669 | ATL: 4.35156 | TPPL: 77.5995 | ENT: 7.24724b | CERT: 7.38837% | SURP: 6.68626b
  Val   -> VL: 4.76707 | AVL: 4.75663 | VPPL: 116.354 | VENT: 7.81353b | VCERT: 6.85511% | VSURP: 7.63546b

[GeoMind CAUSAL CE Stream] Ep 1.0/Inf | D[1.0/10.0] | 22.8599% (8480.76 / 37098.9 KB) | LR: 0.0023359 | TEMP: 1.0066
  Train -> TL: 4.16242 | ATL: 4.35096 | TPPL: 77.5528 | ENT: 7.10908b | CERT: 8.08832% | SURP: 6.56869b
  Val   -> VL: 4.75171 | AVL: 4.75639 | VPPL: 116.325 | VENT: 7.77638b | VCERT: 7.2982% | VSURP: 7.60808b

[GeoMind CAUSAL CE Stream] Ep 1.0/Inf | D[1.0/10.0] | 22.8974% (8494.68 / 37098.9 KB) | LR: 0.00233595 | TEMP: 1.00627
  Train -> TL: 4.15566 | ATL: 4.3506 | TPPL: 77.5246 | ENT: 7.02438b | CERT: 10.1715% | SURP: 6.53994b
  Val   -> VL: 4.76565 | AVL: 4.75685 | VPPL: 116.379 | VENT: 7.79085b | VCERT: 7.0341% | VSURP: 7.63725b

[GeoMind CAUSAL CE Stream] Ep 1.0/Inf | D[1.0/10.0] | 22.9518% (8514.85 / 37098.9 KB) | LR: 0.00233603 | TEMP: 1.00596
  Train -> TL: 4.42777 | ATL: 4.35078 | TPPL: 77.5391 | ENT: 7.51159b | CERT: 6.98072% | SURP: 6.86515b
  Val   -> VL: 4.78316 | AVL: 4.75817 | VPPL: 116.532 | VENT: 7.81959b | VCERT: 6.55736% | VSURP: 7.67617b

[GeoMind CAUSAL CE Stream] Ep 1.0/Inf | D[1.0/10.0] | 23.0526% (8552.25 / 37098.9 KB) | LR: 0.00233594 | TEMP: 1.00566
  Train -> TL: 4.08437 | ATL: 4.34957 | TPPL: 77.4452 | ENT: 7.09725b | CERT: 9.04082% | SURP: 6.55324b
  Val   -> VL: 4.79186 | AVL: 4.75985 | VPPL: 116.729 | VENT: 7.70083b | VCERT: 7.62551% | VSURP: 7.64084b

[GeoMind CAUSAL CE Stream] Ep 1.0/Inf | D[1.0/10.0] | 23.0838% (8563.85 / 37098.9 KB) | LR: 0.00233591 | TEMP: 1.00537
  Train -> TL: 4.55693 | ATL: 4.34989 | TPPL: 77.4696 | ENT: 7.48221b | CERT: 7.109% | SURP: 7.11083b
  Val   -> VL: 4.74753 | AVL: 4.75923 | VPPL: 116.657 | VENT: 7.84335b | VCERT: 7.16798% | VSURP: 7.62041b

[GeoMind CAUSAL CE Stream] Ep 1.0/Inf | D[1.0/10.0] | 23.1355% (8583.03 / 37098.9 KB) | LR: 0.00233587 | TEMP: 1.00511
  Train -> TL: 4.33535 | ATL: 4.34985 | TPPL: 77.467 | ENT: 7.47129b | CERT: 7.512% | SURP: 6.92982b
  Val   -> VL: 4.73478 | AVL: 4.75801 | VPPL: 116.514 | VENT: 7.78807b | VCERT: 7.38266% | VSURP: 7.60014b

[GeoMind CAUSAL CE Stream] Ep 1.0/Inf | D[1.0/10.0] | 23.293% (8641.45 / 37098.9 KB) | LR: 0.0023358 | TEMP: 1.00485
  Train -> TL: 4.27544 | ATL: 4.3496 | TPPL: 77.4478 | ENT: 7.37635b | CERT: 7.05101% | SURP: 6.75091b
  Val   -> VL: 4.76103 | AVL: 4.75816 | VPPL: 116.532 | VENT: 7.79454b | VCERT: 7.06634% | VSURP: 7.64369b

[GeoMind CAUSAL CE Stream] Ep 1.0/Inf | D[1.0/10.0] | 23.333% (8656.3 / 37098.9 KB) | LR: 0.00233568 | TEMP: 1.00461
  Train -> TL: 4.08723 | ATL: 4.34915 | TPPL: 77.4128 | ENT: 7.22942b | CERT: 8.62487% | SURP: 6.58876b
  Val   -> VL: 4.76846 | AVL: 4.75868 | VPPL: 116.592 | VENT: 7.78178b | VCERT: 7.19527% | VSURP: 7.63407b

[GeoMind CAUSAL CE Stream] Ep 1.0/Inf | D[1.0/10.0] | 23.3776% (8672.84 / 37098.9 KB) | LR: 0.00233556 | TEMP: 1.00438
  Train -> TL: 4.28575 | ATL: 4.34905 | TPPL: 77.405 | ENT: 7.40902b | CERT: 6.72821% | SURP: 6.8032b
  Val   -> VL: 4.78167 | AVL: 4.75983 | VPPL: 116.726 | VENT: 7.80089b | VCERT: 7.22462% | VSURP: 7.66071b

[GeoMind CAUSAL CE Stream] Ep 1.0/Inf | D[1.0/10.0] | 23.4841% (8712.36 / 37098.9 KB) | LR: 0.00233526 | TEMP: 1.00416
  Train -> TL: 4.01623 | ATL: 4.3475 | TPPL: 77.2848 | ENT: 7.12463b | CERT: 10.5087% | SURP: 6.55045b
  Val   -> VL: 4.73409 | AVL: 4.75854 | VPPL: 116.576 | VENT: 7.8559b | VCERT: 7.10649% | VSURP: 7.56174b

[GeoMind CAUSAL CE Stream] Ep 1.0/Inf | D[1.0/10.0] | 23.5383% (8732.45 / 37098.9 KB) | LR: 0.00233492 | TEMP: 1.00395
  Train -> TL: 4.11046 | ATL: 4.34698 | TPPL: 77.2446 | ENT: 7.29478b | CERT: 8.20011% | SURP: 6.62207b
  Val   -> VL: 4.7362 | AVL: 4.75742 | VPPL: 116.445 | VENT: 7.8806b | VCERT: 6.8964% | VSURP: 7.60404b

[GeoMind CAUSAL CE Stream] Ep 1.0/Inf | D[1.0/10.0] | 23.6033% (8756.56 / 37098.9 KB) | LR: 0.00233447 | TEMP: 1.00375
  Train -> TL: 4.00132 | ATL: 4.34592 | TPPL: 77.1629 | ENT: 7.07499b | CERT: 8.84453% | SURP: 6.43587b
  Val   -> VL: 4.73595 | AVL: 4.75635 | VPPL: 116.321 | VENT: 7.75865b | VCERT: 7.14592% | VSURP: 7.56951b

[GeoMind CAUSAL CE Stream] Ep 1.0/Inf | D[1.0/10.0] | 23.656% (8776.12 / 37098.9 KB) | LR: 0.00233403 | TEMP: 1.00357
  Train -> TL: 4.21709 | ATL: 4.34563 | TPPL: 77.1402 | ENT: 7.26457b | CERT: 7.75709% | SURP: 6.78072b
  Val   -> VL: 4.7257 | AVL: 4.75482 | VPPL: 116.142 | VENT: 7.76922b | VCERT: 7.34771% | VSURP: 7.57918b

[GeoMind CAUSAL CE Stream] Ep 1.0/Inf | D[1.0/10.0] | 23.7008% (8792.74 / 37098.9 KB) | LR: 0.00233361 | TEMP: 1.00339
  Train -> TL: 4.24409 | ATL: 4.34542 | TPPL: 77.1243 | ENT: 7.32586b | CERT: 7.41345% | SURP: 6.72269b
  Val   -> VL: 4.73058 | AVL: 4.75361 | VPPL: 116.002 | VENT: 7.80962b | VCERT: 7.04871% | VSURP: 7.58836b

[GeoMind CAUSAL CE Stream] Ep 1.0/Inf | D[1.0/10.0] | 23.7504% (8811.14 / 37098.9 KB) | LR: 0.00233324 | TEMP: 1.00322
  Train -> TL: 4.39374 | ATL: 4.34551 | TPPL: 77.1317 | ENT: 7.52151b | CERT: 6.43875% | SURP: 7.00436b
  Val   -> VL: 4.7319 | AVL: 4.75252 | VPPL: 115.876 | VENT: 7.84709b | VCERT: 6.88468% | VSURP: 7.59553b

[GeoMind CAUSAL CE Stream] Ep 1.0/Inf | D[1.0/10.0] | 23.799% (8829.19 / 37098.9 KB) | LR: 0.00233291 | TEMP: 1.00306
  Train -> TL: 4.33172 | ATL: 4.34549 | TPPL: 77.1295 | ENT: 7.47468b | CERT: 6.7204% | SURP: 6.79177b
  Val   -> VL: 4.72466 | AVL: 4.75113 | VPPL: 115.715 | VENT: 7.78021b | VCERT: 7.35292% | VSURP: 7.58992b

[GeoMind CAUSAL CE Stream] Ep 1.0/Inf | D[1.0/10.0] | 23.9118% (8871.03 / 37098.9 KB) | LR: 0.00233251 | TEMP: 1.0029
  Train -> TL: 4.18464 | ATL: 4.34467 | TPPL: 77.0668 | ENT: 7.26426b | CERT: 8.03542% | SURP: 6.7248b
  Val   -> VL: 4.67186 | AVL: 4.74716 | VPPL: 115.257 | VENT: 7.86772b | VCERT: 6.77636% | VSURP: 7.50537b

[GeoMind CAUSAL CE Stream] Ep 1.0/Inf | D[1.0/10.0] | 23.9776% (8895.42 / 37098.9 KB) | LR: 0.00233206 | TEMP: 1.00276
  Train -> TL: 4.1561 | ATL: 4.34406 | TPPL: 77.0196 | ENT: 7.22416b | CERT: 7.56172% | SURP: 6.6275b
  Val   -> VL: 4.65968 | AVL: 4.74279 | VPPL: 114.754 | VENT: 7.76752b | VCERT: 7.39658% | VSURP: 7.47053b

[GeoMind CAUSAL CE Stream] Ep 1.0/Inf | D[1.0/10.0] | 24.0009% (8904.07 / 37098.9 KB) | LR: 0.00233168 | TEMP: 1.00262
  Train -> TL: 4.50369 | ATL: 4.34421 | TPPL: 77.031 | ENT: 7.46155b | CERT: 7.47904% | SURP: 7.10397b
  Val   -> VL: 4.6595 | AVL: 4.73863 | VPPL: 114.277 | VENT: 7.84014b | VCERT: 6.94377% | VSURP: 7.47865b

[GeoMind CAUSAL CE Stream] Ep 1.0/Inf | D[1.0/10.0] | 24.0596% (8925.87 / 37098.9 KB) | LR: 0.00233134 | TEMP: 1.00249
  Train -> TL: 4.32739 | ATL: 4.34417 | TPPL: 77.0278 | ENT: 7.46565b | CERT: 7.28855% | SURP: 6.88228b
  Val   -> VL: 4.7091 | AVL: 4.73715 | VPPL: 114.108 | VENT: 7.81382b | VCERT: 7.0313% | VSURP: 7.57003b

[GeoMind CAUSAL CE Stream] Ep 1.0/Inf | D[1.0/10.0] | 24.1117% (8945.19 / 37098.9 KB) | LR: 0.00233106 | TEMP: 1.00237
  Train -> TL: 4.46855 | ATL: 4.34445 | TPPL: 77.0493 | ENT: 7.55343b | CERT: 6.56343% | SURP: 6.99827b
  Val   -> VL: 4.68096 | AVL: 4.73434 | VPPL: 113.788 | VENT: 7.91229b | VCERT: 7.08195% | VSURP: 7.51347b

[GeoMind CAUSAL CE Stream] Ep 1.0/Inf | D[1.0/10.0] | 24.239% (8992.4 / 37098.9 KB) | LR: 0.00233077 | TEMP: 1.00225
  Train -> TL: 4.28703 | ATL: 4.34414 | TPPL: 77.0258 | ENT: 7.5282b | CERT: 6.88632% | SURP: 6.83419b
  Val   -> VL: 4.7131 | AVL: 4.73328 | VPPL: 113.667 | VENT: 7.94458b | VCERT: 6.26869% | VSURP: 7.61182b

[GeoMind CAUSAL CE Stream] Ep 1.0/Inf | D[1.0/10.0] | 24.2716% (9004.52 / 37098.9 KB) | LR: 0.0023305 | TEMP: 1.00213
  Train -> TL: 4.25213 | ATL: 4.34401 | TPPL: 77.016 | ENT: 7.17574b | CERT: 7.91269% | SURP: 6.75051b
  Val   -> VL: 4.68839 | AVL: 4.73103 | VPPL: 113.413 | VENT: 7.94927b | VCERT: 6.48596% | VSURP: 7.54782b

[GeoMind CAUSAL CE Stream] Ep 1.0/Inf | D[1.0/10.0] | 24.3465% (9032.28 / 37098.9 KB) | LR: 0.00233016 | TEMP: 1.00203
  Train -> TL: 4.1274 | ATL: 4.34328 | TPPL: 76.9597 | ENT: 7.00444b | CERT: 8.8022% | SURP: 6.52041b
  Val   -> VL: 4.78053 | AVL: 4.73351 | VPPL: 113.694 | VENT: 7.76119b | VCERT: 6.90974% | VSURP: 7.648b

[GeoMind CAUSAL CE Stream] Ep 1.0/Inf | D[1.0/10.0] | 24.3886% (9047.92 / 37098.9 KB) | LR: 0.00232969 | TEMP: 1.00193
  Train -> TL: 3.80089 | ATL: 4.34207 | TPPL: 76.8668 | ENT: 6.28587b | CERT: 12.4735% | SURP: 6.08217b
  Val   -> VL: 4.77532 | AVL: 4.7356 | VPPL: 113.932 | VENT: 7.80476b | VCERT: 6.89815% | VSURP: 7.65705b

[GeoMind CAUSAL CE Stream] Ep 1.0/Inf | D[1.0/10.0] | 24.425% (9061.4 / 37098.9 KB) | LR: 0.00232929 | TEMP: 1.00183
  Train -> TL: 4.41313 | ATL: 4.34217 | TPPL: 76.8744 | ENT: 7.4578b | CERT: 6.5869% | SURP: 7.00082b
  Val   -> VL: 4.73739 | AVL: 4.73569 | VPPL: 113.942 | VENT: 7.9656b | VCERT: 5.92349% | VSURP: 7.61129b

[GeoMind CAUSAL CE Stream] Ep 1.0/Inf | D[1.0/10.0] | 24.4863% (9084.17 / 37098.9 KB) | LR: 0.0023289 | TEMP: 1.00174
  Train -> TL: 4.28403 | ATL: 4.34202 | TPPL: 76.8623 | ENT: 7.27357b | CERT: 7.74447% | SURP: 6.67821b
  Val   -> VL: 4.71673 | AVL: 4.73474 | VPPL: 113.834 | VENT: 7.96099b | VCERT: 6.19781% | VSURP: 7.57424b

[GeoMind CAUSAL CE Stream] Ep 1.0/Inf | D[1.0/10.0] | 24.5396% (9103.93 / 37098.9 KB) | LR: 0.00232855 | TEMP: 1.00165
  Train -> TL: 4.32987 | ATL: 4.34199 | TPPL: 76.8602 | ENT: 7.49653b | CERT: 7.09174% | SURP: 7.00758b
  Val   -> VL: 4.74085 | AVL: 4.73505 | VPPL: 113.869 | VENT: 7.73791b | VCERT: 8.11165% | VSURP: 7.57588b

[GeoMind CAUSAL CE Stream] Ep 1.0/Inf | D[1.0/10.0] | 24.6014% (9126.85 / 37098.9 KB) | LR: 0.00232818 | TEMP: 1.00157
  Train -> TL: 4.16125 | ATL: 4.34152 | TPPL: 76.8242 | ENT: 7.36355b | CERT: 7.76303% | SURP: 6.7782b
  Val   -> VL: 4.76351 | AVL: 4.73647 | VPPL: 114.031 | VENT: 7.56494b | VCERT: 9.26178% | VSURP: 7.60511b

[GeoMind CAUSAL CE Stream] Ep 1.0/Inf | D[1.0/10.0] | 24.6708% (9152.6 / 37098.9 KB) | LR: 0.00232781 | TEMP: 1.00149
  Train -> TL: 4.26141 | ATL: 4.34127 | TPPL: 76.8053 | ENT: 7.32612b | CERT: 8.09958% | SURP: 6.74072b
  Val   -> VL: 4.76817 | AVL: 4.73805 | VPPL: 114.212 | VENT: 7.88882b | VCERT: 7.05309% | VSURP: 7.6787b

[GeoMind CAUSAL CE Stream] Ep 1.0/Inf | D[1.0/10.0] | 24.7858% (9195.26 / 37098.9 KB) | LR: 0.00232745 | TEMP: 1.00142
  Train -> TL: 4.28786 | ATL: 4.34105 | TPPL: 76.7877 | ENT: 7.51802b | CERT: 6.72355% | SURP: 6.86483b
  Val   -> VL: 4.73813 | AVL: 4.73806 | VPPL: 114.212 | VENT: 7.78573b | VCERT: 7.49572% | VSURP: 7.61039b

[GeoMind CAUSAL CE Stream] Ep 1.0/Inf | D[1.0/10.0] | 24.871% (9226.89 / 37098.9 KB) | LR: 0.00232702 | TEMP: 1.00135
  Train -> TL: 4.12474 | ATL: 4.34024 | TPPL: 76.7257 | ENT: 7.14906b | CERT: 8.43238% | SURP: 6.59401b
  Val   -> VL: 4.74939 | AVL: 4.73862 | VPPL: 114.277 | VENT: 7.73702b | VCERT: 7.60964% | VSURP: 7.62263b

[GeoMind CAUSAL CE Stream] Ep 1.0/Inf | D[1.0/10.0] | 24.9253% (9247.03 / 37098.9 KB) | LR: 0.00232666 | TEMP: 1.00128
  Train -> TL: 4.41798 | ATL: 4.34042 | TPPL: 76.7397 | ENT: 7.48335b | CERT: 7.50322% | SURP: 6.96923b
  Val   -> VL: 4.73104 | AVL: 4.73825 | VPPL: 114.234 | VENT: 7.89053b | VCERT: 6.6313% | VSURP: 7.61672b

[GeoMind CAUSAL CE Stream] Ep 1.0/Inf | D[1.0/10.0] | 24.988% (9270.29 / 37098.9 KB) | LR: 0.00232624 | TEMP: 1.00121
  Train -> TL: 4.04366 | ATL: 4.33971 | TPPL: 76.6856 | ENT: 7.18843b | CERT: 8.12866% | SURP: 6.51871b
  Val   -> VL: 4.72475 | AVL: 4.73757 | VPPL: 114.157 | VENT: 7.79164b | VCERT: 7.12833% | VSURP: 7.58543b

[GeoMind CAUSAL CE Stream] Ep 1.0/Inf | D[1.0/10.0] | 25.0394% (9289.37 / 37098.9 KB) | LR: 0.00232589 | TEMP: 1.00115
  Train -> TL: 4.41518 | ATL: 4.33987 | TPPL: 76.6978 | ENT: 7.29301b | CERT: 7.58898% | SURP: 6.98656b
  Val   -> VL: 4.73497 | AVL: 4.73744 | VPPL: 114.142 | VENT: 7.81129b | VCERT: 7.26067% | VSURP: 7.57972b

[GeoMind CAUSAL CE Stream] Ep 1.0/Inf | D[1.0/10.0] | 25.1136% (9316.86 / 37098.9 KB) | LR: 0.00232546 | TEMP: 1.0011
  Train -> TL: 4.08528 | ATL: 4.33901 | TPPL: 76.6315 | ENT: 7.11462b | CERT: 9.12465% | SURP: 6.52457b
  Val   -> VL: 4.76446 | AVL: 4.73879 | VPPL: 114.296 | VENT: 7.73223b | VCERT: 7.26675% | VSURP: 7.64798b

[GeoMind CAUSAL CE Stream] Ep 1.0/Inf | D[1.0/10.0] | 25.1804% (9341.67 / 37098.9 KB) | LR: 0.00232503 | TEMP: 1.00104
  Train -> TL: 4.23195 | ATL: 4.33868 | TPPL: 76.6065 | ENT: 7.09406b | CERT: 8.19354% | SURP: 6.72761b
  Val   -> VL: 4.74626 | AVL: 4.73917 | VPPL: 114.339 | VENT: 7.80866b | VCERT: 6.52361% | VSURP: 7.61781b

[GeoMind CAUSAL CE Stream] Ep 1.0/Inf | D[1.0/10.0] | 25.2918% (9382.98 / 37098.9 KB) | LR: 0.00230178 | TEMP: 1.01089
  Train -> TL: 4.05673 | ATL: 4.33725 | TPPL: 76.4965 | ENT: 7.2625b | CERT: 7.48675% | SURP: 6.62952b
  Val   -> VL: 4.87256 | AVL: 4.74584 | VPPL: 115.104 | VENT: 7.62358b | VCERT: 7.39217% | VSURP: 7.77044b

[GeoMind CAUSAL CE Stream] Ep 1.0/Inf | D[1.0/10.0] | 25.4045% (9424.8 / 37098.9 KB) | LR: 0.00227876 | TEMP: 1.01887
  Train -> TL: 4.19484 | ATL: 4.33662 | TPPL: 76.4485 | ENT: 7.14585b | CERT: 7.60649% | SURP: 6.71835b
  Val   -> VL: 4.87396 | AVL: 4.75224 | VPPL: 115.844 | VENT: 7.70969b | VCERT: 7.23523% | VSURP: 7.79357b

[GeoMind CAUSAL CE Stream] Ep 1.0/Inf | D[1.0/10.0] | 25.46% (9445.37 / 37098.9 KB) | LR: 0.00228269 | TEMP: 1.01792
  Train -> TL: 4.18045 | ATL: 4.33625 | TPPL: 76.4206 | ENT: 7.23191b | CERT: 7.7697% | SURP: 6.66717b
  Val   -> VL: 4.8225 | AVL: 4.75575 | VPPL: 116.251 | VENT: 7.71225b | VCERT: 7.61756% | VSURP: 7.70679b

[GeoMind CAUSAL CE Stream] Ep 1.0/Inf | D[1.0/10.0] | 25.5036% (9461.58 / 37098.9 KB) | LR: 0.00228628 | TEMP: 1.01703
  Train -> TL: 4.59501 | ATL: 4.33672 | TPPL: 76.4563 | ENT: 7.40244b | CERT: 6.68515% | SURP: 7.14937b
  Val   -> VL: 4.80073 | AVL: 4.758 | VPPL: 116.513 | VENT: 7.75665b | VCERT: 7.68103% | VSURP: 7.69136b

[GeoMind CAUSAL CE Stream] Ep 1.0/Inf | D[1.0/10.0] | 25.5664% (9484.87 / 37098.9 KB) | LR: 0.00228955 | TEMP: 1.01618
  Train -> TL: 4.43058 | ATL: 4.33695 | TPPL: 76.474 | ENT: 7.39739b | CERT: 7.21864% | SURP: 6.95477b
  Val   -> VL: 4.78453 | AVL: 4.75933 | VPPL: 116.668 | VENT: 7.76403b | VCERT: 7.58973% | VSURP: 7.6745b

[GeoMind CAUSAL CE Stream] Ep 1.0/Inf | D[1.0/10.0] | 25.6183% (9504.1 / 37098.9 KB) | LR: 0.00229247 | TEMP: 1.01537
  Train -> TL: 4.28732 | ATL: 4.33685 | TPPL: 76.4665 | ENT: 7.29328b | CERT: 8.01183% | SURP: 6.81681b
  Val   -> VL: 4.77224 | AVL: 4.75997 | VPPL: 116.743 | VENT: 7.81027b | VCERT: 7.25113% | VSURP: 7.6516b

[GeoMind CAUSAL CE Stream] Ep 1.0/Inf | D[1.0/10.0] | 25.7001% (9534.45 / 37098.9 KB) | LR: 0.00229505 | TEMP: 1.0146
  Train -> TL: 4.21212 | ATL: 4.33642 | TPPL: 76.4331 | ENT: 7.20531b | CERT: 8.7388% | SURP: 6.58654b
  Val   -> VL: 4.79407 | AVL: 4.76168 | VPPL: 116.942 | VENT: 7.71935b | VCERT: 7.07453% | VSURP: 7.68477b

[GeoMind CAUSAL CE Stream] Ep 1.0/Inf | D[1.0/10.0] | 25.7619% (9557.37 / 37098.9 KB) | LR: 0.00229736 | TEMP: 1.01387
  Train -> TL: 4.30156 | ATL: 4.33633 | TPPL: 76.4266 | ENT: 7.23729b | CERT: 8.07976% | SURP: 6.80189b
  Val   -> VL: 4.75526 | AVL: 4.76136 | VPPL: 116.905 | VENT: 7.8025b | VCERT: 6.89634% | VSURP: 7.62647b

[GeoMind CAUSAL CE Stream] Ep 1.0/Inf | D[1.0/10.0] | 25.8453% (9588.31 / 37098.9 KB) | LR: 0.00229944 | TEMP: 1.01317
  Train -> TL: 4.34397 | ATL: 4.33636 | TPPL: 76.4286 | ENT: 7.27319b | CERT: 7.46123% | SURP: 6.72394b
  Val   -> VL: 4.72225 | AVL: 4.7594 | VPPL: 116.676 | VENT: 7.87456b | VCERT: 6.91812% | VSURP: 7.59568b

[GeoMind CAUSAL CE Stream] Ep 1.0/Inf | D[1.0/10.0] | 25.8774% (9600.24 / 37098.9 KB) | LR: 0.0023013 | TEMP: 1.01252
  Train -> TL: 4.22479 | ATL: 4.33623 | TPPL: 76.419 | ENT: 7.46549b | CERT: 6.86304% | SURP: 6.81262b
  Val   -> VL: 4.72575 | AVL: 4.75772 | VPPL: 116.48 | VENT: 7.76343b | VCERT: 7.29599% | VSURP: 7.59437b

[GeoMind CAUSAL CE Stream] Ep 1.0/Inf | D[1.0/10.0] | 25.9458% (9625.61 / 37098.9 KB) | LR: 0.00230295 | TEMP: 1.01189
  Train -> TL: 4.28194 | ATL: 4.3361 | TPPL: 76.4088 | ENT: 7.34074b | CERT: 6.77783% | SURP: 6.89425b
  Val   -> VL: 4.7446 | AVL: 4.75706 | VPPL: 116.404 | VENT: 7.75174b | VCERT: 7.16848% | VSURP: 7.60882b

[GeoMind CAUSAL CE Stream] Ep 1.0/Inf | D[1.0/10.0] | 26.0098% (9649.37 / 37098.9 KB) | LR: 0.00230434 | TEMP: 1.0113
  Train -> TL: 4.04652 | ATL: 4.33529 | TPPL: 76.347 | ENT: 6.95039b | CERT: 9.83028% | SURP: 6.45297b
  Val   -> VL: 4.73727 | AVL: 4.75607 | VPPL: 116.289 | VENT: 7.75003b | VCERT: 7.26088% | VSURP: 7.60759b

[GeoMind CAUSAL CE Stream] Ep 1.0/Inf | D[1.0/10.0] | 26.0321% (9657.63 / 37098.9 KB) | LR: 0.00230545 | TEMP: 1.01073
  Train -> TL: 3.58448 | ATL: 4.33426 | TPPL: 76.2688 | ENT: 5.72348b | CERT: 16.8733% | SURP: 5.64245b
  Val   -> VL: 4.74518 | AVL: 4.75553 | VPPL: 116.225 | VENT: 7.61327b | VCERT: 8.02008% | VSURP: 7.57454b

[GeoMind CAUSAL CE Stream] Ep 1.0/Inf | D[1.0/10.0] | 26.084% (9676.9 / 37098.9 KB) | LR: 0.00230645 | TEMP: 1.01019
  Train -> TL: 4.31192 | ATL: 4.33422 | TPPL: 76.2654 | ENT: 7.24059b | CERT: 8.48638% | SURP: 6.81095b
  Val   -> VL: 4.73332 | AVL: 4.75442 | VPPL: 116.096 | VENT: 7.78533b | VCERT: 6.86936% | VSURP: 7.58121b

[GeoMind CAUSAL CE Stream] Ep 1.0/Inf | D[1.0/10.0] | 26.1639% (9706.53 / 37098.9 KB) | LR: 0.00230724 | TEMP: 1.00968
  Train -> TL: 4.08433 | ATL: 4.33341 | TPPL: 76.2037 | ENT: 7.26904b | CERT: 8.23871% | SURP: 6.60374b
  Val   -> VL: 4.71411 | AVL: 4.7524 | VPPL: 115.862 | VENT: 7.76338b | VCERT: 7.31106% | VSURP: 7.54387b

[GeoMind CAUSAL CE Stream] Ep 1.0/Inf | D[1.0/10.0] | 26.2373% (9733.77 / 37098.9 KB) | LR: 0.0023079 | TEMP: 1.0092
  Train -> TL: 4.1671 | ATL: 4.33296 | TPPL: 76.1698 | ENT: 7.32899b | CERT: 8.05304% | SURP: 6.66128b
  Val   -> VL: 4.76085 | AVL: 4.75283 | VPPL: 115.911 | VENT: 7.65996b | VCERT: 7.64463% | VSURP: 7.61095b

[GeoMind CAUSAL CE Stream] Ep 1.0/Inf | D[1.0/10.0] | 26.2774% (9748.63 / 37098.9 KB) | LR: 0.00230848 | TEMP: 1.00874
  Train -> TL: 4.30144 | ATL: 4.33292 | TPPL: 76.1662 | ENT: 7.28754b | CERT: 7.47226% | SURP: 6.75709b
  Val   -> VL: 4.74675 | AVL: 4.75252 | VPPL: 115.876 | VENT: 7.75647b | VCERT: 7.17387% | VSURP: 7.60962b

[GeoMind CAUSAL CE Stream] Ep 1.0/Inf | D[1.0/10.0] | 26.3169% (9763.27 / 37098.9 KB) | LR: 0.00230897 | TEMP: 1.0083
  Train -> TL: 4.13476 | ATL: 4.33262 | TPPL: 76.1432 | ENT: 7.23538b | CERT: 8.39166% | SURP: 6.65062b
  Val   -> VL: 4.7431 | AVL: 4.75205 | VPPL: 115.822 | VENT: 7.68473b | VCERT: 7.798% | VSURP: 7.60631b

[GeoMind CAUSAL CE Stream] Ep 1.0/Inf | D[1.0/10.0] | 26.3328% (9769.2 / 37098.9 KB) | LR: 0.0023094 | TEMP: 1.00789
  Train -> TL: 4.15264 | ATL: 4.33251 | TPPL: 76.135 | ENT: 7.25235b | CERT: 9.72163% | SURP: 6.77444b
  Val   -> VL: 4.71391 | AVL: 4.75014 | VPPL: 115.601 | VENT: 7.70231b | VCERT: 8.0314% | VSURP: 7.54933b

[GeoMind CAUSAL CE Stream] Ep 1.0/Inf | D[1.0/10.0] | 26.3489% (9775.18 / 37098.9 KB) | LR: 0.00230975 | TEMP: 1.00749
  Train -> TL: 3.95771 | ATL: 4.33227 | TPPL: 76.1169 | ENT: 7.21331b | CERT: 10.0799% | SURP: 6.45663b
  Val   -> VL: 4.70155 | AVL: 4.74771 | VPPL: 115.32 | VENT: 7.68993b | VCERT: 8.13832% | VSURP: 7.52366b

[GeoMind CAUSAL CE Stream] Ep 1.0/Inf | D[1.0/10.0] | 26.3917% (9791.04 / 37098.9 KB) | LR: 0.00231008 | TEMP: 1.00712
  Train -> TL: 4.41498 | ATL: 4.33241 | TPPL: 76.1274 | ENT: 7.3504b | CERT: 7.7188% | SURP: 6.98769b
  Val   -> VL: 4.73549 | AVL: 4.7471 | VPPL: 115.25 | VENT: 7.83914b | VCERT: 7.24223% | VSURP: 7.62257b

[GeoMind CAUSAL CE Stream] Ep 1.0/Inf | D[1.0/10.0] | 26.5088% (9834.5 / 37098.9 KB) | LR: 0.00231024 | TEMP: 1.00676
  Train -> TL: 4.07821 | ATL: 4.33125 | TPPL: 76.039 | ENT: 7.01889b | CERT: 8.74211% | SURP: 6.56458b
  Val   -> VL: 4.73124 | AVL: 4.74631 | VPPL: 115.159 | VENT: 7.70383b | VCERT: 8.38292% | VSURP: 7.58579b

[GeoMind CAUSAL CE Stream] Ep 1.0/Inf | D[1.0/10.0] | 26.6263% (9878.06 / 37098.9 KB) | LR: 0.00231013 | TEMP: 1.00643
  Train -> TL: 3.86568 | ATL: 4.32935 | TPPL: 75.8952 | ENT: 7.01864b | CERT: 8.9891% | SURP: 6.30602b
  Val   -> VL: 4.7407 | AVL: 4.74603 | VPPL: 115.126 | VENT: 7.70608b | VCERT: 7.57253% | VSURP: 7.58715b

[GeoMind CAUSAL CE Stream] Ep 1.0/Inf | D[1.0/10.0] | 26.6909% (9902.06 / 37098.9 KB) | LR: 0.00230996 | TEMP: 1.0061
  Train -> TL: 4.00399 | ATL: 4.32876 | TPPL: 75.8498 | ENT: 7.20799b | CERT: 7.69762% | SURP: 6.57973b
  Val   -> VL: 4.77937 | AVL: 4.7477 | VPPL: 115.318 | VENT: 7.68049b | VCERT: 8.12698% | VSURP: 7.63904b

[GeoMind CAUSAL CE Stream] Ep 1.0/Inf | D[1.0/10.0] | 26.7275% (9915.62 / 37098.9 KB) | LR: 0.00230963 | TEMP: 1.0058
  Train -> TL: 3.64824 | ATL: 4.3274 | TPPL: 75.7468 | ENT: 6.09785b | CERT: 11.9061% | SURP: 5.79789b
  Val   -> VL: 4.7938 | AVL: 4.75 | VPPL: 115.584 | VENT: 7.57954b | VCERT: 8.60955% | VSURP: 7.66294b

[GeoMind CAUSAL CE Stream] Ep 1.0/Inf | D[1.0/10.0] | 26.7652% (9929.59 / 37098.9 KB) | LR: 0.00230931 | TEMP: 1.00551
  Train -> TL: 4.21381 | ATL: 4.32723 | TPPL: 75.734 | ENT: 7.39704b | CERT: 7.47998% | SURP: 6.80547b
  Val   -> VL: 4.7339 | AVL: 4.7492 | VPPL: 115.491 | VENT: 7.64064b | VCERT: 8.30454% | VSURP: 7.53876b

[GeoMind CAUSAL CE Stream] Ep 1.0/Inf | D[1.0/10.0] | 26.8014% (9943.03 / 37098.9 KB) | LR: 0.00230902 | TEMP: 1.00523
  Train -> TL: 4.32861 | ATL: 4.32723 | TPPL: 75.7342 | ENT: 7.37606b | CERT: 10.3944% | SURP: 6.90219b
  Val   -> VL: 4.72497 | AVL: 4.74798 | VPPL: 115.352 | VENT: 7.87085b | VCERT: 6.57929% | VSURP: 7.58404b

[GeoMind CAUSAL CE Stream] Ep 1.0/Inf | D[1.0/10.0] | 26.8555% (9963.11 / 37098.9 KB) | LR: 0.00230877 | TEMP: 1.00497
  Train -> TL: 4.3525 | ATL: 4.32728 | TPPL: 75.7383 | ENT: 7.37461b | CERT: 8.3498% | SURP: 6.8599b
  Val   -> VL: 4.79092 | AVL: 4.75013 | VPPL: 115.599 | VENT: 7.83363b | VCERT: 6.98453% | VSURP: 7.70881b

[GeoMind CAUSAL CE Stream] Ep 1.0/Inf | D[1.0/10.0] | 26.9271% (9989.65 / 37098.9 KB) | LR: 0.00230852 | TEMP: 1.00472
  Train -> TL: 4.26999 | ATL: 4.32714 | TPPL: 75.7274 | ENT: 7.4904b | CERT: 6.77708% | SURP: 6.85867b
  Val   -> VL: 4.79442 | AVL: 4.75235 | VPPL: 115.856 | VENT: 7.77768b | VCERT: 7.42764% | VSURP: 7.69775b

[GeoMind CAUSAL CE Stream] Ep 1.0/Inf | D[1.0/10.0] | 26.9683% (10005 / 37098.9 KB) | LR: 0.00230829 | TEMP: 1.00449
  Train -> TL: 4.24733 | ATL: 4.32701 | TPPL: 75.7176 | ENT: 7.29201b | CERT: 7.69617% | SURP: 6.74282b
  Val   -> VL: 4.75383 | AVL: 4.75242 | VPPL: 115.864 | VENT: 7.73968b | VCERT: 7.56673% | VSURP: 7.61513b

[GeoMind CAUSAL CE Stream] Ep 1.0/Inf | D[1.0/10.0] | 27.0137% (10021.8 / 37098.9 KB) | LR: 0.00230806 | TEMP: 1.00426
  Train -> TL: 4.26118 | ATL: 4.32689 | TPPL: 75.7086 | ENT: 7.32322b | CERT: 7.88577% | SURP: 6.81914b
  Val   -> VL: 4.75128 | AVL: 4.75236 | VPPL: 115.858 | VENT: 7.79015b | VCERT: 6.98786% | VSURP: 7.60992b

[GeoMind CAUSAL CE Stream] Ep 1.0/Inf | D[1.0/10.0] | 27.0867% (10048.9 / 37098.9 KB) | LR: 0.0023078 | TEMP: 1.00405
  Train -> TL: 4.17152 | ATL: 4.32649 | TPPL: 75.6779 | ENT: 7.22519b | CERT: 7.63062% | SURP: 6.63002b
  Val   -> VL: 4.77746 | AVL: 4.75362 | VPPL: 116.003 | VENT: 7.81207b | VCERT: 6.71308% | VSURP: 7.66171b

[GeoMind CAUSAL CE Stream] Ep 1.0/Inf | D[1.0/10.0] | 27.1481% (10071.7 / 37098.9 KB) | LR: 0.0023076 | TEMP: 1.00385
  Train -> TL: 4.44614 | ATL: 4.32675 | TPPL: 75.6977 | ENT: 7.43869b | CERT: 6.46437% | SURP: 7.05528b
  Val   -> VL: 4.76235 | AVL: 4.75405 | VPPL: 116.054 | VENT: 7.77592b | VCERT: 7.50313% | VSURP: 7.6349b

[GeoMind CAUSAL CE Stream] Ep 1.0/Inf | D[1.0/10.0] | 27.2567% (10111.9 / 37098.9 KB) | LR: 0.00230746 | TEMP: 1.00365
  Train -> TL: 4.40759 | ATL: 4.32701 | TPPL: 75.7176 | ENT: 7.54859b | CERT: 6.41477% | SURP: 7.02224b
  Val   -> VL: 4.79031 | AVL: 4.75587 | VPPL: 116.265 | VENT: 7.82405b | VCERT: 7.3237% | VSURP: 7.68133b

[GeoMind CAUSAL CE Stream] Ep 1.0/Inf | D[1.0/10.0] | 27.334% (10140.6 / 37098.9 KB) | LR: 0.00230731 | TEMP: 1.00347
  Train -> TL: 4.28209 | ATL: 4.3269 | TPPL: 75.709 | ENT: 7.36118b | CERT: 7.99196% | SURP: 6.73755b
  Val   -> VL: 4.78073 | AVL: 4.75711 | VPPL: 116.409 | VENT: 7.92476b | VCERT: 6.37848% | VSURP: 7.68283b

[GeoMind CAUSAL CE Stream] Ep 1.0/Inf | D[1.0/10.0] | 27.4161% (10171.1 / 37098.9 KB) | LR: 0.00230718 | TEMP: 1.0033
  Train -> TL: 4.3246 | ATL: 4.32689 | TPPL: 75.7085 | ENT: 7.46103b | CERT: 7.22775% | SURP: 6.8332b
  Val   -> VL: 4.73199 | AVL: 4.75585 | VPPL: 116.263 | VENT: 7.82477b | VCERT: 7.26337% | VSURP: 7.61012b

[GeoMind CAUSAL CE Stream] Ep 1.0/Inf | D[1.0/10.0] | 27.4593% (10187.1 / 37098.9 KB) | LR: 0.00230707 | TEMP: 1.00313
  Train -> TL: 4.37818 | ATL: 4.32697 | TPPL: 75.7142 | ENT: 7.53524b | CERT: 6.03029% | SURP: 6.96943b
  Val   -> VL: 4.74336 | AVL: 4.75523 | VPPL: 116.19 | VENT: 7.78173b | VCERT: 7.1402% | VSURP: 7.62089b

[GeoMind CAUSAL CE Stream] Ep 1.0/Inf | D[1.0/10.0] | 27.4929% (10199.6 / 37098.9 KB) | LR: 0.00230697 | TEMP: 1.00298
  Train -> TL: 4.28022 | ATL: 4.32692 | TPPL: 75.7104 | ENT: 7.53792b | CERT: 6.08544% | SURP: 6.86394b
  Val   -> VL: 4.74002 | AVL: 4.75447 | VPPL: 116.102 | VENT: 7.77805b | VCERT: 7.00608% | VSURP: 7.60304b

[GeoMind CAUSAL CE Stream] Ep 1.0/Inf | D[1.0/10.0] | 27.5498% (10220.7 / 37098.9 KB) | LR: 0.00230688 | TEMP: 1.00283
  Train -> TL: 4.3332 | ATL: 4.32693 | TPPL: 75.7115 | ENT: 7.46413b | CERT: 6.81168% | SURP: 6.88818b
  Val   -> VL: 4.72668 | AVL: 4.75308 | VPPL: 115.941 | VENT: 7.6678b | VCERT: 8.19779% | VSURP: 7.58916b

[GeoMind CAUSAL CE Stream] Ep 1.0/Inf | D[1.0/10.0] | 27.6256% (10248.8 / 37098.9 KB) | LR: 0.00230678 | TEMP: 1.00269
  Train -> TL: 4.27727 | ATL: 4.32679 | TPPL: 75.7013 | ENT: 7.45423b | CERT: 7.30528% | SURP: 6.82905b
  Val   -> VL: 4.68807 | AVL: 4.74983 | VPPL: 115.565 | VENT: 7.77906b | VCERT: 7.09287% | VSURP: 7.52823b

[GeoMind CAUSAL CE Stream] Ep 1.0/Inf | D[1.0/10.0] | 27.6958% (10274.8 / 37098.9 KB) | LR: 0.00230668 | TEMP: 1.00255
  Train -> TL: 4.28106 | ATL: 4.32669 | TPPL: 75.6934 | ENT: 7.3758b | CERT: 7.45909% | SURP: 6.80977b
  Val   -> VL: 4.72956 | AVL: 4.74882 | VPPL: 115.448 | VENT: 7.84299b | VCERT: 7.37225% | VSURP: 7.609b

[GeoMind CAUSAL CE Stream] Ep 1.0/Inf | D[1.0/10.0] | 27.7507% (10295.2 / 37098.9 KB) | LR: 0.00230658 | TEMP: 1.00242
  Train -> TL: 4.33399 | ATL: 4.32671 | TPPL: 75.6945 | ENT: 7.49724b | CERT: 7.47293% | SURP: 6.83723b
  Val   -> VL: 4.71489 | AVL: 4.74712 | VPPL: 115.252 | VENT: 7.81818b | VCERT: 7.20579% | VSURP: 7.57203b

[GeoMind CAUSAL CE Stream] Ep 1.0/Inf | D[1.0/10.0] | 27.7932% (10311 / 37098.9 KB) | LR: 0.00230655 | TEMP: 1.0023
  Train -> TL: 4.54496 | ATL: 4.32705 | TPPL: 75.7205 | ENT: 7.57577b | CERT: 6.52478% | SURP: 7.1781b
  Val   -> VL: 4.69394 | AVL: 4.74446 | VPPL: 114.946 | VENT: 7.81462b | VCERT: 6.97776% | VSURP: 7.54283b

[GeoMind CAUSAL CE Stream] Ep 1.0/Inf | D[1.0/10.0] | 27.841% (10328.7 / 37098.9 KB) | LR: 0.00230648 | TEMP: 1.00219
  Train -> TL: 4.18883 | ATL: 4.32683 | TPPL: 75.7036 | ENT: 7.36343b | CERT: 8.03196% | SURP: 6.65191b
  Val   -> VL: 4.70773 | AVL: 4.74262 | VPPL: 114.735 | VENT: 7.77258b | VCERT: 7.31629% | VSURP: 7.55204b

[GeoMind CAUSAL CE Stream] Ep 1.0/Inf | D[1.0/10.0] | 27.8889% (10346.5 / 37098.9 KB) | LR: 0.00230637 | TEMP: 1.00208
  Train -> TL: 4.04029 | ATL: 4.32638 | TPPL: 75.67 | ENT: 7.22919b | CERT: 7.55454% | SURP: 6.52559b
  Val   -> VL: 4.71774 | AVL: 4.74138 | VPPL: 114.592 | VENT: 7.81755b | VCERT: 7.08297% | VSURP: 7.56798b

[GeoMind CAUSAL CE Stream] Ep 1.0/Inf | D[1.0/10.0] | 27.9547% (10370.9 / 37098.9 KB) | LR: 0.00230624 | TEMP: 1.00197
  Train -> TL: 4.22597 | ATL: 4.32616 | TPPL: 75.6531 | ENT: 7.38274b | CERT: 8.09572% | SURP: 6.82878b
  Val   -> VL: 4.71607 | AVL: 4.74011 | VPPL: 114.447 | VENT: 7.82231b | VCERT: 6.98463% | VSURP: 7.58539b

[GeoMind CAUSAL CE Stream] Ep 1.0/Inf | D[1.0/10.0] | 28.0166% (10393.9 / 37098.9 KB) | LR: 0.00230617 | TEMP: 1.00188
  Train -> TL: 4.47828 | ATL: 4.3265 | TPPL: 75.6791 | ENT: 7.34673b | CERT: 7.03489% | SURP: 6.93875b
  Val   -> VL: 4.68498 | AVL: 4.73736 | VPPL: 114.132 | VENT: 7.82142b | VCERT: 7.42854% | VSURP: 7.54207b

[GeoMind CAUSAL CE Stream] Ep 1.0/Inf | D[1.0/10.0] | 28.0665% (10412.4 / 37098.9 KB) | LR: 0.00230616 | TEMP: 1.00178
  Train -> TL: 4.59987 | ATL: 4.327 | TPPL: 75.7171 | ENT: 7.64399b | CERT: 5.51733% | SURP: 7.1471b
  Val   -> VL: 4.68934 | AVL: 4.73496 | VPPL: 113.859 | VENT: 7.91128b | VCERT: 6.79432% | VSURP: 7.54543b

[GeoMind CAUSAL CE Stream] Ep 1.0/Inf | D[1.0/10.0] | 28.1217% (10432.9 / 37098.9 KB) | LR: 0.00230617 | TEMP: 1.00169
  Train -> TL: 4.3565 | ATL: 4.32706 | TPPL: 75.7217 | ENT: 7.52808b | CERT: 6.40679% | SURP: 6.95588b
  Val   -> VL: 4.71338 | AVL: 4.73388 | VPPL: 113.736 | VENT: 7.79683b | VCERT: 7.55879% | VSURP: 7.59088b

[GeoMind CAUSAL CE Stream] Ep 1.0/Inf | D[1.0/10.0] | 28.1882% (10457.5 / 37098.9 KB) | LR: 0.00230615 | TEMP: 1.00161
  Train -> TL: 4.24699 | ATL: 4.32687 | TPPL: 75.7073 | ENT: 7.34001b | CERT: 7.38166% | SURP: 6.7868b
  Val   -> VL: 4.71333 | AVL: 4.73285 | VPPL: 113.619 | VENT: 7.74892b | VCERT: 7.70836% | VSURP: 7.57304b

[GeoMind CAUSAL CE Stream] Ep 1.0/Inf | D[1.0/10.0] | 28.2307% (10473.3 / 37098.9 KB) | LR: 0.00230611 | TEMP: 1.00153
  Train -> TL: 4.2048 | ATL: 4.3267 | TPPL: 75.6945 | ENT: 7.14555b | CERT: 8.31317% | SURP: 6.70499b
  Val   -> VL: 4.69102 | AVL: 4.73076 | VPPL: 113.382 | VENT: 7.78165b | VCERT: 7.29645% | VSURP: 7.52974b

[GeoMind CAUSAL CE Stream] Ep 1.0/Inf | D[1.0/10.0] | 28.2966% (10497.8 / 37098.9 KB) | LR: 0.00230602 | TEMP: 1.00145
  Train -> TL: 4.10028 | ATL: 4.32623 | TPPL: 75.6588 | ENT: 7.36597b | CERT: 7.60981% | SURP: 6.64547b
  Val   -> VL: 4.71202 | AVL: 4.72982 | VPPL: 113.275 | VENT: 7.74621b | VCERT: 7.22752% | VSURP: 7.55208b

[GeoMind CAUSAL CE Stream] Ep 1.0/Inf | D[1.0/10.0] | 28.3352% (10512 / 37098.9 KB) | LR: 0.00230594 | TEMP: 1.00138
  Train -> TL: 4.3515 | ATL: 4.32627 | TPPL: 75.6616 | ENT: 7.29228b | CERT: 7.26441% | SURP: 6.8488b
  Val   -> VL: 4.74675 | AVL: 4.73067 | VPPL: 113.371 | VENT: 7.76318b | VCERT: 7.16236% | VSURP: 7.62203b

[GeoMind CAUSAL CE Stream] Ep 1.0/Inf | D[1.0/10.0] | 28.3915% (10533 / 37098.9 KB) | LR: 0.00230584 | TEMP: 1.00131
  Train -> TL: 4.23884 | ATL: 4.32609 | TPPL: 75.6478 | ENT: 7.4055b | CERT: 7.23075% | SURP: 6.77627b
  Val   -> VL: 4.76136 | AVL: 4.7322 | VPPL: 113.545 | VENT: 7.72941b | VCERT: 7.23734% | VSURP: 7.63803b

[GeoMind CAUSAL CE Stream] Ep 1.0/Inf | D[1.0/10.0] | 28.4454% (10552.9 / 37098.9 KB) | LR: 0.00230575 | TEMP: 1.00124
  Train -> TL: 4.31533 | ATL: 4.32607 | TPPL: 75.6463 | ENT: 7.35345b | CERT: 7.18938% | SURP: 6.83922b
  Val   -> VL: 4.75518 | AVL: 4.73335 | VPPL: 113.676 | VENT: 7.85244b | VCERT: 6.64644% | VSURP: 7.64385b

[GeoMind CAUSAL CE Stream] Ep 1.0/Inf | D[1.0/10.0] | 28.5559% (10593.9 / 37098.9 KB) | LR: 0.00230568 | TEMP: 1.00118
  Train -> TL: 4.34513 | ATL: 4.32615 | TPPL: 75.6523 | ENT: 7.11283b | CERT: 9.13826% | SURP: 6.81002b
  Val   -> VL: 4.75227 | AVL: 4.7343 | VPPL: 113.784 | VENT: 8.026b | VCERT: 6.29201% | VSURP: 7.63639b

[GeoMind CAUSAL CE Stream] Ep 1.0/Inf | D[1.0/10.0] | 28.6033% (10611.5 / 37098.9 KB) | LR: 0.00230554 | TEMP: 1.00112
  Train -> TL: 4.04136 | ATL: 4.32552 | TPPL: 75.6046 | ENT: 6.98946b | CERT: 11.6546% | SURP: 6.47563b
  Val   -> VL: 4.77485 | AVL: 4.73633 | VPPL: 114.015 | VENT: 7.97793b | VCERT: 6.76716% | VSURP: 7.66914b

[GeoMind CAUSAL CE Stream] Ep 1.0/Inf | D[1.0/10.0] | 28.6374% (10624.2 / 37098.9 KB) | LR: 0.00230538 | TEMP: 1.00107
  Train -> TL: 4.15448 | ATL: 4.32534 | TPPL: 75.5908 | ENT: 7.44767b | CERT: 8.43223% | SURP: 6.70775b
  Val   -> VL: 4.77668 | AVL: 4.73834 | VPPL: 114.245 | VENT: 7.94082b | VCERT: 6.74952% | VSURP: 7.66766b

[GeoMind CAUSAL CE Stream] Ep 1.0/Inf | D[1.0/10.0] | 28.6986% (10646.9 / 37098.9 KB) | LR: 0.00230526 | TEMP: 1.00101
  Train -> TL: 4.38794 | ATL: 4.32546 | TPPL: 75.6002 | ENT: 7.5826b | CERT: 6.89937% | SURP: 6.77573b
  Val   -> VL: 4.77915 | AVL: 4.74038 | VPPL: 114.478 | VENT: 7.88771b | VCERT: 7.14248% | VSURP: 7.6741b

[GeoMind CAUSAL CE Stream] Ep 1.0/Inf | D[1.0/10.0] | 28.78% (10677.1 / 37098.9 KB) | LR: 0.00230513 | TEMP: 1.00096
  Train -> TL: 4.25744 | ATL: 4.32527 | TPPL: 75.5861 | ENT: 7.40334b | CERT: 8.17143% | SURP: 6.7567b
  Val   -> VL: 4.73308 | AVL: 4.74002 | VPPL: 114.436 | VENT: 7.87196b | VCERT: 7.28434% | VSURP: 7.6019b

[GeoMind CAUSAL CE Stream] Ep 1.0/Inf | D[1.0/10.0] | 28.8092% (10687.9 / 37098.9 KB) | LR: 0.00230497 | TEMP: 1.00091
  Train -> TL: 4.0918 | ATL: 4.32502 | TPPL: 75.5672 | ENT: 7.25207b | CERT: 8.07243% | SURP: 6.61443b
  Val   -> VL: 4.72742 | AVL: 4.73939 | VPPL: 114.364 | VENT: 7.78437b | VCERT: 7.54641% | VSURP: 7.56588b

[GeoMind CAUSAL CE Stream] Ep 1.0/Inf | D[1.0/10.0] | 28.8577% (10705.9 / 37098.9 KB) | LR: 0.00230489 | TEMP: 1.00087
  Train -> TL: 4.5351 | ATL: 4.32541 | TPPL: 75.5964 | ENT: 7.37944b | CERT: 11.118% | SURP: 7.17184b
  Val   -> VL: 4.77379 | AVL: 4.74111 | VPPL: 114.561 | VENT: 7.85093b | VCERT: 7.2771% | VSURP: 7.63421b

[GeoMind CAUSAL CE Stream] Ep 1.0/Inf | D[1.0/10.0] | 28.9349% (10734.6 / 37098.9 KB) | LR: 0.00230475 | TEMP: 1.00083
  Train -> TL: 4.18 | ATL: 4.32496 | TPPL: 75.5626 | ENT: 7.18811b | CERT: 8.90554% | SURP: 6.59472b
  Val   -> VL: 4.71436 | AVL: 4.73977 | VPPL: 114.408 | VENT: 7.86331b | VCERT: 6.69916% | VSURP: 7.56169b

[GeoMind CAUSAL CE Stream] Ep 1.0/Inf | D[1.0/10.0] | 28.9962% (10757.3 / 37098.9 KB) | LR: 0.00230463 | TEMP: 1.00078
  Train -> TL: 4.33906 | ATL: 4.32499 | TPPL: 75.565 | ENT: 7.49947b | CERT: 6.9072% | SURP: 6.89385b
  Val   -> VL: 4.74043 | AVL: 4.7398 | VPPL: 114.412 | VENT: 7.84615b | VCERT: 7.09361% | VSURP: 7.60629b

[GeoMind CAUSAL CE Stream] Ep 1.0/Inf | D[1.0/10.0] | 29.0216% (10766.7 / 37098.9 KB) | LR: 0.0023045 | TEMP: 1.00075
  Train -> TL: 4.15742 | ATL: 4.32484 | TPPL: 75.5531 | ENT: 7.33921b | CERT: 7.88358% | SURP: 6.66008b
  Val   -> VL: 4.75908 | AVL: 4.74077 | VPPL: 114.522 | VENT: 7.83552b | VCERT: 7.4928% | VSURP: 7.64418b

[GeoMind CAUSAL CE Stream] Ep 1.0/Inf | D[1.0/10.0] | 29.0976% (10794.9 / 37098.9 KB) | LR: 0.00230436 | TEMP: 1.00071
  Train -> TL: 4.24376 | ATL: 4.32462 | TPPL: 75.5366 | ENT: 7.37334b | CERT: 8.54497% | SURP: 6.80751b
  Val   -> VL: 4.74578 | AVL: 4.74102 | VPPL: 114.551 | VENT: 7.85724b | VCERT: 6.88687% | VSURP: 7.61523b

[GeoMind CAUSAL CE Stream] Ep 1.0/Inf | D[1.0/10.0] | 29.147% (10813.2 / 37098.9 KB) | LR: 0.00230421 | TEMP: 1.00067
  Train -> TL: 4.21954 | ATL: 4.32446 | TPPL: 75.525 | ENT: 7.41288b | CERT: 7.28736% | SURP: 6.7773b
  Val   -> VL: 4.75487 | AVL: 4.74171 | VPPL: 114.63 | VENT: 7.83005b | VCERT: 7.20224% | VSURP: 7.61933b

[GeoMind CAUSAL CE Stream] Ep 1.0/Inf | D[1.0/10.0] | 29.2534% (10852.7 / 37098.9 KB) | LR: 0.00230394 | TEMP: 1.00064
  Train -> TL: 4.02973 | ATL: 4.32341 | TPPL: 75.4454 | ENT: 7.24804b | CERT: 8.21137% | SURP: 6.52347b
  Val   -> VL: 4.71865 | AVL: 4.74056 | VPPL: 114.498 | VENT: 7.68796b | VCERT: 8.62623% | VSURP: 7.55517b

[GeoMind CAUSAL CE Stream] Ep 1.0/Inf | D[1.0/10.0] | 29.3021% (10870.8 / 37098.9 KB) | LR: 0.00230365 | TEMP: 1.00061
  Train -> TL: 4.10855 | ATL: 4.32304 | TPPL: 75.4172 | ENT: 7.0819b | CERT: 7.90119% | SURP: 6.53859b
  Val   -> VL: 4.75411 | AVL: 4.74124 | VPPL: 114.576 | VENT: 7.70335b | VCERT: 8.00668% | VSURP: 7.63584b

[GeoMind CAUSAL CE Stream] Ep 1.0/Inf | D[1.0/10.0] | 29.3581% (10891.5 / 37098.9 KB) | LR: 0.00230341 | TEMP: 1.00058
  Train -> TL: 4.37789 | ATL: 4.32314 | TPPL: 75.4249 | ENT: 7.41784b | CERT: 6.61449% | SURP: 6.85919b
  Val   -> VL: 4.73299 | AVL: 4.74082 | VPPL: 114.528 | VENT: 7.82585b | VCERT: 7.20503% | VSURP: 7.60181b

[GeoMind CAUSAL CE Stream] Ep 1.0/Inf | D[1.0/10.0] | 29.3952% (10905.3 / 37098.9 KB) | LR: 0.00230316 | TEMP: 1.00055
  Train -> TL: 4.16934 | ATL: 4.32295 | TPPL: 75.411 | ENT: 7.31479b | CERT: 8.72053% | SURP: 6.7011b
  Val   -> VL: 4.71625 | AVL: 4.73959 | VPPL: 114.388 | VENT: 7.82634b | VCERT: 7.00485% | VSURP: 7.57078b

[GeoMind CAUSAL CE Stream] Ep 1.0/Inf | D[1.0/10.0] | 29.4456% (10924 / 37098.9 KB) | LR: 0.00230293 | TEMP: 1.00052
  Train -> TL: 4.28392 | ATL: 4.32289 | TPPL: 75.4061 | ENT: 7.34729b | CERT: 7.68897% | SURP: 6.81358b
  Val   -> VL: 4.68996 | AVL: 4.73711 | VPPL: 114.104 | VENT: 7.89225b | VCERT: 6.58999% | VSURP: 7.53607b

[GeoMind CAUSAL CE Stream] Ep 1.0/Inf | D[1.0/10.0] | 29.4737% (10934.4 / 37098.9 KB) | LR: 0.00230268 | TEMP: 1.00049
  Train -> TL: 3.89895 | ATL: 4.32259 | TPPL: 75.3837 | ENT: 7.32942b | CERT: 7.90327% | SURP: 6.46573b
  Val   -> VL: 4.70772 | AVL: 4.73564 | VPPL: 113.937 | VENT: 7.76811b | VCERT: 7.4311% | VSURP: 7.55083b

[GeoMind CAUSAL CE Stream] Ep 1.0/Inf | D[1.0/10.0] | 29.5568% (10965.2 / 37098.9 KB) | LR: 0.00230243 | TEMP: 1.00047
  Train -> TL: 4.24461 | ATL: 4.32236 | TPPL: 75.3664 | ENT: 7.35194b | CERT: 7.99015% | SURP: 6.73768b
  Val   -> VL: 4.67028 | AVL: 4.73238 | VPPL: 113.565 | VENT: 7.85295b | VCERT: 7.87951% | VSURP: 7.50601b

[GeoMind CAUSAL CE Stream] Ep 1.0/Inf | D[1.0/10.0] | 29.6043% (10982.9 / 37098.9 KB) | LR: 0.00230222 | TEMP: 1.00045
  Train -> TL: 4.38135 | ATL: 4.32246 | TPPL: 75.3738 | ENT: 7.52074b | CERT: 7.17273% | SURP: 6.83223b
  Val   -> VL: 4.6813 | AVL: 4.72982 | VPPL: 113.275 | VENT: 7.83493b | VCERT: 7.10511% | VSURP: 7.52854b

[GeoMind CAUSAL CE Stream] Ep 1.0/Inf | D[1.0/10.0] | 29.6469% (10998.7 / 37098.9 KB) | LR: 0.00230202 | TEMP: 1.00042
  Train -> TL: 4.28489 | ATL: 4.32241 | TPPL: 75.3702 | ENT: 7.38084b | CERT: 6.93119% | SURP: 6.82798b
  Val   -> VL: 4.68502 | AVL: 4.72758 | VPPL: 113.022 | VENT: 7.88584b | VCERT: 6.56708% | VSURP: 7.53851b

[GeoMind CAUSAL CE Stream] Ep 1.0/Inf | D[1.0/10.0] | 29.6779% (11010.2 / 37098.9 KB) | LR: 0.00230192 | TEMP: 1.0004
  Train -> TL: 4.78141 | ATL: 4.32297 | TPPL: 75.4125 | ENT: 7.27961b | CERT: 7.84454% | SURP: 7.48176b
  Val   -> VL: 4.72584 | AVL: 4.72749 | VPPL: 113.012 | VENT: 7.84834b | VCERT: 7.05335% | VSURP: 7.60973b

[GeoMind CAUSAL CE Stream] Ep 1.0/Inf | D[1.0/10.0] | 29.7738% (11045.8 / 37098.9 KB) | LR: 0.00230181 | TEMP: 1.00038
  Train -> TL: 4.28351 | ATL: 4.32285 | TPPL: 75.4032 | ENT: 7.43477b | CERT: 7.38124% | SURP: 6.81225b
  Val   -> VL: 4.74728 | AVL: 4.72848 | VPPL: 113.124 | VENT: 7.72253b | VCERT: 8.64267% | VSURP: 7.63478b

[GeoMind CAUSAL CE Stream] Ep 1.0/Inf | D[1.0/10.0] | 29.8218% (11063.6 / 37098.9 KB) | LR: 0.00230167 | TEMP: 1.00036
  Train -> TL: 4.1216 | ATL: 4.32256 | TPPL: 75.3815 | ENT: 7.36114b | CERT: 8.21958% | SURP: 6.64235b
  Val   -> VL: 4.73044 | AVL: 4.72858 | VPPL: 113.135 | VENT: 7.78988b | VCERT: 7.79045% | VSURP: 7.59144b

[GeoMind CAUSAL CE Stream] Ep 1.0/Inf | D[1.0/10.0] | 29.8842% (11086.7 / 37098.9 KB) | LR: 0.00230148 | TEMP: 1.00035
  Train -> TL: 4.11161 | ATL: 4.32207 | TPPL: 75.3443 | ENT: 7.19211b | CERT: 8.66151% | SURP: 6.57641b
  Val   -> VL: 4.74395 | AVL: 4.72935 | VPPL: 113.222 | VENT: 7.81682b | VCERT: 7.21615% | VSURP: 7.63164b

[GeoMind CAUSAL CE Stream] Ep 1.0/Inf | D[1.0/10.0] | 29.951% (11111.5 / 37098.9 KB) | LR: 0.00230126 | TEMP: 1.00033
  Train -> TL: 4.12488 | ATL: 4.32167 | TPPL: 75.314 | ENT: 7.2705b | CERT: 8.16388% | SURP: 6.62261b
  Val   -> VL: 4.73764 | AVL: 4.72976 | VPPL: 113.269 | VENT: 7.71705b | VCERT: 8.30998% | VSURP: 7.59359b

[GeoMind CAUSAL CE Stream] Ep 1.0/Inf | D[1.0/10.0] | 29.9936% (11127.3 / 37098.9 KB) | LR: 0.0023011 | TEMP: 1.00031
  Train -> TL: 4.48259 | ATL: 4.3219 | TPPL: 75.3316 | ENT: 7.50841b | CERT: 6.97416% | SURP: 6.94819b
  Val   -> VL: 4.68211 | AVL: 4.72738 | VPPL: 112.999 | VENT: 7.85042b | VCERT: 7.16596% | VSURP: 7.50058b

[GeoMind CAUSAL CE Stream] Ep 1.0/Inf | D[1.0/10.0] | 30.0683% (11155 / 37098.9 KB) | LR: 0.00230086 | TEMP: 1.0003
  Train -> TL: 4.08829 | ATL: 4.32122 | TPPL: 75.2802 | ENT: 6.93085b | CERT: 9.56226% | SURP: 6.50295b
  Val   -> VL: 4.71849 | AVL: 4.72694 | VPPL: 112.949 | VENT: 7.80927b | VCERT: 7.46803% | VSURP: 7.56011b

[GeoMind CAUSAL CE Stream] Ep 1.0/Inf | D[1.0/10.0] | 30.1569% (11187.9 / 37098.9 KB) | LR: 0.00230063 | TEMP: 1.00028
  Train -> TL: 4.29657 | ATL: 4.32116 | TPPL: 75.2756 | ENT: 7.41746b | CERT: 7.91672% | SURP: 6.77947b
  Val   -> VL: 4.74875 | AVL: 4.72803 | VPPL: 113.072 | VENT: 7.88308b | VCERT: 7.07682% | VSURP: 7.63665b

[GeoMind CAUSAL CE Stream] Ep 1.0/Inf | D[1.0/10.0] | 30.2202% (11211.4 / 37098.9 KB) | LR: 0.00230045 | TEMP: 1.00027
  Train -> TL: 4.37649 | ATL: 4.32126 | TPPL: 75.2835 | ENT: 7.52558b | CERT: 6.6329% | SURP: 6.92461b
  Val   -> VL: 4.76943 | AVL: 4.7301 | VPPL: 113.307 | VENT: 7.83597b | VCERT: 7.40078% | VSURP: 7.66712b

[GeoMind CAUSAL CE Stream] Ep 1.0/Inf | D[1.0/10.0] | 30.2471% (11221.4 / 37098.9 KB) | LR: 0.00230028 | TEMP: 1.00025
  Train -> TL: 4.34415 | ATL: 4.32128 | TPPL: 75.2848 | ENT: 7.40469b | CERT: 6.45042% | SURP: 6.90859b
  Val   -> VL: 4.77311 | AVL: 4.73225 | VPPL: 113.551 | VENT: 7.86402b | VCERT: 7.2106% | VSURP: 7.67b

[GeoMind CAUSAL CE Stream] Ep 1.0/Inf | D[1.0/10.0] | 30.302% (11241.7 / 37098.9 KB) | LR: 0.00230012 | TEMP: 1.00024
  Train -> TL: 4.26809 | ATL: 4.32118 | TPPL: 75.2776 | ENT: 7.39327b | CERT: 7.61588% | SURP: 6.86495b
  Val   -> VL: 4.75107 | AVL: 4.73319 | VPPL: 113.658 | VENT: 7.82858b | VCERT: 7.30992% | VSURP: 7.61341b

[GeoMind CAUSAL CE Stream] Ep 1.0/Inf | D[1.0/10.0] | 30.364% (11264.7 / 37098.9 KB) | LR: 0.00229993 | TEMP: 1.00023
  Train -> TL: 4.17302 | ATL: 4.32086 | TPPL: 75.2532 | ENT: 7.28838b | CERT: 8.24451% | SURP: 6.53123b
  Val   -> VL: 4.72113 | AVL: 4.73259 | VPPL: 113.589 | VENT: 7.8264b | VCERT: 7.42869% | VSURP: 7.57946b

[GeoMind CAUSAL CE Stream] Ep 1.0/Inf | D[1.0/10.0] | 30.4067% (11280.6 / 37098.9 KB) | LR: 0.00229977 | TEMP: 1.00022
  Train -> TL: 4.35705 | ATL: 4.32091 | TPPL: 75.2571 | ENT: 7.37688b | CERT: 7.65749% | SURP: 6.9124b
  Val   -> VL: 4.72834 | AVL: 4.73237 | VPPL: 113.565 | VENT: 7.87907b | VCERT: 7.20458% | VSURP: 7.59414b

[GeoMind CAUSAL CE Stream] Ep 1.0/Inf | D[1.0/10.0] | 30.45% (11296.6 / 37098.9 KB) | LR: 0.00229962 | TEMP: 1.00021
  Train -> TL: 4.3261 | ATL: 4.32092 | TPPL: 75.2576 | ENT: 7.50782b | CERT: 7.23951% | SURP: 6.9162b
  Val   -> VL: 4.72841 | AVL: 4.73218 | VPPL: 113.542 | VENT: 7.86447b | VCERT: 7.19612% | VSURP: 7.58656b

[GeoMind CAUSAL CE Stream] Ep 1.0/Inf | D[1.0/10.0] | 30.5369% (11328.9 / 37098.9 KB) | LR: 0.00229947 | TEMP: 1.0002
  Train -> TL: 4.24011 | ATL: 4.32069 | TPPL: 75.2407 | ENT: 7.4147b | CERT: 7.23618% | SURP: 6.77828b
  Val   -> VL: 4.73277 | AVL: 4.73221 | VPPL: 113.546 | VENT: 7.82196b | VCERT: 7.51114% | VSURP: 7.60315b

[GeoMind CAUSAL CE Stream] Ep 1.0/Inf | D[1.0/10.0] | 30.6196% (11359.6 / 37098.9 KB) | LR: 0.00229933 | TEMP: 1.00019
  Train -> TL: 4.35705 | ATL: 4.32078 | TPPL: 75.247 | ENT: 7.55634b | CERT: 6.02351% | SURP: 6.93525b
  Val   -> VL: 4.70809 | AVL: 4.731 | VPPL: 113.409 | VENT: 7.80817b | VCERT: 7.42855% | VSURP: 7.54459b

[GeoMind CAUSAL CE Stream] Ep 1.0/Inf | D[1.0/10.0] | 30.7103% (11393.2 / 37098.9 KB) | LR: 0.00229909 | TEMP: 1.00018
  Train -> TL: 3.992 | ATL: 4.31984 | TPPL: 75.1764 | ENT: 7.11885b | CERT: 9.08365% | SURP: 6.40189b
  Val   -> VL: 4.74459 | AVL: 4.73168 | VPPL: 113.486 | VENT: 7.63281b | VCERT: 8.0658% | VSURP: 7.61312b

[GeoMind CAUSAL CE Stream] Ep 1.0/Inf | D[1.0/10.0] | 30.7343% (11402.1 / 37098.9 KB) | LR: 0.0022989 | TEMP: 1.00017
  Train -> TL: 4.52159 | ATL: 4.31999 | TPPL: 75.1875 | ENT: 7.31131b | CERT: 7.56634% | SURP: 6.98802b
  Val   -> VL: 4.73021 | AVL: 4.73161 | VPPL: 113.478 | VENT: 7.77015b | VCERT: 7.40443% | VSURP: 7.60873b

[GeoMind CAUSAL CE Stream] Ep 1.0/Inf | D[1.0/10.0] | 30.7685% (11414.8 / 37098.9 KB) | LR: 0.00229869 | TEMP: 1.00016
  Train -> TL: 4.11384 | ATL: 4.31973 | TPPL: 75.1681 | ENT: 6.93897b | CERT: 7.99995% | SURP: 6.43424b
  Val   -> VL: 4.71346 | AVL: 4.7307 | VPPL: 113.375 | VENT: 7.77644b | VCERT: 7.27751% | VSURP: 7.58179b

[GeoMind CAUSAL CE Stream] Ep 1.0/Inf | D[1.0/10.0] | 30.8189% (11433.5 / 37098.9 KB) | LR: 0.00229835 | TEMP: 1.00015
  Train -> TL: 3.90875 | ATL: 4.31862 | TPPL: 75.0846 | ENT: 6.52906b | CERT: 10.3739% | SURP: 6.0502b
  Val   -> VL: 4.75639 | AVL: 4.73198 | VPPL: 113.521 | VENT: 7.64405b | VCERT: 7.58789% | VSURP: 7.63676b

[GeoMind CAUSAL CE Stream] Ep 1.0/Inf | D[1.0/10.0] | 30.8463% (11443.6 / 37098.9 KB) | LR: 0.00229798 | TEMP: 1.00014
  Train -> TL: 3.80392 | ATL: 4.31805 | TPPL: 75.0421 | ENT: 6.47979b | CERT: 10.7458% | SURP: 6.04179b
  Val   -> VL: 4.7684 | AVL: 4.7338 | VPPL: 113.727 | VENT: 7.58864b | VCERT: 7.60257% | VSURP: 7.64757b

[GeoMind CAUSAL CE Stream] Ep 1.0/Inf | D[1.0/10.0] | 30.9072% (11466.3 / 37098.9 KB) | LR: 0.00229764 | TEMP: 1.00014
  Train -> TL: 4.28034 | ATL: 4.31798 | TPPL: 75.0365 | ENT: 7.27557b | CERT: 7.52323% | SURP: 6.82333b
  Val   -> VL: 4.69384 | AVL: 4.73181 | VPPL: 113.5 | VENT: 7.6568b | VCERT: 7.57206% | VSURP: 7.5234b

[GeoMind CAUSAL CE Stream] Ep 1.0/Inf | D[1.0/10.0] | 30.9587% (11485.4 / 37098.9 KB) | LR: 0.00229736 | TEMP: 1.00013
  Train -> TL: 4.44601 | ATL: 4.31821 | TPPL: 75.0539 | ENT: 7.43912b | CERT: 6.81203% | SURP: 6.96555b
  Val   -> VL: 4.72954 | AVL: 4.73169 | VPPL: 113.488 | VENT: 7.7141b | VCERT: 7.47775% | VSURP: 7.60372b

[GeoMind CAUSAL CE Stream] Ep 1.0/Inf | D[1.0/10.0] | 31.0566% (11521.7 / 37098.9 KB) | LR: 0.00229713 | TEMP: 1.00012
  Train -> TL: 4.38284 | ATL: 4.3184 | TPPL: 75.0681 | ENT: 7.42675b | CERT: 6.94039% | SURP: 6.92072b
  Val   -> VL: 4.75109 | AVL: 4.73266 | VPPL: 113.598 | VENT: 7.66275b | VCERT: 8.50449% | VSURP: 7.64386b

[GeoMind CAUSAL CE Stream] Ep 1.0/Inf | D[1.0/10.0] | 31.1307% (11549.2 / 37098.9 KB) | LR: 0.00229687 | TEMP: 1.00012
  Train -> TL: 4.14532 | ATL: 4.31801 | TPPL: 75.0389 | ENT: 7.24048b | CERT: 8.11536% | SURP: 6.69094b
  Val   -> VL: 4.73169 | AVL: 4.73261 | VPPL: 113.592 | VENT: 7.73548b | VCERT: 7.69976% | VSURP: 7.58606b

[GeoMind CAUSAL CE Stream] Ep 1.0/Inf | D[1.0/10.0] | 31.185% (11569.3 / 37098.9 KB) | LR: 0.00229664 | TEMP: 1.00011
  Train -> TL: 4.27378 | ATL: 4.31793 | TPPL: 75.033 | ENT: 7.28127b | CERT: 7.72859% | SURP: 6.72636b
  Val   -> VL: 4.73469 | AVL: 4.73272 | VPPL: 113.604 | VENT: 7.80964b | VCERT: 7.48064% | VSURP: 7.60272b

[GeoMind CAUSAL CE Stream] Ep 1.0/Inf | D[1.0/10.0] | 31.2424% (11590.6 / 37098.9 KB) | LR: 0.00229638 | TEMP: 1.00011
  Train -> TL: 4.16101 | ATL: 4.31763 | TPPL: 75.0109 | ENT: 7.40009b | CERT: 7.67134% | SURP: 6.74307b
  Val   -> VL: 4.6955 | AVL: 4.73086 | VPPL: 113.393 | VENT: 7.74191b | VCERT: 7.56087% | VSURP: 7.52199b

[GeoMind CAUSAL CE Stream] Ep 1.0/Inf | D[1.0/10.0] | 31.3253% (11621.4 / 37098.9 KB) | LR: 0.00229611 | TEMP: 1.0001
  Train -> TL: 4.19793 | ATL: 4.31731 | TPPL: 74.9868 | ENT: 7.19378b | CERT: 8.30196% | SURP: 6.6609b
  Val   -> VL: 4.70362 | AVL: 4.7295 | VPPL: 113.238 | VENT: 7.80763b | VCERT: 7.55844% | VSURP: 7.56274b

[GeoMind CAUSAL CE Stream] Ep 1.0/Inf | D[1.0/10.0] | 31.3842% (11643.2 / 37098.9 KB) | LR: 0.00229587 | TEMP: 1.0001
  Train -> TL: 4.29799 | ATL: 4.31728 | TPPL: 74.9843 | ENT: 7.47191b | CERT: 6.63167% | SURP: 6.86395b
  Val   -> VL: 4.70082 | AVL: 4.72806 | VPPL: 113.076 | VENT: 7.83423b | VCERT: 7.50137% | VSURP: 7.58453b

[GeoMind CAUSAL CE Stream] Ep 1.0/Inf | D[1.0/10.0] | 31.4021% (11649.8 / 37098.9 KB) | LR: 0.00229566 | TEMP: 1.00009
  Train -> TL: 4.44731 | ATL: 4.31737 | TPPL: 74.9912 | ENT: 7.56249b | CERT: 6.28797% | SURP: 7.0299b
  Val   -> VL: 4.73082 | AVL: 4.7282 | VPPL: 113.092 | VENT: 7.76586b | VCERT: 8.37372% | VSURP: 7.64698b

[GeoMind CAUSAL CE Stream] Ep 1.0/Inf | D[1.0/10.0] | 31.4197% (11656.4 / 37098.9 KB) | LR: 0.00229546 | TEMP: 1.00009
  Train -> TL: 4.20651 | ATL: 4.31729 | TPPL: 74.9851 | ENT: 7.22352b | CERT: 7.71478% | SURP: 6.75631b
  Val   -> VL: 4.74509 | AVL: 4.72904 | VPPL: 113.187 | VENT: 7.69105b | VCERT: 8.72982% | VSURP: 7.65707b

[GeoMind CAUSAL CE Stream] Ep 1.0/Inf | D[1.0/10.0] | 31.5276% (11696.4 / 37098.9 KB) | LR: 0.00229504 | TEMP: 1.00008
  Train -> TL: 3.71901 | ATL: 4.31549 | TPPL: 74.8501 | ENT: 6.839b | CERT: 14.5065% | SURP: 6.16554b
  Val   -> VL: 4.78209 | AVL: 4.7317 | VPPL: 113.488 | VENT: 7.69928b | VCERT: 7.99066% | VSURP: 7.64901b

[GeoMind CAUSAL CE Stream] Ep 1.0/Inf | D[1.0/10.0] | 31.6037% (11724.6 / 37098.9 KB) | LR: 0.00229462 | TEMP: 1.00008
  Train -> TL: 4.12797 | ATL: 4.31506 | TPPL: 74.8181 | ENT: 7.06851b | CERT: 8.49422% | SURP: 6.5681b
  Val   -> VL: 4.82718 | AVL: 4.73647 | VPPL: 114.031 | VENT: 7.87763b | VCERT: 6.9793% | VSURP: 7.7686b

[GeoMind CAUSAL CE Stream] Ep 1.0/Inf | D[1.0/10.0] | 31.6888% (11756.2 / 37098.9 KB) | LR: 0.00229412 | TEMP: 1.00007
  Train -> TL: 4.03789 | ATL: 4.31414 | TPPL: 74.7493 | ENT: 6.84639b | CERT: 10.4649% | SURP: 6.30117b
  Val   -> VL: 4.80708 | AVL: 4.74 | VPPL: 114.434 | VENT: 7.69785b | VCERT: 7.40963% | VSURP: 7.70961b

[GeoMind CAUSAL CE Stream] Ep 1.0/Inf | D[1.0/10.0] | 31.7197% (11767.7 / 37098.9 KB) | LR: 0.00229355 | TEMP: 1.00007
  Train -> TL: 3.73612 | ATL: 4.31323 | TPPL: 74.681 | ENT: 6.00194b | CERT: 13.9943% | SURP: 5.78b
  Val   -> VL: 4.79867 | AVL: 4.74293 | VPPL: 114.771 | VENT: 7.52192b | VCERT: 8.14614% | VSURP: 7.65814b

[GeoMind CAUSAL CE Stream] Ep 1.0/Inf | D[1.0/10.0] | 31.7397% (11775.1 / 37098.9 KB) | LR: 0.00229286 | TEMP: 1.00007
  Train -> TL: 3.22515 | ATL: 4.31184 | TPPL: 74.5775 | ENT: 5.46385b | CERT: 18.1575% | SURP: 5.11307b
  Val   -> VL: 4.79511 | AVL: 4.74554 | VPPL: 115.07 | VENT: 7.44522b | VCERT: 8.69591% | VSURP: 7.62829b

[GeoMind CAUSAL CE Stream] Ep 1.0/Inf | D[1.0/10.0] | 31.7634% (11783.9 / 37098.9 KB) | LR: 0.00229194 | TEMP: 1.00006
  Train -> TL: 2.98158 | ATL: 4.30954 | TPPL: 74.406 | ENT: 5.01851b | CERT: 18.2447% | SURP: 4.62687b
  Val   -> VL: 4.83514 | AVL: 4.75002 | VPPL: 115.587 | VENT: 7.31005b | VCERT: 9.33476% | VSURP: 7.7001b

[GeoMind CAUSAL CE Stream] Ep 1.0/Inf | D[1.0/10.0] | 31.8098% (11801.1 / 37098.9 KB) | LR: 0.0022911 | TEMP: 1.00006
  Train -> TL: 4.22663 | ATL: 4.30942 | TPPL: 74.3971 | ENT: 6.8088b | CERT: 9.45053% | SURP: 6.70491b
  Val   -> VL: 4.7885 | AVL: 4.75195 | VPPL: 115.81 | VENT: 7.59336b | VCERT: 8.42541% | VSURP: 7.66908b

[GeoMind CAUSAL CE Stream] Ep 1.0/Inf | D[1.0/10.0] | 31.8404% (11812.4 / 37098.9 KB) | LR: 0.00229033 | TEMP: 1.00006
  Train -> TL: 4.17576 | ATL: 4.30928 | TPPL: 74.3871 | ENT: 7.03276b | CERT: 8.20838% | SURP: 6.55308b
  Val   -> VL: 4.78415 | AVL: 4.75356 | VPPL: 115.996 | VENT: 7.67311b | VCERT: 7.86495% | VSURP: 7.6755b

[GeoMind CAUSAL CE Stream] Ep 1.0/Inf | D[1.0/10.0] | 31.8923% (11831.7 / 37098.9 KB) | LR: 0.00228962 | TEMP: 1.00005
  Train -> TL: 4.24426 | ATL: 4.30918 | TPPL: 74.3791 | ENT: 7.33994b | CERT: 7.79638% | SURP: 6.75868b
  Val   -> VL: 4.79599 | AVL: 4.75568 | VPPL: 116.243 | VENT: 7.63014b | VCERT: 8.27866% | VSURP: 7.688b

[GeoMind CAUSAL CE Stream] Ep 1.0/Inf | D[1.0/10.0] | 31.9401% (11849.4 / 37098.9 KB) | LR: 0.002289 | TEMP: 1.00005
  Train -> TL: 4.39748 | ATL: 4.30934 | TPPL: 74.3915 | ENT: 7.21006b | CERT: 8.75081% | SURP: 6.99726b
  Val   -> VL: 4.768 | AVL: 4.75629 | VPPL: 116.314 | VENT: 7.74496b | VCERT: 8.32594% | VSURP: 7.66506b

[GeoMind CAUSAL CE Stream] Ep 1.0/Inf | D[1.0/10.0] | 31.971% (11860.9 / 37098.9 KB) | LR: 0.00228846 | TEMP: 1.00005
  Train -> TL: 4.40918 | ATL: 4.30947 | TPPL: 74.4009 | ENT: 7.10025b | CERT: 9.66954% | SURP: 6.93855b
  Val   -> VL: 4.74414 | AVL: 4.75569 | VPPL: 116.244 | VENT: 7.77936b | VCERT: 7.77556% | VSURP: 7.62351b

[GeoMind CAUSAL CE Stream] Ep 1.0/Inf | D[1.0/10.0] | 32.014% (11876.9 / 37098.9 KB) | LR: 0.00228795 | TEMP: 1.00005
  Train -> TL: 4.21208 | ATL: 4.3093 | TPPL: 74.3882 | ENT: 7.02535b | CERT: 9.21764% | SURP: 6.63755b
  Val   -> VL: 4.77708 | AVL: 4.75676 | VPPL: 116.368 | VENT: 7.6444b | VCERT: 8.57258% | VSURP: 7.71301b

[GeoMind CAUSAL CE Stream] Ep 1.0/Inf | D[1.0/10.0] | 32.0383% (11885.9 / 37098.9 KB) | LR: 0.00228739 | TEMP: 1.00004
  Train -> TL: 3.67416 | ATL: 4.30845 | TPPL: 74.3253 | ENT: 6.31474b | CERT: 11.7676% | SURP: 5.89908b
  Val   -> VL: 4.76282 | AVL: 4.75706 | VPPL: 116.403 | VENT: 7.53208b | VCERT: 8.047% | VSURP: 7.60992b

[GeoMind CAUSAL CE Stream] Ep 1.0/Inf | D[1.0/10.0] | 32.0637% (11895.3 / 37098.9 KB) | LR: 0.00228663 | TEMP: 1.00004
  Train -> TL: 3.21444 | ATL: 4.30655 | TPPL: 74.1837 | ENT: 5.46559b | CERT: 15.4181% | SURP: 5.19433b
  Val   -> VL: 4.75252 | AVL: 4.75683 | VPPL: 116.377 | VENT: 7.52061b | VCERT: 8.35574% | VSURP: 7.59242b

[GeoMind CAUSAL CE Stream] Ep 1.0/Inf | D[1.0/10.0] | 32.1121% (11913.2 / 37098.9 KB) | LR: 0.00228597 | TEMP: 1.00004
  Train -> TL: 4.40923 | ATL: 4.3067 | TPPL: 74.195 | ENT: 7.225b | CERT: 7.76828% | SURP: 6.97724b
  Val   -> VL: 4.73663 | AVL: 4.75582 | VPPL: 116.259 | VENT: 7.74499b | VCERT: 7.63516% | VSURP: 7.62227b

[GeoMind CAUSAL CE Stream] Ep 1.0/Inf | D[1.0/10.0] | 32.1915% (11942.7 / 37098.9 KB) | LR: 0.00228532 | TEMP: 1.00004
  Train -> TL: 4.13402 | ATL: 4.30625 | TPPL: 74.1621 | ENT: 7.20105b | CERT: 9.02205% | SURP: 6.66878b
  Val   -> VL: 4.74384 | AVL: 4.75522 | VPPL: 116.19 | VENT: 7.80254b | VCERT: 7.18859% | VSURP: 7.61759b

[GeoMind CAUSAL CE Stream] Ep 1.0/Inf | D[1.0/10.0] | 32.2165% (11952 / 37098.9 KB) | LR: 0.00228455 | TEMP: 1.00004
  Train -> TL: 3.27551 | ATL: 4.30482 | TPPL: 74.0558 | ENT: 5.25292b | CERT: 16.6596% | SURP: 5.2456b
  Val   -> VL: 4.75819 | AVL: 4.75537 | VPPL: 116.207 | VENT: 7.61408b | VCERT: 9.36266% | VSURP: 7.61566b

[GeoMind CAUSAL CE Stream] Ep 1.0/Inf | D[1.0/10.0] | 32.2994% (11982.7 / 37098.9 KB) | LR: 0.00228389 | TEMP: 1.00003
  Train -> TL: 4.40366 | ATL: 4.30507 | TPPL: 74.0747 | ENT: 7.43371b | CERT: 6.81245% | SURP: 6.93979b
  Val   -> VL: 4.71945 | AVL: 4.75358 | VPPL: 115.998 | VENT: 7.68222b | VCERT: 7.9601% | VSURP: 7.59639b

[GeoMind CAUSAL CE Stream] Ep 1.0/Inf | D[1.0/10.0] | 32.367% (12007.8 / 37098.9 KB) | LR: 0.00228329 | TEMP: 1.00003
  Train -> TL: 4.27838 | ATL: 4.30502 | TPPL: 74.0705 | ENT: 7.39628b | CERT: 7.30831% | SURP: 6.80891b
  Val   -> VL: 4.68597 | AVL: 4.7502 | VPPL: 115.607 | VENT: 7.75083b | VCERT: 7.7013% | VSURP: 7.52016b

[GeoMind CAUSAL CE Stream] Ep 1.0/Inf | D[1.0/10.0] | 32.4234% (12028.7 / 37098.9 KB) | LR: 0.00228277 | TEMP: 1.00003
  Train -> TL: 4.36774 | ATL: 4.30514 | TPPL: 74.0794 | ENT: 7.25123b | CERT: 9.59186% | SURP: 6.87026b
  Val   -> VL: 4.69412 | AVL: 4.74739 | VPPL: 115.283 | VENT: 7.91367b | VCERT: 7.09657% | VSURP: 7.586b

[GeoMind CAUSAL CE Stream] Ep 1.0/Inf | D[1.0/10.0] | 32.4681% (12045.3 / 37098.9 KB) | LR: 0.00228227 | TEMP: 1.00003
  Train -> TL: 4.21358 | ATL: 4.305 | TPPL: 74.0693 | ENT: 7.428b | CERT: 8.20685% | SURP: 6.76104b
  Val   -> VL: 4.69583 | AVL: 4.74481 | VPPL: 114.986 | VENT: 7.78068b | VCERT: 7.41821% | VSURP: 7.53614b

[GeoMind CAUSAL CE Stream] Ep 1.0/Inf | D[1.0/10.0] | 32.5162% (12063.2 / 37098.9 KB) | LR: 0.00228178 | TEMP: 1.00003
  Train -> TL: 4.07238 | ATL: 4.30462 | TPPL: 74.041 | ENT: 7.04296b | CERT: 9.51695% | SURP: 6.5009b
  Val   -> VL: 4.73454 | AVL: 4.7443 | VPPL: 114.927 | VENT: 7.79809b | VCERT: 7.49534% | VSURP: 7.62094b

[GeoMind CAUSAL CE Stream] Ep 1.0/Inf | D[1.0/10.0] | 32.5554% (12077.7 / 37098.9 KB) | LR: 0.00228136 | TEMP: 1.00003
  Train -> TL: 4.43032 | ATL: 4.30476 | TPPL: 74.0512 | ENT: 7.48377b | CERT: 7.33244% | SURP: 7.09241b
  Val   -> VL: 4.7183 | AVL: 4.743 | VPPL: 114.778 | VENT: 7.83902b | VCERT: 7.27436% | VSURP: 7.5758b

[GeoMind CAUSAL CE Stream] Ep 1.0/Inf | D[1.0/10.0] | 32.5954% (12092.5 / 37098.9 KB) | LR: 0.00228101 | TEMP: 1.00003
  Train -> TL: 4.45255 | ATL: 4.30497 | TPPL: 74.0668 | ENT: 7.61155b | CERT: 6.49705% | SURP: 7.06468b
  Val   -> VL: 4.69823 | AVL: 4.74076 | VPPL: 114.521 | VENT: 7.7884b | VCERT: 7.37001% | VSURP: 7.52966b

[GeoMind CAUSAL CE Stream] Ep 1.0/Inf | D[1.0/10.0] | 32.6222% (12102.5 / 37098.9 KB) | LR: 0.00228069 | TEMP: 1.00002
  Train -> TL: 4.37172 | ATL: 4.30502 | TPPL: 74.071 | ENT: 7.42241b | CERT: 8.78452% | SURP: 7.03494b
  Val   -> VL: 4.70217 | AVL: 4.73883 | VPPL: 114.301 | VENT: 7.87527b | VCERT: 6.81399% | VSURP: 7.54324b

[GeoMind CAUSAL CE Stream] Ep 1.0/Inf | D[1.0/10.0] | 32.683% (12125 / 37098.9 KB) | LR: 0.00228043 | TEMP: 1.00002
  Train -> TL: 4.37558 | ATL: 4.30515 | TPPL: 74.0806 | ENT: 7.46825b | CERT: 7.31095% | SURP: 6.81194b
  Val   -> VL: 4.73946 | AVL: 4.73886 | VPPL: 114.304 | VENT: 7.91332b | VCERT: 6.82168% | VSURP: 7.62986b

[GeoMind CAUSAL CE Stream] Ep 1.0/Inf | D[1.0/10.0] | 32.7399% (12146.2 / 37098.9 KB) | LR: 0.00228014 | TEMP: 1.00002
  Train -> TL: 4.04674 | ATL: 4.30474 | TPPL: 74.0498 | ENT: 7.38204b | CERT: 7.85641% | SURP: 6.59522b
  Val   -> VL: 4.73383 | AVL: 4.73861 | VPPL: 114.275 | VENT: 7.75092b | VCERT: 7.25488% | VSURP: 7.57888b

[GeoMind CAUSAL CE Stream] Ep 1.0/Inf | D[1.0/10.0] | 32.8201% (12175.9 / 37098.9 KB) | LR: 0.00227984 | TEMP: 1.00002
  Train -> TL: 4.16508 | ATL: 4.30443 | TPPL: 74.0273 | ENT: 7.32921b | CERT: 7.15168% | SURP: 6.70264b
  Val   -> VL: 4.76219 | AVL: 4.73979 | VPPL: 114.41 | VENT: 7.7608b | VCERT: 7.30692% | VSURP: 7.64117b

[GeoMind CAUSAL CE Stream] Ep 1.0/Inf | D[1.0/10.0] | 32.8728% (12195.5 / 37098.9 KB) | LR: 0.00227939 | TEMP: 1.00002
  Train -> TL: 3.65006 | ATL: 4.30305 | TPPL: 73.9249 | ENT: 6.15448b | CERT: 12.6993% | SURP: 5.81651b
  Val   -> VL: 4.79497 | AVL: 4.74255 | VPPL: 114.726 | VENT: 7.62537b | VCERT: 8.72486% | VSURP: 7.67677b

[GeoMind CAUSAL CE Stream] Ep 1.0/Inf | D[1.0/10.0] | 32.9299% (12216.6 / 37098.9 KB) | LR: 0.00227899 | TEMP: 1.00002
  Train -> TL: 4.33737 | ATL: 4.30311 | TPPL: 73.9293 | ENT: 7.41511b | CERT: 7.57625% | SURP: 6.84905b
  Val   -> VL: 4.75973 | AVL: 4.74341 | VPPL: 114.825 | VENT: 7.70932b | VCERT: 7.88836% | VSURP: 7.61343b

[GeoMind CAUSAL CE Stream] Ep 1.0/Inf | D[1.0/10.0] | 32.9505% (12224.3 / 37098.9 KB) | LR: 0.00227866 | TEMP: 1.00002
  Train -> TL: 4.54506 | ATL: 4.30328 | TPPL: 73.9419 | ENT: 7.37974b | CERT: 7.71442% | SURP: 7.02218b
  Val   -> VL: 4.72175 | AVL: 4.74233 | VPPL: 114.701 | VENT: 7.76409b | VCERT: 7.29529% | VSURP: 7.5671b

[GeoMind CAUSAL CE Stream] Ep 1.0/Inf | D[1.0/10.0] | 32.9727% (12232.5 / 37098.9 KB) | LR: 0.00227833 | TEMP: 1.00002
  Train -> TL: 3.87825 | ATL: 4.30304 | TPPL: 73.924 | ENT: 7.0438b | CERT: 8.91616% | SURP: 6.35887b
  Val   -> VL: 4.73156 | AVL: 4.74179 | VPPL: 114.639 | VENT: 7.69059b | VCERT: 7.80903% | VSURP: 7.58117b

[GeoMind CAUSAL CE Stream] Ep 1.0/Inf | D[1.0/10.0] | 32.9983% (12242 / 37098.9 KB) | LR: 0.00227801 | TEMP: 1.00002
  Train -> TL: 4.08714 | ATL: 4.30289 | TPPL: 73.913 | ENT: 7.16084b | CERT: 9.30028% | SURP: 6.50654b
  Val   -> VL: 4.72605 | AVL: 4.741 | VPPL: 114.549 | VENT: 7.73209b | VCERT: 7.71844% | VSURP: 7.57996b

[GeoMind CAUSAL CE Stream] Ep 1.0/Inf | D[1.0/10.0] | 33.0387% (12257 / 37098.9 KB) | LR: 0.00227772 | TEMP: 1.00002
  Train -> TL: 4.29776 | ATL: 4.30288 | TPPL: 73.9125 | ENT: 7.41232b | CERT: 7.25418% | SURP: 6.877b
  Val   -> VL: 4.72588 | AVL: 4.74024 | VPPL: 114.462 | VENT: 7.78851b | VCERT: 7.60203% | VSURP: 7.58204b

[GeoMind CAUSAL CE Stream] Ep 1.0/Inf | D[1.0/10.0] | 33.0844% (12274 / 37098.9 KB) | LR: 0.00227747 | TEMP: 1.00001
  Train -> TL: 4.34729 | ATL: 4.30295 | TPPL: 73.9174 | ENT: 7.50554b | CERT: 7.18715% | SURP: 6.87418b
  Val   -> VL: 4.70255 | AVL: 4.73836 | VPPL: 114.247 | VENT: 7.81998b | VCERT: 7.32996% | VSURP: 7.55104b

[GeoMind CAUSAL CE Stream] Ep 1.0/Inf | D[1.0/10.0] | 33.1333% (12292.1 / 37098.9 KB) | LR: 0.00227722 | TEMP: 1.00001
  Train -> TL: 4.15573 | ATL: 4.30275 | TPPL: 73.9028 | ENT: 7.28309b | CERT: 7.71662% | SURP: 6.68599b
  Val   -> VL: 4.72815 | AVL: 4.73785 | VPPL: 114.188 | VENT: 7.67921b | VCERT: 8.43254% | VSURP: 7.57984b

[GeoMind CAUSAL CE Stream] Ep 1.0/Inf | D[1.0/10.0] | 33.1899% (12313.1 / 37098.9 KB) | LR: 0.002277 | TEMP: 1.00001
  Train -> TL: 4.312 | ATL: 4.30277 | TPPL: 73.904 | ENT: 7.42614b | CERT: 7.54382% | SURP: 6.87009b
  Val   -> VL: 4.72389 | AVL: 4.73715 | VPPL: 114.109 | VENT: 7.74209b | VCERT: 8.09625% | VSURP: 7.57632b

[GeoMind CAUSAL CE Stream] Ep 1.0/Inf | D[1.0/10.0] | 33.2546% (12337.1 / 37098.9 KB) | LR: 0.00227678 | TEMP: 1.00001
  Train -> TL: 4.23247 | ATL: 4.30263 | TPPL: 73.8941 | ENT: 7.35563b | CERT: 8.26455% | SURP: 6.75588b
  Val   -> VL: 4.72029 | AVL: 4.73631 | VPPL: 114.012 | VENT: 7.7853b | VCERT: 8.13406% | VSURP: 7.59991b

[GeoMind CAUSAL CE Stream] Ep 1.0/Inf | D[1.0/10.0] | 33.3527% (12373.5 / 37098.9 KB) | LR: 0.00227659 | TEMP: 1.00001
  Train -> TL: 4.31566 | ATL: 4.30267 | TPPL: 73.8966 | ENT: 7.54736b | CERT: 6.22369% | SURP: 6.88766b
  Val   -> VL: 4.66044 | AVL: 4.73251 | VPPL: 113.581 | VENT: 7.80318b | VCERT: 7.84802% | VSURP: 7.46253b

[GeoMind CAUSAL CE Stream] Ep 1.0/Inf | D[1.0/10.0] | 33.3797% (12383.5 / 37098.9 KB) | LR: 0.0022764 | TEMP: 1.00001
  Train -> TL: 4.2345 | ATL: 4.3026 | TPPL: 73.8916 | ENT: 7.34222b | CERT: 10.0735% | SURP: 6.6858b
  Val   -> VL: 4.70421 | AVL: 4.7311 | VPPL: 113.42 | VENT: 7.84296b | VCERT: 7.2591% | VSURP: 7.55176b

[GeoMind CAUSAL CE Stream] Ep 1.0/Inf | D[1.0/10.0] | 33.4152% (12396.7 / 37098.9 KB) | LR: 0.00227624 | TEMP: 1.00001
  Train -> TL: 4.27761 | ATL: 4.30257 | TPPL: 73.8894 | ENT: 7.32899b | CERT: 7.52934% | SURP: 6.81453b
  Val   -> VL: 4.68854 | AVL: 4.72897 | VPPL: 113.179 | VENT: 7.85013b | VCERT: 6.96238% | VSURP: 7.52831b

[GeoMind CAUSAL CE Stream] Ep 1.0/Inf | D[1.0/10.0] | 33.469% (12416.6 / 37098.9 KB) | LR: 0.00227605 | TEMP: 1.00001
  Train -> TL: 4.1043 | ATL: 4.30229 | TPPL: 73.8686 | ENT: 7.30397b | CERT: 7.58472% | SURP: 6.59845b
  Val   -> VL: 4.68615 | AVL: 4.72683 | VPPL: 112.937 | VENT: 7.77916b | VCERT: 7.45937% | VSURP: 7.53488b

[GeoMind CAUSAL CE Stream] Ep 1.0/Inf | D[1.0/10.0] | 33.5194% (12435.4 / 37098.9 KB) | LR: 0.00227585 | TEMP: 1.00001
  Train -> TL: 4.13666 | ATL: 4.30206 | TPPL: 73.8516 | ENT: 7.37621b | CERT: 7.63338% | SURP: 6.61023b
  Val   -> VL: 4.70627 | AVL: 4.7258 | VPPL: 112.821 | VENT: 7.70954b | VCERT: 7.74869% | VSURP: 7.56594b

[GeoMind CAUSAL CE Stream] Ep 1.0/Inf | D[1.0/10.0] | 33.6053% (12467.2 / 37098.9 KB) | LR: 0.00227572 | TEMP: 1.00001
  Train -> TL: 4.45326 | ATL: 4.30244 | TPPL: 73.8802 | ENT: 7.36669b | CERT: 8.30521% | SURP: 7.0144b
  Val   -> VL: 4.7171 | AVL: 4.72537 | VPPL: 112.772 | VENT: 7.92743b | VCERT: 6.41827% | VSURP: 7.59085b

[GeoMind CAUSAL CE Stream] Ep 1.0/Inf | D[1.0/10.0] | 33.6671% (12490.2 / 37098.9 KB) | LR: 0.0022756 | TEMP: 1.00001
  Train -> TL: 4.27514 | ATL: 4.3024 | TPPL: 73.8769 | ENT: 7.49212b | CERT: 6.73855% | SURP: 6.84909b
  Val   -> VL: 4.73048 | AVL: 4.72562 | VPPL: 112.801 | VENT: 7.8107b | VCERT: 7.55348% | VSURP: 7.59109b

[GeoMind CAUSAL CE Stream] Ep 1.0/Inf | D[1.0/10.0] | 33.7513% (12521.4 / 37098.9 KB) | LR: 0.00227549 | TEMP: 1.00001
  Train -> TL: 4.29411 | ATL: 4.30238 | TPPL: 73.8756 | ENT: 7.48101b | CERT: 7.17122% | SURP: 6.86547b
  Val   -> VL: 4.73028 | AVL: 4.72586 | VPPL: 112.827 | VENT: 7.77935b | VCERT: 7.59461% | VSURP: 7.58513b

[GeoMind CAUSAL CE Stream] Ep 1.0/Inf | D[1.0/10.0] | 33.8082% (12542.5 / 37098.9 KB) | LR: 0.00227542 | TEMP: 1.00001
  Train -> TL: 4.40702 | ATL: 4.30257 | TPPL: 73.8896 | ENT: 7.42658b | CERT: 6.43575% | SURP: 6.95948b
  Val   -> VL: 4.74628 | AVL: 4.72688 | VPPL: 112.942 | VENT: 7.73034b | VCERT: 8.03747% | VSURP: 7.61105b

[GeoMind CAUSAL CE Stream] Ep 1.0/Inf | D[1.0/10.0] | 33.8527% (12559 / 37098.9 KB) | LR: 0.00227532 | TEMP: 1.00001
  Train -> TL: 4.13275 | ATL: 4.30235 | TPPL: 73.8734 | ENT: 7.02014b | CERT: 8.60422% | SURP: 6.54531b
  Val   -> VL: 4.74905 | AVL: 4.72799 | VPPL: 113.068 | VENT: 7.77608b | VCERT: 7.755% | VSURP: 7.61331b

[GeoMind CAUSAL CE Stream] Ep 1.0/Inf | D[1.0/10.0] | 33.9416% (12592 / 37098.9 KB) | LR: 0.00227514 | TEMP: 1.00001
  Train -> TL: 4.04499 | ATL: 4.30163 | TPPL: 73.82 | ENT: 7.08062b | CERT: 9.28099% | SURP: 6.43718b
  Val   -> VL: 4.72242 | AVL: 4.72771 | VPPL: 113.036 | VENT: 7.80658b | VCERT: 7.50567% | VSURP: 7.58376b

[GeoMind CAUSAL CE Stream] Ep 1.0/Inf | D[1.0/10.0] | 34.0073% (12616.3 / 37098.9 KB) | LR: 0.0022749 | TEMP: 1.00001
  Train -> TL: 3.99433 | ATL: 4.30104 | TPPL: 73.7764 | ENT: 7.1292b | CERT: 10.2258% | SURP: 6.37447b
  Val   -> VL: 4.6842 | AVL: 4.72553 | VPPL: 112.79 | VENT: 7.80108b | VCERT: 7.39584% | VSURP: 7.50953b

[GeoMind CAUSAL CE Stream] Ep 1.0/Inf | D[1.0/10.0] | 34.0506% (12632.4 / 37098.9 KB) | LR: 0.00227464 | TEMP: 1.00001
  Train -> TL: 3.9567 | ATL: 4.30064 | TPPL: 73.7473 | ENT: 6.69486b | CERT: 9.9068% | SURP: 6.32711b
  Val   -> VL: 4.68783 | AVL: 4.72365 | VPPL: 112.578 | VENT: 7.75254b | VCERT: 8.12428% | VSURP: 7.52233b

[GeoMind CAUSAL CE Stream] Ep 1.0/Inf | D[1.0/10.0] | 34.1063% (12653.1 / 37098.9 KB) | LR: 0.00227441 | TEMP: 1.00001
  Train -> TL: 4.345 | ATL: 4.30072 | TPPL: 73.7525 | ENT: 7.46419b | CERT: 7.50787% | SURP: 6.78728b
  Val   -> VL: 4.71164 | AVL: 4.72305 | VPPL: 112.51 | VENT: 7.74674b | VCERT: 8.14187% | VSURP: 7.54652b

[GeoMind CAUSAL CE Stream] Ep 1.0/Inf | D[1.0/10.0] | 34.1238% (12659.6 / 37098.9 KB) | LR: 0.0022742 | TEMP: 1.00001
  Train -> TL: 4.30722 | ATL: 4.30072 | TPPL: 73.7528 | ENT: 7.58401b | CERT: 6.39745% | SURP: 6.80421b
  Val   -> VL: 4.70193 | AVL: 4.72199 | VPPL: 112.392 | VENT: 7.72645b | VCERT: 7.92793% | VSURP: 7.52368b

[GeoMind CAUSAL CE Stream] Ep 1.0/Inf | D[1.0/10.0] | 34.1418% (12666.2 / 37098.9 KB) | LR: 0.002274 | TEMP: 1.00001
  Train -> TL: 4.0813 | ATL: 4.30059 | TPPL: 73.7433 | ENT: 7.46465b | CERT: 7.43498% | SURP: 6.66441b
  Val   -> VL: 4.70528 | AVL: 4.72115 | VPPL: 112.298 | VENT: 7.61774b | VCERT: 8.35032% | VSURP: 7.49899b

[GeoMind CAUSAL CE Stream] Ep 1.0/Inf | D[1.0/10.0] | 34.1588% (12672.5 / 37098.9 KB) | LR: 0.00227381 | TEMP: 1.00001
  Train -> TL: 4.15488 | ATL: 4.30051 | TPPL: 73.7374 | ENT: 7.33025b | CERT: 8.42883% | SURP: 6.60708b
  Val   -> VL: 4.69338 | AVL: 4.71977 | VPPL: 112.142 | VENT: 7.59871b | VCERT: 8.2241% | VSURP: 7.48717b

[GeoMind CAUSAL CE Stream] Ep 1.0/Inf | D[1.0/10.0] | 34.1765% (12679.1 / 37098.9 KB) | LR: 0.00227362 | TEMP: 1
  Train -> TL: 4.00728 | ATL: 4.30035 | TPPL: 73.7259 | ENT: 7.17636b | CERT: 10.297% | SURP: 6.4746b
  Val   -> VL: 4.68713 | AVL: 4.71813 | VPPL: 111.959 | VENT: 7.59617b | VCERT: 8.44261% | VSURP: 7.47724b

[GeoMind CAUSAL CE Stream] Ep 1.0/Inf | D[1.0/10.0] | 34.1939% (12685.6 / 37098.9 KB) | LR: 0.00227344 | TEMP: 1
  Train -> TL: 4.25713 | ATL: 4.30033 | TPPL: 73.7243 | ENT: 7.32154b | CERT: 7.5765% | SURP: 6.81684b
  Val   -> VL: 4.69038 | AVL: 4.71675 | VPPL: 111.804 | VENT: 7.65261b | VCERT: 8.0673% | VSURP: 7.48884b

[GeoMind CAUSAL CE Stream] Ep 1.0/Inf | D[1.0/10.0] | 34.2108% (12691.8 / 37098.9 KB) | LR: 0.00227327 | TEMP: 1
  Train -> TL: 4.14107 | ATL: 4.30025 | TPPL: 73.7181 | ENT: 7.34568b | CERT: 7.13331% | SURP: 6.67432b
  Val   -> VL: 4.69463 | AVL: 4.71564 | VPPL: 111.68 | VENT: 7.60075b | VCERT: 8.31198% | VSURP: 7.48374b

[GeoMind CAUSAL CE Stream] Ep 1.0/Inf | D[1.0/10.0] | 34.2281% (12698.2 / 37098.9 KB) | LR: 0.00227311 | TEMP: 1
  Train -> TL: 4.16874 | ATL: 4.30018 | TPPL: 73.7128 | ENT: 7.32902b | CERT: 8.06783% | SURP: 6.62308b
  Val   -> VL: 4.70094 | AVL: 4.71491 | VPPL: 111.598 | VENT: 7.60616b | VCERT: 8.05664% | VSURP: 7.50139b

[GeoMind CAUSAL CE Stream] Ep 1.0/Inf | D[1.0/10.0] | 34.245% (12704.5 / 37098.9 KB) | LR: 0.00227298 | TEMP: 1
  Train -> TL: 4.53612 | ATL: 4.3003 | TPPL: 73.7216 | ENT: 7.38485b | CERT: 6.36671% | SURP: 6.89217b
  Val   -> VL: 4.70299 | AVL: 4.71431 | VPPL: 111.532 | VENT: 7.70356b | VCERT: 7.83981% | VSURP: 7.51105b

[GeoMind CAUSAL CE Stream] Ep 1.0/Inf | D[1.0/10.0] | 34.2995% (12724.7 / 37098.9 KB) | LR: 0.00227294 | TEMP: 1
  Train -> TL: 4.66972 | ATL: 4.30092 | TPPL: 73.7678 | ENT: 7.5895b | CERT: 6.00109% | SURP: 7.26709b
  Val   -> VL: 4.71039 | AVL: 4.71411 | VPPL: 111.51 | VENT: 7.79403b | VCERT: 8.09757% | VSURP: 7.57763b

[GeoMind CAUSAL CE Stream] Ep 1.0/Inf | D[1.0/10.0] | 34.354% (12745 / 37098.9 KB) | LR: 0.00227289 | TEMP: 1
  Train -> TL: 4.21262 | ATL: 4.30079 | TPPL: 73.7582 | ENT: 7.47892b | CERT: 7.15174% | SURP: 6.76295b
  Val   -> VL: 4.72285 | AVL: 4.71455 | VPPL: 111.559 | VENT: 7.79815b | VCERT: 7.49859% | VSURP: 7.5894b

[GeoMind CAUSAL CE Stream] Ep 1.0/Inf | D[1.0/10.0] | 34.4271% (12772.1 / 37098.9 KB) | LR: 0.00227289 | TEMP: 1
  Train -> TL: 4.44504 | ATL: 4.30112 | TPPL: 73.7822 | ENT: 7.58077b | CERT: 6.4888% | SURP: 7.02722b
  Val   -> VL: 4.7428 | AVL: 4.71596 | VPPL: 111.716 | VENT: 7.60963b | VCERT: 8.83132% | VSURP: 7.62761b

[GeoMind CAUSAL CE Stream] Ep 1.0/Inf | D[1.0/10.0] | 34.4937% (12796.8 / 37098.9 KB) | LR: 0.0022729 | TEMP: 1
  Train -> TL: 4.32917 | ATL: 4.30118 | TPPL: 73.7868 | ENT: 7.30932b | CERT: 8.02512% | SURP: 6.90386b
  Val   -> VL: 4.707 | AVL: 4.71552 | VPPL: 111.666 | VENT: 7.80885b | VCERT: 7.08183% | VSURP: 7.56752b

[GeoMind CAUSAL CE Stream] Ep 1.0/Inf | D[1.0/10.0] | 34.5308% (12810.6 / 37098.9 KB) | LR: 0.00227291 | TEMP: 1
  Train -> TL: 4.34107 | ATL: 4.30122 | TPPL: 73.7899 | ENT: 7.48833b | CERT: 6.39293% | SURP: 6.86236b
  Val   -> VL: 4.71722 | AVL: 4.7156 | VPPL: 111.676 | VENT: 7.75642b | VCERT: 7.44745% | VSURP: 7.57759b

[GeoMind CAUSAL CE Stream] Ep 1.0/Inf | D[1.0/10.0] | 34.5575% (12820.5 / 37098.9 KB) | LR: 0.00227288 | TEMP: 1
  Train -> TL: 3.87723 | ATL: 4.30092 | TPPL: 73.7673 | ENT: 6.92344b | CERT: 8.6682% | SURP: 6.30151b
  Val   -> VL: 4.71782 | AVL: 4.71571 | VPPL: 111.688 | VENT: 7.61935b | VCERT: 8.46724% | VSURP: 7.56126b

[GeoMind CAUSAL CE Stream] Ep 1.0/Inf | D[1.0/10.0] | 34.6109% (12840.3 / 37098.9 KB) | LR: 0.00227284 | TEMP: 1
  Train -> TL: 4.25772 | ATL: 4.30084 | TPPL: 73.762 | ENT: 7.00762b | CERT: 8.41183% | SURP: 6.75118b
  Val   -> VL: 4.69964 | AVL: 4.71491 | VPPL: 111.599 | VENT: 7.69739b | VCERT: 7.51542% | VSURP: 7.56043b

[GeoMind CAUSAL CE Stream] Ep 1.0/Inf | D[1.0/10.0] | 34.6649% (12860.3 / 37098.9 KB) | LR: 0.00227282 | TEMP: 1
  Train -> TL: 4.34333 | ATL: 4.30091 | TPPL: 73.7668 | ENT: 7.31535b | CERT: 7.99153% | SURP: 6.80573b
  Val   -> VL: 4.68198 | AVL: 4.71326 | VPPL: 111.415 | VENT: 7.71181b | VCERT: 7.77904% | VSURP: 7.51178b

[GeoMind CAUSAL CE Stream] Ep 1.0/Inf | D[1.0/10.0] | 34.7323% (12885.3 / 37098.9 KB) | LR: 0.00227277 | TEMP: 1
  Train -> TL: 4.22543 | ATL: 4.30076 | TPPL: 73.7557 | ENT: 7.40165b | CERT: 8.67058% | SURP: 6.7268b
  Val   -> VL: 4.6761 | AVL: 4.7114 | VPPL: 111.208 | VENT: 7.7207b | VCERT: 7.61287% | VSURP: 7.49448b

[GeoMind CAUSAL CE Stream] Ep 1.0/Inf | D[1.0/10.0] | 34.8059% (12912.6 / 37098.9 KB) | LR: 0.00227269 | TEMP: 1
  Train -> TL: 4.13621 | ATL: 4.30042 | TPPL: 73.7304 | ENT: 7.30801b | CERT: 8.12353% | SURP: 6.67038b
  Val   -> VL: 4.69605 | AVL: 4.71064 | VPPL: 111.123 | VENT: 7.67359b | VCERT: 8.22816% | VSURP: 7.5259b

[GeoMind CAUSAL CE Stream] Ep 1.0/Inf | D[1.0/10.0] | 34.8391% (12924.9 / 37098.9 KB) | LR: 0.00227262 | TEMP: 1
  Train -> TL: 4.29186 | ATL: 4.30041 | TPPL: 73.7299 | ENT: 7.41347b | CERT: 6.83672% | SURP: 6.87008b
  Val   -> VL: 4.7043 | AVL: 4.71032 | VPPL: 111.088 | VENT: 7.6703b | VCERT: 8.33381% | VSURP: 7.54597b

[GeoMind CAUSAL CE Stream] Ep 1.0/Inf | D[1.0/10.0] | 34.8671% (12935.3 / 37098.9 KB) | LR: 0.00227255 | TEMP: 1
  Train -> TL: 4.2229 | ATL: 4.30035 | TPPL: 73.7255 | ENT: 7.44769b | CERT: 7.22936% | SURP: 6.83727b
  Val   -> VL: 4.68675 | AVL: 4.70914 | VPPL: 110.957 | VENT: 7.69686b | VCERT: 7.90203% | VSURP: 7.5008b

[GeoMind CAUSAL CE Stream] Ep 1.0/Inf | D[1.0/10.0] | 34.9424% (12963.3 / 37098.9 KB) | LR: 0.00227238 | TEMP: 1
  Train -> TL: 3.93086 | ATL: 4.29958 | TPPL: 73.6687 | ENT: 7.0251b | CERT: 9.56379% | SURP: 6.28786b
  Val   -> VL: 4.73478 | AVL: 4.71042 | VPPL: 111.099 | VENT: 7.67889b | VCERT: 7.88727% | VSURP: 7.58882b

[GeoMind CAUSAL CE Stream] Ep 1.0/Inf | D[1.0/10.0] | 34.9821% (12978 / 37098.9 KB) | LR: 0.00227226 | TEMP: 1
  Train -> TL: 4.5216 | ATL: 4.29984 | TPPL: 73.6881 | ENT: 7.56787b | CERT: 6.34932% | SURP: 7.07445b
  Val   -> VL: 4.70367 | AVL: 4.71009 | VPPL: 111.062 | VENT: 7.74695b | VCERT: 7.39011% | VSURP: 7.54681b

[GeoMind CAUSAL CE Stream] Ep 1.0/Inf | D[1.0/10.0] | 35.102% (13022.5 / 37098.9 KB) | LR: 0.00227215 | TEMP: 1
  Train -> TL: 4.28114 | ATL: 4.29978 | TPPL: 73.6834 | ENT: 7.38531b | CERT: 7.20798% | SURP: 6.74943b
  Val   -> VL: 4.72983 | AVL: 4.71107 | VPPL: 111.171 | VENT: 7.65325b | VCERT: 8.35629% | VSURP: 7.62426b

[GeoMind CAUSAL CE Stream] Ep 1.0/Inf | D[1.0/10.0] | 35.2136% (13063.9 / 37098.9 KB) | LR: 0.002272 | TEMP: 1
  Train -> TL: 4.17767 | ATL: 4.2994 | TPPL: 73.6557 | ENT: 7.28008b | CERT: 7.63631% | SURP: 6.63481b
  Val   -> VL: 4.78503 | AVL: 4.71477 | VPPL: 111.583 | VENT: 7.51935b | VCERT: 9.39216% | VSURP: 7.6631b

[GeoMind CAUSAL CE Stream] Ep 1.0/Inf | D[1.0/10.0] | 35.285% (13090.4 / 37098.9 KB) | LR: 0.00227183 | TEMP: 1
  Train -> TL: 4.14571 | ATL: 4.29908 | TPPL: 73.6319 | ENT: 7.19355b | CERT: 8.40943% | SURP: 6.66325b
  Val   -> VL: 4.74697 | AVL: 4.71638 | VPPL: 111.763 | VENT: 7.67454b | VCERT: 8.19391% | VSURP: 7.60549b

[GeoMind CAUSAL CE Stream] Ep 1.0/Inf | D[1.0/10.0] | 35.3077% (13098.8 / 37098.9 KB) | LR: 0.00227167 | TEMP: 1
  Train -> TL: 4.35685 | ATL: 4.29911 | TPPL: 73.6346 | ENT: 7.39777b | CERT: 7.38983% | SURP: 6.93611b
  Val   -> VL: 4.74949 | AVL: 4.71804 | VPPL: 111.948 | VENT: 7.67217b | VCERT: 8.09998% | VSURP: 7.6149b

[GeoMind CAUSAL CE Stream] Ep 1.0/Inf | D[1.0/10.0] | 35.3234% (13104.6 / 37098.9 KB) | LR: 0.00227153 | TEMP: 1
  Train -> TL: 4.21618 | ATL: 4.29908 | TPPL: 73.6321 | ENT: 7.49732b | CERT: 6.93785% | SURP: 6.84621b
  Val   -> VL: 4.74572 | AVL: 4.71942 | VPPL: 112.103 | VENT: 7.65429b | VCERT: 7.96011% | VSURP: 7.59725b

[GeoMind CAUSAL CE Stream] Ep 1.0/Inf | D[1.0/10.0] | 35.3641% (13119.7 / 37098.9 KB) | LR: 0.00227137 | TEMP: 1
  Train -> TL: 4.10012 | ATL: 4.29885 | TPPL: 73.615 | ENT: 7.28415b | CERT: 8.15885% | SURP: 6.6295b
  Val   -> VL: 4.73699 | AVL: 4.7203 | VPPL: 112.202 | VENT: 7.63513b | VCERT: 7.89643% | VSURP: 7.58317b

[GeoMind CAUSAL CE Stream] Ep 1.0/Inf | D[1.0/10.0] | 35.4375% (13146.9 / 37098.9 KB) | LR: 0.00227119 | TEMP: 1
  Train -> TL: 4.15765 | ATL: 4.29854 | TPPL: 73.5921 | ENT: 7.10374b | CERT: 9.29479% | SURP: 6.65572b
  Val   -> VL: 4.66857 | AVL: 4.71771 | VPPL: 111.912 | VENT: 7.72282b | VCERT: 7.87917% | VSURP: 7.49055b

[GeoMind CAUSAL CE Stream] Ep 1.0/Inf | D[1.0/10.0] | 35.4881% (13165.7 / 37098.9 KB) | LR: 0.00227105 | TEMP: 1
  Train -> TL: 4.43944 | ATL: 4.29874 | TPPL: 73.6069 | ENT: 7.44928b | CERT: 6.81599% | SURP: 7.04853b
  Val   -> VL: 4.72955 | AVL: 4.7183 | VPPL: 111.978 | VENT: 7.69341b | VCERT: 8.39947% | VSURP: 7.61116b

[GeoMind CAUSAL CE Stream] Ep 1.0/Inf | D[1.0/10.0] | 35.5498% (13188.6 / 37098.9 KB) | LR: 0.00227091 | TEMP: 1
  Train -> TL: 4.22849 | ATL: 4.29863 | TPPL: 73.5991 | ENT: 7.45026b | CERT: 6.60166% | SURP: 6.77487b
  Val   -> VL: 4.72286 | AVL: 4.71853 | VPPL: 112.004 | VENT: 7.74508b | VCERT: 7.7454% | VSURP: 7.59001b

[GeoMind CAUSAL CE Stream] Ep 1.0/Inf | D[1.0/10.0] | 35.6366% (13220.8 / 37098.9 KB) | LR: 0.00227074 | TEMP: 1
  Train -> TL: 4.11647 | ATL: 4.29823 | TPPL: 73.5695 | ENT: 7.36537b | CERT: 7.71848% | SURP: 6.66459b
  Val   -> VL: 4.71822 | AVL: 4.71852 | VPPL: 112.002 | VENT: 7.71367b | VCERT: 7.96283% | VSURP: 7.57747b

[GeoMind CAUSAL CE Stream] Ep 1.0/Inf | D[1.0/10.0] | 35.7017% (13245 / 37098.9 KB) | LR: 0.00227054 | TEMP: 1
  Train -> TL: 4.11475 | ATL: 4.29794 | TPPL: 73.5479 | ENT: 7.32643b | CERT: 7.89743% | SURP: 6.64153b
  Val   -> VL: 4.73403 | AVL: 4.71929 | VPPL: 112.089 | VENT: 7.61608b | VCERT: 8.86517% | VSURP: 7.58248b

[GeoMind CAUSAL CE Stream] Ep 1.0/Inf | D[1.0/10.0] | 35.7543% (13264.5 / 37098.9 KB) | LR: 0.00227041 | TEMP: 1
  Train -> TL: 4.51328 | ATL: 4.29826 | TPPL: 73.5716 | ENT: 7.55816b | CERT: 5.90751% | SURP: 7.10527b
  Val   -> VL: 4.72048 | AVL: 4.71935 | VPPL: 112.095 | VENT: 7.76543b | VCERT: 7.81725% | VSURP: 7.57646b

[GeoMind CAUSAL CE Stream] Ep 1.0/Inf | D[1.0/10.0] | 35.8001% (13281.5 / 37098.9 KB) | LR: 0.00227027 | TEMP: 1
  Train -> TL: 4.19391 | ATL: 4.29812 | TPPL: 73.5615 | ENT: 7.28998b | CERT: 8.21579% | SURP: 6.70388b
  Val   -> VL: 4.71953 | AVL: 4.71936 | VPPL: 112.096 | VENT: 7.68944b | VCERT: 7.91189% | VSURP: 7.55821b

[GeoMind CAUSAL CE Stream] Ep 1.0/Inf | D[1.0/10.0] | 35.8403% (13296.4 / 37098.9 KB) | LR: 0.00227013 | TEMP: 1
  Train -> TL: 4.22334 | ATL: 4.29805 | TPPL: 73.5564 | ENT: 7.27091b | CERT: 7.6785% | SURP: 6.74835b
  Val   -> VL: 4.74506 | AVL: 4.72064 | VPPL: 112.241 | VENT: 7.62012b | VCERT: 9.14186% | VSURP: 7.61078b

[GeoMind CAUSAL CE Stream] Ep 1.0/Inf | D[1.0/10.0] | 35.8834% (13312.4 / 37098.9 KB) | LR: 0.00227 | TEMP: 1
  Train -> TL: 4.19708 | ATL: 4.29793 | TPPL: 73.5473 | ENT: 7.37543b | CERT: 7.60105% | SURP: 6.71135b
  Val   -> VL: 4.73281 | AVL: 4.72125 | VPPL: 112.309 | VENT: 7.55744b | VCERT: 9.17954% | VSURP: 7.59074b

[GeoMind CAUSAL CE Stream] Ep 1.0/Inf | D[1.0/10.0] | 35.8978% (13317.7 / 37098.9 KB) | LR: 0.00226986 | TEMP: 1
  Train -> TL: 3.98551 | ATL: 4.29782 | TPPL: 73.5393 | ENT: 7.16944b | CERT: 9.40607% | SURP: 6.40199b
  Val   -> VL: 4.70866 | AVL: 4.72062 | VPPL: 112.238 | VENT: 7.62063b | VCERT: 8.47663% | VSURP: 7.55188b

[GeoMind CAUSAL CE Stream] Ep 1.0/Inf | D[1.0/10.0] | 35.9675% (13343.5 / 37098.9 KB) | LR: 0.0022697 | TEMP: 1
  Train -> TL: 4.16649 | ATL: 4.29758 | TPPL: 73.5215 | ENT: 7.12094b | CERT: 8.05724% | SURP: 6.58847b
  Val   -> VL: 4.69264 | AVL: 4.71922 | VPPL: 112.081 | VENT: 7.74809b | VCERT: 7.53596% | VSURP: 7.54884b

[GeoMind CAUSAL CE Stream] Ep 1.0/Inf | D[1.0/10.0] | 36.0275% (13365.8 / 37098.9 KB) | LR: 0.00226951 | TEMP: 1
  Train -> TL: 4.03199 | ATL: 4.29713 | TPPL: 73.4886 | ENT: 7.12235b | CERT: 8.48364% | SURP: 6.42464b
  Val   -> VL: 4.69744 | AVL: 4.71813 | VPPL: 111.959 | VENT: 7.70555b | VCERT: 7.77537% | VSURP: 7.55333b

[GeoMind CAUSAL CE Stream] Ep 1.0/Inf | D[1.0/10.0] | 36.1131% (13397.6 / 37098.9 KB) | LR: 0.00226928 | TEMP: 1
  Train -> TL: 4.14667 | ATL: 4.29672 | TPPL: 73.4584 | ENT: 7.09339b | CERT: 8.06081% | SURP: 6.52404b
  Val   -> VL: 4.75214 | AVL: 4.71984 | VPPL: 112.15 | VENT: 7.39203b | VCERT: 9.78034% | VSURP: 7.61416b

[GeoMind CAUSAL CE Stream] Ep 1.0/Inf | D[1.0/10.0] | 36.2366% (13443.4 / 37098.9 KB) | LR: 0.00226899 | TEMP: 1
  Train -> TL: 4.10002 | ATL: 4.29607 | TPPL: 73.4106 | ENT: 7.1168b | CERT: 7.84125% | SURP: 6.5236b
  Val   -> VL: 4.70087 | AVL: 4.71889 | VPPL: 112.043 | VENT: 7.56987b | VCERT: 8.88434% | VSURP: 7.57041b

[GeoMind CAUSAL CE Stream] Ep 1.0/Inf | D[1.0/10.0] | 36.2754% (13457.8 / 37098.9 KB) | LR: 0.00226859 | TEMP: 1
  Train -> TL: 3.49295 | ATL: 4.29505 | TPPL: 73.3355 | ENT: 6.30277b | CERT: 11.4478% | SURP: 5.77005b
  Val   -> VL: 4.73711 | AVL: 4.7198 | VPPL: 112.146 | VENT: 7.28386b | VCERT: 10.779% | VSURP: 7.56883b

[GeoMind CAUSAL CE Stream] Ep 1.0/Inf | D[1.0/10.0] | 36.3486% (13485 / 37098.9 KB) | LR: 0.00226825 | TEMP: 1
  Train -> TL: 4.31022 | ATL: 4.29508 | TPPL: 73.3379 | ENT: 7.17287b | CERT: 8.32254% | SURP: 6.7685b
  Val   -> VL: 4.69177 | AVL: 4.7184 | VPPL: 111.989 | VENT: 7.69822b | VCERT: 8.1926% | VSURP: 7.5534b

[GeoMind CAUSAL CE Stream] Ep 1.0/Inf | D[1.0/10.0] | 36.4209% (13511.8 / 37098.9 KB) | LR: 0.00226789 | TEMP: 1
  Train -> TL: 4.13424 | ATL: 4.29473 | TPPL: 73.3126 | ENT: 7.03282b | CERT: 10.78% | SURP: 6.61601b
  Val   -> VL: 4.70159 | AVL: 4.71756 | VPPL: 111.894 | VENT: 7.73216b | VCERT: 7.89928% | VSURP: 7.55462b

[GeoMind CAUSAL CE Stream] Ep 1.0/Inf | D[1.0/10.0] | 36.4905% (13537.6 / 37098.9 KB) | LR: 0.00226753 | TEMP: 1
  Train -> TL: 4.16423 | ATL: 4.2945 | TPPL: 73.2955 | ENT: 7.30579b | CERT: 8.42359% | SURP: 6.69943b
  Val   -> VL: 4.72781 | AVL: 4.71807 | VPPL: 111.952 | VENT: 7.6859b | VCERT: 8.59032% | VSURP: 7.59377b

[GeoMind CAUSAL CE Stream] Ep 1.0/Inf | D[1.0/10.0] | 36.5491% (13559.3 / 37098.9 KB) | LR: 0.00226721 | TEMP: 1
  Train -> TL: 4.27235 | ATL: 4.29446 | TPPL: 73.2927 | ENT: 7.35698b | CERT: 7.59587% | SURP: 6.80321b
  Val   -> VL: 4.72535 | AVL: 4.71843 | VPPL: 111.993 | VENT: 7.66737b | VCERT: 8.61757% | VSURP: 7.58569b

[GeoMind CAUSAL CE Stream] Ep 1.0/Inf | D[1.0/10.0] | 36.5761% (13569.3 / 37098.9 KB) | LR: 0.00226692 | TEMP: 1
  Train -> TL: 4.32861 | ATL: 4.29448 | TPPL: 73.2943 | ENT: 7.46816b | CERT: 6.62439% | SURP: 6.86445b
  Val   -> VL: 4.71665 | AVL: 4.71834 | VPPL: 111.983 | VENT: 7.73713b | VCERT: 7.96244% | VSURP: 7.57506b

[GeoMind CAUSAL CE Stream] Ep 1.0/Inf | D[1.0/10.0] | 36.6301% (13589.4 / 37098.9 KB) | LR: 0.00226669 | TEMP: 1
  Train -> TL: 4.42387 | ATL: 4.29467 | TPPL: 73.3083 | ENT: 7.40393b | CERT: 7.29812% | SURP: 7.00033b
  Val   -> VL: 4.7407 | AVL: 4.71946 | VPPL: 112.108 | VENT: 7.7325b | VCERT: 8.06964% | VSURP: 7.61597b

[GeoMind CAUSAL CE Stream] Ep 1.0/Inf | D[1.0/10.0] | 36.7058% (13617.4 / 37098.9 KB) | LR: 0.00226647 | TEMP: 1
  Train -> TL: 4.27458 | ATL: 4.29463 | TPPL: 73.3054 | ENT: 7.33528b | CERT: 7.92918% | SURP: 6.77078b
  Val   -> VL: 4.70465 | AVL: 4.71872 | VPPL: 112.025 | VENT: 7.769b | VCERT: 8.05591% | VSURP: 7.5636b

[GeoMind CAUSAL CE Stream] Ep 1.0/Inf | D[1.0/10.0] | 36.768% (13640.5 / 37098.9 KB) | LR: 0.00226628 | TEMP: 1
  Train -> TL: 4.29826 | ATL: 4.29464 | TPPL: 73.3059 | ENT: 7.4942b | CERT: 7.03929% | SURP: 6.87888b
  Val   -> VL: 4.70508 | AVL: 4.71804 | VPPL: 111.949 | VENT: 7.73688b | VCERT: 7.81665% | VSURP: 7.56154b

[GeoMind CAUSAL CE Stream] Ep 1.0/Inf | D[1.0/10.0] | 36.8067% (13654.9 / 37098.9 KB) | LR: 0.00226613 | TEMP: 1
  Train -> TL: 4.45399 | ATL: 4.2948 | TPPL: 73.3176 | ENT: 7.53173b | CERT: 6.25789% | SURP: 7.00775b
  Val   -> VL: 4.70952 | AVL: 4.71761 | VPPL: 111.901 | VENT: 7.69978b | VCERT: 8.21176% | VSURP: 7.56875b

[GeoMind CAUSAL CE Stream] Ep 1.0/Inf | D[1.0/10.0] | 36.8813% (13682.6 / 37098.9 KB) | LR: 0.00226602 | TEMP: 1
  Train -> TL: 4.44239 | ATL: 4.29509 | TPPL: 73.3385 | ENT: 7.57275b | CERT: 5.8772% | SURP: 6.94923b
  Val   -> VL: 4.71697 | AVL: 4.71758 | VPPL: 111.897 | VENT: 7.77915b | VCERT: 7.5439% | VSURP: 7.57097b

[GeoMind CAUSAL CE Stream] Ep 1.0/Inf | D[1.0/10.0] | 36.9497% (13708 / 37098.9 KB) | LR: 0.00226592 | TEMP: 1
  Train -> TL: 4.2456 | ATL: 4.295 | TPPL: 73.3321 | ENT: 7.37417b | CERT: 6.79536% | SURP: 6.743b
  Val   -> VL: 4.78957 | AVL: 4.72118 | VPPL: 112.301 | VENT: 7.64705b | VCERT: 8.46669% | VSURP: 7.69548b

[GeoMind CAUSAL CE Stream] Ep 1.0/Inf | D[1.0/10.0] | 37.0055% (13728.6 / 37098.9 KB) | LR: 0.00226578 | TEMP: 1
  Train -> TL: 4.06927 | ATL: 4.29461 | TPPL: 73.3035 | ENT: 6.99866b | CERT: 8.39864% | SURP: 6.51529b
  Val   -> VL: 4.77968 | AVL: 4.72411 | VPPL: 112.63 | VENT: 7.55094b | VCERT: 9.35196% | VSURP: 7.66009b

[GeoMind CAUSAL CE Stream] Ep 1.0/Inf | D[1.0/10.0] | 37.0556% (13747.2 / 37098.9 KB) | LR: 0.00226564 | TEMP: 1
  Train -> TL: 4.24057 | ATL: 4.29454 | TPPL: 73.2985 | ENT: 7.31256b | CERT: 8.04536% | SURP: 6.78458b
  Val   -> VL: 4.73899 | AVL: 4.72485 | VPPL: 112.714 | VENT: 7.72873b | VCERT: 7.90383% | VSURP: 7.59725b

[GeoMind CAUSAL CE Stream] Ep 1.0/Inf | D[1.0/10.0] | 37.0831% (13757.4 / 37098.9 KB) | LR: 0.00226551 | TEMP: 1
  Train -> TL: 4.16561 | ATL: 4.29444 | TPPL: 73.2911 | ENT: 7.37587b | CERT: 7.41624% | SURP: 6.78635b
  Val   -> VL: 4.74645 | AVL: 4.72593 | VPPL: 112.835 | VENT: 7.67513b | VCERT: 8.29681% | VSURP: 7.59949b

[GeoMind CAUSAL CE Stream] Ep 1.0/Inf | D[1.0/10.0] | 37.0947% (13761.7 / 37098.9 KB) | LR: 0.00226536 | TEMP: 1
  Train -> TL: 3.72824 | ATL: 4.29427 | TPPL: 73.2789 | ENT: 6.95647b | CERT: 10.1141% | SURP: 6.21319b
  Val   -> VL: 4.74372 | AVL: 4.72682 | VPPL: 112.936 | VENT: 7.66002b | VCERT: 8.25272% | VSURP: 7.5821b

[GeoMind CAUSAL CE Stream] Ep 1.0/Inf | D[1.0/10.0] | 37.1363% (13777.2 / 37098.9 KB) | LR: 0.00226523 | TEMP: 1
  Train -> TL: 4.31247 | ATL: 4.29429 | TPPL: 73.2802 | ENT: 7.31073b | CERT: 7.0766% | SURP: 6.8531b
  Val   -> VL: 4.74738 | AVL: 4.72785 | VPPL: 113.052 | VENT: 7.77242b | VCERT: 7.60983% | VSURP: 7.63667b

[GeoMind CAUSAL CE Stream] Ep 1.0/Inf | D[1.0/10.0] | 37.1715% (13790.2 / 37098.9 KB) | LR: 0.00226507 | TEMP: 1
  Train -> TL: 3.88025 | ATL: 4.29387 | TPPL: 73.2495 | ENT: 6.59838b | CERT: 9.69021% | SURP: 6.22792b
  Val   -> VL: 4.74172 | AVL: 4.72854 | VPPL: 113.13 | VENT: 7.6487b | VCERT: 8.27243% | VSURP: 7.60691b

[GeoMind CAUSAL CE Stream] Ep 1.0/Inf | D[1.0/10.0] | 37.2111% (13804.9 / 37098.9 KB) | LR: 0.00226491 | TEMP: 1
  Train -> TL: 4.29253 | ATL: 4.29387 | TPPL: 73.2494 | ENT: 7.35839b | CERT: 7.40714% | SURP: 6.83571b
  Val   -> VL: 4.73453 | AVL: 4.72884 | VPPL: 113.164 | VENT: 7.69337b | VCERT: 8.30913% | VSURP: 7.60655b

[GeoMind CAUSAL CE Stream] Ep 1.0/Inf | D[1.0/10.0] | 37.2265% (13810.7 / 37098.9 KB) | LR: 0.00226478 | TEMP: 1
  Train -> TL: 4.23536 | ATL: 4.29386 | TPPL: 73.2483 | ENT: 7.36802b | CERT: 6.73154% | SURP: 6.79437b
  Val   -> VL: 4.72892 | AVL: 4.72884 | VPPL: 113.165 | VENT: 7.72603b | VCERT: 7.84501% | VSURP: 7.59971b

[GeoMind CAUSAL CE Stream] Ep 1.0/Inf | D[1.0/10.0] | 37.2421% (13816.4 / 37098.9 KB) | LR: 0.00226463 | TEMP: 1
  Train -> TL: 3.68726 | ATL: 4.29367 | TPPL: 73.2349 | ENT: 6.91711b | CERT: 10.9302% | SURP: 6.07268b
  Val   -> VL: 4.72049 | AVL: 4.72843 | VPPL: 113.117 | VENT: 7.66518b | VCERT: 8.02082% | VSURP: 7.56223b

[GeoMind CAUSAL CE Stream] Ep 1.0/Inf | D[1.0/10.0] | 37.3214% (13845.9 / 37098.9 KB) | LR: 0.00226451 | TEMP: 1
  Train -> TL: 4.35247 | ATL: 4.2938 | TPPL: 73.244 | ENT: 7.48804b | CERT: 6.64623% | SURP: 6.83225b
  Val   -> VL: 4.69211 | AVL: 4.72661 | VPPL: 112.912 | VENT: 7.79409b | VCERT: 7.37957% | VSURP: 7.54822b

[GeoMind CAUSAL CE Stream] Ep 1.0/Inf | D[1.0/10.0] | 37.4016% (13875.6 / 37098.9 KB) | LR: 0.00226425 | TEMP: 1
  Train -> TL: 3.76997 | ATL: 4.29259 | TPPL: 73.1558 | ENT: 6.78098b | CERT: 10.8675% | SURP: 6.11157b
  Val   -> VL: 4.7254 | AVL: 4.72655 | VPPL: 112.905 | VENT: 7.45261b | VCERT: 10.3561% | VSURP: 7.56068b

[GeoMind CAUSAL CE Stream] Ep 1.0/Inf | D[1.0/10.0] | 37.4662% (13899.5 / 37098.9 KB) | LR: 0.002264 | TEMP: 1
  Train -> TL: 4.22221 | ATL: 4.29247 | TPPL: 73.1472 | ENT: 7.31271b | CERT: 8.53758% | SURP: 6.73208b
  Val   -> VL: 4.71523 | AVL: 4.72598 | VPPL: 112.842 | VENT: 7.6722b | VCERT: 8.33106% | VSURP: 7.57865b

[GeoMind CAUSAL CE Stream] Ep 1.0/Inf | D[1.0/10.0] | 37.5219% (13920.2 / 37098.9 KB) | LR: 0.00226379 | TEMP: 1
  Train -> TL: 4.38601 | ATL: 4.29262 | TPPL: 73.158 | ENT: 7.47593b | CERT: 6.72876% | SURP: 6.86779b
  Val   -> VL: 4.71705 | AVL: 4.72554 | VPPL: 112.791 | VENT: 7.68158b | VCERT: 8.21143% | VSURP: 7.57508b

[GeoMind CAUSAL CE Stream] Ep 1.0/Inf | D[1.0/10.0] | 37.5785% (13941.2 / 37098.9 KB) | LR: 0.00226362 | TEMP: 1
  Train -> TL: 4.36795 | ATL: 4.29273 | TPPL: 73.1661 | ENT: 7.43306b | CERT: 7.17759% | SURP: 6.92572b
  Val   -> VL: 4.73977 | AVL: 4.72625 | VPPL: 112.871 | VENT: 7.79901b | VCERT: 7.73055% | VSURP: 7.63385b

[GeoMind CAUSAL CE Stream] Ep 1.0/Inf | D[1.0/10.0] | 37.626% (13958.8 / 37098.9 KB) | LR: 0.00226347 | TEMP: 1
  Train -> TL: 4.28092 | ATL: 4.29272 | TPPL: 73.1651 | ENT: 7.40994b | CERT: 6.62857% | SURP: 6.81826b
  Val   -> VL: 4.71835 | AVL: 4.72585 | VPPL: 112.827 | VENT: 7.73017b | VCERT: 7.78818% | VSURP: 7.57606b

[GeoMind CAUSAL CE Stream] Ep 1.0/Inf | D[1.0/10.0] | 37.6793% (13978.6 / 37098.9 KB) | LR: 0.00226329 | TEMP: 1
  Train -> TL: 4.12853 | ATL: 4.29247 | TPPL: 73.1468 | ENT: 7.20511b | CERT: 8.01119% | SURP: 6.56208b
  Val   -> VL: 4.71584 | AVL: 4.72535 | VPPL: 112.77 | VENT: 7.68478b | VCERT: 7.85666% | VSURP: 7.5858b

[GeoMind CAUSAL CE Stream] Ep 1.0/Inf | D[1.0/10.0] | 37.7577% (14007.7 / 37098.9 KB) | LR: 0.00226313 | TEMP: 1
  Train -> TL: 4.23313 | ATL: 4.29236 | TPPL: 73.1392 | ENT: 7.28141b | CERT: 7.26616% | SURP: 6.74665b
  Val   -> VL: 4.7279 | AVL: 4.72548 | VPPL: 112.785 | VENT: 7.64651b | VCERT: 7.85794% | VSURP: 7.58068b

[GeoMind CAUSAL CE Stream] Ep 1.0/Inf | D[1.0/10.0] | 37.7877% (14018.8 / 37098.9 KB) | LR: 0.00226299 | TEMP: 1
  Train -> TL: 4.46016 | ATL: 4.29248 | TPPL: 73.1478 | ENT: 7.36265b | CERT: 7.02063% | SURP: 7.05626b
  Val   -> VL: 4.70963 | AVL: 4.72469 | VPPL: 112.695 | VENT: 7.73688b | VCERT: 7.58814% | VSURP: 7.57051b

[GeoMind CAUSAL CE Stream] Ep 1.0/Inf | D[1.0/10.0] | 37.8387% (14037.7 / 37098.9 KB) | LR: 0.00226287 | TEMP: 1
  Train -> TL: 4.293 | ATL: 4.29248 | TPPL: 73.1478 | ENT: 7.44739b | CERT: 7.22193% | SURP: 6.8587b
  Val   -> VL: 4.6955 | AVL: 4.72323 | VPPL: 112.531 | VENT: 7.7007b | VCERT: 7.89008% | VSURP: 7.51772b

[GeoMind CAUSAL CE Stream] Ep 1.0/Inf | D[1.0/10.0] | 37.8966% (14059.2 / 37098.9 KB) | LR: 0.00226275 | TEMP: 1
  Train -> TL: 4.26694 | ATL: 4.29245 | TPPL: 73.1451 | ENT: 7.42266b | CERT: 6.67865% | SURP: 6.75715b
  Val   -> VL: 4.71093 | AVL: 4.72261 | VPPL: 112.462 | VENT: 7.72473b | VCERT: 7.80096% | VSURP: 7.56673b

[GeoMind CAUSAL CE Stream] Ep 1.0/Inf | D[1.0/10.0] | 37.9473% (14078 / 37098.9 KB) | LR: 0.00226266 | TEMP: 1
  Train -> TL: 4.38191 | ATL: 4.29257 | TPPL: 73.154 | ENT: 7.47619b | CERT: 6.61355% | SURP: 6.92128b
  Val   -> VL: 4.71787 | AVL: 4.72238 | VPPL: 112.435 | VENT: 7.80866b | VCERT: 7.22158% | VSURP: 7.59681b

[GeoMind CAUSAL CE Stream] Ep 1.0/Inf | D[1.0/10.0] | 38.0368% (14111.3 / 37098.9 KB) | LR: 0.0022626 | TEMP: 1
  Train -> TL: 4.34991 | ATL: 4.2927 | TPPL: 73.1634 | ENT: 7.45253b | CERT: 7.06941% | SURP: 6.82136b
  Val   -> VL: 4.72644 | AVL: 4.72258 | VPPL: 112.458 | VENT: 7.71706b | VCERT: 7.80951% | VSURP: 7.60862b

[GeoMind CAUSAL CE Stream] Ep 1.0/Inf | D[1.0/10.0] | 38.0895% (14130.8 / 37098.9 KB) | LR: 0.00226254 | TEMP: 1
  Train -> TL: 4.28412 | ATL: 4.29268 | TPPL: 73.1626 | ENT: 7.3304b | CERT: 7.81675% | SURP: 6.84706b
  Val   -> VL: 4.75413 | AVL: 4.72416 | VPPL: 112.636 | VENT: 7.5768b | VCERT: 9.5482% | VSURP: 7.65373b

[GeoMind CAUSAL CE Stream] Ep 1.0/Inf | D[1.0/10.0] | 38.1276% (14144.9 / 37098.9 KB) | LR: 0.00226249 | TEMP: 1
  Train -> TL: 4.25531 | ATL: 4.29265 | TPPL: 73.1599 | ENT: 7.33758b | CERT: 7.64783% | SURP: 6.79687b
  Val   -> VL: 4.73821 | AVL: 4.72486 | VPPL: 112.715 | VENT: 7.59105b | VCERT: 8.93656% | VSURP: 7.61677b

[GeoMind CAUSAL CE Stream] Ep 1.0/Inf | D[1.0/10.0] | 38.1593% (14156.7 / 37098.9 KB) | LR: 0.00226245 | TEMP: 1
  Train -> TL: 4.40161 | ATL: 4.29273 | TPPL: 73.1662 | ENT: 7.39457b | CERT: 7.53179% | SURP: 6.8439b
  Val   -> VL: 4.73274 | AVL: 4.72525 | VPPL: 112.759 | VENT: 7.60077b | VCERT: 9.04861% | VSURP: 7.5948b

[GeoMind CAUSAL CE Stream] Ep 1.0/Inf | D[1.0/10.0] | 38.2253% (14181.2 / 37098.9 KB) | LR: 0.00226239 | TEMP: 1
  Train -> TL: 4.20623 | ATL: 4.2926 | TPPL: 73.1562 | ENT: 7.4336b | CERT: 6.77003% | SURP: 6.74506b
  Val   -> VL: 4.72838 | AVL: 4.72541 | VPPL: 112.777 | VENT: 7.63191b | VCERT: 8.49786% | VSURP: 7.5802b

[GeoMind CAUSAL CE Stream] Ep 1.0/Inf | D[1.0/10.0] | 38.2985% (14208.3 / 37098.9 KB) | LR: 0.0022623 | TEMP: 1
  Train -> TL: 4.09674 | ATL: 4.29227 | TPPL: 73.1322 | ENT: 7.17725b | CERT: 7.97478% | SURP: 6.58662b
  Val   -> VL: 4.72183 | AVL: 4.72523 | VPPL: 112.757 | VENT: 7.77675b | VCERT: 7.50797% | VSURP: 7.59464b

[GeoMind CAUSAL CE Stream] Ep 1.0/Inf | D[1.0/10.0] | 38.3562% (14229.8 / 37098.9 KB) | LR: 0.00226219 | TEMP: 1
  Train -> TL: 4.13406 | ATL: 4.29199 | TPPL: 73.112 | ENT: 6.99677b | CERT: 8.08736% | SURP: 6.57681b
  Val   -> VL: 4.7077 | AVL: 4.72436 | VPPL: 112.658 | VENT: 7.79372b | VCERT: 7.80664% | VSURP: 7.58138b

[GeoMind CAUSAL CE Stream] Ep 1.0/Inf | D[1.0/10.0] | 38.4436% (14262.2 / 37098.9 KB) | LR: 0.00226205 | TEMP: 1
  Train -> TL: 4.19287 | ATL: 4.29174 | TPPL: 73.0933 | ENT: 7.42833b | CERT: 7.69718% | SURP: 6.74483b
  Val   -> VL: 4.67076 | AVL: 4.72168 | VPPL: 112.356 | VENT: 7.77664b | VCERT: 7.58292% | VSURP: 7.49757b

[GeoMind CAUSAL CE Stream] Ep 1.0/Inf | D[1.0/10.0] | 38.4838% (14277.1 / 37098.9 KB) | LR: 0.00226191 | TEMP: 1
  Train -> TL: 4.20142 | ATL: 4.29163 | TPPL: 73.0856 | ENT: 7.29625b | CERT: 8.6698% | SURP: 6.71124b
  Val   -> VL: 4.68615 | AVL: 4.7199 | VPPL: 112.157 | VENT: 7.80613b | VCERT: 7.08494% | VSURP: 7.53869b

[GeoMind CAUSAL CE Stream] Ep 1.0/Inf | D[1.0/10.0] | 38.5251% (14292.4 / 37098.9 KB) | LR: 0.00226172 | TEMP: 1
  Train -> TL: 3.87746 | ATL: 4.29111 | TPPL: 73.0476 | ENT: 6.69398b | CERT: 13.8453% | SURP: 6.24439b
  Val   -> VL: 4.69965 | AVL: 4.71889 | VPPL: 112.043 | VENT: 7.74806b | VCERT: 7.68441% | VSURP: 7.55395b

[GeoMind CAUSAL CE Stream] Ep 1.0/Inf | D[1.0/10.0] | 38.5715% (14309.6 / 37098.9 KB) | LR: 0.00226156 | TEMP: 1
  Train -> TL: 4.37211 | ATL: 4.29122 | TPPL: 73.0552 | ENT: 7.40897b | CERT: 7.47674% | SURP: 6.93086b
  Val   -> VL: 4.67075 | AVL: 4.71648 | VPPL: 111.774 | VENT: 7.81122b | VCERT: 7.54863% | VSURP: 7.52919b

[GeoMind CAUSAL CE Stream] Ep 1.0/Inf | D[1.0/10.0] | 38.6238% (14329 / 37098.9 KB) | LR: 0.00226144 | TEMP: 1
  Train -> TL: 4.40536 | ATL: 4.29137 | TPPL: 73.0664 | ENT: 7.5526b | CERT: 6.98924% | SURP: 6.97569b
  Val   -> VL: 4.70019 | AVL: 4.71567 | VPPL: 111.683 | VENT: 7.77511b | VCERT: 7.88856% | VSURP: 7.57242b

[GeoMind CAUSAL CE Stream] Ep 1.0/Inf | D[1.0/10.0] | 38.6984% (14356.7 / 37098.9 KB) | LR: 0.00226128 | TEMP: 1
  Train -> TL: 4.11967 | ATL: 4.29103 | TPPL: 73.0417 | ENT: 7.2741b | CERT: 8.7702% | SURP: 6.61326b
  Val   -> VL: 4.71247 | AVL: 4.71551 | VPPL: 111.665 | VENT: 7.69037b | VCERT: 7.69686% | VSURP: 7.58007b

[GeoMind CAUSAL CE Stream] Ep 1.0/Inf | D[1.0/10.0] | 38.7472% (14374.8 / 37098.9 KB) | LR: 0.00226105 | TEMP: 1
  Train -> TL: 3.84156 | ATL: 4.29029 | TPPL: 72.9879 | ENT: 6.57098b | CERT: 10.757% | SURP: 6.14312b
  Val   -> VL: 4.71227 | AVL: 4.71534 | VPPL: 111.647 | VENT: 7.68611b | VCERT: 7.47028% | VSURP: 7.57988b

[GeoMind CAUSAL CE Stream] Ep 1.0/Inf | D[1.0/10.0] | 38.8452% (14411.1 / 37098.9 KB) | LR: 0.00226082 | TEMP: 1
  Train -> TL: 4.22686 | ATL: 4.29014 | TPPL: 72.9769 | ENT: 7.25343b | CERT: 7.93849% | SURP: 6.61377b
  Val   -> VL: 4.70017 | AVL: 4.71459 | VPPL: 111.563 | VENT: 7.66277b | VCERT: 8.83% | VSURP: 7.56734b

[GeoMind CAUSAL CE Stream] Ep 1.0/Inf | D[1.0/10.0] | 38.8883% (14427.1 / 37098.9 KB) | LR: 0.00226061 | TEMP: 1
  Train -> TL: 4.25925 | ATL: 4.29011 | TPPL: 72.9743 | ENT: 7.28644b | CERT: 7.10283% | SURP: 6.76854b
  Val   -> VL: 4.70715 | AVL: 4.71421 | VPPL: 111.521 | VENT: 7.62612b | VCERT: 8.21768% | VSURP: 7.56636b

[GeoMind CAUSAL CE Stream] Ep 1.0/Inf | D[1.0/10.0] | 38.9673% (14456.5 / 37098.9 KB) | LR: 0.00226043 | TEMP: 1
  Train -> TL: 4.3112 | ATL: 4.29016 | TPPL: 72.9783 | ENT: 7.42909b | CERT: 6.92684% | SURP: 6.88012b
  Val   -> VL: 4.69989 | AVL: 4.7135 | VPPL: 111.441 | VENT: 7.35033b | VCERT: 9.64125% | VSURP: 7.51929b

[GeoMind CAUSAL CE Stream] Ep 1.0/Inf | D[1.0/10.0] | 39.0262% (14478.3 / 37098.9 KB) | LR: 0.00226029 | TEMP: 1
  Train -> TL: 4.42934 | ATL: 4.29037 | TPPL: 72.9933 | ENT: 7.38012b | CERT: 6.82812% | SURP: 6.87302b
  Val   -> VL: 4.70882 | AVL: 4.71326 | VPPL: 111.415 | VENT: 7.7275b | VCERT: 7.39747% | VSURP: 7.57284b

[GeoMind CAUSAL CE Stream] Ep 1.0/Inf | D[1.0/10.0] | 39.0754% (14496.6 / 37098.9 KB) | LR: 0.00226015 | TEMP: 1
  Train -> TL: 4.18494 | ATL: 4.29024 | TPPL: 72.9839 | ENT: 7.42094b | CERT: 6.69395% | SURP: 6.72685b
  Val   -> VL: 4.68247 | AVL: 4.71172 | VPPL: 111.244 | VENT: 7.62194b | VCERT: 8.04161% | VSURP: 7.51224b

[GeoMind CAUSAL CE Stream] Ep 1.0/Inf | D[1.0/10.0] | 39.1357% (14518.9 / 37098.9 KB) | LR: 0.00226001 | TEMP: 1
  Train -> TL: 4.22603 | ATL: 4.29014 | TPPL: 72.9767 | ENT: 7.18587b | CERT: 8.22912% | SURP: 6.68582b
  Val   -> VL: 4.71103 | AVL: 4.71169 | VPPL: 111.24 | VENT: 7.71497b | VCERT: 7.98023% | VSURP: 7.58644b

[GeoMind CAUSAL CE Stream] Ep 1.0/Inf | D[1.0/10.0] | 39.1925% (14540 / 37098.9 KB) | LR: 0.0022598 | TEMP: 1
  Train -> TL: 3.89737 | ATL: 4.28954 | TPPL: 72.9329 | ENT: 6.91305b | CERT: 9.86996% | SURP: 6.30476b
  Val   -> VL: 4.71628 | AVL: 4.71192 | VPPL: 111.265 | VENT: 7.53802b | VCERT: 8.59928% | VSURP: 7.54568b

[GeoMind CAUSAL CE Stream] Ep 1.0/Inf | D[1.0/10.0] | 39.2345% (14555.6 / 37098.9 KB) | LR: 0.00225964 | TEMP: 1
  Train -> TL: 4.42691 | ATL: 4.28969 | TPPL: 72.9438 | ENT: 7.41975b | CERT: 7.30405% | SURP: 7.07836b
  Val   -> VL: 4.69463 | AVL: 4.71105 | VPPL: 111.169 | VENT: 7.68106b | VCERT: 7.92404% | VSURP: 7.51516b

[GeoMind CAUSAL CE Stream] Ep 1.0/Inf | D[1.0/10.0] | 39.2567% (14563.8 / 37098.9 KB) | LR: 0.00225952 | TEMP: 1
  Train -> TL: 4.57115 | ATL: 4.28986 | TPPL: 72.9565 | ENT: 7.55381b | CERT: 7.84923% | SURP: 7.28465b
  Val   -> VL: 4.70932 | AVL: 4.71097 | VPPL: 111.16 | VENT: 7.64992b | VCERT: 8.62233% | VSURP: 7.52377b

[GeoMind CAUSAL CE Stream] Ep 1.0/Inf | D[1.0/10.0] | 39.3173% (14586.3 / 37098.9 KB) | LR: 0.00225939 | TEMP: 1
  Train -> TL: 4.21682 | ATL: 4.28975 | TPPL: 72.9481 | ENT: 7.41191b | CERT: 8.24548% | SURP: 6.76858b
  Val   -> VL: 4.72134 | AVL: 4.71149 | VPPL: 111.217 | VENT: 7.66816b | VCERT: 8.63387% | VSURP: 7.56515b

[GeoMind CAUSAL CE Stream] Ep 1.0/Inf | D[1.0/10.0] | 39.3833% (14610.8 / 37098.9 KB) | LR: 0.0022593 | TEMP: 1
  Train -> TL: 4.3822 | ATL: 4.28993 | TPPL: 72.9614 | ENT: 7.38671b | CERT: 8.19767% | SURP: 6.95312b
  Val   -> VL: 4.71906 | AVL: 4.71186 | VPPL: 111.259 | VENT: 7.65974b | VCERT: 8.43668% | VSURP: 7.56325b

[GeoMind CAUSAL CE Stream] Ep 1.0/Inf | D[1.0/10.0] | 39.4537% (14636.9 / 37098.9 KB) | LR: 0.00225922 | TEMP: 1
  Train -> TL: 4.32342 | ATL: 4.28999 | TPPL: 72.9654 | ENT: 7.43254b | CERT: 7.33909% | SURP: 6.8254b
  Val   -> VL: 4.68803 | AVL: 4.71067 | VPPL: 111.127 | VENT: 7.78238b | VCERT: 7.64915% | VSURP: 7.55627b

[GeoMind CAUSAL CE Stream] Ep 1.0/Inf | D[1.0/10.0] | 39.5232% (14662.7 / 37098.9 KB) | LR: 0.00225911 | TEMP: 1
  Train -> TL: 4.05386 | ATL: 4.28959 | TPPL: 72.9363 | ENT: 7.19454b | CERT: 8.36749% | SURP: 6.55157b
  Val   -> VL: 4.72598 | AVL: 4.71144 | VPPL: 111.212 | VENT: 7.71184b | VCERT: 7.61312% | VSURP: 7.5941b

[GeoMind CAUSAL CE Stream] Ep 1.0/Inf | D[1.0/10.0] | 39.5768% (14682.6 / 37098.9 KB) | LR: 0.00225896 | TEMP: 1
  Train -> TL: 4.03164 | ATL: 4.28926 | TPPL: 72.9123 | ENT: 7.09856b | CERT: 8.1069% | SURP: 6.53943b
  Val   -> VL: 4.73459 | AVL: 4.7126 | VPPL: 111.341 | VENT: 7.61563b | VCERT: 8.40099% | VSURP: 7.58788b

[GeoMind CAUSAL CE Stream] Ep 1.0/Inf | D[1.0/10.0] | 39.6162% (14697.2 / 37098.9 KB) | LR: 0.00225883 | TEMP: 1
  Train -> TL: 4.33921 | ATL: 4.2893 | TPPL: 72.9157 | ENT: 7.34431b | CERT: 6.66087% | SURP: 6.81346b
  Val   -> VL: 4.71872 | AVL: 4.7129 | VPPL: 111.375 | VENT: 7.76379b | VCERT: 7.52018% | VSURP: 7.607b

[GeoMind CAUSAL CE Stream] Ep 1.0/Inf | D[1.0/10.0] | 39.6303% (14702.4 / 37098.9 KB) | LR: 0.00225868 | TEMP: 1
  Train -> TL: 3.7288 | ATL: 4.28908 | TPPL: 72.8991 | ENT: 6.57738b | CERT: 13.8982% | SURP: 6.00574b
  Val   -> VL: 4.7126 | AVL: 4.71289 | VPPL: 111.373 | VENT: 7.68021b | VCERT: 8.46405% | VSURP: 7.57446b

[GeoMind CAUSAL CE Stream] Ep 1.0/Inf | D[1.0/10.0] | 39.6459% (14708.2 / 37098.9 KB) | LR: 0.00225854 | TEMP: 1
  Train -> TL: 4.08302 | ATL: 4.28899 | TPPL: 72.8927 | ENT: 7.18593b | CERT: 9.40042% | SURP: 6.56793b
  Val   -> VL: 4.67336 | AVL: 4.71091 | VPPL: 111.153 | VENT: 7.7166b | VCERT: 7.95835% | VSURP: 7.49628b

[GeoMind CAUSAL CE Stream] Ep 1.0/Inf | D[1.0/10.0] | 39.6615% (14714 / 37098.9 KB) | LR: 0.0022584 | TEMP: 1
  Train -> TL: 3.99049 | ATL: 4.28888 | TPPL: 72.8848 | ENT: 7.25095b | CERT: 8.84764% | SURP: 6.49488b
  Val   -> VL: 4.65401 | AVL: 4.70807 | VPPL: 110.838 | VENT: 7.71636b | VCERT: 8.03832% | VSURP: 7.46402b

[GeoMind CAUSAL CE Stream] Ep 1.0/Inf | D[1.0/10.0] | 39.6991% (14727.9 / 37098.9 KB) | LR: 0.00225828 | TEMP: 1
  Train -> TL: 4.32887 | ATL: 4.28892 | TPPL: 72.8874 | ENT: 7.3783b | CERT: 7.29719% | SURP: 6.83102b
  Val   -> VL: 4.68565 | AVL: 4.70695 | VPPL: 110.713 | VENT: 7.70669b | VCERT: 8.05496% | VSURP: 7.52911b

[GeoMind CAUSAL CE Stream] Ep 1.0/Inf | D[1.0/10.0] | 39.7642% (14752.1 / 37098.9 KB) | LR: 0.00225818 | TEMP: 1
  Train -> TL: 4.34893 | ATL: 4.28901 | TPPL: 72.894 | ENT: 7.37472b | CERT: 7.32708% | SURP: 6.94193b
  Val   -> VL: 4.72575 | AVL: 4.70789 | VPPL: 110.818 | VENT: 7.6988b | VCERT: 8.68659% | VSURP: 7.59064b

[GeoMind CAUSAL CE Stream] Ep 1.0/Inf | D[1.0/10.0] | 39.8178% (14772 / 37098.9 KB) | LR: 0.00225806 | TEMP: 1
  Train -> TL: 4.09361 | ATL: 4.28876 | TPPL: 72.8761 | ENT: 7.25322b | CERT: 7.76563% | SURP: 6.55477b
  Val   -> VL: 4.75462 | AVL: 4.71022 | VPPL: 111.077 | VENT: 7.61035b | VCERT: 8.90123% | VSURP: 7.63479b

[GeoMind CAUSAL CE Stream] Ep 1.0/Inf | D[1.0/10.0] | 39.865% (14789.5 / 37098.9 KB) | LR: 0.00225796 | TEMP: 1
  Train -> TL: 4.31422 | ATL: 4.28879 | TPPL: 72.8782 | ENT: 7.48095b | CERT: 6.35571% | SURP: 6.91019b
  Val   -> VL: 4.72394 | AVL: 4.71091 | VPPL: 111.153 | VENT: 7.74981b | VCERT: 7.56182% | VSURP: 7.57767b

[GeoMind CAUSAL CE Stream] Ep 1.0/Inf | D[1.0/10.0] | 39.9977% (14838.7 / 37098.9 KB) | LR: 0.00225775 | TEMP: 1
  Train -> TL: 4.00384 | ATL: 4.2879 | TPPL: 72.8133 | ENT: 7.24608b | CERT: 8.38513% | SURP: 6.475b
  Val   -> VL: 4.77268 | AVL: 4.714 | VPPL: 111.497 | VENT: 7.668b | VCERT: 7.97649% | VSURP: 7.64181b

[GeoMind CAUSAL CE Stream] Ep 1.0/Inf | D[1.0/10.0] | 40.0303% (14850.8 / 37098.9 KB) | LR: 0.00225744 | TEMP: 1
  Train -> TL: 3.43772 | ATL: 4.287 | TPPL: 72.7476 | ENT: 6.29104b | CERT: 11.8334% | SURP: 5.59346b
  Val   -> VL: 4.7744 | AVL: 4.71702 | VPPL: 111.834 | VENT: 7.51731b | VCERT: 9.34981% | VSURP: 7.62886b

[GeoMind CAUSAL CE Stream] Ep 1.0/Inf | D[1.0/10.0] | 40.0521% (14858.9 / 37098.9 KB) | LR: 0.00225718 | TEMP: 1
  Train -> TL: 4.38978 | ATL: 4.28704 | TPPL: 72.7509 | ENT: 7.3528b | CERT: 6.42154% | SURP: 7.01296b
  Val   -> VL: 4.77837 | AVL: 4.72008 | VPPL: 112.178 | VENT: 7.57905b | VCERT: 9.09944% | VSURP: 7.65098b

[GeoMind CAUSAL CE Stream] Ep 1.0/Inf | D[1.0/10.0] | 40.0923% (14873.8 / 37098.9 KB) | LR: 0.00225692 | TEMP: 1
  Train -> TL: 4.14201 | ATL: 4.2869 | TPPL: 72.7406 | ENT: 7.04088b | CERT: 8.26627% | SURP: 6.54898b
  Val   -> VL: 4.77298 | AVL: 4.72273 | VPPL: 112.475 | VENT: 7.68752b | VCERT: 8.20125% | VSURP: 7.65312b

[GeoMind CAUSAL CE Stream] Ep 1.0/Inf | D[1.0/10.0] | 40.1722% (14903.4 / 37098.9 KB) | LR: 0.00225671 | TEMP: 1
  Train -> TL: 4.38637 | ATL: 4.28713 | TPPL: 72.7574 | ENT: 7.53781b | CERT: 6.68908% | SURP: 6.93255b
  Val   -> VL: 4.75548 | AVL: 4.72437 | VPPL: 112.659 | VENT: 7.68798b | VCERT: 8.40849% | VSURP: 7.62325b

[GeoMind CAUSAL CE Stream] Ep 1.0/Inf | D[1.0/10.0] | 40.2214% (14921.7 / 37098.9 KB) | LR: 0.00225653 | TEMP: 1
  Train -> TL: 4.27437 | ATL: 4.28711 | TPPL: 72.7562 | ENT: 7.41709b | CERT: 7.10194% | SURP: 6.79891b
  Val   -> VL: 4.74747 | AVL: 4.72552 | VPPL: 112.789 | VENT: 7.69297b | VCERT: 7.85429% | VSURP: 7.61304b

[GeoMind CAUSAL CE Stream] Ep 1.0/Inf | D[1.0/10.0] | 40.2862% (14945.7 / 37098.9 KB) | LR: 0.00225634 | TEMP: 1
  Train -> TL: 4.19969 | ATL: 4.28698 | TPPL: 72.7465 | ENT: 7.35031b | CERT: 7.43084% | SURP: 6.7244b
  Val   -> VL: 4.71882 | AVL: 4.72519 | VPPL: 112.752 | VENT: 7.68535b | VCERT: 7.8903% | VSURP: 7.56679b

[GeoMind CAUSAL CE Stream] Ep 1.0/Inf | D[1.0/10.0] | 40.3344% (14963.6 / 37098.9 KB) | LR: 0.00225617 | TEMP: 1
  Train -> TL: 4.23302 | ATL: 4.28692 | TPPL: 72.742 | ENT: 7.34401b | CERT: 7.1461% | SURP: 6.74177b
  Val   -> VL: 4.73952 | AVL: 4.7259 | VPPL: 112.832 | VENT: 7.64037b | VCERT: 8.26421% | VSURP: 7.60243b

[GeoMind CAUSAL CE Stream] Ep 1.0/Inf | D[1.0/10.0] | 40.4109% (14992 / 37098.9 KB) | LR: 0.00225601 | TEMP: 1
  Train -> TL: 4.28118 | ATL: 4.28691 | TPPL: 72.7412 | ENT: 7.36649b | CERT: 7.4564% | SURP: 6.82121b
  Val   -> VL: 4.78049 | AVL: 4.72863 | VPPL: 113.141 | VENT: 7.66418b | VCERT: 8.92766% | VSURP: 7.70472b

[GeoMind CAUSAL CE Stream] Ep 1.0/Inf | D[1.0/10.0] | 40.4668% (15012.7 / 37098.9 KB) | LR: 0.00225594 | TEMP: 1
  Train -> TL: 4.6133 | ATL: 4.28743 | TPPL: 72.779 | ENT: 7.5348b | CERT: 8.46878% | SURP: 7.19633b
  Val   -> VL: 4.77575 | AVL: 4.73099 | VPPL: 113.408 | VENT: 7.77913b | VCERT: 7.63881% | VSURP: 7.68321b

[GeoMind CAUSAL CE Stream] Ep 1.0/Inf | D[1.0/10.0] | 40.5147% (15030.5 / 37098.9 KB) | LR: 0.00225587 | TEMP: 1
  Train -> TL: 4.26835 | ATL: 4.2874 | TPPL: 72.7772 | ENT: 7.32853b | CERT: 7.11794% | SURP: 6.78329b
  Val   -> VL: 4.80528 | AVL: 4.7347 | VPPL: 113.83 | VENT: 7.65417b | VCERT: 8.4252% | VSURP: 7.69988b

[GeoMind CAUSAL CE Stream] Ep 1.0/Inf | D[1.0/10.0] | 40.5326% (15037.2 / 37098.9 KB) | LR: 0.00225581 | TEMP: 1
  Train -> TL: 4.32604 | ATL: 4.28742 | TPPL: 72.7786 | ENT: 7.50801b | CERT: 6.68165% | SURP: 6.93386b
  Val   -> VL: 4.79908 | AVL: 4.73792 | VPPL: 114.197 | VENT: 7.66243b | VCERT: 8.28985% | VSURP: 7.69223b

[GeoMind CAUSAL CE Stream] Ep 1.0/Inf | D[1.0/10.0] | 40.5494% (15043.4 / 37098.9 KB) | LR: 0.00225576 | TEMP: 1
  Train -> TL: 4.40534 | ATL: 4.28748 | TPPL: 72.7825 | ENT: 7.47113b | CERT: 7.08714% | SURP: 7.00238b
  Val   -> VL: 4.80515 | AVL: 4.74128 | VPPL: 114.581 | VENT: 7.6259b | VCERT: 8.44606% | VSURP: 7.70233b

[GeoMind CAUSAL CE Stream] Ep 1.0/Inf | D[1.0/10.0] | 40.6039% (15063.6 / 37098.9 KB) | LR: 0.00225569 | TEMP: 1
  Train -> TL: 4.12675 | ATL: 4.28725 | TPPL: 72.7662 | ENT: 7.22837b | CERT: 8.54377% | SURP: 6.59053b
  Val   -> VL: 4.76523 | AVL: 4.74248 | VPPL: 114.719 | VENT: 7.74794b | VCERT: 8.0046% | VSURP: 7.65531b

[GeoMind CAUSAL CE Stream] Ep 1.0/Inf | D[1.0/10.0] | 40.6805% (15092 / 37098.9 KB) | LR: 0.00225559 | TEMP: 1
  Train -> TL: 4.16076 | ATL: 4.28701 | TPPL: 72.7484 | ENT: 7.44174b | CERT: 6.88363% | SURP: 6.76226b
  Val   -> VL: 4.77445 | AVL: 4.74408 | VPPL: 114.902 | VENT: 7.50655b | VCERT: 9.56848% | VSURP: 7.60983b

[GeoMind CAUSAL CE Stream] Ep 1.0/Inf | D[1.0/10.0] | 40.7892% (15132.3 / 37098.9 KB) | LR: 0.00225551 | TEMP: 1
  Train -> TL: 4.32266 | ATL: 4.2871 | TPPL: 72.7548 | ENT: 7.48472b | CERT: 6.68343% | SURP: 6.89291b
  Val   -> VL: 4.73633 | AVL: 4.74369 | VPPL: 114.858 | VENT: 7.69179b | VCERT: 8.02014% | VSURP: 7.58714b

[GeoMind CAUSAL CE Stream] Ep 1.0/Inf | D[1.0/10.0] | 40.8379% (15150.4 / 37098.9 KB) | LR: 0.0022554 | TEMP: 1
  Train -> TL: 3.98543 | ATL: 4.28674 | TPPL: 72.7291 | ENT: 7.08501b | CERT: 8.10714% | SURP: 6.42133b
  Val   -> VL: 4.75519 | AVL: 4.74427 | VPPL: 114.924 | VENT: 7.65948b | VCERT: 7.99546% | VSURP: 7.63373b

[GeoMind CAUSAL CE Stream] Ep 1.0/Inf | D[1.0/10.0] | 40.8923% (15170.6 / 37098.9 KB) | LR: 0.00225532 | TEMP: 1
  Train -> TL: 4.39611 | ATL: 4.28688 | TPPL: 72.7392 | ENT: 7.42017b | CERT: 7.29658% | SURP: 6.96668b
  Val   -> VL: 4.74937 | AVL: 4.74452 | VPPL: 114.953 | VENT: 7.73288b | VCERT: 7.64817% | VSURP: 7.6046b

[GeoMind CAUSAL CE Stream] Ep 1.0/Inf | D[1.0/10.0] | 40.9758% (15201.6 / 37098.9 KB) | LR: 0.00225515 | TEMP: 1
  Train -> TL: 3.89146 | ATL: 4.28618 | TPPL: 72.688 | ENT: 7.0212b | CERT: 9.53437% | SURP: 6.24992b
  Val   -> VL: 4.79221 | AVL: 4.74691 | VPPL: 115.227 | VENT: 7.57143b | VCERT: 8.362% | VSURP: 7.64802b

[GeoMind CAUSAL CE Stream] Ep 1.0/Inf | D[1.0/10.0] | 41.0181% (15217.3 / 37098.9 KB) | LR: 0.00225487 | TEMP: 1
  Train -> TL: 3.58829 | ATL: 4.28512 | TPPL: 72.6111 | ENT: 6.1294b | CERT: 12.6791% | SURP: 5.81033b
  Val   -> VL: 4.80625 | AVL: 4.74987 | VPPL: 115.57 | VENT: 7.50901b | VCERT: 8.98666% | VSURP: 7.68042b

[GeoMind CAUSAL CE Stream] Ep 1.0/Inf | D[1.0/10.0] | 41.0683% (15235.9 / 37098.9 KB) | LR: 0.00225458 | TEMP: 1
  Train -> TL: 4.13529 | ATL: 4.28493 | TPPL: 72.5978 | ENT: 7.16979b | CERT: 8.42311% | SURP: 6.61617b
  Val   -> VL: 4.77583 | AVL: 4.75117 | VPPL: 115.72 | VENT: 7.61686b | VCERT: 8.75293% | VSURP: 7.64873b

[GeoMind CAUSAL CE Stream] Ep 1.0/Inf | D[1.0/10.0] | 41.1397% (15262.4 / 37098.9 KB) | LR: 0.00225437 | TEMP: 1
  Train -> TL: 4.43621 | ATL: 4.28521 | TPPL: 72.6178 | ENT: 7.5011b | CERT: 6.6427% | SURP: 6.96077b
  Val   -> VL: 4.74514 | AVL: 4.75087 | VPPL: 115.685 | VENT: 7.77976b | VCERT: 7.59565% | VSURP: 7.62553b

[GeoMind CAUSAL CE Stream] Ep 1.0/Inf | D[1.0/10.0] | 41.1784% (15276.8 / 37098.9 KB) | LR: 0.00225414 | TEMP: 1
  Train -> TL: 4.03818 | ATL: 4.285 | TPPL: 72.6024 | ENT: 7.20777b | CERT: 8.11424% | SURP: 6.52637b
  Val   -> VL: 4.76372 | AVL: 4.75151 | VPPL: 115.759 | VENT: 7.59793b | VCERT: 8.82491% | VSURP: 7.63083b

[GeoMind CAUSAL CE Stream] Ep 1.0/Inf | D[1.0/10.0] | 41.204% (15286.3 / 37098.9 KB) | LR: 0.00225394 | TEMP: 1
  Train -> TL: 4.1705 | ATL: 4.28495 | TPPL: 72.5986 | ENT: 7.30843b | CERT: 6.85116% | SURP: 6.73921b
  Val   -> VL: 4.78101 | AVL: 4.75299 | VPPL: 115.93 | VENT: 7.60021b | VCERT: 8.87411% | VSURP: 7.66232b

[GeoMind CAUSAL CE Stream] Ep 1.0/Inf | D[1.0/10.0] | 41.2385% (15299 / 37098.9 KB) | LR: 0.00225374 | TEMP: 1
  Train -> TL: 4.16323 | ATL: 4.28485 | TPPL: 72.5917 | ENT: 7.22337b | CERT: 7.95248% | SURP: 6.66586b
  Val   -> VL: 4.78837 | AVL: 4.75476 | VPPL: 116.135 | VENT: 7.63147b | VCERT: 8.80645% | VSURP: 7.68809b

[GeoMind CAUSAL CE Stream] Ep 1.0/Inf | D[1.0/10.0] | 41.2803% (15314.6 / 37098.9 KB) | LR: 0.00225357 | TEMP: 1
  Train -> TL: 4.33621 | ATL: 4.2849 | TPPL: 72.5952 | ENT: 7.38452b | CERT: 7.05011% | SURP: 6.88126b
  Val   -> VL: 4.76379 | AVL: 4.75521 | VPPL: 116.188 | VENT: 7.73147b | VCERT: 8.10276% | VSURP: 7.66409b

[GeoMind CAUSAL CE Stream] Ep 1.0/Inf | D[1.0/10.0] | 41.3427% (15337.7 / 37098.9 KB) | LR: 0.00225336 | TEMP: 1
  Train -> TL: 3.96687 | ATL: 4.28447 | TPPL: 72.5642 | ENT: 7.15996b | CERT: 7.25924% | SURP: 6.44779b
  Val   -> VL: 4.7874 | AVL: 4.75682 | VPPL: 116.375 | VENT: 7.55604b | VCERT: 9.05433% | VSURP: 7.67769b

[GeoMind CAUSAL CE Stream] Ep 1.0/Inf | D[1.0/10.0] | 41.4046% (15360.7 / 37098.9 KB) | LR: 0.00225316 | TEMP: 1
  Train -> TL: 4.26811 | ATL: 4.28445 | TPPL: 72.5624 | ENT: 7.2921b | CERT: 7.35811% | SURP: 6.77687b
  Val   -> VL: 4.76563 | AVL: 4.75726 | VPPL: 116.426 | VENT: 7.6573b | VCERT: 8.49637% | VSURP: 7.67668b

[GeoMind CAUSAL CE Stream] Ep 1.0/Inf | D[1.0/10.0] | 41.4809% (15389 / 37098.9 KB) | LR: 0.00225299 | TEMP: 1
  Train -> TL: 4.26817 | ATL: 4.28442 | TPPL: 72.5605 | ENT: 7.36944b | CERT: 7.96255% | SURP: 6.72446b
  Val   -> VL: 4.74188 | AVL: 4.75649 | VPPL: 116.337 | VENT: 7.73305b | VCERT: 7.38636% | VSURP: 7.60666b

[GeoMind CAUSAL CE Stream] Ep 1.0/Inf | D[1.0/10.0] | 41.5315% (15407.7 / 37098.9 KB) | LR: 0.0022528 | TEMP: 1
  Train -> TL: 4.12291 | ATL: 4.28423 | TPPL: 72.547 | ENT: 7.27494b | CERT: 8.49728% | SURP: 6.62293b
  Val   -> VL: 4.76383 | AVL: 4.75686 | VPPL: 116.38 | VENT: 7.59925b | VCERT: 9.16431% | VSURP: 7.64333b

[GeoMind CAUSAL CE Stream] Ep 1.0/Inf | D[1.0/10.0] | 41.5597% (15418.2 / 37098.9 KB) | LR: 0.00225263 | TEMP: 1
  Train -> TL: 4.22284 | ATL: 4.28419 | TPPL: 72.5438 | ENT: 6.9261b | CERT: 9.0423% | SURP: 6.71081b
  Val   -> VL: 4.77018 | AVL: 4.75752 | VPPL: 116.457 | VENT: 7.61702b | VCERT: 8.594% | VSURP: 7.6502b

[GeoMind CAUSAL CE Stream] Ep 1.0/Inf | D[1.0/10.0] | 41.6186% (15440 / 37098.9 KB) | LR: 0.00225245 | TEMP: 1
  Train -> TL: 4.11538 | ATL: 4.28395 | TPPL: 72.526 | ENT: 7.05937b | CERT: 8.75945% | SURP: 6.56909b
  Val   -> VL: 4.75257 | AVL: 4.75727 | VPPL: 116.428 | VENT: 7.58673b | VCERT: 8.91455% | VSURP: 7.61004b

[GeoMind CAUSAL CE Stream] Ep 1.0/Inf | D[1.0/10.0] | 41.7051% (15472.2 / 37098.9 KB) | LR: 0.0022521 | TEMP: 1
  Train -> TL: 3.67206 | ATL: 4.28252 | TPPL: 72.4229 | ENT: 6.56734b | CERT: 12.325% | SURP: 5.95638b
  Val   -> VL: 4.80019 | AVL: 4.75942 | VPPL: 116.678 | VENT: 7.4868b | VCERT: 8.89297% | VSURP: 7.67487b

[GeoMind CAUSAL CE Stream] Ep 1.0/Inf | D[1.0/10.0] | 41.7369% (15483.9 / 37098.9 KB) | LR: 0.0022517 | TEMP: 1
  Train -> TL: 3.64951 | ATL: 4.28188 | TPPL: 72.3761 | ENT: 6.04645b | CERT: 14.4415% | SURP: 5.79733b
  Val   -> VL: 4.81067 | AVL: 4.76198 | VPPL: 116.978 | VENT: 7.47035b | VCERT: 9.65287% | VSURP: 7.70056b

[GeoMind CAUSAL CE Stream] Ep 1.0/Inf | D[1.0/10.0] | 41.7755% (15498.3 / 37098.9 KB) | LR: 0.00225135 | TEMP: 1
  Train -> TL: 4.31934 | ATL: 4.28191 | TPPL: 72.3783 | ENT: 7.3083b | CERT: 6.84554% | SURP: 6.83705b
  Val   -> VL: 4.80032 | AVL: 4.7639 | VPPL: 117.202 | VENT: 7.57518b | VCERT: 9.40091% | VSURP: 7.69361b

[GeoMind CAUSAL CE Stream] Ep 1.0/Inf | D[1.0/10.0] | 41.8185% (15514.2 / 37098.9 KB) | LR: 0.00225105 | TEMP: 1
  Train -> TL: 4.44483 | ATL: 4.28207 | TPPL: 72.3904 | ENT: 7.48603b | CERT: 6.50789% | SURP: 6.92654b
  Val   -> VL: 4.77878 | AVL: 4.76464 | VPPL: 117.289 | VENT: 7.64006b | VCERT: 8.89264% | VSURP: 7.66257b

[GeoMind CAUSAL CE Stream] Ep 1.0/Inf | D[1.0/10.0] | 41.8837% (15538.4 / 37098.9 KB) | LR: 0.00225074 | TEMP: 1
  Train -> TL: 4.0832 | ATL: 4.28175 | TPPL: 72.3672 | ENT: 7.25867b | CERT: 7.95286% | SURP: 6.58768b
  Val   -> VL: 4.74688 | AVL: 4.76376 | VPPL: 117.185 | VENT: 7.5449b | VCERT: 8.85005% | VSURP: 7.60555b

[GeoMind CAUSAL CE Stream] Ep 1.0/Inf | D[1.0/10.0] | 41.9368% (15558.1 / 37098.9 KB) | LR: 0.00225048 | TEMP: 1
  Train -> TL: 4.35611 | ATL: 4.28185 | TPPL: 72.3742 | ENT: 7.37324b | CERT: 7.20119% | SURP: 6.91996b
  Val   -> VL: 4.746 | AVL: 4.76287 | VPPL: 117.081 | VENT: 7.696b | VCERT: 8.00788% | VSURP: 7.60803b

[GeoMind CAUSAL CE Stream] Ep 1.0/Inf | D[1.0/10.0] | 41.9913% (15578.3 / 37098.9 KB) | LR: 0.00225024 | TEMP: 1
  Train -> TL: 4.29272 | ATL: 4.28187 | TPPL: 72.3753 | ENT: 7.44133b | CERT: 7.04819% | SURP: 6.85986b
  Val   -> VL: 4.72739 | AVL: 4.76109 | VPPL: 116.874 | VENT: 7.68781b | VCERT: 7.69284% | VSURP: 7.5658b

[GeoMind CAUSAL CE Stream] Ep 1.0/Inf | D[1.0/10.0] | 42.0403% (15596.5 / 37098.9 KB) | LR: 0.00225002 | TEMP: 1
  Train -> TL: 4.24773 | ATL: 4.28183 | TPPL: 72.3727 | ENT: 7.36122b | CERT: 6.94721% | SURP: 6.84186b
  Val   -> VL: 4.74208 | AVL: 4.76014 | VPPL: 116.763 | VENT: 7.66618b | VCERT: 8.40616% | VSURP: 7.60692b

[GeoMind CAUSAL CE Stream] Ep 1.0/Inf | D[1.0/10.0] | 42.1025% (15619.6 / 37098.9 KB) | LR: 0.00224982 | TEMP: 1
  Train -> TL: 4.20714 | ATL: 4.28173 | TPPL: 72.3652 | ENT: 7.38139b | CERT: 7.29807% | SURP: 6.71538b
  Val   -> VL: 4.73247 | AVL: 4.75876 | VPPL: 116.601 | VENT: 7.65832b | VCERT: 8.59873% | VSURP: 7.5851b

[GeoMind CAUSAL CE Stream] Ep 1.0/Inf | D[1.0/10.0] | 42.1829% (15649.4 / 37098.9 KB) | LR: 0.00224962 | TEMP: 1
  Train -> TL: 4.25363 | ATL: 4.28168 | TPPL: 72.3616 | ENT: 7.41596b | CERT: 7.13823% | SURP: 6.7711b
  Val   -> VL: 4.75887 | AVL: 4.75877 | VPPL: 116.602 | VENT: 7.62988b | VCERT: 8.98168% | VSURP: 7.63329b

[GeoMind CAUSAL CE Stream] Ep 1.0/Inf | D[1.0/10.0] | 42.228% (15666.1 / 37098.9 KB) | LR: 0.00224944 | TEMP: 1
  Train -> TL: 4.26568 | ATL: 4.28166 | TPPL: 72.3603 | ENT: 7.37385b | CERT: 8.1552% | SURP: 6.7501b
  Val   -> VL: 4.72214 | AVL: 4.75693 | VPPL: 116.389 | VENT: 7.7156b | VCERT: 8.15715% | VSURP: 7.56966b

[GeoMind CAUSAL CE Stream] Ep 1.0/Inf | D[1.0/10.0] | 42.2663% (15680.3 / 37098.9 KB) | LR: 0.00224929 | TEMP: 1
  Train -> TL: 4.32174 | ATL: 4.28169 | TPPL: 72.3626 | ENT: 7.47173b | CERT: 7.41578% | SURP: 6.91391b
  Val   -> VL: 4.74064 | AVL: 4.75612 | VPPL: 116.294 | VENT: 7.69318b | VCERT: 8.39426% | VSURP: 7.62011b

[GeoMind CAUSAL CE Stream] Ep 1.0/Inf | D[1.0/10.0] | 42.3085% (15696 / 37098.9 KB) | LR: 0.00224918 | TEMP: 1
  Train -> TL: 4.50517 | ATL: 4.28194 | TPPL: 72.3805 | ENT: 7.6018b | CERT: 6.05179% | SURP: 7.16129b
  Val   -> VL: 4.73125 | AVL: 4.75488 | VPPL: 116.149 | VENT: 7.63283b | VCERT: 9.04214% | VSURP: 7.58916b

[GeoMind CAUSAL CE Stream] Ep 1.0/Inf | D[1.0/10.0] | 42.3285% (15703.4 / 37098.9 KB) | LR: 0.00224911 | TEMP: 1
  Train -> TL: 4.68121 | ATL: 4.28217 | TPPL: 72.397 | ENT: 7.67368b | CERT: 6.23508% | SURP: 7.23368b
  Val   -> VL: 4.709 | AVL: 4.75258 | VPPL: 115.883 | VENT: 7.66745b | VCERT: 8.63005% | VSURP: 7.5647b

[GeoMind CAUSAL CE Stream] Ep 1.0/Inf | D[1.0/10.0] | 42.3771% (15721.4 / 37098.9 KB) | LR: 0.00224908 | TEMP: 1
  Train -> TL: 4.41767 | ATL: 4.28236 | TPPL: 72.4112 | ENT: 7.54305b | CERT: 6.35667% | SURP: 6.82897b
  Val   -> VL: 4.67265 | AVL: 4.74859 | VPPL: 115.421 | VENT: 7.7483b | VCERT: 7.14547% | VSURP: 7.53381b

[GeoMind CAUSAL CE Stream] Ep 1.0/Inf | D[1.0/10.0] | 42.4458% (15746.9 / 37098.9 KB) | LR: 0.00224905 | TEMP: 1
  Train -> TL: 4.33487 | ATL: 4.28244 | TPPL: 72.4167 | ENT: 7.45999b | CERT: 7.18352% | SURP: 6.92813b
  Val   -> VL: 4.69518 | AVL: 4.74592 | VPPL: 115.113 | VENT: 7.62627b | VCERT: 8.98984% | VSURP: 7.56836b

[GeoMind CAUSAL CE Stream] Ep 1.0/Inf | D[1.0/10.0] | 42.4938% (15764.7 / 37098.9 KB) | LR: 0.002249 | TEMP: 1
  Train -> TL: 4.10643 | ATL: 4.28222 | TPPL: 72.4007 | ENT: 6.85852b | CERT: 9.38317% | SURP: 6.54477b
  Val   -> VL: 4.72727 | AVL: 4.74498 | VPPL: 115.006 | VENT: 7.57574b | VCERT: 8.85938% | VSURP: 7.59104b

[GeoMind CAUSAL CE Stream] Ep 1.0/Inf | D[1.0/10.0] | 42.5171% (15773.4 / 37098.9 KB) | LR: 0.00224897 | TEMP: 1
  Train -> TL: 4.37937 | ATL: 4.28227 | TPPL: 72.4044 | ENT: 7.38965b | CERT: 6.72068% | SURP: 6.87144b
  Val   -> VL: 4.71736 | AVL: 4.7436 | VPPL: 114.847 | VENT: 7.60874b | VCERT: 8.61572% | VSURP: 7.5704b

[GeoMind CAUSAL CE Stream] Ep 1.0/Inf | D[1.0/10.0] | 42.5812% (15797.2 / 37098.9 KB) | LR: 0.00224893 | TEMP: 1
  Train -> TL: 4.24653 | ATL: 4.28222 | TPPL: 72.4008 | ENT: 7.46308b | CERT: 7.15479% | SURP: 6.81814b
  Val   -> VL: 4.68468 | AVL: 4.74066 | VPPL: 114.509 | VENT: 7.55228b | VCERT: 9.49808% | VSURP: 7.49551b

[GeoMind CAUSAL CE Stream] Ep 1.0/Inf | D[1.0/10.0] | 42.6478% (15821.9 / 37098.9 KB) | LR: 0.00224882 | TEMP: 1
  Train -> TL: 3.94703 | ATL: 4.28168 | TPPL: 72.3619 | ENT: 7.0676b | CERT: 9.25664% | SURP: 6.39889b
  Val   -> VL: 4.70655 | AVL: 4.73895 | VPPL: 114.314 | VENT: 7.6268b | VCERT: 8.32328% | VSURP: 7.55762b

[GeoMind CAUSAL CE Stream] Ep 1.0/Inf | D[1.0/10.0] | 42.7101% (15845 / 37098.9 KB) | LR: 0.0022487 | TEMP: 1
  Train -> TL: 4.14755 | ATL: 4.28149 | TPPL: 72.3479 | ENT: 7.27427b | CERT: 7.971% | SURP: 6.64707b
  Val   -> VL: 4.71134 | AVL: 4.73757 | VPPL: 114.156 | VENT: 7.6691b | VCERT: 8.42613% | VSURP: 7.57335b

