[GeoMind CAUSAL CE Stream] Ep 1.0/Inf | D[1.0/10.0] | 5.7911e-05% (0.0214844 / 37098.9 KB) | LR: 0.0022 | TEMP: 1.0
  Train -> TL: 0.0 | ATL: 0.0 | TPPL: 0.0 | ENT: 0.0b | CERT: 0.0% | SURP: 0.0b
  Val   -> VL: 6.98183 | AVL: 6.98183 | VPPL: 1076.89 | VENT: 9.93192b | VCERT: 1.36289% | VSURP: 11.7601b

[GeoMind CAUSAL CE Stream] Ep 1.0/Inf | D[1.0/10.0] | 0.0864006% (32.0537 / 37098.9 KB) | LR: 0.002134 | TEMP: 1.0525
  Train -> TL: 6.34199 | ATL: 6.34199 | TPPL: 567.923 | ENT: 10.0881b | CERT: 1.47102% | SURP: 10.207b
  Val   -> VL: 5.95064 | AVL: 6.93027 | VPPL: 1022.77 | VENT: 9.64081b | VCERT: 3.68962% | VSURP: 9.53119b

[GeoMind CAUSAL CE Stream] Ep 1.0/Inf | D[1.0/10.0] | 0.128436% (47.6484 / 37098.9 KB) | LR: 0.00206998 | TEMP: 1.09713
  Train -> TL: 5.72948 | ATL: 6.12013 | TPPL: 454.923 | ENT: 8.98775b | CERT: 5.27283% | SURP: 8.97692b
  Val   -> VL: 5.72437 | AVL: 6.86998 | VPPL: 962.928 | VENT: 9.03346b | VCERT: 6.37299% | VSURP: 9.03505b

[GeoMind CAUSAL CE Stream] Ep 1.0/Inf | D[1.0/10.0] | 0.191188% (70.9287 / 37098.9 KB) | LR: 0.00200788 | TEMP: 1.13506
  Train -> TL: 5.34437 | ATL: 5.8656 | TPPL: 352.694 | ENT: 8.52284b | CERT: 7.85222% | SURP: 8.30589b
  Val   -> VL: 5.58676 | AVL: 6.80582 | VPPL: 903.086 | VENT: 8.69385b | VCERT: 6.89575% | VSURP: 8.79083b

[GeoMind CAUSAL CE Stream] Ep 1.0/Inf | D[1.0/10.0] | 0.248902% (92.3398 / 37098.9 KB) | LR: 0.00194764 | TEMP: 1.1673
  Train -> TL: 5.2925 | ATL: 5.73186 | TPPL: 308.542 | ENT: 8.13079b | CERT: 7.91206% | SURP: 8.2776b
  Val   -> VL: 5.5195 | AVL: 6.7415 | VPPL: 846.832 | VENT: 8.20703b | VCERT: 7.76907% | VSURP: 8.6293b

[GeoMind CAUSAL CE Stream] Ep 1.0/Inf | D[1.0/10.0] | 0.344529% (127.816 / 37098.9 KB) | LR: 0.00188921 | TEMP: 1.1947
  Train -> TL: 5.13446 | ATL: 5.58625 | TPPL: 266.733 | ENT: 7.62688b | CERT: 8.948% | SURP: 8.05936b
  Val   -> VL: 5.42942 | AVL: 6.6759 | VPPL: 793.059 | VENT: 7.91382b | VCERT: 9.14481% | VSURP: 8.46617b

[GeoMind CAUSAL CE Stream] Ep 1.0/Inf | D[1.0/10.0] | 0.430203% (159.601 / 37098.9 KB) | LR: 0.00183254 | TEMP: 1.218
  Train -> TL: 4.98073 | ATL: 5.46082 | TPPL: 235.291 | ENT: 7.26816b | CERT: 11.2792% | SURP: 7.74826b
  Val   -> VL: 5.37429 | AVL: 6.61082 | VPPL: 743.09 | VENT: 7.71697b | VCERT: 8.78546% | VSURP: 8.37809b

[GeoMind CAUSAL CE Stream] Ep 1.0/Inf | D[1.0/10.0] | 0.487437% (180.834 / 37098.9 KB) | LR: 0.00177756 | TEMP: 1.2378
  Train -> TL: 4.84908 | ATL: 5.38877 | TPPL: 218.934 | ENT: 7.05476b | CERT: 10.5922% | SURP: 7.60624b
  Val   -> VL: 5.36968 | AVL: 6.54876 | VPPL: 698.378 | VENT: 7.26399b | VCERT: 11.799% | VSURP: 8.33174b

[GeoMind CAUSAL CE Stream] Ep 1.0/Inf | D[1.0/10.0] | 0.538096% (199.628 / 37098.9 KB) | LR: 0.00172424 | TEMP: 1.25463
  Train -> TL: 5.05589 | ATL: 5.3552 | TPPL: 211.705 | ENT: 6.75412b | CERT: 11.5497% | SURP: 7.82006b
  Val   -> VL: 5.33185 | AVL: 6.48792 | VPPL: 657.152 | VENT: 7.43386b | VCERT: 9.49443% | VSURP: 8.3148b

[GeoMind CAUSAL CE Stream] Ep 1.0/Inf | D[1.0/10.0] | 0.552461% (204.957 / 37098.9 KB) | LR: 0.00167251 | TEMP: 1.26893
  Train -> TL: 5.95449 | ATL: 5.37396 | TPPL: 215.715 | ENT: 6.93821b | CERT: 11.0371% | SURP: 8.49358b
  Val   -> VL: 5.32248 | AVL: 6.42964 | VPPL: 619.953 | VENT: 7.55126b | VCERT: 8.83582% | VSURP: 8.32375b

[GeoMind CAUSAL CE Stream] Ep 1.0/Inf | D[1.0/10.0] | 0.642328% (238.297 / 37098.9 KB) | LR: 0.00162233 | TEMP: 1.28109
  Train -> TL: 5.12453 | ATL: 5.33778 | TPPL: 208.051 | ENT: 6.85037b | CERT: 10.2958% | SURP: 7.88955b
  Val   -> VL: 5.28886 | AVL: 6.3726 | VPPL: 585.581 | VENT: 7.31357b | VCERT: 10.8176% | VSURP: 8.26081b

[GeoMind CAUSAL CE Stream] Ep 1.0/Inf | D[1.0/10.0] | 0.702866% (260.756 / 37098.9 KB) | LR: 0.00157366 | TEMP: 1.29143
  Train -> TL: 4.92606 | ATL: 5.30155 | TPPL: 200.647 | ENT: 6.76338b | CERT: 11.1543% | SURP: 7.74356b
  Val   -> VL: 5.2802 | AVL: 6.31798 | VPPL: 554.454 | VENT: 7.14296b | VCERT: 10.8959% | VSURP: 8.22012b

[GeoMind CAUSAL CE Stream] Ep 1.0/Inf | D[1.0/10.0] | 0.756976% (280.83 / 37098.9 KB) | LR: 0.00152645 | TEMP: 1.30022
  Train -> TL: 4.78663 | ATL: 5.26816 | TPPL: 194.059 | ENT: 6.53021b | CERT: 11.4447% | SURP: 7.55622b
  Val   -> VL: 5.29119 | AVL: 6.26664 | VPPL: 526.707 | VENT: 6.95604b | VCERT: 10.6396% | VSURP: 8.20615b

[GeoMind CAUSAL CE Stream] Ep 1.0/Inf | D[1.0/10.0] | 0.785468% (291.4 / 37098.9 KB) | LR: 0.00148066 | TEMP: 1.30768
  Train -> TL: 4.91844 | ATL: 5.25455 | TPPL: 191.436 | ENT: 6.35632b | CERT: 11.7684% | SURP: 7.65683b
  Val   -> VL: 5.30935 | AVL: 6.21878 | VPPL: 502.09 | VENT: 6.75471b | VCERT: 11.5663% | VSURP: 8.21927b

[GeoMind CAUSAL CE Stream] Ep 1.0/Inf | D[1.0/10.0] | 0.836406% (310.298 / 37098.9 KB) | LR: 0.00143624 | TEMP: 1.31403
  Train -> TL: 5.20808 | ATL: 5.25135 | TPPL: 190.823 | ENT: 6.3873b | CERT: 11.2327% | SURP: 7.87974b
  Val   -> VL: 5.27488 | AVL: 6.17158 | VPPL: 478.944 | VENT: 6.94787b | VCERT: 11.1118% | VSURP: 8.19771b

[GeoMind CAUSAL CE Stream] Ep 1.0/Inf | D[1.0/10.0] | 0.861119% (319.466 / 37098.9 KB) | LR: 0.00139315 | TEMP: 1.31943
  Train -> TL: 4.85898 | ATL: 5.24093 | TPPL: 188.845 | ENT: 6.38683b | CERT: 12.377% | SURP: 7.59018b
  Val   -> VL: 5.27811 | AVL: 6.12691 | VPPL: 458.019 | VENT: 6.84869b | VCERT: 12.2331% | VSURP: 8.18693b

[GeoMind CAUSAL CE Stream] Ep 1.0/Inf | D[1.0/10.0] | 0.884791% (328.248 / 37098.9 KB) | LR: 0.00135136 | TEMP: 1.32401
  Train -> TL: 4.81323 | ATL: 5.23026 | TPPL: 186.84 | ENT: 6.21002b | CERT: 15.4936% | SURP: 7.51297b
  Val   -> VL: 5.27933 | AVL: 6.08453 | VPPL: 439.014 | VENT: 6.79649b | VCERT: 12.6873% | VSURP: 8.19062b

[GeoMind CAUSAL CE Stream] Ep 1.0/Inf | D[1.0/10.0] | 0.957375% (355.176 / 37098.9 KB) | LR: 0.00131082 | TEMP: 1.32791
  Train -> TL: 4.7793 | ATL: 5.19891 | TPPL: 181.075 | ENT: 6.16002b | CERT: 14.8485% | SURP: 7.41783b
  Val   -> VL: 5.29686 | AVL: 6.04515 | VPPL: 422.06 | VENT: 6.59961b | VCERT: 13.8674% | VSURP: 8.19985b

[GeoMind CAUSAL CE Stream] Ep 1.0/Inf | D[1.0/10.0] | 1.02261% (379.379 / 37098.9 KB) | LR: 0.00127149 | TEMP: 1.33122
  Train -> TL: 4.82888 | ATL: 5.17573 | TPPL: 176.926 | ENT: 6.13156b | CERT: 13.2573% | SURP: 7.41278b
  Val   -> VL: 5.28271 | AVL: 6.00703 | VPPL: 406.274 | VENT: 6.5976b | VCERT: 11.7209% | VSURP: 8.18239b

[GeoMind CAUSAL CE Stream] Ep 1.0/Inf | D[1.0/10.0] | 1.08431% (402.268 / 37098.9 KB) | LR: 0.00123335 | TEMP: 1.33404
  Train -> TL: 5.0675 | ATL: 5.16957 | TPPL: 175.84 | ENT: 6.12475b | CERT: 11.8363% | SURP: 7.7701b
  Val   -> VL: 5.25812 | AVL: 5.96958 | VPPL: 391.342 | VENT: 6.66152b | VCERT: 11.1887% | VSURP: 8.15396b

[GeoMind CAUSAL CE Stream] Ep 1.0/Inf | D[1.0/10.0] | 1.15924% (430.065 / 37098.9 KB) | LR: 0.00119635 | TEMP: 1.33643
  Train -> TL: 4.79635 | ATL: 5.14606 | TPPL: 171.754 | ENT: 6.12386b | CERT: 11.7248% | SURP: 7.51382b
  Val   -> VL: 5.26956 | AVL: 5.93458 | VPPL: 377.881 | VENT: 6.50726b | VCERT: 11.8104% | VSURP: 8.15492b

[GeoMind CAUSAL CE Stream] Ep 1.0/Inf | D[1.0/10.0] | 1.19858% (444.661 / 37098.9 KB) | LR: 0.00116046 | TEMP: 1.33847
  Train -> TL: 5.09508 | ATL: 5.14452 | TPPL: 171.489 | ENT: 6.07628b | CERT: 11.7084% | SURP: 7.91679b
  Val   -> VL: 5.25333 | AVL: 5.90052 | VPPL: 365.226 | VENT: 6.5798b | VCERT: 11.0536% | VSURP: 8.13992b

[GeoMind CAUSAL CE Stream] Ep 1.0/Inf | D[1.0/10.0] | 1.24507% (461.906 / 37098.9 KB) | LR: 0.00112564 | TEMP: 1.3402
  Train -> TL: 5.15406 | ATL: 5.14488 | TPPL: 171.551 | ENT: 6.22846b | CERT: 10.4723% | SURP: 7.81361b
  Val   -> VL: 5.24476 | AVL: 5.86773 | VPPL: 353.446 | VENT: 6.61273b | VCERT: 10.304% | VSURP: 8.12962b

[GeoMind CAUSAL CE Stream] Ep 1.0/Inf | D[1.0/10.0] | 1.29689% (481.132 / 37098.9 KB) | LR: 0.00109187 | TEMP: 1.34167
  Train -> TL: 4.86931 | ATL: 5.13382 | TPPL: 169.665 | ENT: 6.12157b | CERT: 11.1654% | SURP: 7.50127b
  Val   -> VL: 5.25087 | AVL: 5.83689 | VPPL: 342.711 | VENT: 6.50131b | VCERT: 11.2985% | VSURP: 8.12483b

[GeoMind CAUSAL CE Stream] Ep 1.0/Inf | D[1.0/10.0] | 1.34696% (499.709 / 37098.9 KB) | LR: 0.00105912 | TEMP: 1.34292
  Train -> TL: 4.91711 | ATL: 5.12572 | TPPL: 168.295 | ENT: 6.02119b | CERT: 13.0182% | SURP: 7.60631b
  Val   -> VL: 5.24445 | AVL: 5.80727 | VPPL: 332.708 | VENT: 6.45038b | VCERT: 12.2247% | VSURP: 8.11241b

[GeoMind CAUSAL CE Stream] Ep 1.0/Inf | D[1.0/10.0] | 1.42706% (529.423 / 37098.9 KB) | LR: 0.00102734 | TEMP: 1.34398
  Train -> TL: 4.94187 | ATL: 5.11576 | TPPL: 166.628 | ENT: 6.07622b | CERT: 12.0618% | SURP: 7.61254b
  Val   -> VL: 5.21363 | AVL: 5.77758 | VPPL: 322.978 | VENT: 6.56982b | VCERT: 11.0656% | VSURP: 8.08007b

[GeoMind CAUSAL CE Stream] Ep 1.0/Inf | D[1.0/10.0] | 1.49134% (553.271 / 37098.9 KB) | LR: 0.000996524 | TEMP: 1.34488
  Train -> TL: 4.87698 | ATL: 5.10553 | TPPL: 164.932 | ENT: 6.14609b | CERT: 11.5266% | SURP: 7.5086b
  Val   -> VL: 5.21652 | AVL: 5.74953 | VPPL: 314.043 | VENT: 6.48394b | VCERT: 12.2488% | VSURP: 8.07935b

[GeoMind CAUSAL CE Stream] Ep 1.0/Inf | D[1.0/10.0] | 1.54838% (574.433 / 37098.9 KB) | LR: 0.000966628 | TEMP: 1.34565
  Train -> TL: 4.90698 | ATL: 5.09839 | TPPL: 163.758 | ENT: 6.09546b | CERT: 11.5781% | SURP: 7.60657b
  Val   -> VL: 5.20443 | AVL: 5.72228 | VPPL: 305.599 | VENT: 6.53099b | VCERT: 11.098% | VSURP: 8.06596b

[GeoMind CAUSAL CE Stream] Ep 1.0/Inf | D[1.0/10.0] | 1.57389% (583.895 / 37098.9 KB) | LR: 0.000937629 | TEMP: 1.3463
  Train -> TL: 5.46302 | ATL: 5.10685 | TPPL: 165.15 | ENT: 6.13978b | CERT: 9.47877% | SURP: 8.33538b
  Val   -> VL: 5.19661 | AVL: 5.69599 | VPPL: 297.672 | VENT: 6.60132b | VCERT: 11.3496% | VSURP: 8.07967b

[GeoMind CAUSAL CE Stream] Ep 1.0/Inf | D[1.0/10.0] | 1.61407% (598.803 / 37098.9 KB) | LR: 0.000909501 | TEMP: 1.34686
  Train -> TL: 4.60947 | ATL: 5.09378 | TPPL: 163.005 | ENT: 6.08513b | CERT: 12.1198% | SURP: 7.22651b
  Val   -> VL: 5.20201 | AVL: 5.67129 | VPPL: 290.41 | VENT: 6.52811b | VCERT: 11.5399% | VSURP: 8.07357b

[GeoMind CAUSAL CE Stream] Ep 1.0/Inf | D[1.0/10.0] | 1.66601% (618.07 / 37098.9 KB) | LR: 0.000882216 | TEMP: 1.34733
  Train -> TL: 4.99017 | ATL: 5.09044 | TPPL: 162.462 | ENT: 6.13622b | CERT: 10.4932% | SURP: 7.68186b
  Val   -> VL: 5.1964 | AVL: 5.64755 | VPPL: 283.595 | VENT: 6.51944b | VCERT: 11.3558% | VSURP: 8.07209b

[GeoMind CAUSAL CE Stream] Ep 1.0/Inf | D[1.0/10.0] | 1.72552% (640.15 / 37098.9 KB) | LR: 0.000855749 | TEMP: 1.34773
  Train -> TL: 4.92069 | ATL: 5.08452 | TPPL: 161.502 | ENT: 6.00879b | CERT: 12.5283% | SURP: 7.54137b
  Val   -> VL: 5.18251 | AVL: 5.6243 | VPPL: 277.077 | VENT: 6.53379b | VCERT: 11.37% | VSURP: 8.04534b

[GeoMind CAUSAL CE Stream] Ep 1.0/Inf | D[1.0/10.0] | 1.74522% (647.459 / 37098.9 KB) | LR: 0.000830077 | TEMP: 1.34807
  Train -> TL: 5.07509 | ATL: 5.08443 | TPPL: 161.488 | ENT: 6.17181b | CERT: 10.9828% | SURP: 7.89049b
  Val   -> VL: 5.17756 | AVL: 5.60196 | VPPL: 270.957 | VENT: 6.5568b | VCERT: 10.9978% | VSURP: 8.0407b

[GeoMind CAUSAL CE Stream] Ep 1.0/Inf | D[1.0/10.0] | 1.80367% (669.141 / 37098.9 KB) | LR: 0.000809016 | TEMP: 1.34836
  Train -> TL: 4.75832 | ATL: 5.07421 | TPPL: 159.846 | ENT: 6.06043b | CERT: 11.4469% | SURP: 7.38686b
  Val   -> VL: 5.18334 | AVL: 5.58103 | VPPL: 265.344 | VENT: 6.47675b | VCERT: 11.2484% | VSURP: 8.0446b

[GeoMind CAUSAL CE Stream] Ep 1.0/Inf | D[1.0/10.0] | 1.96925% (730.57 / 37098.9 KB) | LR: 0.000809164 | TEMP: 1.34861
  Train -> TL: 4.54994 | ATL: 5.03747 | TPPL: 154.079 | ENT: 5.72179b | CERT: 14.9346% | SURP: 7.1385b
  Val   -> VL: 5.25884 | AVL: 5.56492 | VPPL: 261.104 | VENT: 6.21626b | VCERT: 11.5049% | VSURP: 8.15849b

[GeoMind CAUSAL CE Stream] Ep 1.0/Inf | D[1.0/10.0] | 2.03904% (756.463 / 37098.9 KB) | LR: 0.000809289 | TEMP: 1.34881
  Train -> TL: 4.95738 | ATL: 5.03474 | TPPL: 153.66 | ENT: 5.71436b | CERT: 13.092% | SURP: 7.64782b
  Val   -> VL: 5.23134 | AVL: 5.54824 | VPPL: 256.785 | VENT: 6.32007b | VCERT: 10.1585% | VSURP: 8.11683b

[GeoMind CAUSAL CE Stream] Ep 1.0/Inf | D[1.0/10.0] | 2.05494% (762.362 / 37098.9 KB) | LR: 0.000809396 | TEMP: 1.34899
  Train -> TL: 4.73048 | ATL: 5.03234 | TPPL: 153.292 | ENT: 5.67339b | CERT: 14.7808% | SURP: 7.4685b
  Val   -> VL: 5.23099 | AVL: 5.53238 | VPPL: 252.744 | VENT: 6.30162b | VCERT: 10.8563% | VSURP: 8.10481b

[GeoMind CAUSAL CE Stream] Ep 1.0/Inf | D[1.0/10.0] | 2.07088% (768.273 / 37098.9 KB) | LR: 0.000809486 | TEMP: 1.34914
  Train -> TL: 5.06818 | ATL: 5.03263 | TPPL: 153.336 | ENT: 5.82703b | CERT: 13.9356% | SURP: 7.77534b
  Val   -> VL: 5.22201 | AVL: 5.51686 | VPPL: 248.852 | VENT: 6.33678b | VCERT: 11.1045% | VSURP: 8.09343b

[GeoMind CAUSAL CE Stream] Ep 1.0/Inf | D[1.0/10.0] | 2.15032% (797.745 / 37098.9 KB) | LR: 0.000809563 | TEMP: 1.34927
  Train -> TL: 4.81125 | ATL: 5.02511 | TPPL: 152.187 | ENT: 5.91912b | CERT: 11.4935% | SURP: 7.48179b
  Val   -> VL: 5.19675 | AVL: 5.50085 | VPPL: 244.901 | VENT: 6.356b | VCERT: 11.3327% | VSURP: 8.05348b

[GeoMind CAUSAL CE Stream] Ep 1.0/Inf | D[1.0/10.0] | 2.21863% (823.09 / 37098.9 KB) | LR: 0.000809629 | TEMP: 1.34938
  Train -> TL: 5.00309 | ATL: 5.02435 | TPPL: 152.071 | ENT: 5.98937b | CERT: 11.5225% | SURP: 7.67094b
  Val   -> VL: 5.18955 | AVL: 5.48529 | VPPL: 241.119 | VENT: 6.40968b | VCERT: 10.862% | VSURP: 8.07198b

[GeoMind CAUSAL CE Stream] Ep 1.0/Inf | D[1.0/10.0] | 2.28783% (848.76 / 37098.9 KB) | LR: 0.000809685 | TEMP: 1.34947
  Train -> TL: 4.9399 | ATL: 5.02203 | TPPL: 151.719 | ENT: 6.0929b | CERT: 9.5609% | SURP: 7.69771b
  Val   -> VL: 5.18518 | AVL: 5.47028 | VPPL: 237.527 | VENT: 6.40807b | VCERT: 10.1228% | VSURP: 8.05629b

[GeoMind CAUSAL CE Stream] Ep 1.0/Inf | D[1.0/10.0] | 2.43677% (904.016 / 37098.9 KB) | LR: 0.000809732 | TEMP: 1.34955
  Train -> TL: 4.993 | ATL: 5.02019 | TPPL: 151.44 | ENT: 5.93597b | CERT: 12.5904% | SURP: 7.70441b
  Val   -> VL: 5.14906 | AVL: 5.45422 | VPPL: 233.743 | VENT: 6.47303b | VCERT: 12.5812% | VSURP: 8.00223b

[GeoMind CAUSAL CE Stream] Ep 1.0/Inf | D[1.0/10.0] | 2.50917% (930.877 / 37098.9 KB) | LR: 0.000809772 | TEMP: 1.34962
  Train -> TL: 4.90113 | ATL: 5.01622 | TPPL: 150.839 | ENT: 5.96735b | CERT: 14.7743% | SURP: 7.58335b
  Val   -> VL: 5.13911 | AVL: 5.43847 | VPPL: 230.089 | VENT: 6.49574b | VCERT: 12.5239% | VSURP: 7.99061b

[GeoMind CAUSAL CE Stream] Ep 1.0/Inf | D[1.0/10.0] | 2.57199% (954.182 / 37098.9 KB) | LR: 0.000809806 | TEMP: 1.34968
  Train -> TL: 5.30724 | ATL: 5.02398 | TPPL: 152.015 | ENT: 6.30797b | CERT: 12.148% | SURP: 8.02572b
  Val   -> VL: 5.1238 | AVL: 5.42273 | VPPL: 226.497 | VENT: 6.58176b | VCERT: 11.8043% | VSURP: 7.97725b

[GeoMind CAUSAL CE Stream] Ep 1.0/Inf | D[1.0/10.0] | 2.64342% (980.68 / 37098.9 KB) | LR: 0.000809835 | TEMP: 1.34973
  Train -> TL: 4.84732 | ATL: 5.01899 | TPPL: 151.259 | ENT: 6.15495b | CERT: 12.7153% | SURP: 7.53939b
  Val   -> VL: 5.1126 | AVL: 5.40723 | VPPL: 223.012 | VENT: 6.54334b | VCERT: 12.4694% | VSURP: 7.9457b

[GeoMind CAUSAL CE Stream] Ep 1.0/Inf | D[1.0/10.0] | 2.72378% (1010.49 / 37098.9 KB) | LR: 0.00080986 | TEMP: 1.34977
  Train -> TL: 4.67881 | ATL: 5.00815 | TPPL: 149.628 | ENT: 5.98729b | CERT: 13.8972% | SURP: 7.31178b
  Val   -> VL: 5.11706 | AVL: 5.39272 | VPPL: 219.8 | VENT: 6.52959b | VCERT: 11.5603% | VSURP: 7.95726b

[GeoMind CAUSAL CE Stream] Ep 1.0/Inf | D[1.0/10.0] | 2.76883% (1027.21 / 37098.9 KB) | LR: 0.000809881 | TEMP: 1.3498
  Train -> TL: 4.85311 | ATL: 5.00549 | TPPL: 149.231 | ENT: 6.11509b | CERT: 11.6321% | SURP: 7.50571b
  Val   -> VL: 5.11262 | AVL: 5.37871 | VPPL: 216.743 | VENT: 6.54211b | VCERT: 11.2227% | VSURP: 7.95524b

[GeoMind CAUSAL CE Stream] Ep 1.0/Inf | D[1.0/10.0] | 2.81394% (1043.94 / 37098.9 KB) | LR: 0.000809899 | TEMP: 1.34983
  Train -> TL: 4.82656 | ATL: 5.0027 | TPPL: 148.815 | ENT: 6.15519b | CERT: 10.9387% | SURP: 7.36916b
  Val   -> VL: 5.11038 | AVL: 5.3653 | VPPL: 213.855 | VENT: 6.52837b | VCERT: 11.0649% | VSURP: 7.95074b

[GeoMind CAUSAL CE Stream] Ep 1.0/Inf | D[1.0/10.0] | 2.87681% (1067.26 / 37098.9 KB) | LR: 0.000809914 | TEMP: 1.34986
  Train -> TL: 4.7975 | ATL: 4.998 | TPPL: 148.117 | ENT: 6.04789b | CERT: 11.0873% | SURP: 7.44329b
  Val   -> VL: 5.1255 | AVL: 5.35331 | VPPL: 211.306 | VENT: 6.46951b | VCERT: 10.4555% | VSURP: 7.97272b

[GeoMind CAUSAL CE Stream] Ep 1.0/Inf | D[1.0/10.0] | 2.94444% (1092.36 / 37098.9 KB) | LR: 0.000809927 | TEMP: 1.34988
  Train -> TL: 4.30203 | ATL: 4.96916 | TPPL: 143.906 | ENT: 5.2758b | CERT: 15.9786% | SURP: 6.62765b
  Val   -> VL: 5.22041 | AVL: 5.34666 | VPPL: 209.906 | VENT: 6.24567b | VCERT: 11.0227% | VSURP: 8.14095b

[GeoMind CAUSAL CE Stream] Ep 1.0/Inf | D[1.0/10.0] | 3.00241% (1113.86 / 37098.9 KB) | LR: 0.000809938 | TEMP: 1.3499
  Train -> TL: 5.13776 | ATL: 4.97231 | TPPL: 144.36 | ENT: 6.05401b | CERT: 9.83364% | SURP: 7.9768b
  Val   -> VL: 5.18 | AVL: 5.33833 | VPPL: 208.165 | VENT: 6.34316b | VCERT: 10.5764% | VSURP: 8.07291b

[GeoMind CAUSAL CE Stream] Ep 1.0/Inf | D[1.0/10.0] | 3.04669% (1130.29 / 37098.9 KB) | LR: 0.000809947 | TEMP: 1.34991
  Train -> TL: 4.77773 | ATL: 4.96948 | TPPL: 143.951 | ENT: 5.99246b | CERT: 10.1607% | SURP: 7.39876b
  Val   -> VL: 5.16991 | AVL: 5.32991 | VPPL: 206.419 | VENT: 6.33861b | VCERT: 10.647% | VSURP: 8.05244b

[GeoMind CAUSAL CE Stream] Ep 1.0/Inf | D[1.0/10.0] | 3.12721% (1160.16 / 37098.9 KB) | LR: 0.000809955 | TEMP: 1.34993
  Train -> TL: 4.73936 | ATL: 4.9635 | TPPL: 143.093 | ENT: 5.76888b | CERT: 11.6074% | SURP: 7.4106b
  Val   -> VL: 5.16696 | AVL: 5.32176 | VPPL: 204.744 | VENT: 6.24585b | VCERT: 12.4379% | VSURP: 8.0316b

[GeoMind CAUSAL CE Stream] Ep 1.0/Inf | D[1.0/10.0] | 3.21511% (1192.77 / 37098.9 KB) | LR: 0.000809962 | TEMP: 1.34994
  Train -> TL: 4.74431 | ATL: 4.95737 | TPPL: 142.22 | ENT: 5.83897b | CERT: 12.8737% | SURP: 7.41509b
  Val   -> VL: 5.15636 | AVL: 5.31349 | VPPL: 203.058 | VENT: 6.2136b | VCERT: 12.8701% | VSURP: 8.00552b

[GeoMind CAUSAL CE Stream] Ep 1.0/Inf | D[1.0/10.0] | 3.26344% (1210.7 / 37098.9 KB) | LR: 0.000809968 | TEMP: 1.34995
  Train -> TL: 4.72633 | ATL: 4.95387 | TPPL: 141.723 | ENT: 5.79176b | CERT: 14.1019% | SURP: 7.30702b
  Val   -> VL: 5.14985 | AVL: 5.30531 | VPPL: 201.403 | VENT: 6.23103b | VCERT: 12.4107% | VSURP: 7.99108b

[GeoMind CAUSAL CE Stream] Ep 1.0/Inf | D[1.0/10.0] | 3.33646% (1237.79 / 37098.9 KB) | LR: 0.000809972 | TEMP: 1.34995
  Train -> TL: 4.42409 | ATL: 4.94301 | TPPL: 140.192 | ENT: 5.62234b | CERT: 16.5272% | SURP: 7.04966b
  Val   -> VL: 5.16014 | AVL: 5.29805 | VPPL: 199.946 | VENT: 6.11106b | VCERT: 13.9767% | VSURP: 7.98359b

[GeoMind CAUSAL CE Stream] Ep 1.0/Inf | D[1.0/10.0] | 3.38338% (1255.2 / 37098.9 KB) | LR: 0.000809977 | TEMP: 1.34996
  Train -> TL: 4.86818 | ATL: 4.94198 | TPPL: 140.047 | ENT: 5.81417b | CERT: 13.7524% | SURP: 7.55858b
  Val   -> VL: 5.13151 | AVL: 5.28972 | VPPL: 198.288 | VENT: 6.24834b | VCERT: 12.1229% | VSURP: 7.95642b

[GeoMind CAUSAL CE Stream] Ep 1.0/Inf | D[1.0/10.0] | 3.44681% (1278.73 / 37098.9 KB) | LR: 0.00080998 | TEMP: 1.34997
  Train -> TL: 5.05144 | ATL: 4.94393 | TPPL: 140.321 | ENT: 5.96124b | CERT: 11.2337% | SURP: 7.66536b
  Val   -> VL: 5.11842 | AVL: 5.28116 | VPPL: 196.597 | VENT: 6.31807b | VCERT: 11.4636% | VSURP: 7.94543b

[GeoMind CAUSAL CE Stream] Ep 1.0/Inf | D[1.0/10.0] | 3.48344% (1292.32 / 37098.9 KB) | LR: 0.000809983 | TEMP: 1.34997
  Train -> TL: 5.23987 | ATL: 4.94723 | TPPL: 140.784 | ENT: 5.94459b | CERT: 12.3803% | SURP: 7.95411b
  Val   -> VL: 5.10587 | AVL: 5.27239 | VPPL: 194.882 | VENT: 6.38097b | VCERT: 11.2699% | VSURP: 7.93521b

[GeoMind CAUSAL CE Stream] Ep 1.0/Inf | D[1.0/10.0] | 3.52491% (1307.7 / 37098.9 KB) | LR: 0.000809986 | TEMP: 1.34998
  Train -> TL: 4.65842 | ATL: 4.94373 | TPPL: 140.292 | ENT: 5.9454b | CERT: 10.9661% | SURP: 7.17765b
  Val   -> VL: 5.109 | AVL: 5.26422 | VPPL: 193.296 | VENT: 6.37791b | VCERT: 10.7127% | VSURP: 7.94264b

[GeoMind CAUSAL CE Stream] Ep 1.0/Inf | D[1.0/10.0] | 3.59346% (1333.14 / 37098.9 KB) | LR: 0.000809988 | TEMP: 1.34998
  Train -> TL: 4.88725 | ATL: 4.94272 | TPPL: 140.151 | ENT: 5.98321b | CERT: 10.5541% | SURP: 7.50214b
  Val   -> VL: 5.10376 | AVL: 5.2562 | VPPL: 191.752 | VENT: 6.38823b | VCERT: 10.5345% | VSURP: 7.93774b

[GeoMind CAUSAL CE Stream] Ep 1.0/Inf | D[1.0/10.0] | 3.64136% (1350.91 / 37098.9 KB) | LR: 0.00080999 | TEMP: 1.34998
  Train -> TL: 4.68966 | ATL: 4.93973 | TPPL: 139.732 | ENT: 5.99136b | CERT: 10.5073% | SURP: 7.31511b
  Val   -> VL: 5.10329 | AVL: 5.24855 | VPPL: 190.291 | VENT: 6.348b | VCERT: 10.6719% | VSURP: 7.92768b

[GeoMind CAUSAL CE Stream] Ep 1.0/Inf | D[1.0/10.0] | 3.66156% (1358.4 / 37098.9 KB) | LR: 0.000809991 | TEMP: 1.34999
  Train -> TL: 5.02345 | ATL: 4.94021 | TPPL: 139.799 | ENT: 6.05994b | CERT: 10.143% | SURP: 7.63475b
  Val   -> VL: 5.0952 | AVL: 5.24089 | VPPL: 188.838 | VENT: 6.39271b | VCERT: 10.6728% | VSURP: 7.9218b

[GeoMind CAUSAL CE Stream] Ep 1.0/Inf | D[1.0/10.0] | 3.67924% (1364.96 / 37098.9 KB) | LR: 0.000809992 | TEMP: 1.34999
  Train -> TL: 4.48711 | ATL: 4.93778 | TPPL: 139.46 | ENT: 5.96704b | CERT: 11.0899% | SURP: 6.96783b
  Val   -> VL: 5.09545 | AVL: 5.23362 | VPPL: 187.469 | VENT: 6.38529b | VCERT: 10.61% | VSURP: 7.92203b

[GeoMind CAUSAL CE Stream] Ep 1.0/Inf | D[1.0/10.0] | 3.70947% (1376.17 / 37098.9 KB) | LR: 0.000809994 | TEMP: 1.34999
  Train -> TL: 4.72757 | ATL: 4.93613 | TPPL: 139.23 | ENT: 5.96918b | CERT: 11.092% | SURP: 7.36698b
  Val   -> VL: 5.09147 | AVL: 5.22651 | VPPL: 186.142 | VENT: 6.39782b | VCERT: 10.6653% | VSURP: 7.91718b

[GeoMind CAUSAL CE Stream] Ep 1.0/Inf | D[1.0/10.0] | 3.74772% (1390.36 / 37098.9 KB) | LR: 0.000809995 | TEMP: 1.34999
  Train -> TL: 4.69519 | ATL: 4.93368 | TPPL: 138.889 | ENT: 5.96007b | CERT: 11.1574% | SURP: 7.28057b
  Val   -> VL: 5.09508 | AVL: 5.21994 | VPPL: 184.922 | VENT: 6.36709b | VCERT: 11.2712% | VSURP: 7.92013b

[GeoMind CAUSAL CE Stream] Ep 1.0/Inf | D[1.0/10.0] | 3.83001% (1420.89 / 37098.9 KB) | LR: 0.000809995 | TEMP: 1.34999
  Train -> TL: 4.41833 | ATL: 4.92182 | TPPL: 137.253 | ENT: 5.87923b | CERT: 12.8993% | SURP: 6.87778b
  Val   -> VL: 5.11297 | AVL: 5.21459 | VPPL: 183.936 | VENT: 6.31017b | VCERT: 11.4904% | VSURP: 7.95609b

[GeoMind CAUSAL CE Stream] Ep 1.0/Inf | D[1.0/10.0] | 3.8825% (1440.37 / 37098.9 KB) | LR: 0.000809996 | TEMP: 1.34999
  Train -> TL: 5.13392 | ATL: 4.92538 | TPPL: 137.742 | ENT: 5.6596b | CERT: 13.4737% | SURP: 7.62398b
  Val   -> VL: 5.1041 | AVL: 5.20906 | VPPL: 182.923 | VENT: 6.37176b | VCERT: 10.8581% | VSURP: 7.95998b

[GeoMind CAUSAL CE Stream] Ep 1.0/Inf | D[1.0/10.0] | 3.94122% (1462.15 / 37098.9 KB) | LR: 0.000809997 | TEMP: 1.34999
  Train -> TL: 4.83673 | ATL: 4.92396 | TPPL: 137.547 | ENT: 5.9359b | CERT: 11.7877% | SURP: 7.37609b
  Val   -> VL: 5.10406 | AVL: 5.20381 | VPPL: 181.965 | VENT: 6.34986b | VCERT: 11.1753% | VSURP: 7.95279b

[GeoMind CAUSAL CE Stream] Ep 1.0/Inf | D[1.0/10.0] | 3.96743% (1471.87 / 37098.9 KB) | LR: 0.000809997 | TEMP: 1.35
  Train -> TL: 4.45959 | ATL: 4.92146 | TPPL: 137.203 | ENT: 5.91577b | CERT: 12.6671% | SURP: 7.13973b
  Val   -> VL: 5.1114 | AVL: 5.19919 | VPPL: 181.126 | VENT: 6.31195b | VCERT: 11.3572% | VSURP: 7.95112b

[GeoMind CAUSAL CE Stream] Ep 1.0/Inf | D[1.0/10.0] | 4.04379% (1500.2 / 37098.9 KB) | LR: 0.000809998 | TEMP: 1.35
  Train -> TL: 4.46704 | ATL: 4.91281 | TPPL: 136.021 | ENT: 5.82828b | CERT: 13.0461% | SURP: 7.00923b
  Val   -> VL: 5.11317 | AVL: 5.19489 | VPPL: 180.349 | VENT: 6.30145b | VCERT: 11.4616% | VSURP: 7.95976b

[GeoMind CAUSAL CE Stream] Ep 1.0/Inf | D[1.0/10.0] | 4.09658% (1519.79 / 37098.9 KB) | LR: 0.000809998 | TEMP: 1.35
  Train -> TL: 5.02521 | ATL: 4.91401 | TPPL: 136.184 | ENT: 5.93893b | CERT: 11.1977% | SURP: 7.34184b
  Val   -> VL: 5.10752 | AVL: 5.19052 | VPPL: 179.562 | VENT: 6.30863b | VCERT: 10.923% | VSURP: 7.94977b

[GeoMind CAUSAL CE Stream] Ep 1.0/Inf | D[1.0/10.0] | 4.18733% (1553.46 / 37098.9 KB) | LR: 0.000809998 | TEMP: 1.35
  Train -> TL: 4.76836 | ATL: 4.91088 | TPPL: 135.758 | ENT: 5.90785b | CERT: 12.0876% | SURP: 7.37688b
  Val   -> VL: 5.107 | AVL: 5.18635 | VPPL: 178.814 | VENT: 6.2444b | VCERT: 12.7446% | VSURP: 7.93111b

[GeoMind CAUSAL CE Stream] Ep 1.0/Inf | D[1.0/10.0] | 4.24167% (1573.61 / 37098.9 KB) | LR: 0.000809999 | TEMP: 1.35
  Train -> TL: 4.77714 | ATL: 4.90914 | TPPL: 135.523 | ENT: 5.87033b | CERT: 13.7565% | SURP: 7.34583b
  Val   -> VL: 5.10402 | AVL: 5.18223 | VPPL: 178.08 | VENT: 6.25813b | VCERT: 12.9864% | VSURP: 7.93389b

[GeoMind CAUSAL CE Stream] Ep 1.0/Inf | D[1.0/10.0] | 4.31131% (1599.45 / 37098.9 KB) | LR: 0.000809999 | TEMP: 1.35
  Train -> TL: 4.94763 | ATL: 4.90976 | TPPL: 135.606 | ENT: 5.98117b | CERT: 12.0208% | SURP: 7.57663b
  Val   -> VL: 5.08858 | AVL: 5.17755 | VPPL: 177.248 | VENT: 6.34397b | VCERT: 11.535% | VSURP: 7.92931b

[GeoMind CAUSAL CE Stream] Ep 1.0/Inf | D[1.0/10.0] | 4.34572% (1612.22 / 37098.9 KB) | LR: 0.000809999 | TEMP: 1.35
  Train -> TL: 4.77304 | ATL: 4.90857 | TPPL: 135.446 | ENT: 5.68202b | CERT: 13.4061% | SURP: 7.37236b
  Val   -> VL: 5.09191 | AVL: 5.17327 | VPPL: 176.49 | VENT: 6.32282b | VCERT: 11.7497% | VSURP: 7.93093b

[GeoMind CAUSAL CE Stream] Ep 1.0/Inf | D[1.0/10.0] | 4.36684% (1620.05 / 37098.9 KB) | LR: 0.000809837 | TEMP: 1.34973
  Train -> TL: 4.63144 | ATL: 4.90715 | TPPL: 135.253 | ENT: 5.57557b | CERT: 13.3278% | SURP: 7.24695b
  Val   -> VL: 5.09359 | AVL: 5.16928 | VPPL: 175.789 | VENT: 6.31497b | VCERT: 11.2919% | VSURP: 7.93068b

[GeoMind CAUSAL CE Stream] Ep 1.0/Inf | D[1.0/10.0] | 4.43094% (1643.83 / 37098.9 KB) | LR: 0.000809705 | TEMP: 1.34951
  Train -> TL: 4.65981 | ATL: 4.90322 | TPPL: 134.723 | ENT: 5.9129b | CERT: 11.6277% | SURP: 7.27734b
  Val   -> VL: 5.0915 | AVL: 5.16539 | VPPL: 175.106 | VENT: 6.29287b | VCERT: 11.5475% | VSURP: 7.92542b

[GeoMind CAUSAL CE Stream] Ep 1.0/Inf | D[1.0/10.0] | 4.49796% (1668.7 / 37098.9 KB) | LR: 0.000809484 | TEMP: 1.34914
  Train -> TL: 4.67997 | ATL: 4.90003 | TPPL: 134.294 | ENT: 5.8927b | CERT: 11.7606% | SURP: 7.27927b
  Val   -> VL: 5.08551 | AVL: 5.1614 | VPPL: 174.408 | VENT: 6.30107b | VCERT: 11.203% | VSURP: 7.91398b

[GeoMind CAUSAL CE Stream] Ep 1.0/Inf | D[1.0/10.0] | 4.54053% (1684.49 / 37098.9 KB) | LR: 0.000808734 | TEMP: 1.34789
  Train -> TL: 4.87948 | ATL: 4.89984 | TPPL: 134.268 | ENT: 5.92889b | CERT: 11.3921% | SURP: 7.56753b
  Val   -> VL: 5.07422 | AVL: 5.15704 | VPPL: 173.65 | VENT: 6.3499b | VCERT: 10.997% | VSURP: 7.8966b

[GeoMind CAUSAL CE Stream] Ep 1.0/Inf | D[1.0/10.0] | 4.64704% (1724 / 37098.9 KB) | LR: 0.000807992 | TEMP: 1.34665
  Train -> TL: 4.71488 | ATL: 4.89575 | TPPL: 133.72 | ENT: 5.96215b | CERT: 12.7686% | SURP: 7.32563b
  Val   -> VL: 5.0599 | AVL: 5.15218 | VPPL: 172.808 | VENT: 6.34157b | VCERT: 11.8854% | VSURP: 7.86733b

[GeoMind CAUSAL CE Stream] Ep 1.0/Inf | D[1.0/10.0] | 4.71196% (1748.09 / 37098.9 KB) | LR: 0.000806873 | TEMP: 1.34479
  Train -> TL: 4.78981 | ATL: 4.89435 | TPPL: 133.534 | ENT: 6.03212b | CERT: 10.9948% | SURP: 7.42616b
  Val   -> VL: 5.0519 | AVL: 5.14717 | VPPL: 171.944 | VENT: 6.41951b | VCERT: 10.7184% | VSURP: 7.87177b

[GeoMind CAUSAL CE Stream] Ep 1.0/Inf | D[1.0/10.0] | 4.76182% (1766.58 / 37098.9 KB) | LR: 0.000805194 | TEMP: 1.34199
  Train -> TL: 4.93654 | ATL: 4.89481 | TPPL: 133.594 | ENT: 5.97393b | CERT: 12.0229% | SURP: 7.43541b
  Val   -> VL: 5.04836 | AVL: 5.14223 | VPPL: 171.097 | VENT: 6.40591b | VCERT: 11.3451% | VSURP: 7.86447b

[GeoMind CAUSAL CE Stream] Ep 1.0/Inf | D[1.0/10.0] | 4.83245% (1792.79 / 37098.9 KB) | LR: 0.000803092 | TEMP: 1.33849
  Train -> TL: 4.867 | ATL: 4.89439 | TPPL: 133.539 | ENT: 6.1084b | CERT: 11.3332% | SURP: 7.49558b
  Val   -> VL: 5.03399 | AVL: 5.13682 | VPPL: 170.173 | VENT: 6.4502b | VCERT: 11.1599% | VSURP: 7.84032b

[GeoMind CAUSAL CE Stream] Ep 1.0/Inf | D[1.0/10.0] | 4.8755% (1808.76 / 37098.9 KB) | LR: 0.000800516 | TEMP: 1.33419
  Train -> TL: 4.92884 | ATL: 4.8947 | TPPL: 133.58 | ENT: 6.1279b | CERT: 11.0113% | SURP: 7.52008b
  Val   -> VL: 5.02602 | AVL: 5.13128 | VPPL: 169.233 | VENT: 6.49656b | VCERT: 10.7628% | VSURP: 7.83625b

[GeoMind CAUSAL CE Stream] Ep 1.0/Inf | D[1.0/10.0] | 4.94073% (1832.96 / 37098.9 KB) | LR: 0.000797706 | TEMP: 1.32951
  Train -> TL: 4.8514 | ATL: 4.89412 | TPPL: 133.503 | ENT: 6.13015b | CERT: 11.158% | SURP: 7.39149b
  Val   -> VL: 5.0278 | AVL: 5.1261 | VPPL: 168.36 | VENT: 6.53076b | VCERT: 10.7886% | VSURP: 7.85117b

[GeoMind CAUSAL CE Stream] Ep 1.0/Inf | D[1.0/10.0] | 5.02897% (1865.69 / 37098.9 KB) | LR: 0.00079539 | TEMP: 1.32565
  Train -> TL: 4.57894 | ATL: 4.88879 | TPPL: 132.793 | ENT: 6.11337b | CERT: 10.8215% | SURP: 7.16838b
  Val   -> VL: 5.03006 | AVL: 5.1213 | VPPL: 167.553 | VENT: 6.46002b | VCERT: 11.0609% | VSURP: 7.83918b

[GeoMind CAUSAL CE Stream] Ep 1.0/Inf | D[1.0/10.0] | 5.07405% (1882.42 / 37098.9 KB) | LR: 0.00079267 | TEMP: 1.32112
  Train -> TL: 4.98192 | ATL: 4.88972 | TPPL: 132.917 | ENT: 5.9362b | CERT: 12.1157% | SURP: 7.60489b
  Val   -> VL: 5.02884 | AVL: 5.11668 | VPPL: 166.78 | VENT: 6.45581b | VCERT: 11.122% | VSURP: 7.84816b

[GeoMind CAUSAL CE Stream] Ep 1.0/Inf | D[1.0/10.0] | 5.12523% (1901.41 / 37098.9 KB) | LR: 0.000789705 | TEMP: 1.31618
  Train -> TL: 4.88315 | ATL: 4.88966 | TPPL: 132.908 | ENT: 6.11625b | CERT: 11.4995% | SURP: 7.57318b
  Val   -> VL: 5.01862 | AVL: 5.11177 | VPPL: 165.965 | VENT: 6.46549b | VCERT: 11.4606% | VSURP: 7.82286b

[GeoMind CAUSAL CE Stream] Ep 1.0/Inf | D[1.0/10.0] | 5.20448% (1930.81 / 37098.9 KB) | LR: 0.000786302 | TEMP: 1.3105
  Train -> TL: 4.95998 | ATL: 4.8909 | TPPL: 133.074 | ENT: 6.32636b | CERT: 9.17975% | SURP: 7.6265b
  Val   -> VL: 5.0058 | AVL: 5.10648 | VPPL: 165.088 | VENT: 6.59015b | VCERT: 10.018% | VSURP: 7.83631b

[GeoMind CAUSAL CE Stream] Ep 1.0/Inf | D[1.0/10.0] | 5.29629% (1964.87 / 37098.9 KB) | LR: 0.000784678 | TEMP: 1.3078
  Train -> TL: 4.16025 | ATL: 4.87852 | TPPL: 131.436 | ENT: 5.88677b | CERT: 14.7146% | SURP: 6.73983b
  Val   -> VL: 5.04679 | AVL: 5.10349 | VPPL: 164.596 | VENT: 6.28656b | VCERT: 12.8769% | VSURP: 7.86013b

[GeoMind CAUSAL CE Stream] Ep 1.0/Inf | D[1.0/10.0] | 5.368% (1991.47 / 37098.9 KB) | LR: 0.000783494 | TEMP: 1.30582
  Train -> TL: 4.46839 | ATL: 4.87312 | TPPL: 130.728 | ENT: 5.92068b | CERT: 13.3043% | SURP: 7.07983b
  Val   -> VL: 5.0246 | AVL: 5.09955 | VPPL: 163.948 | VENT: 6.37936b | VCERT: 11.5803% | VSURP: 7.82137b

[GeoMind CAUSAL CE Stream] Ep 1.0/Inf | D[1.0/10.0] | 5.43739% (2017.21 / 37098.9 KB) | LR: 0.00078213 | TEMP: 1.30355
  Train -> TL: 4.74423 | ATL: 4.87155 | TPPL: 130.523 | ENT: 5.97577b | CERT: 11.6398% | SURP: 7.33992b
  Val   -> VL: 5.01509 | AVL: 5.09532 | VPPL: 163.257 | VENT: 6.40547b | VCERT: 11.2859% | VSURP: 7.81296b

[GeoMind CAUSAL CE Stream] Ep 1.0/Inf | D[1.0/10.0] | 5.47335% (2030.55 / 37098.9 KB) | LR: 0.00078049 | TEMP: 1.30082
  Train -> TL: 4.75132 | ATL: 4.8708 | TPPL: 130.426 | ENT: 6.05052b | CERT: 12.4047% | SURP: 7.34211b
  Val   -> VL: 5.00934 | AVL: 5.09102 | VPPL: 162.556 | VENT: 6.43907b | VCERT: 11.0514% | VSURP: 7.80681b

[GeoMind CAUSAL CE Stream] Ep 1.0/Inf | D[1.0/10.0] | 5.52541% (2049.87 / 37098.9 KB) | LR: 0.000778432 | TEMP: 1.29739
  Train -> TL: 4.89651 | ATL: 4.87109 | TPPL: 130.463 | ENT: 6.14571b | CERT: 10.4521% | SURP: 7.55858b
  Val   -> VL: 4.99837 | AVL: 5.08639 | VPPL: 161.805 | VENT: 6.55816b | VCERT: 10.2749% | VSURP: 7.81899b

[GeoMind CAUSAL CE Stream] Ep 1.0/Inf | D[1.0/10.0] | 5.58619% (2072.42 / 37098.9 KB) | LR: 0.000776449 | TEMP: 1.29408
  Train -> TL: 4.58466 | ATL: 4.86827 | TPPL: 130.096 | ENT: 6.05629b | CERT: 11.749% | SURP: 7.22566b
  Val   -> VL: 4.99523 | AVL: 5.08183 | VPPL: 161.069 | VENT: 6.52988b | VCERT: 10.7599% | VSURP: 7.80218b

[GeoMind CAUSAL CE Stream] Ep 1.0/Inf | D[1.0/10.0] | 5.6819% (2107.93 / 37098.9 KB) | LR: 0.000774999 | TEMP: 1.29166
  Train -> TL: 4.50992 | ATL: 4.86247 | TPPL: 129.343 | ENT: 6.14118b | CERT: 11.624% | SURP: 7.12113b
  Val   -> VL: 5.00081 | AVL: 5.07778 | VPPL: 160.418 | VENT: 6.49386b | VCERT: 11.32% | VSURP: 7.80332b

[GeoMind CAUSAL CE Stream] Ep 1.0/Inf | D[1.0/10.0] | 5.71049% (2118.53 / 37098.9 KB) | LR: 0.000773312 | TEMP: 1.28885
  Train -> TL: 4.68826 | ATL: 4.8616 | TPPL: 129.231 | ENT: 5.91986b | CERT: 12.2206% | SURP: 7.37043b
  Val   -> VL: 4.99322 | AVL: 5.07355 | VPPL: 159.741 | VENT: 6.52655b | VCERT: 10.6606% | VSURP: 7.78829b

[GeoMind CAUSAL CE Stream] Ep 1.0/Inf | D[1.0/10.0] | 5.77693% (2143.18 / 37098.9 KB) | LR: 0.000771489 | TEMP: 1.28581
  Train -> TL: 4.70636 | ATL: 4.85989 | TPPL: 129.01 | ENT: 6.26574b | CERT: 9.80422% | SURP: 7.37774b
  Val   -> VL: 4.98139 | AVL: 5.06895 | VPPL: 159.007 | VENT: 6.59072b | VCERT: 10.1631% | VSURP: 7.77979b

[GeoMind CAUSAL CE Stream] Ep 1.0/Inf | D[1.0/10.0] | 5.84088% (2166.9 / 37098.9 KB) | LR: 0.000769716 | TEMP: 1.28286
  Train -> TL: 4.57409 | ATL: 4.85709 | TPPL: 128.65 | ENT: 6.19489b | CERT: 10.4304% | SURP: 7.21499b
  Val   -> VL: 4.9801 | AVL: 5.0645 | VPPL: 158.302 | VENT: 6.56393b | VCERT: 10.3386% | VSURP: 7.77183b

[GeoMind CAUSAL CE Stream] Ep 1.0/Inf | D[1.0/10.0] | 5.91145% (2193.08 / 37098.9 KB) | LR: 0.000768164 | TEMP: 1.28027
  Train -> TL: 4.51835 | ATL: 4.85287 | TPPL: 128.107 | ENT: 6.15084b | CERT: 11.3754% | SURP: 7.0147b
  Val   -> VL: 4.9733 | AVL: 5.05994 | VPPL: 157.582 | VENT: 6.58542b | VCERT: 10.4753% | VSURP: 7.7676b

[GeoMind CAUSAL CE Stream] Ep 1.0/Inf | D[1.0/10.0] | 5.98263% (2219.49 / 37098.9 KB) | LR: 0.000766178 | TEMP: 1.27696
  Train -> TL: 4.84649 | ATL: 4.85279 | TPPL: 128.097 | ENT: 6.32414b | CERT: 9.52964% | SURP: 7.54044b
  Val   -> VL: 4.95968 | AVL: 5.05493 | VPPL: 156.794 | VENT: 6.66906b | VCERT: 9.95835% | VSURP: 7.7544b

[GeoMind CAUSAL CE Stream] Ep 1.0/Inf | D[1.0/10.0] | 6.02464% (2235.08 / 37098.9 KB) | LR: 0.00076391 | TEMP: 1.27318
  Train -> TL: 4.79939 | ATL: 4.85238 | TPPL: 128.045 | ENT: 6.28223b | CERT: 10.904% | SURP: 7.40897b
  Val   -> VL: 4.9607 | AVL: 5.05022 | VPPL: 156.057 | VENT: 6.69235b | VCERT: 10.3644% | VSURP: 7.76663b

[GeoMind CAUSAL CE Stream] Ep 1.0/Inf | D[1.0/10.0] | 6.07496% (2253.74 / 37098.9 KB) | LR: 0.000761683 | TEMP: 1.26947
  Train -> TL: 4.57558 | ATL: 4.85018 | TPPL: 127.764 | ENT: 6.2891b | CERT: 10.4742% | SURP: 7.19545b
  Val   -> VL: 4.96198 | AVL: 5.04581 | VPPL: 155.37 | VENT: 6.70019b | VCERT: 9.62823% | VSURP: 7.77255b

[GeoMind CAUSAL CE Stream] Ep 1.0/Inf | D[1.0/10.0] | 6.12695% (2273.03 / 37098.9 KB) | LR: 0.00075922 | TEMP: 1.26537
  Train -> TL: 4.81666 | ATL: 4.8499 | TPPL: 127.728 | ENT: 6.37045b | CERT: 9.44284% | SURP: 7.36334b
  Val   -> VL: 4.95569 | AVL: 5.0413 | VPPL: 154.671 | VENT: 6.73312b | VCERT: 9.71494% | VSURP: 7.76997b

[GeoMind CAUSAL CE Stream] Ep 1.0/Inf | D[1.0/10.0] | 6.19066% (2296.67 / 37098.9 KB) | LR: 0.000756814 | TEMP: 1.26136
  Train -> TL: 4.66665 | ATL: 4.84795 | TPPL: 127.479 | ENT: 6.22853b | CERT: 11.9157% | SURP: 7.20341b
  Val   -> VL: 4.95617 | AVL: 5.03705 | VPPL: 154.014 | VENT: 6.71204b | VCERT: 10.194% | VSURP: 7.76448b

[GeoMind CAUSAL CE Stream] Ep 1.0/Inf | D[1.0/10.0] | 6.24817% (2318 / 37098.9 KB) | LR: 0.000754416 | TEMP: 1.25736
  Train -> TL: 4.6608 | ATL: 4.84648 | TPPL: 127.292 | ENT: 6.27974b | CERT: 11.2183% | SURP: 7.22961b
  Val   -> VL: 4.95517 | AVL: 5.03295 | VPPL: 153.385 | VENT: 6.69503b | VCERT: 10.3879% | VSURP: 7.75833b

[GeoMind CAUSAL CE Stream] Ep 1.0/Inf | D[1.0/10.0] | 6.32102% (2345.03 / 37098.9 KB) | LR: 0.000751915 | TEMP: 1.25319
  Train -> TL: 4.7681 | ATL: 4.84554 | TPPL: 127.172 | ENT: 6.30923b | CERT: 11.5174% | SURP: 7.43643b
  Val   -> VL: 4.94569 | AVL: 5.02859 | VPPL: 152.717 | VENT: 6.73701b | VCERT: 10.0069% | VSURP: 7.74665b

[GeoMind CAUSAL CE Stream] Ep 1.0/Inf | D[1.0/10.0] | 6.3739% (2364.65 / 37098.9 KB) | LR: 0.000749434 | TEMP: 1.24906
  Train -> TL: 4.60771 | ATL: 4.84392 | TPPL: 126.966 | ENT: 6.42094b | CERT: 9.43178% | SURP: 7.18175b
  Val   -> VL: 4.94342 | AVL: 5.02433 | VPPL: 152.068 | VENT: 6.74374b | VCERT: 9.55208% | VSURP: 7.74065b

[GeoMind CAUSAL CE Stream] Ep 1.0/Inf | D[1.0/10.0] | 6.45661% (2395.33 / 37098.9 KB) | LR: 0.000746937 | TEMP: 1.2449
  Train -> TL: 4.72116 | ATL: 4.84252 | TPPL: 126.789 | ENT: 6.47092b | CERT: 8.79977% | SURP: 7.41007b
  Val   -> VL: 4.93904 | AVL: 5.02007 | VPPL: 151.421 | VENT: 6.7782b | VCERT: 9.48987% | VSURP: 7.73631b

[GeoMind CAUSAL CE Stream] Ep 1.0/Inf | D[1.0/10.0] | 6.49582% (2409.88 / 37098.9 KB) | LR: 0.000744669 | TEMP: 1.24112
  Train -> TL: 4.32904 | ATL: 4.83975 | TPPL: 126.438 | ENT: 6.33686b | CERT: 11.568% | SURP: 6.90023b
  Val   -> VL: 4.94317 | AVL: 5.01622 | VPPL: 150.84 | VENT: 6.71475b | VCERT: 10.426% | VSURP: 7.72912b

[GeoMind CAUSAL CE Stream] Ep 1.0/Inf | D[1.0/10.0] | 6.50446% (2413.08 / 37098.9 KB) | LR: 0.000742211 | TEMP: 1.23702
  Train -> TL: 4.9964 | ATL: 4.83996 | TPPL: 126.465 | ENT: 6.35352b | CERT: 14.0407% | SURP: 7.48299b
  Val   -> VL: 4.94183 | AVL: 5.0125 | VPPL: 150.28 | VENT: 6.72635b | VCERT: 10.4898% | VSURP: 7.72963b

[GeoMind CAUSAL CE Stream] Ep 1.0/Inf | D[1.0/10.0] | 6.51286% (2416.2 / 37098.9 KB) | LR: 0.000739615 | TEMP: 1.23269
  Train -> TL: 4.99394 | ATL: 4.84017 | TPPL: 126.491 | ENT: 6.34554b | CERT: 14.6173% | SURP: 7.71968b
  Val   -> VL: 4.94154 | AVL: 5.00895 | VPPL: 149.748 | VENT: 6.73491b | VCERT: 10.5978% | VSURP: 7.73127b

[GeoMind CAUSAL CE Stream] Ep 1.0/Inf | D[1.0/10.0] | 6.54371% (2427.65 / 37098.9 KB) | LR: 0.000736917 | TEMP: 1.2282
  Train -> TL: 4.80661 | ATL: 4.84002 | TPPL: 126.472 | ENT: 6.51685b | CERT: 9.51123% | SURP: 7.51568b
  Val   -> VL: 4.93305 | AVL: 5.00516 | VPPL: 149.181 | VENT: 6.80344b | VCERT: 9.83565% | VSURP: 7.72298b

[GeoMind CAUSAL CE Stream] Ep 1.0/Inf | D[1.0/10.0] | 6.58846% (2444.25 / 37098.9 KB) | LR: 0.000734442 | TEMP: 1.22407
  Train -> TL: 4.51369 | ATL: 4.83802 | TPPL: 126.219 | ENT: 6.32232b | CERT: 10.5987% | SURP: 7.1173b
  Val   -> VL: 4.9382 | AVL: 5.00181 | VPPL: 148.682 | VENT: 6.75869b | VCERT: 10.6051% | VSURP: 7.73528b

[GeoMind CAUSAL CE Stream] Ep 1.0/Inf | D[1.0/10.0] | 6.64121% (2463.82 / 37098.9 KB) | LR: 0.000731965 | TEMP: 1.21994
  Train -> TL: 4.76057 | ATL: 4.83738 | TPPL: 126.138 | ENT: 6.41421b | CERT: 10.752% | SURP: 7.19027b
  Val   -> VL: 4.93389 | AVL: 4.99841 | VPPL: 148.178 | VENT: 6.82601b | VCERT: 9.86045% | VSURP: 7.74101b

[GeoMind CAUSAL CE Stream] Ep 1.0/Inf | D[1.0/10.0] | 6.71337% (2490.59 / 37098.9 KB) | LR: 0.000730091 | TEMP: 1.21682
  Train -> TL: 4.39081 | ATL: 4.83264 | TPPL: 125.542 | ENT: 6.36383b | CERT: 11.5606% | SURP: 6.96105b
  Val   -> VL: 4.93775 | AVL: 4.99538 | VPPL: 147.729 | VENT: 6.75498b | VCERT: 10.5193% | VSURP: 7.74346b

[GeoMind CAUSAL CE Stream] Ep 1.0/Inf | D[1.0/10.0] | 6.78129% (2515.79 / 37098.9 KB) | LR: 0.000728298 | TEMP: 1.21383
  Train -> TL: 4.65434 | ATL: 4.83091 | TPPL: 125.325 | ENT: 6.34424b | CERT: 11.1834% | SURP: 7.26205b
  Val   -> VL: 4.93136 | AVL: 4.99218 | VPPL: 147.257 | VENT: 6.78905b | VCERT: 10.2507% | VSURP: 7.73394b

[GeoMind CAUSAL CE Stream] Ep 1.0/Inf | D[1.0/10.0] | 6.82887% (2533.44 / 37098.9 KB) | LR: 0.000726413 | TEMP: 1.21069
  Train -> TL: 4.73921 | ATL: 4.8303 | TPPL: 125.249 | ENT: 6.51507b | CERT: 9.20074% | SURP: 7.32893b
  Val   -> VL: 4.9263 | AVL: 4.98889 | VPPL: 146.773 | VENT: 6.88024b | VCERT: 9.26121% | VSURP: 7.73231b

[GeoMind CAUSAL CE Stream] Ep 1.0/Inf | D[1.0/10.0] | 6.87559% (2550.77 / 37098.9 KB) | LR: 0.000724867 | TEMP: 1.20811
  Train -> TL: 4.35307 | ATL: 4.82679 | TPPL: 124.81 | ENT: 6.41821b | CERT: 10.1288% | SURP: 6.88341b
  Val   -> VL: 4.92727 | AVL: 4.98581 | VPPL: 146.321 | VENT: 6.8434b | VCERT: 9.92593% | VSURP: 7.73452b

[GeoMind CAUSAL CE Stream] Ep 1.0/Inf | D[1.0/10.0] | 6.93263% (2571.93 / 37098.9 KB) | LR: 0.000724089 | TEMP: 1.20682
  Train -> TL: 4.14089 | ATL: 4.82032 | TPPL: 124.005 | ENT: 6.21997b | CERT: 12.2926% | SURP: 6.66946b
  Val   -> VL: 4.93571 | AVL: 4.9833 | VPPL: 145.955 | VENT: 6.74541b | VCERT: 11.1225% | VSURP: 7.73025b

[GeoMind CAUSAL CE Stream] Ep 1.0/Inf | D[1.0/10.0] | 6.98108% (2589.91 / 37098.9 KB) | LR: 0.000723114 | TEMP: 1.20519
  Train -> TL: 4.69921 | ATL: 4.81945 | TPPL: 123.897 | ENT: 6.44084b | CERT: 11.0972% | SURP: 7.21306b
  Val   -> VL: 4.91935 | AVL: 4.9801 | VPPL: 145.489 | VENT: 6.85781b | VCERT: 10.134% | VSURP: 7.72008b

[GeoMind CAUSAL CE Stream] Ep 1.0/Inf | D[1.0/10.0] | 7.06753% (2621.98 / 37098.9 KB) | LR: 0.000722321 | TEMP: 1.20387
  Train -> TL: 4.49316 | ATL: 4.81602 | TPPL: 123.473 | ENT: 6.43505b | CERT: 10.9335% | SURP: 7.04187b
  Val   -> VL: 4.91683 | AVL: 4.97694 | VPPL: 145.03 | VENT: 6.86692b | VCERT: 9.89794% | VSURP: 7.7146b

[GeoMind CAUSAL CE Stream] Ep 1.0/Inf | D[1.0/10.0] | 7.12664% (2643.91 / 37098.9 KB) | LR: 0.000721734 | TEMP: 1.20289
  Train -> TL: 4.35162 | ATL: 4.81238 | TPPL: 123.024 | ENT: 6.32894b | CERT: 11.1008% | SURP: 6.92021b
  Val   -> VL: 4.91702 | AVL: 4.97394 | VPPL: 144.596 | VENT: 6.84624b | VCERT: 9.95277% | VSURP: 7.71495b

[GeoMind CAUSAL CE Stream] Ep 1.0/Inf | D[1.0/10.0] | 7.17833% (2663.08 / 37098.9 KB) | LR: 0.000720701 | TEMP: 1.20117
  Train -> TL: 4.98839 | ATL: 4.81353 | TPPL: 123.165 | ENT: 6.26592b | CERT: 11.1534% | SURP: 7.6669b
  Val   -> VL: 4.91785 | AVL: 4.97114 | VPPL: 144.191 | VENT: 6.84165b | VCERT: 10.0272% | VSURP: 7.72411b

[GeoMind CAUSAL CE Stream] Ep 1.0/Inf | D[1.0/10.0] | 7.21295% (2675.93 / 37098.9 KB) | LR: 0.000719671 | TEMP: 1.19945
  Train -> TL: 4.4825 | ATL: 4.81208 | TPPL: 122.987 | ENT: 6.29521b | CERT: 12.7642% | SURP: 7.07547b
  Val   -> VL: 4.9196 | AVL: 4.96856 | VPPL: 143.82 | VENT: 6.82027b | VCERT: 10.4506% | VSURP: 7.72186b

[GeoMind CAUSAL CE Stream] Ep 1.0/Inf | D[1.0/10.0] | 7.27187% (2697.79 / 37098.9 KB) | LR: 0.000718604 | TEMP: 1.19767
  Train -> TL: 4.60632 | ATL: 4.81031 | TPPL: 122.77 | ENT: 6.45257b | CERT: 10.1931% | SURP: 7.18877b
  Val   -> VL: 4.90491 | AVL: 4.96538 | VPPL: 143.363 | VENT: 6.88818b | VCERT: 9.78563% | VSURP: 7.70581b

[GeoMind CAUSAL CE Stream] Ep 1.0/Inf | D[1.0/10.0] | 7.33122% (2719.8 / 37098.9 KB) | LR: 0.000717165 | TEMP: 1.19528
  Train -> TL: 4.93159 | ATL: 4.81146 | TPPL: 122.911 | ENT: 6.76653b | CERT: 7.87528% | SURP: 7.68305b
  Val   -> VL: 4.90944 | AVL: 4.96258 | VPPL: 142.962 | VENT: 6.96938b | VCERT: 9.5889% | VSURP: 7.73973b

[GeoMind CAUSAL CE Stream] Ep 1.0/Inf | D[1.0/10.0] | 7.36803% (2733.46 / 37098.9 KB) | LR: 0.000715592 | TEMP: 1.19265
  Train -> TL: 4.73415 | ATL: 4.8111 | TPPL: 122.867 | ENT: 6.65026b | CERT: 8.83391% | SURP: 7.41357b
  Val   -> VL: 4.90364 | AVL: 4.95963 | VPPL: 142.542 | VENT: 6.9892b | VCERT: 9.31076% | VSURP: 7.71748b

[GeoMind CAUSAL CE Stream] Ep 1.0/Inf | D[1.0/10.0] | 7.446% (2762.39 / 37098.9 KB) | LR: 0.000714044 | TEMP: 1.19007
  Train -> TL: 4.65187 | ATL: 4.80954 | TPPL: 122.675 | ENT: 6.72084b | CERT: 8.03986% | SURP: 7.27352b
  Val   -> VL: 4.89702 | AVL: 4.9565 | VPPL: 142.096 | VENT: 7.0349b | VCERT: 8.71135% | VSURP: 7.71432b

[GeoMind CAUSAL CE Stream] Ep 1.0/Inf | D[1.0/10.0] | 7.49728% (2781.41 / 37098.9 KB) | LR: 0.000712757 | TEMP: 1.18793
  Train -> TL: 4.40048 | ATL: 4.80657 | TPPL: 122.312 | ENT: 6.53575b | CERT: 9.42001% | SURP: 6.98724b
  Val   -> VL: 4.90151 | AVL: 4.95375 | VPPL: 141.706 | VENT: 6.97967b | VCERT: 9.26326% | VSURP: 7.7176b

[GeoMind CAUSAL CE Stream] Ep 1.0/Inf | D[1.0/10.0] | 7.57505% (2810.26 / 37098.9 KB) | LR: 0.000711506 | TEMP: 1.18584
  Train -> TL: 4.62689 | ATL: 4.80493 | TPPL: 122.111 | ENT: 6.73518b | CERT: 7.936% | SURP: 7.26621b
  Val   -> VL: 4.89772 | AVL: 4.95095 | VPPL: 141.31 | VENT: 6.98483b | VCERT: 8.871% | VSURP: 7.70134b

[GeoMind CAUSAL CE Stream] Ep 1.0/Inf | D[1.0/10.0] | 7.6411% (2834.77 / 37098.9 KB) | LR: 0.000710592 | TEMP: 1.18432
  Train -> TL: 4.35617 | ATL: 4.80109 | TPPL: 121.643 | ENT: 6.57732b | CERT: 9.07264% | SURP: 6.89111b
  Val   -> VL: 4.89613 | AVL: 4.94821 | VPPL: 140.923 | VENT: 6.95242b | VCERT: 9.26362% | VSURP: 7.6982b

[GeoMind CAUSAL CE Stream] Ep 1.0/Inf | D[1.0/10.0] | 7.70198% (2857.35 / 37098.9 KB) | LR: 0.000709304 | TEMP: 1.18217
  Train -> TL: 4.90326 | ATL: 4.80194 | TPPL: 121.746 | ENT: 6.6602b | CERT: 9.08474% | SURP: 7.52499b
  Val   -> VL: 4.88947 | AVL: 4.94527 | VPPL: 140.509 | VENT: 7.05243b | VCERT: 8.63383% | VSURP: 7.70341b

[GeoMind CAUSAL CE Stream] Ep 1.0/Inf | D[1.0/10.0] | 7.76556% (2880.94 / 37098.9 KB) | LR: 0.000708176 | TEMP: 1.18029
  Train -> TL: 4.53145 | ATL: 4.79966 | TPPL: 121.469 | ENT: 6.8333b | CERT: 7.74654% | SURP: 7.21219b
  Val   -> VL: 4.89483 | AVL: 4.94275 | VPPL: 140.156 | VENT: 6.99347b | VCERT: 9.48564% | VSURP: 7.70916b

[GeoMind CAUSAL CE Stream] Ep 1.0/Inf | D[1.0/10.0] | 7.83261% (2905.81 / 37098.9 KB) | LR: 0.000707045 | TEMP: 1.17841
  Train -> TL: 4.66401 | ATL: 4.79851 | TPPL: 121.33 | ENT: 6.71205b | CERT: 8.6749% | SURP: 7.30357b
  Val   -> VL: 4.89427 | AVL: 4.94033 | VPPL: 139.816 | VENT: 6.99885b | VCERT: 9.60845% | VSURP: 7.70675b

[GeoMind CAUSAL CE Stream] Ep 1.0/Inf | D[1.0/10.0] | 7.90334% (2932.05 / 37098.9 KB) | LR: 0.000706033 | TEMP: 1.17672
  Train -> TL: 4.53595 | ATL: 4.79619 | TPPL: 121.048 | ENT: 6.69327b | CERT: 8.98652% | SURP: 7.14162b
  Val   -> VL: 4.88634 | AVL: 4.93763 | VPPL: 139.439 | VENT: 7.02738b | VCERT: 9.28542% | VSURP: 7.70048b

[GeoMind CAUSAL CE Stream] Ep 1.0/Inf | D[1.0/10.0] | 7.9496% (2949.21 / 37098.9 KB) | LR: 0.000704912 | TEMP: 1.17485
  Train -> TL: 4.62749 | ATL: 4.79532 | TPPL: 120.944 | ENT: 6.78548b | CERT: 8.0079% | SURP: 7.21391b
  Val   -> VL: 4.88184 | AVL: 4.93484 | VPPL: 139.051 | VENT: 7.07301b | VCERT: 8.86073% | VSURP: 7.69202b

[GeoMind CAUSAL CE Stream] Ep 1.0/Inf | D[1.0/10.0] | 8.00219% (2968.73 / 37098.9 KB) | LR: 0.000703814 | TEMP: 1.17302
  Train -> TL: 4.57294 | ATL: 4.7938 | TPPL: 120.759 | ENT: 6.70505b | CERT: 8.61813% | SURP: 7.20558b
  Val   -> VL: 4.88276 | AVL: 4.93224 | VPPL: 138.689 | VENT: 7.09382b | VCERT: 8.73813% | VSURP: 7.70012b

[GeoMind CAUSAL CE Stream] Ep 1.0/Inf | D[1.0/10.0] | 8.0767% (2996.37 / 37098.9 KB) | LR: 0.000703055 | TEMP: 1.17176
  Train -> TL: 4.40948 | ATL: 4.78998 | TPPL: 120.299 | ENT: 6.54747b | CERT: 9.9164% | SURP: 6.92614b
  Val   -> VL: 4.88156 | AVL: 4.9297 | VPPL: 138.338 | VENT: 7.05204b | VCERT: 9.01486% | VSURP: 7.67778b

[GeoMind CAUSAL CE Stream] Ep 1.0/Inf | D[1.0/10.0] | 8.11178% (3009.38 / 37098.9 KB) | LR: 0.000702127 | TEMP: 1.17021
  Train -> TL: 4.70414 | ATL: 4.78961 | TPPL: 120.255 | ENT: 6.82147b | CERT: 7.93849% | SURP: 7.36704b
  Val   -> VL: 4.88061 | AVL: 4.92725 | VPPL: 137.999 | VENT: 7.11277b | VCERT: 8.52364% | VSURP: 7.68748b

[GeoMind CAUSAL CE Stream] Ep 1.0/Inf | D[1.0/10.0] | 8.13913% (3019.53 / 37098.9 KB) | LR: 0.000701181 | TEMP: 1.16863
  Train -> TL: 4.45386 | ATL: 4.78852 | TPPL: 120.123 | ENT: 6.76378b | CERT: 11.1166% | SURP: 6.95589b
  Val   -> VL: 4.88197 | AVL: 4.92498 | VPPL: 137.687 | VENT: 7.09617b | VCERT: 8.6429% | VSURP: 7.68503b

[GeoMind CAUSAL CE Stream] Ep 1.0/Inf | D[1.0/10.0] | 8.20451% (3043.79 / 37098.9 KB) | LR: 0.000700447 | TEMP: 1.16741
  Train -> TL: 4.43722 | ATL: 4.78583 | TPPL: 119.801 | ENT: 6.74144b | CERT: 8.43169% | SURP: 6.98033b
  Val   -> VL: 4.88179 | AVL: 4.92282 | VPPL: 137.39 | VENT: 7.10722b | VCERT: 8.60219% | VSURP: 7.69592b

[GeoMind CAUSAL CE Stream] Ep 1.0/Inf | D[1.0/10.0] | 8.24013% (3057 / 37098.9 KB) | LR: 0.000699686 | TEMP: 1.16614
  Train -> TL: 4.52018 | ATL: 4.78476 | TPPL: 119.673 | ENT: 6.7443b | CERT: 8.4143% | SURP: 7.12546b
  Val   -> VL: 4.88104 | AVL: 4.92074 | VPPL: 137.103 | VENT: 7.11339b | VCERT: 8.52823% | VSURP: 7.69724b

[GeoMind CAUSAL CE Stream] Ep 1.0/Inf | D[1.0/10.0] | 8.2994% (3078.99 / 37098.9 KB) | LR: 0.000698899 | TEMP: 1.16483
  Train -> TL: 4.64649 | ATL: 4.78375 | TPPL: 119.551 | ENT: 6.8694b | CERT: 7.26492% | SURP: 7.20157b
  Val   -> VL: 4.87955 | AVL: 4.91868 | VPPL: 136.821 | VENT: 7.11433b | VCERT: 8.74195% | VSURP: 7.69374b

[GeoMind CAUSAL CE Stream] Ep 1.0/Inf | D[1.0/10.0] | 8.36774% (3104.34 / 37098.9 KB) | LR: 0.000698491 | TEMP: 1.16415
  Train -> TL: 4.34194 | ATL: 4.78007 | TPPL: 119.113 | ENT: 6.58329b | CERT: 9.48543% | SURP: 6.93134b
  Val   -> VL: 4.88399 | AVL: 4.91694 | VPPL: 136.584 | VENT: 7.04229b | VCERT: 9.22153% | VSURP: 7.69449b

[GeoMind CAUSAL CE Stream] Ep 1.0/Inf | D[1.0/10.0] | 8.43833% (3130.53 / 37098.9 KB) | LR: 0.000698001 | TEMP: 1.16333
  Train -> TL: 4.70185 | ATL: 4.7794 | TPPL: 119.033 | ENT: 6.89138b | CERT: 7.48698% | SURP: 7.35691b
  Val   -> VL: 4.8821 | AVL: 4.9152 | VPPL: 136.346 | VENT: 7.10674b | VCERT: 8.90854% | VSURP: 7.70247b

[GeoMind CAUSAL CE Stream] Ep 1.0/Inf | D[1.0/10.0] | 8.4817% (3146.62 / 37098.9 KB) | LR: 0.000697484 | TEMP: 1.16247
  Train -> TL: 4.65075 | ATL: 4.77871 | TPPL: 118.951 | ENT: 6.82125b | CERT: 8.77025% | SURP: 7.30873b
  Val   -> VL: 4.88657 | AVL: 4.91377 | VPPL: 136.151 | VENT: 7.09177b | VCERT: 9.14661% | VSURP: 7.70724b

[GeoMind CAUSAL CE Stream] Ep 1.0/Inf | D[1.0/10.0] | 8.51047% (3157.29 / 37098.9 KB) | LR: 0.000696904 | TEMP: 1.16151
  Train -> TL: 4.74707 | ATL: 4.77863 | TPPL: 118.941 | ENT: 6.89285b | CERT: 8.64499% | SURP: 7.43059b
  Val   -> VL: 4.89133 | AVL: 4.91265 | VPPL: 135.999 | VENT: 7.08694b | VCERT: 9.05837% | VSURP: 7.71589b

[GeoMind CAUSAL CE Stream] Ep 1.0/Inf | D[1.0/10.0] | 8.54794% (3171.19 / 37098.9 KB) | LR: 0.000696363 | TEMP: 1.16061
  Train -> TL: 4.59177 | ATL: 4.77789 | TPPL: 118.854 | ENT: 6.78427b | CERT: 10.1225% | SURP: 7.25356b
  Val   -> VL: 4.8909 | AVL: 4.91156 | VPPL: 135.851 | VENT: 7.09112b | VCERT: 9.07743% | VSURP: 7.71919b

[GeoMind CAUSAL CE Stream] Ep 1.0/Inf | D[1.0/10.0] | 8.59419% (3188.35 / 37098.9 KB) | LR: 0.00069572 | TEMP: 1.15953
  Train -> TL: 4.75312 | ATL: 4.77776 | TPPL: 118.838 | ENT: 6.90904b | CERT: 7.95141% | SURP: 7.4258b
  Val   -> VL: 4.8817 | AVL: 4.91007 | VPPL: 135.648 | VENT: 7.15802b | VCERT: 8.51358% | VSURP: 7.70468b

[GeoMind CAUSAL CE Stream] Ep 1.0/Inf | D[1.0/10.0] | 8.63822% (3204.69 / 37098.9 KB) | LR: 0.000694853 | TEMP: 1.15809
  Train -> TL: 4.96738 | ATL: 4.77884 | TPPL: 118.966 | ENT: 6.92686b | CERT: 7.86663% | SURP: 7.68486b
  Val   -> VL: 4.88415 | AVL: 4.90877 | VPPL: 135.473 | VENT: 7.18957b | VCERT: 8.54131% | VSURP: 7.72219b

[GeoMind CAUSAL CE Stream] Ep 1.0/Inf | D[1.0/10.0] | 8.70093% (3227.95 / 37098.9 KB) | LR: 0.000694128 | TEMP: 1.15688
  Train -> TL: 4.58726 | ATL: 4.77739 | TPPL: 118.794 | ENT: 6.83367b | CERT: 9.27264% | SURP: 7.1751b
  Val   -> VL: 4.88154 | AVL: 4.90741 | VPPL: 135.288 | VENT: 7.14631b | VCERT: 9.17074% | VSURP: 7.7114b

[GeoMind CAUSAL CE Stream] Ep 1.0/Inf | D[1.0/10.0] | 8.77138% (3254.09 / 37098.9 KB) | LR: 0.000693821 | TEMP: 1.15637
  Train -> TL: 4.35328 | ATL: 4.77375 | TPPL: 118.362 | ENT: 6.69389b | CERT: 9.7403% | SURP: 6.95336b
  Val   -> VL: 4.88052 | AVL: 4.90606 | VPPL: 135.107 | VENT: 7.13406b | VCERT: 9.05891% | VSURP: 7.70755b

[GeoMind CAUSAL CE Stream] Ep 1.0/Inf | D[1.0/10.0] | 8.82261% (3273.09 / 37098.9 KB) | LR: 0.00069357 | TEMP: 1.15595
  Train -> TL: 4.52002 | ATL: 4.77216 | TPPL: 118.175 | ENT: 6.79858b | CERT: 9.1376% | SURP: 6.97173b
  Val   -> VL: 4.87583 | AVL: 4.90455 | VPPL: 134.902 | VENT: 7.14189b | VCERT: 9.17959% | VSURP: 7.70432b

[GeoMind CAUSAL CE Stream] Ep 1.0/Inf | D[1.0/10.0] | 8.87996% (3294.37 / 37098.9 KB) | LR: 0.000693242 | TEMP: 1.1554
  Train -> TL: 4.67855 | ATL: 4.77152 | TPPL: 118.098 | ENT: 6.85738b | CERT: 8.54227% | SURP: 7.23176b
  Val   -> VL: 4.87458 | AVL: 4.90305 | VPPL: 134.7 | VENT: 7.16637b | VCERT: 8.81169% | VSURP: 7.70947b

[GeoMind CAUSAL CE Stream] Ep 1.0/Inf | D[1.0/10.0] | 8.89627% (3300.42 / 37098.9 KB) | LR: 0.00069283 | TEMP: 1.15472
  Train -> TL: 4.41546 | ATL: 4.77097 | TPPL: 118.033 | ENT: 6.8487b | CERT: 8.88954% | SURP: 7.03077b
  Val   -> VL: 4.87238 | AVL: 4.90152 | VPPL: 134.494 | VENT: 7.16275b | VCERT: 8.78774% | VSURP: 7.69909b

[GeoMind CAUSAL CE Stream] Ep 1.0/Inf | D[1.0/10.0] | 8.96612% (3326.33 / 37098.9 KB) | LR: 0.000692465 | TEMP: 1.15411
  Train -> TL: 4.56338 | ATL: 4.76951 | TPPL: 117.862 | ENT: 6.81472b | CERT: 8.97369% | SURP: 7.05635b
  Val   -> VL: 4.87015 | AVL: 4.89995 | VPPL: 134.283 | VENT: 7.12629b | VCERT: 9.08294% | VSURP: 7.68311b

[GeoMind CAUSAL CE Stream] Ep 1.0/Inf | D[1.0/10.0] | 8.99949% (3338.71 / 37098.9 KB) | LR: 0.000692186 | TEMP: 1.15364
  Train -> TL: 4.32481 | ATL: 4.76781 | TPPL: 117.662 | ENT: 6.70097b | CERT: 9.38306% | SURP: 6.90759b
  Val   -> VL: 4.87066 | AVL: 4.89849 | VPPL: 134.087 | VENT: 7.11879b | VCERT: 9.11865% | VSURP: 7.6851b

[GeoMind CAUSAL CE Stream] Ep 1.0/Inf | D[1.0/10.0] | 9.04793% (3356.68 / 37098.9 KB) | LR: 0.000691838 | TEMP: 1.15306
  Train -> TL: 4.55137 | ATL: 4.76679 | TPPL: 117.541 | ENT: 6.79067b | CERT: 9.04603% | SURP: 7.06386b
  Val   -> VL: 4.86163 | AVL: 4.89664 | VPPL: 133.84 | VENT: 7.15962b | VCERT: 8.6558% | VSURP: 7.6715b

[GeoMind CAUSAL CE Stream] Ep 1.0/Inf | D[1.0/10.0] | 9.09156% (3372.87 / 37098.9 KB) | LR: 0.000691608 | TEMP: 1.15268
  Train -> TL: 4.38017 | ATL: 4.7649 | TPPL: 117.319 | ENT: 6.59398b | CERT: 9.93168% | SURP: 6.95165b
  Val   -> VL: 4.86856 | AVL: 4.89524 | VPPL: 133.652 | VENT: 7.12624b | VCERT: 8.70198% | VSURP: 7.68452b

[GeoMind CAUSAL CE Stream] Ep 1.0/Inf | D[1.0/10.0] | 9.11959% (3383.27 / 37098.9 KB) | LR: 0.000691241 | TEMP: 1.15207
  Train -> TL: 4.69356 | ATL: 4.76468 | TPPL: 117.293 | ENT: 6.8607b | CERT: 8.19002% | SURP: 7.33559b
  Val   -> VL: 4.86539 | AVL: 4.89375 | VPPL: 133.453 | VENT: 7.14651b | VCERT: 8.73872% | VSURP: 7.68368b

[GeoMind CAUSAL CE Stream] Ep 1.0/Inf | D[1.0/10.0] | 9.20123% (3413.56 / 37098.9 KB) | LR: 0.000690954 | TEMP: 1.15159
  Train -> TL: 4.52766 | ATL: 4.76264 | TPPL: 117.055 | ENT: 6.78016b | CERT: 8.90111% | SURP: 7.16682b
  Val   -> VL: 4.85676 | AVL: 4.8919 | VPPL: 133.206 | VENT: 7.1395b | VCERT: 8.86361% | VSURP: 7.66646b

[GeoMind CAUSAL CE Stream] Ep 1.0/Inf | D[1.0/10.0] | 9.31333% (3455.15 / 37098.9 KB) | LR: 0.000690773 | TEMP: 1.15129
  Train -> TL: 4.52748 | ATL: 4.76015 | TPPL: 116.763 | ENT: 6.66488b | CERT: 9.42297% | SURP: 7.22353b
  Val   -> VL: 4.8512 | AVL: 4.88986 | VPPL: 132.935 | VENT: 7.13772b | VCERT: 9.21483% | VSURP: 7.64783b

[GeoMind CAUSAL CE Stream] Ep 1.0/Inf | D[1.0/10.0] | 9.43015% (3498.49 / 37098.9 KB) | LR: 0.000691037 | TEMP: 1.15173
  Train -> TL: 4.24702 | ATL: 4.75502 | TPPL: 116.166 | ENT: 6.60166b | CERT: 9.50549% | SURP: 6.82775b
  Val   -> VL: 4.84933 | AVL: 4.88784 | VPPL: 132.666 | VENT: 7.11779b | VCERT: 8.94018% | VSURP: 7.63487b

[GeoMind CAUSAL CE Stream] Ep 1.0/Inf | D[1.0/10.0] | 9.5329% (3536.61 / 37098.9 KB) | LR: 0.000690959 | TEMP: 1.1516
  Train -> TL: 4.76394 | ATL: 4.75511 | TPPL: 116.177 | ENT: 6.89533b | CERT: 7.8756% | SURP: 7.25925b
  Val   -> VL: 4.84489 | AVL: 4.88569 | VPPL: 132.382 | VENT: 7.23327b | VCERT: 8.69306% | VSURP: 7.64233b

[GeoMind CAUSAL CE Stream] Ep 1.0/Inf | D[1.0/10.0] | 9.58762% (3556.9 / 37098.9 KB) | LR: 0.000690797 | TEMP: 1.15133
  Train -> TL: 4.48613 | ATL: 4.75365 | TPPL: 116.007 | ENT: 6.83965b | CERT: 8.79144% | SURP: 7.08206b
  Val   -> VL: 4.8423 | AVL: 4.88352 | VPPL: 132.095 | VENT: 7.25152b | VCERT: 8.54875% | VSURP: 7.64286b

[GeoMind CAUSAL CE Stream] Ep 1.0/Inf | D[1.0/10.0] | 9.63705% (3575.24 / 37098.9 KB) | LR: 0.000690489 | TEMP: 1.15081
  Train -> TL: 4.59702 | ATL: 4.7528 | TPPL: 115.908 | ENT: 6.83036b | CERT: 8.94356% | SURP: 7.19722b
  Val   -> VL: 4.84108 | AVL: 4.8814 | VPPL: 131.815 | VENT: 7.28304b | VCERT: 8.17801% | VSURP: 7.64461b

[GeoMind CAUSAL CE Stream] Ep 1.0/Inf | D[1.0/10.0] | 9.68184% (3591.86 / 37098.9 KB) | LR: 0.000690026 | TEMP: 1.15004
  Train -> TL: 4.6173 | ATL: 4.75218 | TPPL: 115.836 | ENT: 6.92735b | CERT: 8.53796% | SURP: 7.17155b
  Val   -> VL: 4.83927 | AVL: 4.87929 | VPPL: 131.537 | VENT: 7.2852b | VCERT: 8.2236% | VSURP: 7.64521b

[GeoMind CAUSAL CE Stream] Ep 1.0/Inf | D[1.0/10.0] | 9.74361% (3614.77 / 37098.9 KB) | LR: 0.0006896 | TEMP: 1.14933
  Train -> TL: 4.46404 | ATL: 4.75039 | TPPL: 115.63 | ENT: 6.87764b | CERT: 9.00239% | SURP: 6.98935b
  Val   -> VL: 4.83874 | AVL: 4.87726 | VPPL: 131.271 | VENT: 7.2589b | VCERT: 8.60131% | VSURP: 7.63949b

[GeoMind CAUSAL CE Stream] Ep 1.0/Inf | D[1.0/10.0] | 9.80047% (3635.87 / 37098.9 KB) | LR: 0.000689066 | TEMP: 1.14844
  Train -> TL: 4.64112 | ATL: 4.74982 | TPPL: 115.563 | ENT: 6.87677b | CERT: 8.69103% | SURP: 7.1844b
  Val   -> VL: 4.8404 | AVL: 4.87542 | VPPL: 131.029 | VENT: 7.29949b | VCERT: 8.06655% | VSURP: 7.65528b

[GeoMind CAUSAL CE Stream] Ep 1.0/Inf | D[1.0/10.0] | 9.84728% (3653.24 / 37098.9 KB) | LR: 0.000688598 | TEMP: 1.14766
  Train -> TL: 4.45017 | ATL: 4.74845 | TPPL: 115.405 | ENT: 6.85347b | CERT: 8.25796% | SURP: 6.97416b
  Val   -> VL: 4.84587 | AVL: 4.87394 | VPPL: 130.836 | VENT: 7.26308b | VCERT: 8.08582% | VSURP: 7.66478b

[GeoMind CAUSAL CE Stream] Ep 1.0/Inf | D[1.0/10.0] | 9.89932% (3672.54 / 37098.9 KB) | LR: 0.000688181 | TEMP: 1.14697
  Train -> TL: 4.50154 | ATL: 4.74725 | TPPL: 115.267 | ENT: 6.85464b | CERT: 8.18409% | SURP: 7.0876b
  Val   -> VL: 4.84721 | AVL: 4.87261 | VPPL: 130.661 | VENT: 7.23645b | VCERT: 8.37227% | VSURP: 7.65849b

[GeoMind CAUSAL CE Stream] Ep 1.0/Inf | D[1.0/10.0] | 9.96099% (3695.42 / 37098.9 KB) | LR: 0.000687734 | TEMP: 1.14622
  Train -> TL: 4.64503 | ATL: 4.74666 | TPPL: 115.199 | ENT: 6.93711b | CERT: 7.90663% | SURP: 7.2889b
  Val   -> VL: 4.84712 | AVL: 4.87133 | VPPL: 130.495 | VENT: 7.2652b | VCERT: 8.0895% | VSURP: 7.6571b

[GeoMind CAUSAL CE Stream] Ep 1.0/Inf | D[1.0/10.0] | 9.97565% (3700.86 / 37098.9 KB) | LR: 0.000687382 | TEMP: 1.14564
  Train -> TL: 4.13713 | ATL: 4.74553 | TPPL: 115.069 | ENT: 6.3333b | CERT: 12.3813% | SURP: 6.54375b
  Val   -> VL: 4.85279 | AVL: 4.8704 | VPPL: 130.374 | VENT: 7.23891b | VCERT: 8.07934% | VSURP: 7.66047b

[GeoMind CAUSAL CE Stream] Ep 1.0/Inf | D[1.0/10.0] | 10.0368% (3723.54 / 37098.9 KB) | LR: 0.000686979 | TEMP: 1.14497
  Train -> TL: 4.67946 | ATL: 4.74513 | TPPL: 115.022 | ENT: 6.89465b | CERT: 7.88839% | SURP: 7.20805b
  Val   -> VL: 4.84703 | AVL: 4.86924 | VPPL: 130.221 | VENT: 7.26264b | VCERT: 8.49747% | VSURP: 7.65859b

[GeoMind CAUSAL CE Stream] Ep 1.0/Inf | D[1.0/10.0] | 10.1019% (3747.71 / 37098.9 KB) | LR: 0.000686925 | TEMP: 1.14487
  Train -> TL: 4.25743 | ATL: 4.74179 | TPPL: 114.639 | ENT: 6.54618b | CERT: 11.2326% | SURP: 6.78812b
  Val   -> VL: 4.84498 | AVL: 4.86802 | VPPL: 130.064 | VENT: 7.19775b | VCERT: 9.28788% | VSURP: 7.65232b

[GeoMind CAUSAL CE Stream] Ep 1.0/Inf | D[1.0/10.0] | 10.1499% (3765.5 / 37098.9 KB) | LR: 0.000686935 | TEMP: 1.14489
  Train -> TL: 4.34993 | ATL: 4.74002 | TPPL: 114.437 | ENT: 6.68525b | CERT: 10.9584% | SURP: 6.97668b
  Val   -> VL: 4.8412 | AVL: 4.86668 | VPPL: 129.889 | VENT: 7.20114b | VCERT: 9.25708% | VSURP: 7.6438b

[GeoMind CAUSAL CE Stream] Ep 1.0/Inf | D[1.0/10.0] | 10.2104% (3787.96 / 37098.9 KB) | LR: 0.000687042 | TEMP: 1.14507
  Train -> TL: 4.37575 | ATL: 4.73795 | TPPL: 114.199 | ENT: 6.72149b | CERT: 10.7477% | SURP: 6.91939b
  Val   -> VL: 4.8398 | AVL: 4.86534 | VPPL: 129.715 | VENT: 7.22208b | VCERT: 9.1905% | VSURP: 7.64643b

[GeoMind CAUSAL CE Stream] Ep 1.0/Inf | D[1.0/10.0] | 10.288% (3816.74 / 37098.9 KB) | LR: 0.0006872 | TEMP: 1.14533
  Train -> TL: 4.43557 | ATL: 4.73596 | TPPL: 113.972 | ENT: 6.81893b | CERT: 9.72668% | SURP: 7.07143b
  Val   -> VL: 4.83532 | AVL: 4.86384 | VPPL: 129.52 | VENT: 7.2705b | VCERT: 8.30992% | VSURP: 7.64469b

[GeoMind CAUSAL CE Stream] Ep 1.0/Inf | D[1.0/10.0] | 10.357% (3842.33 / 37098.9 KB) | LR: 0.000687427 | TEMP: 1.14571
  Train -> TL: 4.37997 | ATL: 4.73385 | TPPL: 113.733 | ENT: 6.88714b | CERT: 8.80917% | SURP: 7.02896b
  Val   -> VL: 4.83562 | AVL: 4.86243 | VPPL: 129.338 | VENT: 7.2378b | VCERT: 8.51543% | VSURP: 7.63533b

[GeoMind CAUSAL CE Stream] Ep 1.0/Inf | D[1.0/10.0] | 10.4011% (3858.71 / 37098.9 KB) | LR: 0.000687492 | TEMP: 1.14582
  Train -> TL: 4.61966 | ATL: 4.73334 | TPPL: 113.675 | ENT: 6.88686b | CERT: 8.76979% | SURP: 7.0778b
  Val   -> VL: 4.83324 | AVL: 4.86097 | VPPL: 129.149 | VENT: 7.25013b | VCERT: 8.54589% | VSURP: 7.64259b

[GeoMind CAUSAL CE Stream] Ep 1.0/Inf | D[1.0/10.0] | 10.461% (3880.91 / 37098.9 KB) | LR: 0.000687328 | TEMP: 1.14555
  Train -> TL: 4.80028 | ATL: 4.73372 | TPPL: 113.718 | ENT: 6.99858b | CERT: 7.86932% | SURP: 7.41893b
  Val   -> VL: 4.83598 | AVL: 4.85972 | VPPL: 128.988 | VENT: 7.30089b | VCERT: 8.31799% | VSURP: 7.66133b

[GeoMind CAUSAL CE Stream] Ep 1.0/Inf | D[1.0/10.0] | 10.5091% (3898.78 / 37098.9 KB) | LR: 0.000687017 | TEMP: 1.14503
  Train -> TL: 4.78414 | ATL: 4.73395 | TPPL: 113.743 | ENT: 7.08788b | CERT: 7.18237% | SURP: 7.41747b
  Val   -> VL: 4.83893 | AVL: 4.85868 | VPPL: 128.854 | VENT: 7.31121b | VCERT: 8.27852% | VSURP: 7.66685b

[GeoMind CAUSAL CE Stream] Ep 1.0/Inf | D[1.0/10.0] | 10.5543% (3915.52 / 37098.9 KB) | LR: 0.000687043 | TEMP: 1.14507
  Train -> TL: 4.0369 | ATL: 4.73105 | TPPL: 113.414 | ENT: 6.8219b | CERT: 9.24275% | SURP: 6.55805b
  Val   -> VL: 4.84364 | AVL: 4.85793 | VPPL: 128.757 | VENT: 7.21603b | VCERT: 8.79885% | VSURP: 7.65394b

[GeoMind CAUSAL CE Stream] Ep 1.0/Inf | D[1.0/10.0] | 10.6616% (3955.33 / 37098.9 KB) | LR: 0.000687415 | TEMP: 1.14569
  Train -> TL: 4.33956 | ATL: 4.72793 | TPPL: 113.061 | ENT: 6.7797b | CERT: 9.60962% | SURP: 6.89689b
  Val   -> VL: 4.84725 | AVL: 4.85739 | VPPL: 128.688 | VENT: 7.21971b | VCERT: 8.68698% | VSURP: 7.65891b

[GeoMind CAUSAL CE Stream] Ep 1.0/Inf | D[1.0/10.0] | 10.8031% (4007.85 / 37098.9 KB) | LR: 0.000688476 | TEMP: 1.14746
  Train -> TL: 4.15225 | ATL: 4.72172 | TPPL: 112.361 | ENT: 6.69091b | CERT: 10.1613% | SURP: 6.64596b
  Val   -> VL: 4.84366 | AVL: 4.85671 | VPPL: 128.6 | VENT: 7.13049b | VCERT: 9.67285% | VSURP: 7.63097b

[GeoMind CAUSAL CE Stream] Ep 1.0/Inf | D[1.0/10.0] | 10.8721% (4033.44 / 37098.9 KB) | LR: 0.000689653 | TEMP: 1.14942
  Train -> TL: 4.31777 | ATL: 4.71922 | TPPL: 112.081 | ENT: 6.71299b | CERT: 10.2573% | SURP: 6.79927b
  Val   -> VL: 4.84756 | AVL: 4.85625 | VPPL: 128.541 | VENT: 7.12957b | VCERT: 9.19329% | VSURP: 7.64545b

[GeoMind CAUSAL CE Stream] Ep 1.0/Inf | D[1.0/10.0] | 10.9457% (4060.75 / 37098.9 KB) | LR: 0.000690694 | TEMP: 1.15116
  Train -> TL: 4.60222 | ATL: 4.71835 | TPPL: 111.983 | ENT: 6.7675b | CERT: 9.63796% | SURP: 7.15458b
  Val   -> VL: 4.8448 | AVL: 4.85568 | VPPL: 128.468 | VENT: 7.18801b | VCERT: 8.77122% | VSURP: 7.6502b

[GeoMind CAUSAL CE Stream] Ep 1.0/Inf | D[1.0/10.0] | 10.9985% (4080.34 / 37098.9 KB) | LR: 0.000691689 | TEMP: 1.15281
  Train -> TL: 4.40883 | ATL: 4.71672 | TPPL: 111.8 | ENT: 6.70889b | CERT: 9.29972% | SURP: 6.94249b
  Val   -> VL: 4.83923 | AVL: 4.85485 | VPPL: 128.362 | VENT: 7.25054b | VCERT: 8.28353% | VSURP: 7.6534b

[GeoMind CAUSAL CE Stream] Ep 1.0/Inf | D[1.0/10.0] | 11.0424% (4096.62 / 37098.9 KB) | LR: 0.000692484 | TEMP: 1.15414
  Train -> TL: 4.60886 | ATL: 4.71631 | TPPL: 111.755 | ENT: 6.87158b | CERT: 8.54604% | SURP: 7.13796b
  Val   -> VL: 4.83936 | AVL: 4.85408 | VPPL: 128.263 | VENT: 7.24119b | VCERT: 8.46265% | VSURP: 7.65172b

[GeoMind CAUSAL CE Stream] Ep 1.0/Inf | D[1.0/10.0] | 11.0586% (4102.62 / 37098.9 KB) | LR: 0.000692998 | TEMP: 1.155
  Train -> TL: 4.92014 | ATL: 4.71661 | TPPL: 111.789 | ENT: 7.01954b | CERT: 7.92737% | SURP: 7.71137b
  Val   -> VL: 4.83606 | AVL: 4.85318 | VPPL: 128.147 | VENT: 7.25924b | VCERT: 8.37013% | VSURP: 7.64628b

[GeoMind CAUSAL CE Stream] Ep 1.0/Inf | D[1.0/10.0] | 11.1089% (4121.28 / 37098.9 KB) | LR: 0.000693482 | TEMP: 1.1558
  Train -> TL: 4.38809 | ATL: 4.71533 | TPPL: 111.645 | ENT: 6.87265b | CERT: 8.65739% | SURP: 6.9878b
  Val   -> VL: 4.83452 | AVL: 4.85225 | VPPL: 128.028 | VENT: 7.24924b | VCERT: 8.33544% | VSURP: 7.64222b

[GeoMind CAUSAL CE Stream] Ep 1.0/Inf | D[1.0/10.0] | 11.219% (4162.15 / 37098.9 KB) | LR: 0.000693976 | TEMP: 1.15663
  Train -> TL: 4.57149 | ATL: 4.71389 | TPPL: 111.484 | ENT: 6.9562b | CERT: 7.69939% | SURP: 7.11697b
  Val   -> VL: 4.83554 | AVL: 4.85141 | VPPL: 127.921 | VENT: 7.18297b | VCERT: 9.08365% | VSURP: 7.64499b

[GeoMind CAUSAL CE Stream] Ep 1.0/Inf | D[1.0/10.0] | 11.3009% (4192.5 / 37098.9 KB) | LR: 0.000694572 | TEMP: 1.15762
  Train -> TL: 4.38809 | ATL: 4.71158 | TPPL: 111.228 | ENT: 6.75442b | CERT: 9.87724% | SURP: 6.93769b
  Val   -> VL: 4.83156 | AVL: 4.85042 | VPPL: 127.794 | VENT: 7.19985b | VCERT: 8.9304% | VSURP: 7.64133b

[GeoMind CAUSAL CE Stream] Ep 1.0/Inf | D[1.0/10.0] | 11.3506% (4210.95 / 37098.9 KB) | LR: 0.000695097 | TEMP: 1.15849
  Train -> TL: 4.52219 | ATL: 4.71065 | TPPL: 111.124 | ENT: 6.70556b | CERT: 9.25079% | SURP: 7.03664b
  Val   -> VL: 4.83439 | AVL: 4.84962 | VPPL: 127.691 | VENT: 7.19899b | VCERT: 8.96125% | VSURP: 7.65316b

[GeoMind CAUSAL CE Stream] Ep 1.0/Inf | D[1.0/10.0] | 11.4128% (4234.01 / 37098.9 KB) | LR: 0.00069551 | TEMP: 1.15918
  Train -> TL: 4.57632 | ATL: 4.70994 | TPPL: 111.045 | ENT: 6.89569b | CERT: 8.11156% | SURP: 7.11985b
  Val   -> VL: 4.83056 | AVL: 4.84866 | VPPL: 127.57 | VENT: 7.20631b | VCERT: 8.50031% | VSURP: 7.64304b

[GeoMind CAUSAL CE Stream] Ep 1.0/Inf | D[1.0/10.0] | 11.435% (4242.25 / 37098.9 KB) | LR: 0.000695763 | TEMP: 1.1596
  Train -> TL: 4.6515 | ATL: 4.70982 | TPPL: 111.032 | ENT: 6.86214b | CERT: 9.73295% | SURP: 7.01025b
  Val   -> VL: 4.83156 | AVL: 4.84781 | VPPL: 127.461 | VENT: 7.19677b | VCERT: 8.86944% | VSURP: 7.6338b

[GeoMind CAUSAL CE Stream] Ep 1.0/Inf | D[1.0/10.0] | 11.4748% (4257.04 / 37098.9 KB) | LR: 0.000696048 | TEMP: 1.16008
  Train -> TL: 4.45705 | ATL: 4.70889 | TPPL: 110.929 | ENT: 6.74344b | CERT: 8.93625% | SURP: 6.80105b
  Val   -> VL: 4.8398 | AVL: 4.84741 | VPPL: 127.41 | VENT: 7.21986b | VCERT: 8.24998% | VSURP: 7.66249b

[GeoMind CAUSAL CE Stream] Ep 1.0/Inf | D[1.0/10.0] | 11.5758% (4294.5 / 37098.9 KB) | LR: 0.000696629 | TEMP: 1.16105
  Train -> TL: 4.4431 | ATL: 4.7063 | TPPL: 110.643 | ENT: 6.75694b | CERT: 9.46061% | SURP: 6.9627b
  Val   -> VL: 4.84577 | AVL: 4.84733 | VPPL: 127.399 | VENT: 7.18369b | VCERT: 8.72374% | VSURP: 7.66707b

[GeoMind CAUSAL CE Stream] Ep 1.0/Inf | D[1.0/10.0] | 11.6707% (4329.71 / 37098.9 KB) | LR: 0.000697303 | TEMP: 1.16217
  Train -> TL: 4.43815 | ATL: 4.70453 | TPPL: 110.446 | ENT: 6.74529b | CERT: 10.4366% | SURP: 7.00272b
  Val   -> VL: 4.83851 | AVL: 4.84688 | VPPL: 127.343 | VENT: 7.1542b | VCERT: 9.06101% | VSURP: 7.63801b

[GeoMind CAUSAL CE Stream] Ep 1.0/Inf | D[1.0/10.0] | 11.8924% (4411.97 / 37098.9 KB) | LR: 0.000697975 | TEMP: 1.16329
  Train -> TL: 4.60597 | ATL: 4.70294 | TPPL: 110.271 | ENT: 6.74099b | CERT: 10.663% | SURP: 7.19212b
  Val   -> VL: 4.82989 | AVL: 4.84604 | VPPL: 127.235 | VENT: 7.19869b | VCERT: 9.1821% | VSURP: 7.62852b

[GeoMind CAUSAL CE Stream] Ep 1.0/Inf | D[1.0/10.0] | 11.9614% (4437.55 / 37098.9 KB) | LR: 0.000698645 | TEMP: 1.16441
  Train -> TL: 4.37987 | ATL: 4.70102 | TPPL: 110.059 | ENT: 6.71284b | CERT: 11.0551% | SURP: 7.00855b
  Val   -> VL: 4.82204 | AVL: 4.84484 | VPPL: 127.082 | VENT: 7.19677b | VCERT: 9.43074% | VSURP: 7.60908b

[GeoMind CAUSAL CE Stream] Ep 1.0/Inf | D[1.0/10.0] | 11.9879% (4447.39 / 37098.9 KB) | LR: 0.000699137 | TEMP: 1.16523
  Train -> TL: 4.52483 | ATL: 4.70047 | TPPL: 109.999 | ENT: 6.91141b | CERT: 10.5781% | SURP: 7.18634b
  Val   -> VL: 4.82262 | AVL: 4.84372 | VPPL: 126.941 | VENT: 7.17583b | VCERT: 10.1031% | VSURP: 7.61082b

[GeoMind CAUSAL CE Stream] Ep 1.0/Inf | D[1.0/10.0] | 12.0422% (4467.53 / 37098.9 KB) | LR: 0.000699457 | TEMP: 1.16576
  Train -> TL: 4.57705 | ATL: 4.69991 | TPPL: 109.937 | ENT: 6.87155b | CERT: 9.29665% | SURP: 7.20064b
  Val   -> VL: 4.81798 | AVL: 4.84244 | VPPL: 126.778 | VENT: 7.23442b | VCERT: 9.07483% | VSURP: 7.61061b

[GeoMind CAUSAL CE Stream] Ep 1.0/Inf | D[1.0/10.0] | 12.0804% (4481.71 / 37098.9 KB) | LR: 0.000699675 | TEMP: 1.16613
  Train -> TL: 4.47234 | ATL: 4.69919 | TPPL: 109.859 | ENT: 6.62575b | CERT: 9.59708% | SURP: 6.96972b
  Val   -> VL: 4.82001 | AVL: 4.84132 | VPPL: 126.636 | VENT: 7.22414b | VCERT: 8.72924% | VSURP: 7.61179b

[GeoMind CAUSAL CE Stream] Ep 1.0/Inf | D[1.0/10.0] | 12.1278% (4499.27 / 37098.9 KB) | LR: 0.000699824 | TEMP: 1.16637
  Train -> TL: 4.52496 | ATL: 4.69854 | TPPL: 109.787 | ENT: 6.94257b | CERT: 8.07246% | SURP: 7.2033b
  Val   -> VL: 4.82277 | AVL: 4.84039 | VPPL: 126.519 | VENT: 7.21155b | VCERT: 8.7238% | VSURP: 7.60979b

[GeoMind CAUSAL CE Stream] Ep 1.0/Inf | D[1.0/10.0] | 12.1865% (4521.07 / 37098.9 KB) | LR: 0.000700059 | TEMP: 1.16676
  Train -> TL: 4.40508 | ATL: 4.69702 | TPPL: 109.621 | ENT: 6.75678b | CERT: 9.34557% | SURP: 6.92283b
  Val   -> VL: 4.82622 | AVL: 4.83968 | VPPL: 126.429 | VENT: 7.18891b | VCERT: 8.91151% | VSURP: 7.62636b

[GeoMind CAUSAL CE Stream] Ep 1.0/Inf | D[1.0/10.0] | 12.2518% (4545.28 / 37098.9 KB) | LR: 0.000700273 | TEMP: 1.16712
  Train -> TL: 4.51788 | ATL: 4.69614 | TPPL: 109.524 | ENT: 6.81366b | CERT: 9.74121% | SURP: 7.02531b
  Val   -> VL: 4.82422 | AVL: 4.83891 | VPPL: 126.331 | VENT: 7.21468b | VCERT: 8.95022% | VSURP: 7.61969b

[GeoMind CAUSAL CE Stream] Ep 1.0/Inf | D[1.0/10.0] | 12.3239% (4572.02 / 37098.9 KB) | LR: 0.000700438 | TEMP: 1.1674
  Train -> TL: 4.59392 | ATL: 4.69558 | TPPL: 109.462 | ENT: 6.8829b | CERT: 9.93549% | SURP: 7.11209b
  Val   -> VL: 4.82499 | AVL: 4.83821 | VPPL: 126.243 | VENT: 7.21033b | VCERT: 9.47495% | VSURP: 7.62085b

[GeoMind CAUSAL CE Stream] Ep 1.0/Inf | D[1.0/10.0] | 12.4041% (4601.8 / 37098.9 KB) | LR: 0.000700815 | TEMP: 1.16803
  Train -> TL: 4.46177 | ATL: 4.69366 | TPPL: 109.253 | ENT: 6.39181b | CERT: 12.4714% | SURP: 7.02044b
  Val   -> VL: 4.83514 | AVL: 4.83806 | VPPL: 126.224 | VENT: 7.20774b | VCERT: 8.91822% | VSURP: 7.64664b

[GeoMind CAUSAL CE Stream] Ep 1.0/Inf | D[1.0/10.0] | 12.4695% (4626.04 / 37098.9 KB) | LR: 0.00070119 | TEMP: 1.16865
  Train -> TL: 4.54766 | ATL: 4.69273 | TPPL: 109.151 | ENT: 6.62746b | CERT: 10.2416% | SURP: 7.11451b
  Val   -> VL: 4.8275 | AVL: 4.83753 | VPPL: 126.157 | VENT: 7.22492b | VCERT: 8.91283% | VSURP: 7.63083b

[GeoMind CAUSAL CE Stream] Ep 1.0/Inf | D[1.0/10.0] | 12.5816% (4667.66 / 37098.9 KB) | LR: 0.000702004 | TEMP: 1.17001
  Train -> TL: 4.29939 | ATL: 4.68901 | TPPL: 108.745 | ENT: 6.66595b | CERT: 10.7948% | SURP: 6.755b
  Val   -> VL: 4.83631 | AVL: 4.83747 | VPPL: 126.15 | VENT: 7.18173b | VCERT: 8.82117% | VSURP: 7.65172b

[GeoMind CAUSAL CE Stream] Ep 1.0/Inf | D[1.0/10.0] | 12.7287% (4722.21 / 37098.9 KB) | LR: 0.000703467 | TEMP: 1.17244
  Train -> TL: 4.23655 | ATL: 4.68365 | TPPL: 108.164 | ENT: 6.57018b | CERT: 11.3434% | SURP: 6.77006b
  Val   -> VL: 4.84462 | AVL: 4.83783 | VPPL: 126.195 | VENT: 7.12339b | VCERT: 9.35885% | VSURP: 7.65099b

[GeoMind CAUSAL CE Stream] Ep 1.0/Inf | D[1.0/10.0] | 12.8173% (4755.07 / 37098.9 KB) | LR: 0.000705248 | TEMP: 1.17541
  Train -> TL: 4.19493 | ATL: 4.68002 | TPPL: 107.773 | ENT: 6.36543b | CERT: 10.5989% | SURP: 6.73053b
  Val   -> VL: 4.84492 | AVL: 4.83818 | VPPL: 126.24 | VENT: 7.0617b | VCERT: 9.67462% | VSURP: 7.63287b

[GeoMind CAUSAL CE Stream] Ep 1.0/Inf | D[1.0/10.0] | 12.9055% (4787.79 / 37098.9 KB) | LR: 0.000707081 | TEMP: 1.17847
  Train -> TL: 4.3632 | ATL: 4.67787 | TPPL: 107.541 | ENT: 6.45108b | CERT: 11.4188% | SURP: 6.91163b
  Val   -> VL: 4.84237 | AVL: 4.83839 | VPPL: 126.266 | VENT: 7.03571b | VCERT: 9.75167% | VSURP: 7.63032b

[GeoMind CAUSAL CE Stream] Ep 1.0/Inf | D[1.0/10.0] | 12.9324% (4797.79 / 37098.9 KB) | LR: 0.000708615 | TEMP: 1.18103
  Train -> TL: 4.73943 | ATL: 4.678 | TPPL: 107.555 | ENT: 6.80361b | CERT: 8.99257% | SURP: 7.47741b
  Val   -> VL: 4.8374 | AVL: 4.83834 | VPPL: 126.26 | VENT: 7.07363b | VCERT: 9.34844% | VSURP: 7.62525b

[GeoMind CAUSAL CE Stream] Ep 1.0/Inf | D[1.0/10.0] | 13.0049% (4824.67 / 37098.9 KB) | LR: 0.000710101 | TEMP: 1.1835
  Train -> TL: 4.45942 | ATL: 4.67666 | TPPL: 107.411 | ENT: 6.62687b | CERT: 9.8647% | SURP: 6.89871b
  Val   -> VL: 4.83859 | AVL: 4.83835 | VPPL: 126.261 | VENT: 7.06365b | VCERT: 9.34129% | VSURP: 7.64233b

[GeoMind CAUSAL CE Stream] Ep 1.0/Inf | D[1.0/10.0] | 13.0676% (4847.94 / 37098.9 KB) | LR: 0.000711549 | TEMP: 1.18592
  Train -> TL: 4.38995 | ATL: 4.67527 | TPPL: 107.262 | ENT: 6.61473b | CERT: 9.88713% | SURP: 6.98117b
  Val   -> VL: 4.83798 | AVL: 4.83833 | VPPL: 126.259 | VENT: 7.04203b | VCERT: 9.65231% | VSURP: 7.63383b

[GeoMind CAUSAL CE Stream] Ep 1.0/Inf | D[1.0/10.0] | 13.113% (4864.79 / 37098.9 KB) | LR: 0.000712833 | TEMP: 1.18805
  Train -> TL: 4.48279 | ATL: 4.67464 | TPPL: 107.194 | ENT: 6.75381b | CERT: 9.47374% | SURP: 7.07601b
  Val   -> VL: 4.8334 | AVL: 4.83809 | VPPL: 126.228 | VENT: 7.05181b | VCERT: 9.76134% | VSURP: 7.62815b

[GeoMind CAUSAL CE Stream] Ep 1.0/Inf | D[1.0/10.0] | 13.2959% (4932.65 / 37098.9 KB) | LR: 0.000713792 | TEMP: 1.18965
  Train -> TL: 4.76127 | ATL: 4.67533 | TPPL: 107.268 | ENT: 6.74126b | CERT: 8.73912% | SURP: 7.31601b
  Val   -> VL: 4.83244 | AVL: 4.83781 | VPPL: 126.192 | VENT: 7.11909b | VCERT: 8.90272% | VSURP: 7.62738b

[GeoMind CAUSAL CE Stream] Ep 1.0/Inf | D[1.0/10.0] | 13.3703% (4960.23 / 37098.9 KB) | LR: 0.000714805 | TEMP: 1.19134
  Train -> TL: 4.43784 | ATL: 4.67409 | TPPL: 107.134 | ENT: 6.69973b | CERT: 9.45905% | SURP: 6.91588b
  Val   -> VL: 4.84223 | AVL: 4.83803 | VPPL: 126.22 | VENT: 7.09173b | VCERT: 9.02227% | VSURP: 7.64567b

[GeoMind CAUSAL CE Stream] Ep 1.0/Inf | D[1.0/10.0] | 13.422% (4979.43 / 37098.9 KB) | LR: 0.000715734 | TEMP: 1.19289
  Train -> TL: 4.59519 | ATL: 4.67377 | TPPL: 107.101 | ENT: 6.7975b | CERT: 8.47866% | SURP: 7.16785b
  Val   -> VL: 4.84183 | AVL: 4.83822 | VPPL: 126.244 | VENT: 7.09303b | VCERT: 8.88164% | VSURP: 7.64918b

[GeoMind CAUSAL CE Stream] Ep 1.0/Inf | D[1.0/10.0] | 13.4512% (4990.25 / 37098.9 KB) | LR: 0.000716576 | TEMP: 1.19429
  Train -> TL: 4.63642 | ATL: 4.67368 | TPPL: 107.091 | ENT: 6.72157b | CERT: 9.14438% | SURP: 7.13965b
  Val   -> VL: 4.84398 | AVL: 4.8385 | VPPL: 126.28 | VENT: 7.13032b | VCERT: 8.79609% | VSURP: 7.66557b

[GeoMind CAUSAL CE Stream] Ep 1.0/Inf | D[1.0/10.0] | 13.4666% (4995.97 / 37098.9 KB) | LR: 0.000717365 | TEMP: 1.19561
  Train -> TL: 4.80947 | ATL: 4.67392 | TPPL: 107.117 | ENT: 6.7802b | CERT: 8.93303% | SURP: 7.38474b
  Val   -> VL: 4.85432 | AVL: 4.8393 | VPPL: 126.38 | VENT: 7.12314b | VCERT: 8.8785% | VSURP: 7.69423b

[GeoMind CAUSAL CE Stream] Ep 1.0/Inf | D[1.0/10.0] | 13.5185% (5015.21 / 37098.9 KB) | LR: 0.000718212 | TEMP: 1.19702
  Train -> TL: 4.51764 | ATL: 4.67326 | TPPL: 107.047 | ENT: 6.76743b | CERT: 8.7268% | SURP: 7.08191b
  Val   -> VL: 4.85224 | AVL: 4.83994 | VPPL: 126.462 | VENT: 7.08861b | VCERT: 9.12472% | VSURP: 7.6758b

[GeoMind CAUSAL CE Stream] Ep 1.0/Inf | D[1.0/10.0] | 13.5628% (5031.64 / 37098.9 KB) | LR: 0.000719202 | TEMP: 1.19867
  Train -> TL: 4.26584 | ATL: 4.67196 | TPPL: 106.907 | ENT: 6.30402b | CERT: 11.0654% | SURP: 6.80001b
  Val   -> VL: 4.85379 | AVL: 4.84064 | VPPL: 126.55 | VENT: 7.05667b | VCERT: 9.10924% | VSURP: 7.66536b

[GeoMind CAUSAL CE Stream] Ep 1.0/Inf | D[1.0/10.0] | 13.6216% (5053.45 / 37098.9 KB) | LR: 0.000720233 | TEMP: 1.20039
  Train -> TL: 4.41521 | ATL: 4.67087 | TPPL: 106.79 | ENT: 6.58574b | CERT: 10.6869% | SURP: 7.03184b
  Val   -> VL: 4.84692 | AVL: 4.84095 | VPPL: 126.589 | VENT: 7.00888b | VCERT: 9.77648% | VSURP: 7.63822b

[GeoMind CAUSAL CE Stream] Ep 1.0/Inf | D[1.0/10.0] | 13.6614% (5068.24 / 37098.9 KB) | LR: 0.000721051 | TEMP: 1.20175
  Train -> TL: 4.80214 | ATL: 4.67126 | TPPL: 106.833 | ENT: 6.7861b | CERT: 10.1317% | SURP: 7.30421b
  Val   -> VL: 4.84032 | AVL: 4.84092 | VPPL: 126.586 | VENT: 7.05159b | VCERT: 9.57797% | VSURP: 7.62874b

[GeoMind CAUSAL CE Stream] Ep 1.0/Inf | D[1.0/10.0] | 13.7149% (5088.08 / 37098.9 KB) | LR: 0.000721731 | TEMP: 1.20288
  Train -> TL: 4.66604 | ATL: 4.67124 | TPPL: 106.831 | ENT: 6.65049b | CERT: 9.78805% | SURP: 7.1783b
  Val   -> VL: 4.83821 | AVL: 4.84078 | VPPL: 126.568 | VENT: 7.06415b | VCERT: 9.26396% | VSURP: 7.63372b

[GeoMind CAUSAL CE Stream] Ep 1.0/Inf | D[1.0/10.0] | 13.7783% (5111.59 / 37098.9 KB) | LR: 0.000722389 | TEMP: 1.20398
  Train -> TL: 4.52315 | ATL: 4.67053 | TPPL: 106.754 | ENT: 6.65625b | CERT: 10.2625% | SURP: 7.02691b
  Val   -> VL: 4.83833 | AVL: 4.84066 | VPPL: 126.553 | VENT: 7.05075b | VCERT: 9.64744% | VSURP: 7.63813b

[GeoMind CAUSAL CE Stream] Ep 1.0/Inf | D[1.0/10.0] | 13.8117% (5123.99 / 37098.9 KB) | LR: 0.000723024 | TEMP: 1.20504
  Train -> TL: 4.41799 | ATL: 4.66987 | TPPL: 106.684 | ENT: 6.43492b | CERT: 10.4742% | SURP: 6.90709b
  Val   -> VL: 4.8387 | AVL: 4.84056 | VPPL: 126.54 | VENT: 7.03323b | VCERT: 9.56121% | VSURP: 7.63617b

[GeoMind CAUSAL CE Stream] Ep 1.0/Inf | D[1.0/10.0] | 13.8625% (5142.85 / 37098.9 KB) | LR: 0.000723595 | TEMP: 1.20599
  Train -> TL: 4.48817 | ATL: 4.66927 | TPPL: 106.62 | ENT: 6.58552b | CERT: 10.0868% | SURP: 7.05156b
  Val   -> VL: 4.83306 | AVL: 4.84019 | VPPL: 126.493 | VENT: 7.03533b | VCERT: 9.60482% | VSURP: 7.62289b

[GeoMind CAUSAL CE Stream] Ep 1.0/Inf | D[1.0/10.0] | 13.9473% (5174.3 / 37098.9 KB) | LR: 0.000724358 | TEMP: 1.20726
  Train -> TL: 4.30105 | ATL: 4.66712 | TPPL: 106.391 | ENT: 6.61009b | CERT: 10.1185% | SURP: 6.83625b
  Val   -> VL: 4.83847 | AVL: 4.8401 | VPPL: 126.482 | VENT: 6.98437b | VCERT: 10.2727% | VSURP: 7.62524b

[GeoMind CAUSAL CE Stream] Ep 1.0/Inf | D[1.0/10.0] | 13.9893% (5189.87 / 37098.9 KB) | LR: 0.000725137 | TEMP: 1.20856
  Train -> TL: 4.38352 | ATL: 4.6662 | TPPL: 106.293 | ENT: 5.95599b | CERT: 14.5409% | SURP: 6.63951b
  Val   -> VL: 4.84099 | AVL: 4.84015 | VPPL: 126.488 | VENT: 6.982b | VCERT: 9.63306% | VSURP: 7.64757b

[GeoMind CAUSAL CE Stream] Ep 1.0/Inf | D[1.0/10.0] | 14.0585% (5215.56 / 37098.9 KB) | LR: 0.000725944 | TEMP: 1.20991
  Train -> TL: 4.45021 | ATL: 4.66517 | TPPL: 106.184 | ENT: 6.36835b | CERT: 12.238% | SURP: 7.02564b
  Val   -> VL: 4.84108 | AVL: 4.84019 | VPPL: 126.494 | VENT: 6.98318b | VCERT: 9.34174% | VSURP: 7.63843b

[GeoMind CAUSAL CE Stream] Ep 1.0/Inf | D[1.0/10.0] | 14.1213% (5238.86 / 37098.9 KB) | LR: 0.000726587 | TEMP: 1.21098
  Train -> TL: 4.78819 | ATL: 4.66578 | TPPL: 106.248 | ENT: 6.72826b | CERT: 9.11844% | SURP: 7.40452b
  Val   -> VL: 4.84594 | AVL: 4.84048 | VPPL: 126.53 | VENT: 6.99379b | VCERT: 9.8356% | VSURP: 7.6461b

[GeoMind CAUSAL CE Stream] Ep 1.0/Inf | D[1.0/10.0] | 14.1886% (5263.83 / 37098.9 KB) | LR: 0.000727617 | TEMP: 1.21269
  Train -> TL: 4.12105 | ATL: 4.66311 | TPPL: 105.965 | ENT: 6.302b | CERT: 12.5055% | SURP: 6.64141b
  Val   -> VL: 4.85873 | AVL: 4.84139 | VPPL: 126.645 | VENT: 6.88303b | VCERT: 10.5772% | VSURP: 7.65071b

[GeoMind CAUSAL CE Stream] Ep 1.0/Inf | D[1.0/10.0] | 14.2286% (5278.66 / 37098.9 KB) | LR: 0.000728932 | TEMP: 1.21489
  Train -> TL: 4.18494 | ATL: 4.66118 | TPPL: 105.761 | ENT: 5.91586b | CERT: 14.4676% | SURP: 6.58618b
  Val   -> VL: 4.86793 | AVL: 4.84272 | VPPL: 126.814 | VENT: 6.85311b | VCERT: 10.5979% | VSURP: 7.66751b

[GeoMind CAUSAL CE Stream] Ep 1.0/Inf | D[1.0/10.0] | 14.2692% (5293.72 / 37098.9 KB) | LR: 0.000730277 | TEMP: 1.21713
  Train -> TL: 4.42846 | ATL: 4.66055 | TPPL: 105.694 | ENT: 6.50933b | CERT: 11.3511% | SURP: 7.03812b
  Val   -> VL: 4.86366 | AVL: 4.84377 | VPPL: 126.947 | VENT: 6.86533b | VCERT: 10.3979% | VSURP: 7.65928b

[GeoMind CAUSAL CE Stream] Ep 1.0/Inf | D[1.0/10.0] | 14.3342% (5317.82 / 37098.9 KB) | LR: 0.000731464 | TEMP: 1.21911
  Train -> TL: 4.68035 | ATL: 4.66064 | TPPL: 105.704 | ENT: 6.64313b | CERT: 9.50151% | SURP: 7.24386b
  Val   -> VL: 4.85227 | AVL: 4.84419 | VPPL: 127 | VENT: 6.91814b | VCERT: 10.05% | VSURP: 7.64582b

[GeoMind CAUSAL CE Stream] Ep 1.0/Inf | D[1.0/10.0] | 14.3775% (5333.91 / 37098.9 KB) | LR: 0.000732643 | TEMP: 1.22107
  Train -> TL: 4.39203 | ATL: 4.65974 | TPPL: 105.608 | ENT: 6.14136b | CERT: 10.7897% | SURP: 6.97826b
  Val   -> VL: 4.85109 | AVL: 4.84454 | VPPL: 127.044 | VENT: 6.89903b | VCERT: 10.1514% | VSURP: 7.64045b

[GeoMind CAUSAL CE Stream] Ep 1.0/Inf | D[1.0/10.0] | 14.453% (5361.92 / 37098.9 KB) | LR: 0.000733871 | TEMP: 1.22312
  Train -> TL: 4.41206 | ATL: 4.65815 | TPPL: 105.441 | ENT: 6.47776b | CERT: 10.4841% | SURP: 6.93602b
  Val   -> VL: 4.84638 | AVL: 4.84463 | VPPL: 127.056 | VENT: 6.8661b | VCERT: 10.5361% | VSURP: 7.63031b

[GeoMind CAUSAL CE Stream] Ep 1.0/Inf | D[1.0/10.0] | 14.53% (5390.48 / 37098.9 KB) | LR: 0.000735626 | TEMP: 1.22604
  Train -> TL: 4.17603 | ATL: 4.6544 | TPPL: 105.046 | ENT: 6.23718b | CERT: 12.7792% | SURP: 6.64825b
  Val   -> VL: 4.875 | AVL: 4.84615 | VPPL: 127.249 | VENT: 6.72332b | VCERT: 11.38% | VSURP: 7.68163b

[GeoMind CAUSAL CE Stream] Ep 1.0/Inf | D[1.0/10.0] | 14.6087% (5419.67 / 37098.9 KB) | LR: 0.0007383 | TEMP: 1.2305
  Train -> TL: 4.05811 | ATL: 4.64913 | TPPL: 104.494 | ENT: 5.84355b | CERT: 15.2599% | SURP: 6.37975b
  Val   -> VL: 4.91597 | AVL: 4.84964 | VPPL: 127.694 | VENT: 6.57706b | VCERT: 11.9088% | VSURP: 7.75278b

[GeoMind CAUSAL CE Stream] Ep 1.0/Inf | D[1.0/10.0] | 14.6606% (5438.93 / 37098.9 KB) | LR: 0.00074113 | TEMP: 1.23522
  Train -> TL: 4.26328 | ATL: 4.64731 | TPPL: 104.304 | ENT: 5.77394b | CERT: 14.9883% | SURP: 6.6833b
  Val   -> VL: 4.89577 | AVL: 4.85194 | VPPL: 127.989 | VENT: 6.63734b | VCERT: 10.9709% | VSURP: 7.70954b

[GeoMind CAUSAL CE Stream] Ep 1.0/Inf | D[1.0/10.0] | 14.6915% (5450.4 / 37098.9 KB) | LR: 0.000743772 | TEMP: 1.23962
  Train -> TL: 4.57371 | ATL: 4.64718 | TPPL: 104.291 | ENT: 6.19555b | CERT: 10.677% | SURP: 7.38205b
  Val   -> VL: 4.88437 | AVL: 4.85357 | VPPL: 128.197 | VENT: 6.66012b | VCERT: 10.8528% | VSURP: 7.6833b

[GeoMind CAUSAL CE Stream] Ep 1.0/Inf | D[1.0/10.0] | 14.7394% (5468.14 / 37098.9 KB) | LR: 0.000746231 | TEMP: 1.24372
  Train -> TL: 4.34288 | ATL: 4.64625 | TPPL: 104.193 | ENT: 6.09722b | CERT: 11.2347% | SURP: 6.79359b
  Val   -> VL: 4.86639 | AVL: 4.85421 | VPPL: 128.279 | VENT: 6.72379b | VCERT: 10.2051% | VSURP: 7.661b

[GeoMind CAUSAL CE Stream] Ep 1.0/Inf | D[1.0/10.0] | 14.8036% (5491.98 / 37098.9 KB) | LR: 0.000748498 | TEMP: 1.2475
  Train -> TL: 4.44158 | ATL: 4.64529 | TPPL: 104.094 | ENT: 6.2282b | CERT: 10.695% | SURP: 6.98614b
  Val   -> VL: 4.86132 | AVL: 4.85456 | VPPL: 128.325 | VENT: 6.7462b | VCERT: 10.0316% | VSURP: 7.65815b

[GeoMind CAUSAL CE Stream] Ep 1.0/Inf | D[1.0/10.0] | 14.8536% (5510.53 / 37098.9 KB) | LR: 0.000750352 | TEMP: 1.25059
  Train -> TL: 5.05803 | ATL: 4.64631 | TPPL: 104.2 | ENT: 6.34011b | CERT: 9.81178% | SURP: 7.82603b
  Val   -> VL: 4.86406 | AVL: 4.85504 | VPPL: 128.386 | VENT: 6.7134b | VCERT: 10.6413% | VSURP: 7.65463b

[GeoMind CAUSAL CE Stream] Ep 1.0/Inf | D[1.0/10.0] | 14.907% (5530.35 / 37098.9 KB) | LR: 0.000751958 | TEMP: 1.25326
  Train -> TL: 4.57442 | ATL: 4.64606 | TPPL: 104.174 | ENT: 6.32534b | CERT: 10.849% | SURP: 7.13553b
  Val   -> VL: 4.85467 | AVL: 4.85502 | VPPL: 128.383 | VENT: 6.75702b | VCERT: 10.2063% | VSURP: 7.63998b

[GeoMind CAUSAL CE Stream] Ep 1.0/Inf | D[1.0/10.0] | 14.9526% (5547.24 / 37098.9 KB) | LR: 0.000753335 | TEMP: 1.25556
  Train -> TL: 4.58925 | ATL: 4.64589 | TPPL: 104.156 | ENT: 6.42152b | CERT: 10.2745% | SURP: 7.1589b
  Val   -> VL: 4.85318 | AVL: 4.85493 | VPPL: 128.371 | VENT: 6.76269b | VCERT: 10.3488% | VSURP: 7.63475b

[GeoMind CAUSAL CE Stream] Ep 1.0/Inf | D[1.0/10.0] | 15.0016% (5565.43 / 37098.9 KB) | LR: 0.000754592 | TEMP: 1.25765
  Train -> TL: 4.48033 | ATL: 4.64535 | TPPL: 104.1 | ENT: 6.16085b | CERT: 11.4381% | SURP: 6.87502b
  Val   -> VL: 4.85712 | AVL: 4.85504 | VPPL: 128.385 | VENT: 6.74473b | VCERT: 10.8673% | VSURP: 7.64375b

[GeoMind CAUSAL CE Stream] Ep 1.0/Inf | D[1.0/10.0] | 15.0445% (5581.34 / 37098.9 KB) | LR: 0.000755636 | TEMP: 1.25939
  Train -> TL: 4.71769 | ATL: 4.64554 | TPPL: 104.12 | ENT: 6.46693b | CERT: 10.8401% | SURP: 7.39241b
  Val   -> VL: 4.8551 | AVL: 4.85504 | VPPL: 128.386 | VENT: 6.76126b | VCERT: 10.5126% | VSURP: 7.63727b

[GeoMind CAUSAL CE Stream] Ep 1.0/Inf | D[1.0/10.0] | 15.1345% (5614.73 / 37098.9 KB) | LR: 0.00075674 | TEMP: 1.26123
  Train -> TL: 4.40234 | ATL: 4.64427 | TPPL: 103.988 | ENT: 6.19852b | CERT: 10.7985% | SURP: 6.9715b
  Val   -> VL: 4.8618 | AVL: 4.85538 | VPPL: 128.429 | VENT: 6.7292b | VCERT: 10.4688% | VSURP: 7.62645b

[GeoMind CAUSAL CE Stream] Ep 1.0/Inf | D[1.0/10.0] | 15.2238% (5647.87 / 37098.9 KB) | LR: 0.000757989 | TEMP: 1.26331
  Train -> TL: 4.33828 | ATL: 4.64256 | TPPL: 103.809 | ENT: 6.04924b | CERT: 12.3351% | SURP: 6.8905b
  Val   -> VL: 4.86707 | AVL: 4.85596 | VPPL: 128.504 | VENT: 6.70297b | VCERT: 10.7921% | VSURP: 7.62627b

[GeoMind CAUSAL CE Stream] Ep 1.0/Inf | D[1.0/10.0] | 15.3371% (5689.88 / 37098.9 KB) | LR: 0.000759792 | TEMP: 1.26632
  Train -> TL: 4.07754 | ATL: 4.63794 | TPPL: 103.332 | ENT: 5.95713b | CERT: 13.9802% | SURP: 6.50671b
  Val   -> VL: 4.87355 | AVL: 4.85684 | VPPL: 128.617 | VENT: 6.63415b | VCERT: 11.8097% | VSURP: 7.63328b

[GeoMind CAUSAL CE Stream] Ep 1.0/Inf | D[1.0/10.0] | 15.447% (5730.68 / 37098.9 KB) | LR: 0.000761559 | TEMP: 1.26927
  Train -> TL: 4.6451 | ATL: 4.63799 | TPPL: 103.337 | ENT: 5.94658b | CERT: 12.2228% | SURP: 7.23404b
  Val   -> VL: 4.89265 | AVL: 4.85863 | VPPL: 128.848 | VENT: 6.7291b | VCERT: 9.32638% | VSURP: 7.6895b

[GeoMind CAUSAL CE Stream] Ep 1.0/Inf | D[1.0/10.0] | 15.509% (5753.67 / 37098.9 KB) | LR: 0.000763564 | TEMP: 1.27261
  Train -> TL: 4.78816 | ATL: 4.63856 | TPPL: 103.395 | ENT: 6.29552b | CERT: 8.81154% | SURP: 6.9665b
  Val   -> VL: 4.94438 | AVL: 4.86292 | VPPL: 129.402 | VENT: 6.68457b | VCERT: 9.82601% | VSURP: 7.79064b

[GeoMind CAUSAL CE Stream] Ep 1.0/Inf | D[1.0/10.0] | 15.593% (5784.85 / 37098.9 KB) | LR: 0.00076572 | TEMP: 1.2762
  Train -> TL: 4.46676 | ATL: 4.63761 | TPPL: 103.298 | ENT: 6.12018b | CERT: 11.3004% | SURP: 6.9117b
  Val   -> VL: 4.91093 | AVL: 4.86532 | VPPL: 129.713 | VENT: 6.70524b | VCERT: 9.53424% | VSURP: 7.71564b

[GeoMind CAUSAL CE Stream] Ep 1.0/Inf | D[1.0/10.0] | 15.6569% (5808.52 / 37098.9 KB) | LR: 0.000767868 | TEMP: 1.27978
  Train -> TL: 4.49241 | ATL: 4.63702 | TPPL: 103.236 | ENT: 6.3862b | CERT: 9.13787% | SURP: 7.07154b
  Val   -> VL: 4.90014 | AVL: 4.86706 | VPPL: 129.939 | VENT: 6.73347b | VCERT: 9.36056% | VSURP: 7.70209b

[GeoMind CAUSAL CE Stream] Ep 1.0/Inf | D[1.0/10.0] | 15.7206% (5832.19 / 37098.9 KB) | LR: 0.000769876 | TEMP: 1.28313
  Train -> TL: 4.58391 | ATL: 4.63682 | TPPL: 103.215 | ENT: 6.34601b | CERT: 9.60526% | SURP: 7.20394b
  Val   -> VL: 4.89001 | AVL: 4.86821 | VPPL: 130.088 | VENT: 6.70844b | VCERT: 9.89472% | VSURP: 7.68166b

[GeoMind CAUSAL CE Stream] Ep 1.0/Inf | D[1.0/10.0] | 15.798% (5860.88 / 37098.9 KB) | LR: 0.000771567 | TEMP: 1.28594
  Train -> TL: 4.80586 | ATL: 4.6378 | TPPL: 103.316 | ENT: 6.6606b | CERT: 7.92923% | SURP: 7.46378b
  Val   -> VL: 4.88546 | AVL: 4.86907 | VPPL: 130.2 | VENT: 6.71461b | VCERT: 10.2019% | VSURP: 7.67528b

[GeoMind CAUSAL CE Stream] Ep 1.0/Inf | D[1.0/10.0] | 15.876% (5889.84 / 37098.9 KB) | LR: 0.000773036 | TEMP: 1.28839
  Train -> TL: 4.75144 | ATL: 4.63847 | TPPL: 103.386 | ENT: 6.67289b | CERT: 8.35718% | SURP: 7.31368b
  Val   -> VL: 4.88736 | AVL: 4.86999 | VPPL: 130.319 | VENT: 6.71706b | VCERT: 10.3436% | VSURP: 7.68716b

[GeoMind CAUSAL CE Stream] Ep 1.0/Inf | D[1.0/10.0] | 15.9046% (5900.43 / 37098.9 KB) | LR: 0.000774381 | TEMP: 1.29064
  Train -> TL: 4.68198 | ATL: 4.63856 | TPPL: 103.395 | ENT: 6.48458b | CERT: 10.5092% | SURP: 7.25069b
  Val   -> VL: 4.88603 | AVL: 4.87079 | VPPL: 130.424 | VENT: 6.70072b | VCERT: 10.529% | VSURP: 7.68415b

[GeoMind CAUSAL CE Stream] Ep 1.0/Inf | D[1.0/10.0] | 15.9392% (5913.26 / 37098.9 KB) | LR: 0.000775763 | TEMP: 1.29294
  Train -> TL: 4.26119 | ATL: 4.63759 | TPPL: 103.296 | ENT: 5.84043b | CERT: 14.9356% | SURP: 6.70664b
  Val   -> VL: 4.88684 | AVL: 4.87159 | VPPL: 130.528 | VENT: 6.63417b | VCERT: 11.433% | VSURP: 7.66988b

[GeoMind CAUSAL CE Stream] Ep 1.0/Inf | D[1.0/10.0] | 15.9841% (5929.95 / 37098.9 KB) | LR: 0.000776948 | TEMP: 1.29491
  Train -> TL: 4.7852 | ATL: 4.63802 | TPPL: 103.34 | ENT: 6.36546b | CERT: 10.4124% | SURP: 7.37921b
  Val   -> VL: 4.88155 | AVL: 4.87209 | VPPL: 130.593 | VENT: 6.67206b | VCERT: 10.8301% | VSURP: 7.66685b

[GeoMind CAUSAL CE Stream] Ep 1.0/Inf | D[1.0/10.0] | 16.0655% (5960.12 / 37098.9 KB) | LR: 0.00077804 | TEMP: 1.29673
  Train -> TL: 4.6683 | ATL: 4.6382 | TPPL: 103.358 | ENT: 6.22989b | CERT: 11.0591% | SURP: 7.23213b
  Val   -> VL: 4.88829 | AVL: 4.8729 | VPPL: 130.699 | VENT: 6.66971b | VCERT: 10.4658% | VSURP: 7.68904b

[GeoMind CAUSAL CE Stream] Ep 1.0/Inf | D[1.0/10.0] | 16.0857% (5967.6 / 37098.9 KB) | LR: 0.000779061 | TEMP: 1.29844
  Train -> TL: 4.6753 | ATL: 4.63825 | TPPL: 103.363 | ENT: 6.38057b | CERT: 9.91008% | SURP: 7.23713b
  Val   -> VL: 4.88756 | AVL: 4.87363 | VPPL: 130.795 | VENT: 6.69424b | VCERT: 10.0843% | VSURP: 7.6936b

[GeoMind CAUSAL CE Stream] Ep 1.0/Inf | D[1.0/10.0] | 16.1144% (5978.28 / 37098.9 KB) | LR: 0.000780047 | TEMP: 1.30008
  Train -> TL: 4.51208 | ATL: 4.63803 | TPPL: 103.34 | ENT: 6.04881b | CERT: 12.52% | SURP: 7.0177b
  Val   -> VL: 4.88682 | AVL: 4.87429 | VPPL: 130.881 | VENT: 6.68357b | VCERT: 10.1448% | VSURP: 7.68887b

[GeoMind CAUSAL CE Stream] Ep 1.0/Inf | D[1.0/10.0] | 16.1408% (5988.07 / 37098.9 KB) | LR: 0.000781028 | TEMP: 1.30171
  Train -> TL: 4.48909 | ATL: 4.63783 | TPPL: 103.32 | ENT: 5.97419b | CERT: 11.4241% | SURP: 6.98119b
  Val   -> VL: 4.89149 | AVL: 4.87515 | VPPL: 130.994 | VENT: 6.66552b | VCERT: 10.1241% | VSURP: 7.69595b

[GeoMind CAUSAL CE Stream] Ep 1.0/Inf | D[1.0/10.0] | 16.2052% (6011.96 / 37098.9 KB) | LR: 0.000782058 | TEMP: 1.30343
  Train -> TL: 4.48363 | ATL: 4.63727 | TPPL: 103.262 | ENT: 6.25833b | CERT: 10.7497% | SURP: 7.00635b
  Val   -> VL: 4.89299 | AVL: 4.87604 | VPPL: 131.111 | VENT: 6.63059b | VCERT: 10.3785% | VSURP: 7.68939b

[GeoMind CAUSAL CE Stream] Ep 1.0/Inf | D[1.0/10.0] | 16.2629% (6033.36 / 37098.9 KB) | LR: 0.000783099 | TEMP: 1.30516
  Train -> TL: 4.5198 | ATL: 4.63682 | TPPL: 103.215 | ENT: 6.11296b | CERT: 10.9741% | SURP: 7.07715b
  Val   -> VL: 4.89147 | AVL: 4.87681 | VPPL: 131.212 | VENT: 6.62269b | VCERT: 10.4521% | VSURP: 7.67818b

[GeoMind CAUSAL CE Stream] Ep 1.0/Inf | D[1.0/10.0] | 16.3069% (6049.68 / 37098.9 KB) | LR: 0.000784152 | TEMP: 1.30692
  Train -> TL: 4.47591 | ATL: 4.63642 | TPPL: 103.174 | ENT: 5.98226b | CERT: 10.8403% | SURP: 7.0846b
  Val   -> VL: 4.89376 | AVL: 4.87766 | VPPL: 131.323 | VENT: 6.58727b | VCERT: 10.7498% | VSURP: 7.67505b

[GeoMind CAUSAL CE Stream] Ep 1.0/Inf | D[1.0/10.0] | 16.3319% (6058.97 / 37098.9 KB) | LR: 0.000785151 | TEMP: 1.30858
  Train -> TL: 4.64594 | ATL: 4.63643 | TPPL: 103.175 | ENT: 6.28912b | CERT: 10.1841% | SURP: 7.14793b
  Val   -> VL: 4.89331 | AVL: 4.87844 | VPPL: 131.426 | VENT: 6.61229b | VCERT: 10.3322% | VSURP: 7.67806b

[GeoMind CAUSAL CE Stream] Ep 1.0/Inf | D[1.0/10.0] | 16.3719% (6073.79 / 37098.9 KB) | LR: 0.000786327 | TEMP: 1.31055
  Train -> TL: 4.22992 | ATL: 4.63556 | TPPL: 103.085 | ENT: 6.15131b | CERT: 10.1254% | SURP: 6.72246b
  Val   -> VL: 4.90947 | AVL: 4.87999 | VPPL: 131.63 | VENT: 6.54578b | VCERT: 10.7489% | VSURP: 7.69618b

[GeoMind CAUSAL CE Stream] Ep 1.0/Inf | D[1.0/10.0] | 16.4039% (6085.68 / 37098.9 KB) | LR: 0.000787472 | TEMP: 1.31245
  Train -> TL: 4.78931 | ATL: 4.63581 | TPPL: 103.112 | ENT: 6.20482b | CERT: 9.94165% | SURP: 7.35261b
  Val   -> VL: 4.90665 | AVL: 4.88133 | VPPL: 131.806 | VENT: 6.56778b | VCERT: 10.5611% | VSURP: 7.69397b

[GeoMind CAUSAL CE Stream] Ep 1.0/Inf | D[1.0/10.0] | 16.5188% (6128.3 / 37098.9 KB) | LR: 0.000788527 | TEMP: 1.31421
  Train -> TL: 4.70246 | ATL: 4.63629 | TPPL: 103.16 | ENT: 6.35939b | CERT: 10.1177% | SURP: 7.28407b
  Val   -> VL: 4.90282 | AVL: 4.8824 | VPPL: 131.947 | VENT: 6.57676b | VCERT: 9.78233% | VSURP: 7.70137b

[GeoMind CAUSAL CE Stream] Ep 1.0/Inf | D[1.0/10.0] | 16.5766% (6149.74 / 37098.9 KB) | LR: 0.000789482 | TEMP: 1.3158
  Train -> TL: 4.55409 | ATL: 4.63598 | TPPL: 103.129 | ENT: 6.09348b | CERT: 11.9671% | SURP: 7.1591b
  Val   -> VL: 4.88499 | AVL: 4.88253 | VPPL: 131.964 | VENT: 6.60399b | VCERT: 10.2083% | VSURP: 7.66577b

[GeoMind CAUSAL CE Stream] Ep 1.0/Inf | D[1.0/10.0] | 16.6157% (6164.25 / 37098.9 KB) | LR: 0.000790396 | TEMP: 1.31733
  Train -> TL: 4.37792 | ATL: 4.63542 | TPPL: 103.072 | ENT: 6.26525b | CERT: 10.4404% | SURP: 6.96512b
  Val   -> VL: 4.88642 | AVL: 4.88273 | VPPL: 131.99 | VENT: 6.57209b | VCERT: 10.3257% | VSURP: 7.6598b

[GeoMind CAUSAL CE Stream] Ep 1.0/Inf | D[1.0/10.0] | 16.6336% (6170.9 / 37098.9 KB) | LR: 0.000791216 | TEMP: 1.31869
  Train -> TL: 4.58966 | ATL: 4.63537 | TPPL: 103.066 | ENT: 6.31327b | CERT: 10.7747% | SURP: 7.19089b
  Val   -> VL: 4.88807 | AVL: 4.88299 | VPPL: 132.025 | VENT: 6.5562b | VCERT: 10.5457% | VSURP: 7.65964b

[GeoMind CAUSAL CE Stream] Ep 1.0/Inf | D[1.0/10.0] | 16.6597% (6180.58 / 37098.9 KB) | LR: 0.000792034 | TEMP: 1.32006
  Train -> TL: 4.31126 | ATL: 4.63488 | TPPL: 103.015 | ENT: 6.09194b | CERT: 11.4185% | SURP: 6.92334b
  Val   -> VL: 4.89122 | AVL: 4.8834 | VPPL: 132.08 | VENT: 6.52908b | VCERT: 10.6614% | VSURP: 7.65937b

[GeoMind CAUSAL CE Stream] Ep 1.0/Inf | D[1.0/10.0] | 16.7215% (6203.49 / 37098.9 KB) | LR: 0.000792742 | TEMP: 1.32124
  Train -> TL: 4.71358 | ATL: 4.63519 | TPPL: 103.048 | ENT: 6.24315b | CERT: 10.2529% | SURP: 7.31297b
  Val   -> VL: 4.89139 | AVL: 4.8838 | VPPL: 132.132 | VENT: 6.53492b | VCERT: 10.9287% | VSURP: 7.67186b

[GeoMind CAUSAL CE Stream] Ep 1.0/Inf | D[1.0/10.0] | 16.751% (6214.42 / 37098.9 KB) | LR: 0.00079348 | TEMP: 1.32247
  Train -> TL: 4.27137 | ATL: 4.63463 | TPPL: 102.99 | ENT: 6.00132b | CERT: 12.6626% | SURP: 6.87366b
  Val   -> VL: 4.893 | AVL: 4.88426 | VPPL: 132.193 | VENT: 6.48976b | VCERT: 11.2963% | VSURP: 7.65712b

[GeoMind CAUSAL CE Stream] Ep 1.0/Inf | D[1.0/10.0] | 16.7791% (6224.86 / 37098.9 KB) | LR: 0.000794283 | TEMP: 1.32381
  Train -> TL: 4.37363 | ATL: 4.63407 | TPPL: 102.932 | ENT: 6.00665b | CERT: 12.1458% | SURP: 6.94396b
  Val   -> VL: 4.8988 | AVL: 4.88499 | VPPL: 132.289 | VENT: 6.49547b | VCERT: 10.7404% | VSURP: 7.67006b

[GeoMind CAUSAL CE Stream] Ep 1.0/Inf | D[1.0/10.0] | 16.7989% (6232.22 / 37098.9 KB) | LR: 0.000795137 | TEMP: 1.32523
  Train -> TL: 4.50343 | ATL: 4.63388 | TPPL: 102.912 | ENT: 6.27124b | CERT: 10.7835% | SURP: 7.11663b
  Val   -> VL: 4.90672 | AVL: 4.88608 | VPPL: 132.433 | VENT: 6.4816b | VCERT: 10.5819% | VSURP: 7.68585b

[GeoMind CAUSAL CE Stream] Ep 1.0/Inf | D[1.0/10.0] | 16.8166% (6238.79 / 37098.9 KB) | LR: 0.000796146 | TEMP: 1.32691
  Train -> TL: 4.38496 | ATL: 4.63357 | TPPL: 102.881 | ENT: 6.3037b | CERT: 12.2895% | SURP: 7.06345b
  Val   -> VL: 4.92175 | AVL: 4.88786 | VPPL: 132.669 | VENT: 6.44193b | VCERT: 10.8297% | VSURP: 7.70703b

[GeoMind CAUSAL CE Stream] Ep 1.0/Inf | D[1.0/10.0] | 16.8372% (6246.43 / 37098.9 KB) | LR: 0.000797455 | TEMP: 1.32909
  Train -> TL: 4.22142 | ATL: 4.63301 | TPPL: 102.823 | ENT: 5.89847b | CERT: 20.3592% | SURP: 6.74803b
  Val   -> VL: 4.94358 | AVL: 4.89065 | VPPL: 133.04 | VENT: 6.36857b | VCERT: 11.8094% | VSURP: 7.73594b

[GeoMind CAUSAL CE Stream] Ep 1.0/Inf | D[1.0/10.0] | 16.8582% (6254.21 / 37098.9 KB) | LR: 0.000799005 | TEMP: 1.33168
  Train -> TL: 4.57422 | ATL: 4.63293 | TPPL: 102.815 | ENT: 5.92277b | CERT: 17.9305% | SURP: 7.15893b
  Val   -> VL: 4.95383 | AVL: 4.89381 | VPPL: 133.461 | VENT: 6.36048b | VCERT: 11.7733% | VSURP: 7.75826b

[GeoMind CAUSAL CE Stream] Ep 1.0/Inf | D[1.0/10.0] | 16.8963% (6268.34 / 37098.9 KB) | LR: 0.000800654 | TEMP: 1.33442
  Train -> TL: 4.59249 | ATL: 4.63283 | TPPL: 102.804 | ENT: 6.05956b | CERT: 13.6511% | SURP: 7.1965b
  Val   -> VL: 4.95671 | AVL: 4.89695 | VPPL: 133.881 | VENT: 6.3437b | VCERT: 11.5594% | VSURP: 7.76554b

[GeoMind CAUSAL CE Stream] Ep 1.0/Inf | D[1.0/10.0] | 16.9548% (6290.04 / 37098.9 KB) | LR: 0.000802056 | TEMP: 1.33676
  Train -> TL: 4.70701 | ATL: 4.63308 | TPPL: 102.83 | ENT: 6.10781b | CERT: 10.2325% | SURP: 7.30657b
  Val   -> VL: 4.93591 | AVL: 4.8989 | VPPL: 134.142 | VENT: 6.40904b | VCERT: 11.0445% | VSURP: 7.73617b

[GeoMind CAUSAL CE Stream] Ep 1.0/Inf | D[1.0/10.0] | 17.0059% (6309 / 37098.9 KB) | LR: 0.000803248 | TEMP: 1.33875
  Train -> TL: 4.80442 | ATL: 4.63361 | TPPL: 102.885 | ENT: 6.30687b | CERT: 9.62584% | SURP: 7.31652b
  Val   -> VL: 4.90931 | AVL: 4.89942 | VPPL: 134.212 | VENT: 6.49478b | VCERT: 10.5901% | VSURP: 7.6955b

[GeoMind CAUSAL CE Stream] Ep 1.0/Inf | D[1.0/10.0] | 17.0656% (6331.16 / 37098.9 KB) | LR: 0.000804261 | TEMP: 1.34043
  Train -> TL: 4.38589 | ATL: 4.63291 | TPPL: 102.812 | ENT: 6.05013b | CERT: 11.6898% | SURP: 6.86885b
  Val   -> VL: 4.90696 | AVL: 4.8998 | VPPL: 134.262 | VENT: 6.46776b | VCERT: 10.7865% | VSURP: 7.68867b

[GeoMind CAUSAL CE Stream] Ep 1.0/Inf | D[1.0/10.0] | 17.1343% (6356.64 / 37098.9 KB) | LR: 0.000805122 | TEMP: 1.34187
  Train -> TL: 4.50782 | ATL: 4.63244 | TPPL: 102.764 | ENT: 6.05118b | CERT: 10.9805% | SURP: 7.00783b
  Val   -> VL: 4.90585 | AVL: 4.9001 | VPPL: 134.303 | VENT: 6.45382b | VCERT: 11.1163% | VSURP: 7.683b

[GeoMind CAUSAL CE Stream] Ep 1.0/Inf | D[1.0/10.0] | 17.2166% (6387.18 / 37098.9 KB) | LR: 0.000805853 | TEMP: 1.34309
  Train -> TL: 4.69562 | ATL: 4.63272 | TPPL: 102.793 | ENT: 6.15218b | CERT: 11.0094% | SURP: 7.25736b
  Val   -> VL: 4.90171 | AVL: 4.90018 | VPPL: 134.314 | VENT: 6.46907b | VCERT: 11.6181% | VSURP: 7.66901b

[GeoMind CAUSAL CE Stream] Ep 1.0/Inf | D[1.0/10.0] | 17.2485% (6399.01 / 37098.9 KB) | LR: 0.000806475 | TEMP: 1.34413
  Train -> TL: 4.52907 | ATL: 4.63254 | TPPL: 102.775 | ENT: 5.98583b | CERT: 13.2678% | SURP: 6.90583b
  Val   -> VL: 4.91088 | AVL: 4.90071 | VPPL: 134.386 | VENT: 6.42473b | VCERT: 12.1913% | VSURP: 7.68419b

[GeoMind CAUSAL CE Stream] Ep 1.0/Inf | D[1.0/10.0] | 17.3496% (6436.5 / 37098.9 KB) | LR: 0.000807004 | TEMP: 1.34501
  Train -> TL: 4.46678 | ATL: 4.63159 | TPPL: 102.677 | ENT: 6.03409b | CERT: 13.1369% | SURP: 6.97058b
  Val   -> VL: 4.91217 | AVL: 4.90129 | VPPL: 134.463 | VENT: 6.33171b | VCERT: 13.5398% | VSURP: 7.67081b

[GeoMind CAUSAL CE Stream] Ep 1.0/Inf | D[1.0/10.0] | 17.4112% (6459.38 / 37098.9 KB) | LR: 0.000807453 | TEMP: 1.34576
  Train -> TL: 4.44359 | ATL: 4.6309 | TPPL: 102.606 | ENT: 5.94909b | CERT: 14.2379% | SURP: 6.92449b
  Val   -> VL: 4.91333 | AVL: 4.90189 | VPPL: 134.544 | VENT: 6.31205b | VCERT: 13.4168% | VSURP: 7.67281b

[GeoMind CAUSAL CE Stream] Ep 1.0/Inf | D[1.0/10.0] | 17.4842% (6486.47 / 37098.9 KB) | LR: 0.000807835 | TEMP: 1.34639
  Train -> TL: 4.43505 | ATL: 4.63015 | TPPL: 102.53 | ENT: 5.8353b | CERT: 12.8871% | SURP: 6.97819b
  Val   -> VL: 4.90865 | AVL: 4.90223 | VPPL: 134.589 | VENT: 6.35823b | VCERT: 12.3573% | VSURP: 7.67044b

[GeoMind CAUSAL CE Stream] Ep 1.0/Inf | D[1.0/10.0] | 17.5426% (6508.1 / 37098.9 KB) | LR: 0.00080816 | TEMP: 1.34693
  Train -> TL: 4.58747 | ATL: 4.63 | TPPL: 102.514 | ENT: 6.06087b | CERT: 11.7672% | SURP: 7.16051b
  Val   -> VL: 4.90321 | AVL: 4.90228 | VPPL: 134.596 | VENT: 6.39379b | VCERT: 11.8011% | VSURP: 7.66697b

[GeoMind CAUSAL CE Stream] Ep 1.0/Inf | D[1.0/10.0] | 17.5992% (6529.11 / 37098.9 KB) | LR: 0.000808436 | TEMP: 1.34739
  Train -> TL: 4.43443 | ATL: 4.62937 | TPPL: 102.45 | ENT: 5.81835b | CERT: 12.7279% | SURP: 6.93141b
  Val   -> VL: 4.90682 | AVL: 4.9025 | VPPL: 134.626 | VENT: 6.37658b | VCERT: 11.706% | VSURP: 7.66863b

[GeoMind CAUSAL CE Stream] Ep 1.0/Inf | D[1.0/10.0] | 17.6586% (6551.15 / 37098.9 KB) | LR: 0.000808671 | TEMP: 1.34778
  Train -> TL: 4.5974 | ATL: 4.62927 | TPPL: 102.439 | ENT: 6.05193b | CERT: 12.1137% | SURP: 7.20777b
  Val   -> VL: 4.90729 | AVL: 4.90274 | VPPL: 134.659 | VENT: 6.3877b | VCERT: 11.4118% | VSURP: 7.6726b

[GeoMind CAUSAL CE Stream] Ep 1.0/Inf | D[1.0/10.0] | 17.6951% (6564.68 / 37098.9 KB) | LR: 0.00080887 | TEMP: 1.34812
  Train -> TL: 4.65228 | ATL: 4.62931 | TPPL: 102.444 | ENT: 5.86672b | CERT: 13.3958% | SURP: 7.02549b
  Val   -> VL: 4.90476 | AVL: 4.90284 | VPPL: 134.672 | VENT: 6.38684b | VCERT: 11.6231% | VSURP: 7.66565b

[GeoMind CAUSAL CE Stream] Ep 1.0/Inf | D[1.0/10.0] | 17.7523% (6585.93 / 37098.9 KB) | LR: 0.00080904 | TEMP: 1.3484
  Train -> TL: 4.46045 | ATL: 4.62883 | TPPL: 102.395 | ENT: 5.96264b | CERT: 13.0101% | SURP: 7.09044b
  Val   -> VL: 4.90921 | AVL: 4.90316 | VPPL: 134.715 | VENT: 6.34919b | VCERT: 11.8988% | VSURP: 7.66541b

[GeoMind CAUSAL CE Stream] Ep 1.0/Inf | D[1.0/10.0] | 17.7941% (6601.42 / 37098.9 KB) | LR: 0.000809184 | TEMP: 1.34864
  Train -> TL: 4.48738 | ATL: 4.62842 | TPPL: 102.352 | ENT: 6.09763b | CERT: 11.6716% | SURP: 6.9302b
  Val   -> VL: 4.91012 | AVL: 4.90351 | VPPL: 134.762 | VENT: 6.36614b | VCERT: 11.9093% | VSURP: 7.6874b

[GeoMind CAUSAL CE Stream] Ep 1.0/Inf | D[1.0/10.0] | 17.872% (6630.34 / 37098.9 KB) | LR: 0.000809306 | TEMP: 1.34884
  Train -> TL: 4.42886 | ATL: 4.62772 | TPPL: 102.28 | ENT: 5.91683b | CERT: 13.6336% | SURP: 6.9539b
  Val   -> VL: 4.91751 | AVL: 4.90421 | VPPL: 134.856 | VENT: 6.307b | VCERT: 12.5531% | VSURP: 7.67981b

[GeoMind CAUSAL CE Stream] Ep 1.0/Inf | D[1.0/10.0] | 17.9056% (6642.79 / 37098.9 KB) | LR: 0.00080941 | TEMP: 1.34902
  Train -> TL: 4.43797 | ATL: 4.62736 | TPPL: 102.244 | ENT: 5.95314b | CERT: 12.3202% | SURP: 6.96846b
  Val   -> VL: 4.91657 | AVL: 4.90483 | VPPL: 134.94 | VENT: 6.32507b | VCERT: 12.0434% | VSURP: 7.68206b

[GeoMind CAUSAL CE Stream] Ep 1.0/Inf | D[1.0/10.0] | 17.9557% (6661.37 / 37098.9 KB) | LR: 0.000809499 | TEMP: 1.34916
  Train -> TL: 4.64028 | ATL: 4.6274 | TPPL: 102.248 | ENT: 6.12297b | CERT: 10.8847% | SURP: 7.18979b
  Val   -> VL: 4.90834 | AVL: 4.905 | VPPL: 134.963 | VENT: 6.37452b | VCERT: 11.3243% | VSURP: 7.68593b

[GeoMind CAUSAL CE Stream] Ep 1.0/Inf | D[1.0/10.0] | 18.0204% (6685.37 / 37098.9 KB) | LR: 0.000809574 | TEMP: 1.34929
  Train -> TL: 4.80912 | ATL: 4.62811 | TPPL: 102.32 | ENT: 6.31804b | CERT: 9.6898% | SURP: 7.45801b
  Val   -> VL: 4.90854 | AVL: 4.90518 | VPPL: 134.987 | VENT: 6.38354b | VCERT: 11.4485% | VSURP: 7.68427b

[GeoMind CAUSAL CE Stream] Ep 1.0/Inf | D[1.0/10.0] | 18.0773% (6706.47 / 37098.9 KB) | LR: 0.000809638 | TEMP: 1.3494
  Train -> TL: 4.57926 | ATL: 4.62796 | TPPL: 102.305 | ENT: 5.96761b | CERT: 12.5756% | SURP: 7.04042b
  Val   -> VL: 4.8994 | AVL: 4.90489 | VPPL: 134.948 | VENT: 6.37139b | VCERT: 11.8849% | VSURP: 7.66492b

[GeoMind CAUSAL CE Stream] Ep 1.0/Inf | D[1.0/10.0] | 18.1608% (6737.45 / 37098.9 KB) | LR: 0.000809692 | TEMP: 1.34949
  Train -> TL: 4.45983 | ATL: 4.62728 | TPPL: 102.236 | ENT: 5.8943b | CERT: 13.1132% | SURP: 6.92115b
  Val   -> VL: 4.9054 | AVL: 4.90492 | VPPL: 134.952 | VENT: 6.33343b | VCERT: 12.4605% | VSURP: 7.66438b

[GeoMind CAUSAL CE Stream] Ep 1.0/Inf | D[1.0/10.0] | 18.225% (6761.29 / 37098.9 KB) | LR: 0.000809738 | TEMP: 1.34956
  Train -> TL: 4.40969 | ATL: 4.62649 | TPPL: 102.154 | ENT: 5.92659b | CERT: 13.1065% | SURP: 6.87761b
  Val   -> VL: 4.90668 | AVL: 4.90501 | VPPL: 134.964 | VENT: 6.32959b | VCERT: 12.2891% | VSURP: 7.6694b

[GeoMind CAUSAL CE Stream] Ep 1.0/Inf | D[1.0/10.0] | 18.2809% (6782.03 / 37098.9 KB) | LR: 0.000809778 | TEMP: 1.34963
  Train -> TL: 4.29174 | ATL: 4.6254 | TPPL: 102.044 | ENT: 5.6793b | CERT: 14.1301% | SURP: 6.72567b
  Val   -> VL: 4.90506 | AVL: 4.90501 | VPPL: 134.964 | VENT: 6.31809b | VCERT: 12.5835% | VSURP: 7.67273b

[GeoMind CAUSAL CE Stream] Ep 1.0/Inf | D[1.0/10.0] | 18.3189% (6796.1 / 37098.9 KB) | LR: 0.000809811 | TEMP: 1.34968
  Train -> TL: 4.5679 | ATL: 4.62529 | TPPL: 102.033 | ENT: 5.98892b | CERT: 12.5123% | SURP: 7.25531b
  Val   -> VL: 4.90832 | AVL: 4.90517 | VPPL: 134.986 | VENT: 6.30998b | VCERT: 12.5664% | VSURP: 7.67104b

[GeoMind CAUSAL CE Stream] Ep 1.0/Inf | D[1.0/10.0] | 18.428% (6836.6 / 37098.9 KB) | LR: 0.000809839 | TEMP: 1.34973
  Train -> TL: 4.09622 | ATL: 4.6218 | TPPL: 101.677 | ENT: 5.50485b | CERT: 15.8301% | SURP: 6.35595b
  Val   -> VL: 4.93249 | AVL: 4.90654 | VPPL: 135.171 | VENT: 6.19463b | VCERT: 14.1896% | VSURP: 7.70533b

[GeoMind CAUSAL CE Stream] Ep 1.0/Inf | D[1.0/10.0] | 18.4805% (6856.07 / 37098.9 KB) | LR: 0.000809863 | TEMP: 1.34977
  Train -> TL: 4.45353 | ATL: 4.62133 | TPPL: 101.63 | ENT: 5.7399b | CERT: 14.8844% | SURP: 6.9919b
  Val   -> VL: 4.91846 | AVL: 4.90714 | VPPL: 135.251 | VENT: 6.28434b | VCERT: 12.5906% | VSURP: 7.69301b

[GeoMind CAUSAL CE Stream] Ep 1.0/Inf | D[1.0/10.0] | 18.5377% (6877.3 / 37098.9 KB) | LR: 0.000809884 | TEMP: 1.34981
  Train -> TL: 4.58336 | ATL: 4.62123 | TPPL: 101.619 | ENT: 5.83686b | CERT: 13.1039% | SURP: 7.11288b
  Val   -> VL: 4.90566 | AVL: 4.90706 | VPPL: 135.241 | VENT: 6.34817b | VCERT: 11.6666% | VSURP: 7.6739b

[GeoMind CAUSAL CE Stream] Ep 1.0/Inf | D[1.0/10.0] | 18.5703% (6889.39 / 37098.9 KB) | LR: 0.000809901 | TEMP: 1.34984
  Train -> TL: 4.58887 | ATL: 4.62118 | TPPL: 101.613 | ENT: 5.97813b | CERT: 12.0152% | SURP: 7.23076b
  Val   -> VL: 4.90533 | AVL: 4.90698 | VPPL: 135.23 | VENT: 6.34397b | VCERT: 11.6548% | VSURP: 7.67215b

[GeoMind CAUSAL CE Stream] Ep 1.0/Inf | D[1.0/10.0] | 18.6436% (6916.59 / 37098.9 KB) | LR: 0.000809916 | TEMP: 1.34986
  Train -> TL: 4.60535 | ATL: 4.62112 | TPPL: 101.607 | ENT: 5.91692b | CERT: 11.6505% | SURP: 7.13054b
  Val   -> VL: 4.90357 | AVL: 4.9068 | VPPL: 135.207 | VENT: 6.33922b | VCERT: 11.8727% | VSURP: 7.67201b

[GeoMind CAUSAL CE Stream] Ep 1.0/Inf | D[1.0/10.0] | 18.7037% (6938.89 / 37098.9 KB) | LR: 0.000809929 | TEMP: 1.34988
  Train -> TL: 4.34424 | ATL: 4.6202 | TPPL: 101.514 | ENT: 5.83342b | CERT: 13.2294% | SURP: 6.85987b
  Val   -> VL: 4.91712 | AVL: 4.90732 | VPPL: 135.276 | VENT: 6.24902b | VCERT: 13.0345% | VSURP: 7.67874b

[GeoMind CAUSAL CE Stream] Ep 1.0/Inf | D[1.0/10.0] | 18.7565% (6958.46 / 37098.9 KB) | LR: 0.000809939 | TEMP: 1.3499
  Train -> TL: 4.61719 | ATL: 4.62019 | TPPL: 101.513 | ENT: 5.79216b | CERT: 13.3795% | SURP: 7.10526b
  Val   -> VL: 4.90682 | AVL: 4.9073 | VPPL: 135.273 | VENT: 6.32034b | VCERT: 11.67% | VSURP: 7.67764b

[GeoMind CAUSAL CE Stream] Ep 1.0/Inf | D[1.0/10.0] | 18.8126% (6979.26 / 37098.9 KB) | LR: 0.000809948 | TEMP: 1.34991
  Train -> TL: 4.40851 | ATL: 4.61954 | TPPL: 101.448 | ENT: 5.90086b | CERT: 12.8578% | SURP: 6.95522b
  Val   -> VL: 4.90799 | AVL: 4.90733 | VPPL: 135.278 | VENT: 6.26022b | VCERT: 12.8026% | VSURP: 7.66928b

[GeoMind CAUSAL CE Stream] Ep 1.0/Inf | D[1.0/10.0] | 18.8773% (7003.26 / 37098.9 KB) | LR: 0.000809956 | TEMP: 1.34993
  Train -> TL: 4.76909 | ATL: 4.61996 | TPPL: 101.49 | ENT: 5.90665b | CERT: 11.9574% | SURP: 7.36238b
  Val   -> VL: 4.90218 | AVL: 4.90707 | VPPL: 135.243 | VENT: 6.33318b | VCERT: 11.793% | VSURP: 7.6716b

[GeoMind CAUSAL CE Stream] Ep 1.0/Inf | D[1.0/10.0] | 18.8936% (7009.31 / 37098.9 KB) | LR: 0.000809963 | TEMP: 1.34994
  Train -> TL: 4.51209 | ATL: 4.61986 | TPPL: 101.48 | ENT: 5.8448b | CERT: 12.2083% | SURP: 7.03693b
  Val   -> VL: 4.90328 | AVL: 4.90688 | VPPL: 135.217 | VENT: 6.3306b | VCERT: 11.7261% | VSURP: 7.67307b

[GeoMind CAUSAL CE Stream] Ep 1.0/Inf | D[1.0/10.0] | 18.971% (7038.04 / 37098.9 KB) | LR: 0.000809968 | TEMP: 1.34995
  Train -> TL: 4.34351 | ATL: 4.61859 | TPPL: 101.352 | ENT: 5.85725b | CERT: 12.8818% | SURP: 6.801b
  Val   -> VL: 4.92749 | AVL: 4.90791 | VPPL: 135.357 | VENT: 6.27035b | VCERT: 12.2819% | VSURP: 7.72383b

[GeoMind CAUSAL CE Stream] Ep 1.0/Inf | D[1.0/10.0] | 19.0519% (7068.05 / 37098.9 KB) | LR: 0.000809973 | TEMP: 1.34996
  Train -> TL: 4.55654 | ATL: 4.61836 | TPPL: 101.327 | ENT: 5.98024b | CERT: 11.558% | SURP: 7.08408b
  Val   -> VL: 4.91683 | AVL: 4.90836 | VPPL: 135.417 | VENT: 6.30598b | VCERT: 11.7249% | VSURP: 7.69568b

[GeoMind CAUSAL CE Stream] Ep 1.0/Inf | D[1.0/10.0] | 19.0857% (7080.59 / 37098.9 KB) | LR: 0.000809977 | TEMP: 1.34996
  Train -> TL: 4.5445 | ATL: 4.61823 | TPPL: 101.314 | ENT: 5.91675b | CERT: 12.2073% | SURP: 7.21225b
  Val   -> VL: 4.91412 | AVL: 4.90865 | VPPL: 135.456 | VENT: 6.30244b | VCERT: 11.9336% | VSURP: 7.68599b

[GeoMind CAUSAL CE Stream] Ep 1.0/Inf | D[1.0/10.0] | 19.1313% (7097.5 / 37098.9 KB) | LR: 0.000809981 | TEMP: 1.34997
  Train -> TL: 4.5877 | ATL: 4.61816 | TPPL: 101.307 | ENT: 5.94792b | CERT: 11.4821% | SURP: 7.13912b
  Val   -> VL: 4.91178 | AVL: 4.9088 | VPPL: 135.477 | VENT: 6.34295b | VCERT: 11.573% | VSURP: 7.6895b

[GeoMind CAUSAL CE Stream] Ep 1.0/Inf | D[1.0/10.0] | 19.2099% (7126.65 / 37098.9 KB) | LR: 0.000809983 | TEMP: 1.34997
  Train -> TL: 4.58645 | ATL: 4.61803 | TPPL: 101.294 | ENT: 5.99006b | CERT: 12.6739% | SURP: 7.13928b
  Val   -> VL: 4.91557 | AVL: 4.90914 | VPPL: 135.523 | VENT: 6.30161b | VCERT: 12.3841% | VSURP: 7.68846b

[GeoMind CAUSAL CE Stream] Ep 1.0/Inf | D[1.0/10.0] | 19.2687% (7148.48 / 37098.9 KB) | LR: 0.000809986 | TEMP: 1.34998
  Train -> TL: 4.81015 | ATL: 4.61859 | TPPL: 101.351 | ENT: 6.23145b | CERT: 11.0373% | SURP: 7.4112b
  Val   -> VL: 4.90127 | AVL: 4.90875 | VPPL: 135.47 | VENT: 6.38223b | VCERT: 11.6711% | VSURP: 7.66832b

[GeoMind CAUSAL CE Stream] Ep 1.0/Inf | D[1.0/10.0] | 19.3458% (7177.09 / 37098.9 KB) | LR: 0.000809988 | TEMP: 1.34998
  Train -> TL: 4.54245 | ATL: 4.61828 | TPPL: 101.32 | ENT: 6.05702b | CERT: 12.6949% | SURP: 7.12711b
  Val   -> VL: 4.90949 | AVL: 4.90879 | VPPL: 135.475 | VENT: 6.2981b | VCERT: 12.9957% | VSURP: 7.67367b

[GeoMind CAUSAL CE Stream] Ep 1.0/Inf | D[1.0/10.0] | 19.4462% (7214.33 / 37098.9 KB) | LR: 0.00080999 | TEMP: 1.34998
  Train -> TL: 4.59313 | ATL: 4.61817 | TPPL: 101.308 | ENT: 5.77516b | CERT: 13.5783% | SURP: 7.10673b
  Val   -> VL: 4.90213 | AVL: 4.90845 | VPPL: 135.43 | VENT: 6.35755b | VCERT: 11.6021% | VSURP: 7.67402b

[GeoMind CAUSAL CE Stream] Ep 1.0/Inf | D[1.0/10.0] | 19.5047% (7236.05 / 37098.9 KB) | LR: 0.000809991 | TEMP: 1.34999
  Train -> TL: 4.87737 | ATL: 4.61897 | TPPL: 101.389 | ENT: 6.19803b | CERT: 11.6211% | SURP: 7.31191b
  Val   -> VL: 4.89831 | AVL: 4.90795 | VPPL: 135.361 | VENT: 6.387b | VCERT: 11.5004% | VSURP: 7.66265b

[GeoMind CAUSAL CE Stream] Ep 1.0/Inf | D[1.0/10.0] | 19.5915% (7268.25 / 37098.9 KB) | LR: 0.000809993 | TEMP: 1.34999
  Train -> TL: 4.56306 | ATL: 4.61874 | TPPL: 101.366 | ENT: 6.09494b | CERT: 11.8655% | SURP: 7.13819b
  Val   -> VL: 4.89039 | AVL: 4.90707 | VPPL: 135.242 | VENT: 6.39835b | VCERT: 11.4222% | VSURP: 7.65259b

[GeoMind CAUSAL CE Stream] Ep 1.0/Inf | D[1.0/10.0] | 19.6808% (7301.35 / 37098.9 KB) | LR: 0.000809994 | TEMP: 1.34999
  Train -> TL: 3.92991 | ATL: 4.61574 | TPPL: 101.062 | ENT: 5.60683b | CERT: 15.6929% | SURP: 6.32668b
  Val   -> VL: 4.92593 | AVL: 4.90801 | VPPL: 135.37 | VENT: 6.20878b | VCERT: 12.549% | VSURP: 7.68867b

[GeoMind CAUSAL CE Stream] Ep 1.0/Inf | D[1.0/10.0] | 19.8143% (7350.9 / 37098.9 KB) | LR: 0.000809995 | TEMP: 1.34999
  Train -> TL: 4.41086 | ATL: 4.61449 | TPPL: 100.937 | ENT: 5.80546b | CERT: 13.6501% | SURP: 6.9598b
  Val   -> VL: 4.93538 | AVL: 4.90938 | VPPL: 135.555 | VENT: 6.23006b | VCERT: 12.4489% | VSURP: 7.72264b

[GeoMind CAUSAL CE Stream] Ep 1.0/Inf | D[1.0/10.0] | 19.8633% (7369.06 / 37098.9 KB) | LR: 0.000809995 | TEMP: 1.34999
  Train -> TL: 4.36869 | ATL: 4.61386 | TPPL: 100.873 | ENT: 5.78052b | CERT: 12.5666% | SURP: 6.91083b
  Val   -> VL: 4.92573 | AVL: 4.9102 | VPPL: 135.666 | VENT: 6.24284b | VCERT: 12.0894% | VSURP: 7.70251b

[GeoMind CAUSAL CE Stream] Ep 1.0/Inf | D[1.0/10.0] | 19.9008% (7383 / 37098.9 KB) | LR: 0.000809996 | TEMP: 1.34999
  Train -> TL: 4.83848 | ATL: 4.61446 | TPPL: 100.933 | ENT: 6.27755b | CERT: 10.27% | SURP: 7.38081b
  Val   -> VL: 4.93775 | AVL: 4.91158 | VPPL: 135.853 | VENT: 6.20676b | VCERT: 12.5965% | VSURP: 7.73465b

[GeoMind CAUSAL CE Stream] Ep 1.0/Inf | D[1.0/10.0] | 19.9819% (7413.06 / 37098.9 KB) | LR: 0.000809997 | TEMP: 1.34999
  Train -> TL: 4.53282 | ATL: 4.61413 | TPPL: 100.9 | ENT: 5.94541b | CERT: 11.9636% | SURP: 7.01111b
  Val   -> VL: 4.91435 | AVL: 4.91171 | VPPL: 135.872 | VENT: 6.283b | VCERT: 12.0368% | VSURP: 7.6908b

[GeoMind CAUSAL CE Stream] Ep 1.0/Inf | D[1.0/10.0] | 20.0212% (7427.66 / 37098.9 KB) | LR: 0.000809997 | TEMP: 1.35
  Train -> TL: 4.67801 | ATL: 4.61424 | TPPL: 100.911 | ENT: 5.90958b | CERT: 11.1131% | SURP: 7.27933b
  Val   -> VL: 4.90766 | AVL: 4.91151 | VPPL: 135.845 | VENT: 6.31522b | VCERT: 11.6009% | VSURP: 7.6831b

[GeoMind CAUSAL CE Stream] Ep 1.0/Inf | D[1.0/10.0] | 20.077% (7448.34 / 37098.9 KB) | LR: 0.000809998 | TEMP: 1.35
  Train -> TL: 4.48146 | ATL: 4.61388 | TPPL: 100.875 | ENT: 5.93949b | CERT: 11.727% | SURP: 6.91444b
  Val   -> VL: 4.91292 | AVL: 4.91158 | VPPL: 135.854 | VENT: 6.26161b | VCERT: 12.3449% | VSURP: 7.68801b

[GeoMind CAUSAL CE Stream] Ep 1.0/Inf | D[1.0/10.0] | 20.1914% (7490.81 / 37098.9 KB) | LR: 0.000809998 | TEMP: 1.35
  Train -> TL: 4.45676 | ATL: 4.61309 | TPPL: 100.795 | ENT: 6.00965b | CERT: 11.8541% | SURP: 6.99332b
  Val   -> VL: 4.90445 | AVL: 4.91123 | VPPL: 135.806 | VENT: 6.30096b | VCERT: 11.9443% | VSURP: 7.66431b

[GeoMind CAUSAL CE Stream] Ep 1.0/Inf | D[1.0/10.0] | 20.2446% (7510.53 / 37098.9 KB) | LR: 0.000809998 | TEMP: 1.35
  Train -> TL: 4.45574 | ATL: 4.61264 | TPPL: 100.75 | ENT: 5.95453b | CERT: 11.5924% | SURP: 6.99602b
  Val   -> VL: 4.90746 | AVL: 4.91104 | VPPL: 135.78 | VENT: 6.29461b | VCERT: 11.6818% | VSURP: 7.67395b

[GeoMind CAUSAL CE Stream] Ep 1.0/Inf | D[1.0/10.0] | 20.2921% (7528.14 / 37098.9 KB) | LR: 0.000809999 | TEMP: 1.35
  Train -> TL: 4.39431 | ATL: 4.61214 | TPPL: 100.699 | ENT: 5.8166b | CERT: 12.8048% | SURP: 6.89212b
  Val   -> VL: 4.9093 | AVL: 4.91095 | VPPL: 135.768 | VENT: 6.24835b | VCERT: 12.2228% | VSURP: 7.66741b

[GeoMind CAUSAL CE Stream] Ep 1.0/Inf | D[1.0/10.0] | 20.3746% (7558.74 / 37098.9 KB) | LR: 0.000809999 | TEMP: 1.35
  Train -> TL: 4.51156 | ATL: 4.61175 | TPPL: 100.661 | ENT: 5.97958b | CERT: 11.2718% | SURP: 7.09695b
  Val   -> VL: 4.90171 | AVL: 4.91049 | VPPL: 135.706 | VENT: 6.29338b | VCERT: 11.7355% | VSURP: 7.66299b

[GeoMind CAUSAL CE Stream] Ep 1.0/Inf | D[1.0/10.0] | 20.4565% (7589.15 / 37098.9 KB) | LR: 0.000809999 | TEMP: 1.35
  Train -> TL: 4.36022 | ATL: 4.6108 | TPPL: 100.565 | ENT: 5.95998b | CERT: 13.0741% | SURP: 6.84664b
  Val   -> VL: 4.90023 | AVL: 4.90998 | VPPL: 135.636 | VENT: 6.25858b | VCERT: 12.1664% | VSURP: 7.65247b

[GeoMind CAUSAL CE Stream] Ep 1.0/Inf | D[1.0/10.0] | 20.5119% (7609.68 / 37098.9 KB) | LR: 0.000809999 | TEMP: 1.35
  Train -> TL: 4.58976 | ATL: 4.61074 | TPPL: 100.559 | ENT: 5.97634b | CERT: 12.2711% | SURP: 7.16929b
  Val   -> VL: 4.8953 | AVL: 4.90924 | VPPL: 135.537 | VENT: 6.302b | VCERT: 11.8377% | VSURP: 7.65293b

[GeoMind CAUSAL CE Stream] Ep 1.0/Inf | D[1.0/10.0] | 20.5695% (7631.06 / 37098.9 KB) | LR: 0.000809999 | TEMP: 1.35
  Train -> TL: 4.42892 | ATL: 4.61021 | TPPL: 100.505 | ENT: 5.92864b | CERT: 13.696% | SURP: 6.89783b
  Val   -> VL: 4.89984 | AVL: 4.90877 | VPPL: 135.473 | VENT: 6.24994b | VCERT: 12.376% | VSURP: 7.64999b

[GeoMind CAUSAL CE Stream] Ep 1.0/Inf | D[1.0/10.0] | 20.6465% (7659.63 / 37098.9 KB) | LR: 0.000809999 | TEMP: 1.35
  Train -> TL: 4.3446 | ATL: 4.60905 | TPPL: 100.389 | ENT: 5.59603b | CERT: 14.0837% | SURP: 6.7955b
  Val   -> VL: 4.90997 | AVL: 4.90883 | VPPL: 135.481 | VENT: 6.27814b | VCERT: 11.272% | VSURP: 7.66697b

[GeoMind CAUSAL CE Stream] Ep 1.0/Inf | D[1.0/10.0] | 20.7221% (7687.67 / 37098.9 KB) | LR: 0.000809999 | TEMP: 1.35
  Train -> TL: 4.30631 | ATL: 4.60815 | TPPL: 100.299 | ENT: 5.62893b | CERT: 12.576% | SURP: 6.79128b
  Val   -> VL: 4.91513 | AVL: 4.90915 | VPPL: 135.524 | VENT: 6.24165b | VCERT: 12.0227% | VSURP: 7.66487b

[GeoMind CAUSAL CE Stream] Ep 1.0/Inf | D[1.0/10.0] | 20.7942% (7714.43 / 37098.9 KB) | LR: 0.00081 | TEMP: 1.35
  Train -> TL: 4.42839 | ATL: 4.60758 | TPPL: 100.241 | ENT: 5.78214b | CERT: 11.9367% | SURP: 6.95385b
  Val   -> VL: 4.90847 | AVL: 4.90911 | VPPL: 135.519 | VENT: 6.29443b | VCERT: 11.4283% | VSURP: 7.66878b

[GeoMind CAUSAL CE Stream] Ep 1.0/Inf | D[1.0/10.0] | 20.8444% (7733.05 / 37098.9 KB) | LR: 0.00081 | TEMP: 1.35
  Train -> TL: 4.57571 | ATL: 4.6075 | TPPL: 100.233 | ENT: 5.91342b | CERT: 12.0363% | SURP: 7.04851b
  Val   -> VL: 4.90126 | AVL: 4.90872 | VPPL: 135.466 | VENT: 6.33315b | VCERT: 11.2562% | VSURP: 7.66789b

[GeoMind CAUSAL CE Stream] Ep 1.0/Inf | D[1.0/10.0] | 20.8886% (7749.43 / 37098.9 KB) | LR: 0.00081 | TEMP: 1.35
  Train -> TL: 4.81187 | ATL: 4.60798 | TPPL: 100.282 | ENT: 6.10449b | CERT: 11.1843% | SURP: 7.40959b
  Val   -> VL: 4.89736 | AVL: 4.90815 | VPPL: 135.389 | VENT: 6.33702b | VCERT: 11.4477% | VSURP: 7.66424b

[GeoMind CAUSAL CE Stream] Ep 1.0/Inf | D[1.0/10.0] | 20.9592% (7775.66 / 37098.9 KB) | LR: 0.00081 | TEMP: 1.35
  Train -> TL: 4.50337 | ATL: 4.60762 | TPPL: 100.245 | ENT: 6.03974b | CERT: 11.8064% | SURP: 7.0809b
  Val   -> VL: 4.90367 | AVL: 4.90793 | VPPL: 135.359 | VENT: 6.33901b | VCERT: 11.3554% | VSURP: 7.67526b

[GeoMind CAUSAL CE Stream] Ep 1.0/Inf | D[1.0/10.0] | 21.0477% (7808.45 / 37098.9 KB) | LR: 0.00081 | TEMP: 1.35
  Train -> TL: 4.61037 | ATL: 4.60763 | TPPL: 100.246 | ENT: 5.98869b | CERT: 12.1864% | SURP: 7.14263b
  Val   -> VL: 4.89157 | AVL: 4.90711 | VPPL: 135.248 | VENT: 6.36097b | VCERT: 11.3036% | VSURP: 7.65435b

[GeoMind CAUSAL CE Stream] Ep 1.0/Inf | D[1.0/10.0] | 21.1215% (7835.85 / 37098.9 KB) | LR: 0.00081 | TEMP: 1.35
  Train -> TL: 4.43853 | ATL: 4.60707 | TPPL: 100.19 | ENT: 5.94376b | CERT: 11.7753% | SURP: 6.97192b
  Val   -> VL: 4.90043 | AVL: 4.90678 | VPPL: 135.203 | VENT: 6.29918b | VCERT: 11.9557% | VSURP: 7.65749b

[GeoMind CAUSAL CE Stream] Ep 1.0/Inf | D[1.0/10.0] | 21.1579% (7849.36 / 37098.9 KB) | LR: 0.00081 | TEMP: 1.35
  Train -> TL: 4.78384 | ATL: 4.6074 | TPPL: 100.223 | ENT: 5.8483b | CERT: 14.4014% | SURP: 7.42167b
  Val   -> VL: 4.89872 | AVL: 4.90637 | VPPL: 135.148 | VENT: 6.31972b | VCERT: 12.3503% | VSURP: 7.66011b

[GeoMind CAUSAL CE Stream] Ep 1.0/Inf | D[1.0/10.0] | 21.2111% (7869.08 / 37098.9 KB) | LR: 0.00081 | TEMP: 1.35
  Train -> TL: 4.22393 | ATL: 4.60657 | TPPL: 100.14 | ENT: 5.90549b | CERT: 14.1228% | SURP: 6.76432b
  Val   -> VL: 4.90681 | AVL: 4.9064 | VPPL: 135.151 | VENT: 6.25947b | VCERT: 12.3726% | VSURP: 7.65174b

[GeoMind CAUSAL CE Stream] Ep 1.0/Inf | D[1.0/10.0] | 21.2606% (7887.44 / 37098.9 KB) | LR: 0.00081 | TEMP: 1.35
  Train -> TL: 4.74215 | ATL: 4.60688 | TPPL: 100.171 | ENT: 5.99867b | CERT: 11.4807% | SURP: 7.30689b
  Val   -> VL: 4.89357 | AVL: 4.90575 | VPPL: 135.065 | VENT: 6.32912b | VCERT: 11.5441% | VSURP: 7.64212b

[GeoMind CAUSAL CE Stream] Ep 1.0/Inf | D[1.0/10.0] | 21.2966% (7900.82 / 37098.9 KB) | LR: 0.00081 | TEMP: 1.35
  Train -> TL: 4.62704 | ATL: 4.60692 | TPPL: 100.175 | ENT: 5.9116b | CERT: 12.0185% | SURP: 7.15023b
  Val   -> VL: 4.89318 | AVL: 4.90513 | VPPL: 134.98 | VENT: 6.32923b | VCERT: 11.5423% | VSURP: 7.6364b

[GeoMind CAUSAL CE Stream] Ep 1.0/Inf | D[1.0/10.0] | 21.4069% (7941.72 / 37098.9 KB) | LR: 0.00081 | TEMP: 1.35
  Train -> TL: 4.59567 | ATL: 4.60687 | TPPL: 100.17 | ENT: 6.05871b | CERT: 12.397% | SURP: 7.19305b
  Val   -> VL: 4.88691 | AVL: 4.90421 | VPPL: 134.857 | VENT: 6.32433b | VCERT: 12.1698% | VSURP: 7.62245b

[GeoMind CAUSAL CE Stream] Ep 1.0/Inf | D[1.0/10.0] | 21.5044% (7977.89 / 37098.9 KB) | LR: 0.00081 | TEMP: 1.35
  Train -> TL: 4.59129 | ATL: 4.60681 | TPPL: 100.164 | ENT: 6.07918b | CERT: 12.6057% | SURP: 7.11791b
  Val   -> VL: 4.8784 | AVL: 4.90292 | VPPL: 134.683 | VENT: 6.37507b | VCERT: 11.6676% | VSURP: 7.62732b

[GeoMind CAUSAL CE Stream] Ep 1.0/Inf | D[1.0/10.0] | 21.5668% (8001.05 / 37098.9 KB) | LR: 0.00081 | TEMP: 1.35
  Train -> TL: 4.51533 | ATL: 4.60653 | TPPL: 100.136 | ENT: 6.06086b | CERT: 11.5299% | SURP: 6.98651b
  Val   -> VL: 4.88841 | AVL: 4.9022 | VPPL: 134.585 | VENT: 6.40229b | VCERT: 11.0169% | VSURP: 7.66014b

[GeoMind CAUSAL CE Stream] Ep 1.0/Inf | D[1.0/10.0] | 21.6072% (8016.05 / 37098.9 KB) | LR: 0.00081 | TEMP: 1.35
  Train -> TL: 4.30756 | ATL: 4.60585 | TPPL: 100.068 | ENT: 5.78675b | CERT: 14.3606% | SURP: 6.72963b
  Val   -> VL: 4.90036 | AVL: 4.90211 | VPPL: 134.573 | VENT: 6.33284b | VCERT: 11.6601% | VSURP: 7.68092b

[GeoMind CAUSAL CE Stream] Ep 1.0/Inf | D[1.0/10.0] | 21.675% (8041.18 / 37098.9 KB) | LR: 0.00081 | TEMP: 1.35
  Train -> TL: 4.54309 | ATL: 4.60567 | TPPL: 100.05 | ENT: 5.93412b | CERT: 12.362% | SURP: 7.09219b
  Val   -> VL: 4.89428 | AVL: 4.90171 | VPPL: 134.52 | VENT: 6.32597b | VCERT: 11.7037% | VSURP: 7.65955b

[GeoMind CAUSAL CE Stream] Ep 1.0/Inf | D[1.0/10.0] | 21.7537% (8070.39 / 37098.9 KB) | LR: 0.00081 | TEMP: 1.35
  Train -> TL: 4.60032 | ATL: 4.60565 | TPPL: 100.048 | ENT: 5.98155b | CERT: 11.1963% | SURP: 7.20798b
  Val   -> VL: 4.89949 | AVL: 4.9016 | VPPL: 134.505 | VENT: 6.34014b | VCERT: 11.0252% | VSURP: 7.6715b

[GeoMind CAUSAL CE Stream] Ep 1.0/Inf | D[1.0/10.0] | 21.8173% (8093.97 / 37098.9 KB) | LR: 0.00081 | TEMP: 1.35
  Train -> TL: 4.40786 | ATL: 4.60502 | TPPL: 99.9848 | ENT: 5.59065b | CERT: 12.4995% | SURP: 6.84968b
  Val   -> VL: 4.90154 | AVL: 4.9016 | VPPL: 134.505 | VENT: 6.35362b | VCERT: 10.8663% | VSURP: 7.6821b

[GeoMind CAUSAL CE Stream] Ep 1.0/Inf | D[1.0/10.0] | 21.8812% (8117.68 / 37098.9 KB) | LR: 0.00081 | TEMP: 1.35
  Train -> TL: 4.49763 | ATL: 4.6047 | TPPL: 99.9525 | ENT: 6.14095b | CERT: 10.1585% | SURP: 7.0779b
  Val   -> VL: 4.90203 | AVL: 4.90162 | VPPL: 134.508 | VENT: 6.32342b | VCERT: 11.3056% | VSURP: 7.67276b

[GeoMind CAUSAL CE Stream] Ep 1.0/Inf | D[1.0/10.0] | 21.899% (8124.29 / 37098.9 KB) | LR: 0.00081 | TEMP: 1.35
  Train -> TL: 4.49152 | ATL: 4.60461 | TPPL: 99.9443 | ENT: 5.97574b | CERT: 11.8779% | SURP: 7.0245b
  Val   -> VL: 4.90497 | AVL: 4.90179 | VPPL: 134.53 | VENT: 6.31397b | VCERT: 11.3% | VSURP: 7.68055b

[GeoMind CAUSAL CE Stream] Ep 1.0/Inf | D[1.0/10.0] | 21.9615% (8147.46 / 37098.9 KB) | LR: 0.00081 | TEMP: 1.35
  Train -> TL: 4.62172 | ATL: 4.60466 | TPPL: 99.9487 | ENT: 6.12451b | CERT: 10.9999% | SURP: 7.26554b
  Val   -> VL: 4.90638 | AVL: 4.90202 | VPPL: 134.561 | VENT: 6.29623b | VCERT: 11.484% | VSURP: 7.67805b

[GeoMind CAUSAL CE Stream] Ep 1.0/Inf | D[1.0/10.0] | 22.0579% (8183.23 / 37098.9 KB) | LR: 0.00081 | TEMP: 1.35
  Train -> TL: 4.16537 | ATL: 4.60271 | TPPL: 99.7539 | ENT: 5.39093b | CERT: 20.9767% | SURP: 6.69935b
  Val   -> VL: 4.95284 | AVL: 4.90456 | VPPL: 134.904 | VENT: 6.03474b | VCERT: 15.7927% | VSURP: 7.7121b

[GeoMind CAUSAL CE Stream] Ep 1.0/Inf | D[1.0/10.0] | 22.1981% (8235.27 / 37098.9 KB) | LR: 0.00081 | TEMP: 1.35
  Train -> TL: 4.01477 | ATL: 4.59907 | TPPL: 99.3917 | ENT: 4.98635b | CERT: 27.2627% | SURP: 6.47044b
  Val   -> VL: 5.01103 | AVL: 4.90988 | VPPL: 135.624 | VENT: 5.94459b | VCERT: 15.7666% | VSURP: 7.80381b

[GeoMind CAUSAL CE Stream] Ep 1.0/Inf | D[1.0/10.0] | 22.2996% (8272.9 / 37098.9 KB) | LR: 0.00081 | TEMP: 1.35
  Train -> TL: 4.61793 | ATL: 4.59915 | TPPL: 99.4001 | ENT: 5.59411b | CERT: 16.6338% | SURP: 7.14b
  Val   -> VL: 4.92666 | AVL: 4.91072 | VPPL: 135.737 | VENT: 6.31389b | VCERT: 11.5513% | VSURP: 7.69708b

[GeoMind CAUSAL CE Stream] Ep 1.0/Inf | D[1.0/10.0] | 22.376% (8301.25 / 37098.9 KB) | LR: 0.00081 | TEMP: 1.35
  Train -> TL: 4.2335 | ATL: 4.59812 | TPPL: 99.2977 | ENT: 5.75872b | CERT: 13.5626% | SURP: 6.76412b
  Val   -> VL: 4.91672 | AVL: 4.91102 | VPPL: 135.778 | VENT: 6.26773b | VCERT: 12.4614% | VSURP: 7.66233b

[GeoMind CAUSAL CE Stream] Ep 1.0/Inf | D[1.0/10.0] | 22.4633% (8333.66 / 37098.9 KB) | LR: 0.00081 | TEMP: 1.35
  Train -> TL: 4.14082 | ATL: 4.59658 | TPPL: 99.145 | ENT: 5.75845b | CERT: 13.2193% | SURP: 6.61847b
  Val   -> VL: 4.90739 | AVL: 4.91084 | VPPL: 135.753 | VENT: 6.2702b | VCERT: 11.9258% | VSURP: 7.65064b

[GeoMind CAUSAL CE Stream] Ep 1.0/Inf | D[1.0/10.0] | 22.5061% (8349.53 / 37098.9 KB) | LR: 0.00081 | TEMP: 1.35
  Train -> TL: 4.55744 | ATL: 4.59651 | TPPL: 99.1382 | ENT: 5.94439b | CERT: 11.4356% | SURP: 7.09385b
  Val   -> VL: 4.9039 | AVL: 4.91049 | VPPL: 135.706 | VENT: 6.28856b | VCERT: 11.8336% | VSURP: 7.64977b

[GeoMind CAUSAL CE Stream] Ep 1.0/Inf | D[1.0/10.0] | 22.5553% (8367.76 / 37098.9 KB) | LR: 0.00081 | TEMP: 1.35
  Train -> TL: 4.82631 | ATL: 4.59708 | TPPL: 99.1946 | ENT: 6.25544b | CERT: 10.9063% | SURP: 7.51654b
  Val   -> VL: 4.91067 | AVL: 4.9105 | VPPL: 135.708 | VENT: 6.2668b | VCERT: 12.3753% | VSURP: 7.66175b

[GeoMind CAUSAL CE Stream] Ep 1.0/Inf | D[1.0/10.0] | 22.6092% (8387.78 / 37098.9 KB) | LR: 0.00081 | TEMP: 1.35
  Train -> TL: 4.56688 | ATL: 4.59701 | TPPL: 99.1877 | ENT: 6.01295b | CERT: 11.876% | SURP: 7.07625b
  Val   -> VL: 4.90709 | AVL: 4.91033 | VPPL: 135.685 | VENT: 6.28995b | VCERT: 11.8962% | VSURP: 7.66264b

[GeoMind CAUSAL CE Stream] Ep 1.0/Inf | D[1.0/10.0] | 22.6598% (8406.53 / 37098.9 KB) | LR: 0.00081 | TEMP: 1.35
  Train -> TL: 4.55054 | ATL: 4.59692 | TPPL: 99.178 | ENT: 6.07079b | CERT: 11.6961% | SURP: 7.12471b
  Val   -> VL: 4.90382 | AVL: 4.91001 | VPPL: 135.64 | VENT: 6.29807b | VCERT: 12.0154% | VSURP: 7.65546b

[GeoMind CAUSAL CE Stream] Ep 1.0/Inf | D[1.0/10.0] | 22.6917% (8418.4 / 37098.9 KB) | LR: 0.00081 | TEMP: 1.35
  Train -> TL: 5.00606 | ATL: 4.59753 | TPPL: 99.239 | ENT: 6.14863b | CERT: 10.9537% | SURP: 7.64358b
  Val   -> VL: 4.90058 | AVL: 4.90954 | VPPL: 135.576 | VENT: 6.35051b | VCERT: 11.4855% | VSURP: 7.66233b

[GeoMind CAUSAL CE Stream] Ep 1.0/Inf | D[1.0/10.0] | 22.7166% (8427.61 / 37098.9 KB) | LR: 0.00081 | TEMP: 1.35
  Train -> TL: 4.56363 | ATL: 4.5975 | TPPL: 99.2356 | ENT: 6.13703b | CERT: 10.976% | SURP: 7.13884b
  Val   -> VL: 4.90007 | AVL: 4.90906 | VPPL: 135.512 | VENT: 6.35122b | VCERT: 11.3547% | VSURP: 7.66799b

[GeoMind CAUSAL CE Stream] Ep 1.0/Inf | D[1.0/10.0] | 22.7416% (8436.88 / 37098.9 KB) | LR: 0.00081 | TEMP: 1.35
  Train -> TL: 4.20927 | ATL: 4.59705 | TPPL: 99.1908 | ENT: 5.91078b | CERT: 12.0843% | SURP: 6.72698b
  Val   -> VL: 4.90768 | AVL: 4.90899 | VPPL: 135.503 | VENT: 6.30071b | VCERT: 11.7851% | VSURP: 7.66887b

[GeoMind CAUSAL CE Stream] Ep 1.0/Inf | D[1.0/10.0] | 22.792% (8455.59 / 37098.9 KB) | LR: 0.00081 | TEMP: 1.35
  Train -> TL: 4.40432 | ATL: 4.59664 | TPPL: 99.1502 | ENT: 5.90893b | CERT: 11.4313% | SURP: 6.93051b
  Val   -> VL: 4.90561 | AVL: 4.90882 | VPPL: 135.48 | VENT: 6.2836b | VCERT: 11.6138% | VSURP: 7.66115b

[GeoMind CAUSAL CE Stream] Ep 1.0/Inf | D[1.0/10.0] | 22.8599% (8480.76 / 37098.9 KB) | LR: 0.00081 | TEMP: 1.35
  Train -> TL: 4.39721 | ATL: 4.596 | TPPL: 99.0874 | ENT: 5.80134b | CERT: 11.9386% | SURP: 6.8152b
  Val   -> VL: 4.90622 | AVL: 4.90869 | VPPL: 135.462 | VENT: 6.26582b | VCERT: 12.1949% | VSURP: 7.6678b

[GeoMind CAUSAL CE Stream] Ep 1.0/Inf | D[1.0/10.0] | 22.8974% (8494.68 / 37098.9 KB) | LR: 0.00081 | TEMP: 1.35
  Train -> TL: 4.47333 | ATL: 4.59577 | TPPL: 99.0647 | ENT: 5.66552b | CERT: 15.071% | SURP: 6.89712b
  Val   -> VL: 4.91138 | AVL: 4.90883 | VPPL: 135.481 | VENT: 6.25448b | VCERT: 12.4908% | VSURP: 7.67473b

[GeoMind CAUSAL CE Stream] Ep 1.0/Inf | D[1.0/10.0] | 22.9518% (8514.85 / 37098.9 KB) | LR: 0.00081 | TEMP: 1.35
  Train -> TL: 4.72204 | ATL: 4.59608 | TPPL: 99.095 | ENT: 6.14972b | CERT: 11.7224% | SURP: 7.09416b
  Val   -> VL: 4.90492 | AVL: 4.90863 | VPPL: 135.454 | VENT: 6.32721b | VCERT: 11.7031% | VSURP: 7.66758b

[GeoMind CAUSAL CE Stream] Ep 1.0/Inf | D[1.0/10.0] | 23.0526% (8552.25 / 37098.9 KB) | LR: 0.00081 | TEMP: 1.35
  Train -> TL: 4.3729 | ATL: 4.59506 | TPPL: 98.9944 | ENT: 5.75489b | CERT: 14.1421% | SURP: 6.87082b
  Val   -> VL: 4.92436 | AVL: 4.90942 | VPPL: 135.561 | VENT: 6.28764b | VCERT: 11.7434% | VSURP: 7.69185b

[GeoMind CAUSAL CE Stream] Ep 1.0/Inf | D[1.0/10.0] | 23.0838% (8563.85 / 37098.9 KB) | LR: 0.00081 | TEMP: 1.35
  Train -> TL: 4.82199 | ATL: 4.59541 | TPPL: 99.0286 | ENT: 6.16567b | CERT: 11.3131% | SURP: 7.39203b
  Val   -> VL: 4.91771 | AVL: 4.90983 | VPPL: 135.617 | VENT: 6.30899b | VCERT: 11.9306% | VSURP: 7.68625b

[GeoMind CAUSAL CE Stream] Ep 1.0/Inf | D[1.0/10.0] | 23.1355% (8583.03 / 37098.9 KB) | LR: 0.00081 | TEMP: 1.35
  Train -> TL: 4.5947 | ATL: 4.59541 | TPPL: 99.0284 | ENT: 6.01081b | CERT: 12.4596% | SURP: 7.18164b
  Val   -> VL: 4.91714 | AVL: 4.9102 | VPPL: 135.666 | VENT: 6.27441b | VCERT: 12.6697% | VSURP: 7.68336b

[GeoMind CAUSAL CE Stream] Ep 1.0/Inf | D[1.0/10.0] | 23.293% (8641.45 / 37098.9 KB) | LR: 0.00081 | TEMP: 1.35
  Train -> TL: 4.52632 | ATL: 4.59518 | TPPL: 99.0056 | ENT: 5.94338b | CERT: 12.0542% | SURP: 6.98874b
  Val   -> VL: 4.90837 | AVL: 4.91011 | VPPL: 135.654 | VENT: 6.30934b | VCERT: 12.2132% | VSURP: 7.67809b

[GeoMind CAUSAL CE Stream] Ep 1.0/Inf | D[1.0/10.0] | 23.333% (8656.3 / 37098.9 KB) | LR: 0.00081 | TEMP: 1.35
  Train -> TL: 4.38433 | ATL: 4.59481 | TPPL: 98.9696 | ENT: 5.88112b | CERT: 13.3591% | SURP: 6.91576b
  Val   -> VL: 4.91407 | AVL: 4.91031 | VPPL: 135.681 | VENT: 6.26316b | VCERT: 12.8055% | VSURP: 7.6716b

[GeoMind CAUSAL CE Stream] Ep 1.0/Inf | D[1.0/10.0] | 23.3776% (8672.84 / 37098.9 KB) | LR: 0.00081 | TEMP: 1.35
  Train -> TL: 4.54973 | ATL: 4.59474 | TPPL: 98.9626 | ENT: 6.02482b | CERT: 12.159% | SURP: 7.05886b
  Val   -> VL: 4.91489 | AVL: 4.91053 | VPPL: 135.712 | VENT: 6.27426b | VCERT: 12.5691% | VSURP: 7.67294b

[GeoMind CAUSAL CE Stream] Ep 1.0/Inf | D[1.0/10.0] | 23.4841% (8712.36 / 37098.9 KB) | LR: 0.00081 | TEMP: 1.35
  Train -> TL: 4.30173 | ATL: 4.59337 | TPPL: 98.8272 | ENT: 5.53901b | CERT: 17.77% | SURP: 6.83694b
  Val   -> VL: 4.93118 | AVL: 4.91157 | VPPL: 135.852 | VENT: 6.10238b | VCERT: 15.1675% | VSURP: 7.6705b

[GeoMind CAUSAL CE Stream] Ep 1.0/Inf | D[1.0/10.0] | 23.5383% (8732.45 / 37098.9 KB) | LR: 0.00081 | TEMP: 1.35
  Train -> TL: 4.37567 | ATL: 4.5929 | TPPL: 98.78 | ENT: 5.69136b | CERT: 15.0398% | SURP: 6.88845b
  Val   -> VL: 4.91217 | AVL: 4.9116 | VPPL: 135.856 | VENT: 6.21373b | VCERT: 13.1263% | VSURP: 7.65721b

[GeoMind CAUSAL CE Stream] Ep 1.0/Inf | D[1.0/10.0] | 23.6033% (8756.56 / 37098.9 KB) | LR: 0.00081 | TEMP: 1.35
  Train -> TL: 4.22894 | ATL: 4.59178 | TPPL: 98.67 | ENT: 5.68227b | CERT: 13.8734% | SURP: 6.654b
  Val   -> VL: 4.91026 | AVL: 4.91153 | VPPL: 135.847 | VENT: 6.21554b | VCERT: 12.82% | VSURP: 7.66539b

[GeoMind CAUSAL CE Stream] Ep 1.0/Inf | D[1.0/10.0] | 23.656% (8776.12 / 37098.9 KB) | LR: 0.00081 | TEMP: 1.35
  Train -> TL: 4.47367 | ATL: 4.59151 | TPPL: 98.6434 | ENT: 5.88556b | CERT: 12.7325% | SURP: 7.06286b
  Val   -> VL: 4.91041 | AVL: 4.91147 | VPPL: 135.84 | VENT: 6.2342b | VCERT: 12.2047% | VSURP: 7.66994b

[GeoMind CAUSAL CE Stream] Ep 1.0/Inf | D[1.0/10.0] | 23.7008% (8792.74 / 37098.9 KB) | LR: 0.00081 | TEMP: 1.35
  Train -> TL: 4.46036 | ATL: 4.59125 | TPPL: 98.6171 | ENT: 5.92569b | CERT: 12.3565% | SURP: 6.93398b
  Val   -> VL: 4.91063 | AVL: 4.91143 | VPPL: 135.834 | VENT: 6.24901b | VCERT: 12.2132% | VSURP: 7.67429b

[GeoMind CAUSAL CE Stream] Ep 1.0/Inf | D[1.0/10.0] | 23.7504% (8811.14 / 37098.9 KB) | LR: 0.00081 | TEMP: 1.35
  Train -> TL: 4.65351 | ATL: 4.59137 | TPPL: 98.6293 | ENT: 6.02892b | CERT: 11.7242% | SURP: 7.26494b
  Val   -> VL: 4.90384 | AVL: 4.91105 | VPPL: 135.782 | VENT: 6.27529b | VCERT: 11.9845% | VSURP: 7.6648b

[GeoMind CAUSAL CE Stream] Ep 1.0/Inf | D[1.0/10.0] | 23.799% (8829.19 / 37098.9 KB) | LR: 0.00081 | TEMP: 1.35
  Train -> TL: 4.58197 | ATL: 4.59135 | TPPL: 98.6274 | ENT: 6.10417b | CERT: 11.1981% | SURP: 7.0028b
  Val   -> VL: 4.90381 | AVL: 4.91069 | VPPL: 135.733 | VENT: 6.25903b | VCERT: 12.3125% | VSURP: 7.67135b

[GeoMind CAUSAL CE Stream] Ep 1.0/Inf | D[1.0/10.0] | 23.9118% (8871.03 / 37098.9 KB) | LR: 0.00081 | TEMP: 1.35
  Train -> TL: 4.48063 | ATL: 4.59079 | TPPL: 98.5721 | ENT: 5.82919b | CERT: 13.5108% | SURP: 7.04255b
  Val   -> VL: 4.90045 | AVL: 4.91018 | VPPL: 135.664 | VENT: 6.21985b | VCERT: 13.0342% | VSURP: 7.66264b

[GeoMind CAUSAL CE Stream] Ep 1.0/Inf | D[1.0/10.0] | 23.9776% (8895.42 / 37098.9 KB) | LR: 0.00081 | TEMP: 1.35
  Train -> TL: 4.46992 | ATL: 4.5904 | TPPL: 98.5335 | ENT: 5.85377b | CERT: 12.9517% | SURP: 6.97267b
  Val   -> VL: 4.89404 | AVL: 4.90937 | VPPL: 135.554 | VENT: 6.25722b | VCERT: 12.7648% | VSURP: 7.66154b

[GeoMind CAUSAL CE Stream] Ep 1.0/Inf | D[1.0/10.0] | 24.0009% (8904.07 / 37098.9 KB) | LR: 0.00081 | TEMP: 1.35
  Train -> TL: 4.73937 | ATL: 4.59053 | TPPL: 98.547 | ENT: 6.12298b | CERT: 12.3964% | SURP: 7.32932b
  Val   -> VL: 4.89042 | AVL: 4.90842 | VPPL: 135.426 | VENT: 6.25732b | VCERT: 12.8738% | VSURP: 7.65112b

[GeoMind CAUSAL CE Stream] Ep 1.0/Inf | D[1.0/10.0] | 24.0596% (8925.87 / 37098.9 KB) | LR: 0.00081 | TEMP: 1.35
  Train -> TL: 4.56887 | ATL: 4.59048 | TPPL: 98.5418 | ENT: 6.01965b | CERT: 12.9843% | SURP: 7.11208b
  Val   -> VL: 4.89115 | AVL: 4.90756 | VPPL: 135.309 | VENT: 6.26486b | VCERT: 12.666% | VSURP: 7.64761b

[GeoMind CAUSAL CE Stream] Ep 1.0/Inf | D[1.0/10.0] | 24.1117% (8945.19 / 37098.9 KB) | LR: 0.00081 | TEMP: 1.35
  Train -> TL: 4.72611 | ATL: 4.59079 | TPPL: 98.5718 | ENT: 6.18381b | CERT: 11.3665% | SURP: 7.2519b
  Val   -> VL: 4.88636 | AVL: 4.9065 | VPPL: 135.165 | VENT: 6.27497b | VCERT: 12.6687% | VSURP: 7.63519b

[GeoMind CAUSAL CE Stream] Ep 1.0/Inf | D[1.0/10.0] | 24.239% (8992.4 / 37098.9 KB) | LR: 0.00081 | TEMP: 1.35
  Train -> TL: 4.53156 | ATL: 4.59047 | TPPL: 98.5408 | ENT: 6.14398b | CERT: 12.0932% | SURP: 7.06583b
  Val   -> VL: 4.87373 | AVL: 4.90486 | VPPL: 134.944 | VENT: 6.32062b | VCERT: 11.737% | VSURP: 7.61947b

[GeoMind CAUSAL CE Stream] Ep 1.0/Inf | D[1.0/10.0] | 24.2716% (9004.52 / 37098.9 KB) | LR: 0.00081 | TEMP: 1.35
  Train -> TL: 4.61182 | ATL: 4.5905 | TPPL: 98.5437 | ENT: 5.64632b | CERT: 12.7902% | SURP: 7.15362b
  Val   -> VL: 4.86887 | AVL: 4.90306 | VPPL: 134.702 | VENT: 6.33805b | VCERT: 11.6278% | VSURP: 7.61116b

[GeoMind CAUSAL CE Stream] Ep 1.0/Inf | D[1.0/10.0] | 24.3465% (9032.28 / 37098.9 KB) | LR: 0.00081 | TEMP: 1.35
  Train -> TL: 4.53084 | ATL: 4.5903 | TPPL: 98.5238 | ENT: 5.56521b | CERT: 14.1714% | SURP: 6.9734b
  Val   -> VL: 4.89126 | AVL: 4.90247 | VPPL: 134.622 | VENT: 6.33106b | VCERT: 11.7225% | VSURP: 7.64155b

[GeoMind CAUSAL CE Stream] Ep 1.0/Inf | D[1.0/10.0] | 24.3886% (9047.92 / 37098.9 KB) | LR: 0.00081 | TEMP: 1.35
  Train -> TL: 4.121 | ATL: 4.58925 | TPPL: 98.4209 | ENT: 5.09955b | CERT: 16.8257% | SURP: 6.49106b
  Val   -> VL: 4.90298 | AVL: 4.9025 | VPPL: 134.626 | VENT: 6.29221b | VCERT: 11.8983% | VSURP: 7.65855b

[GeoMind CAUSAL CE Stream] Ep 1.0/Inf | D[1.0/10.0] | 24.425% (9061.4 / 37098.9 KB) | LR: 0.00081 | TEMP: 1.35
  Train -> TL: 4.67048 | ATL: 4.58937 | TPPL: 98.4321 | ENT: 6.04516b | CERT: 11.3871% | SURP: 7.2653b
  Val   -> VL: 4.89016 | AVL: 4.90188 | VPPL: 134.543 | VENT: 6.34059b | VCERT: 11.3992% | VSURP: 7.64572b

[GeoMind CAUSAL CE Stream] Ep 1.0/Inf | D[1.0/10.0] | 24.4863% (9084.17 / 37098.9 KB) | LR: 0.00081 | TEMP: 1.35
  Train -> TL: 4.55387 | ATL: 4.58927 | TPPL: 98.4226 | ENT: 5.91657b | CERT: 11.9008% | SURP: 6.97031b
  Val   -> VL: 4.87279 | AVL: 4.90043 | VPPL: 134.347 | VENT: 6.3907b | VCERT: 11.0147% | VSURP: 7.6255b

[GeoMind CAUSAL CE Stream] Ep 1.0/Inf | D[1.0/10.0] | 24.5396% (9103.93 / 37098.9 KB) | LR: 0.00081 | TEMP: 1.35
  Train -> TL: 4.62869 | ATL: 4.58936 | TPPL: 98.4312 | ENT: 6.04533b | CERT: 12.6638% | SURP: 7.31195b
  Val   -> VL: 4.88953 | AVL: 4.89988 | VPPL: 134.274 | VENT: 6.32923b | VCERT: 11.9802% | VSURP: 7.64285b

[GeoMind CAUSAL CE Stream] Ep 1.0/Inf | D[1.0/10.0] | 24.6014% (9126.85 / 37098.9 KB) | LR: 0.00081 | TEMP: 1.35
  Train -> TL: 4.44516 | ATL: 4.58898 | TPPL: 98.3944 | ENT: 6.0034b | CERT: 12.9805% | SURP: 7.06056b
  Val   -> VL: 4.92032 | AVL: 4.9009 | VPPL: 134.411 | VENT: 6.21076b | VCERT: 12.9043% | VSURP: 7.68374b

[GeoMind CAUSAL CE Stream] Ep 1.0/Inf | D[1.0/10.0] | 24.6708% (9152.6 / 37098.9 KB) | LR: 0.00081 | TEMP: 1.35
  Train -> TL: 4.53159 | ATL: 4.58881 | TPPL: 98.3771 | ENT: 5.82325b | CERT: 13.6278% | SURP: 7.00815b
  Val   -> VL: 4.90304 | AVL: 4.90101 | VPPL: 134.425 | VENT: 6.29331b | VCERT: 12.1666% | VSURP: 7.67372b

[GeoMind CAUSAL CE Stream] Ep 1.0/Inf | D[1.0/10.0] | 24.7858% (9195.26 / 37098.9 KB) | LR: 0.00081 | TEMP: 1.35
  Train -> TL: 4.50847 | ATL: 4.58846 | TPPL: 98.3432 | ENT: 6.13377b | CERT: 12.0206% | SURP: 7.0695b
  Val   -> VL: 4.89838 | AVL: 4.90088 | VPPL: 134.408 | VENT: 6.28007b | VCERT: 11.6139% | VSURP: 7.65928b

[GeoMind CAUSAL CE Stream] Ep 1.0/Inf | D[1.0/10.0] | 24.871% (9226.89 / 37098.9 KB) | LR: 0.00081 | TEMP: 1.35
  Train -> TL: 4.38908 | ATL: 4.58772 | TPPL: 98.27 | ENT: 5.82714b | CERT: 12.7745% | SURP: 6.8785b
  Val   -> VL: 4.91096 | AVL: 4.90138 | VPPL: 134.476 | VENT: 6.18871b | VCERT: 13.1683% | VSURP: 7.67882b

[GeoMind CAUSAL CE Stream] Ep 1.0/Inf | D[1.0/10.0] | 24.9253% (9247.03 / 37098.9 KB) | LR: 0.00081 | TEMP: 1.35
  Train -> TL: 4.66987 | ATL: 4.58791 | TPPL: 98.2889 | ENT: 6.07187b | CERT: 12.1286% | SURP: 7.24295b
  Val   -> VL: 4.89407 | AVL: 4.90102 | VPPL: 134.426 | VENT: 6.28385b | VCERT: 12.293% | VSURP: 7.66278b

[GeoMind CAUSAL CE Stream] Ep 1.0/Inf | D[1.0/10.0] | 24.988% (9270.29 / 37098.9 KB) | LR: 0.00081 | TEMP: 1.35
  Train -> TL: 4.25871 | ATL: 4.58713 | TPPL: 98.212 | ENT: 5.81194b | CERT: 13.0953% | SURP: 6.73022b
  Val   -> VL: 4.89957 | AVL: 4.90094 | VPPL: 134.417 | VENT: 6.2427b | VCERT: 12.6948% | VSURP: 7.66573b

[GeoMind CAUSAL CE Stream] Ep 1.0/Inf | D[1.0/10.0] | 25.0394% (9289.37 / 37098.9 KB) | LR: 0.00081 | TEMP: 1.35
  Train -> TL: 4.7415 | ATL: 4.58746 | TPPL: 98.2441 | ENT: 5.94017b | CERT: 13.0828% | SURP: 7.36748b
  Val   -> VL: 4.89352 | AVL: 4.90057 | VPPL: 134.367 | VENT: 6.25189b | VCERT: 12.5599% | VSURP: 7.65087b

[GeoMind CAUSAL CE Stream] Ep 1.0/Inf | D[1.0/10.0] | 25.1136% (9316.86 / 37098.9 KB) | LR: 0.00081 | TEMP: 1.35
  Train -> TL: 4.35373 | ATL: 4.58666 | TPPL: 98.1661 | ENT: 5.73138b | CERT: 13.2339% | SURP: 6.86338b
  Val   -> VL: 4.90907 | AVL: 4.901 | VPPL: 134.424 | VENT: 6.16407b | VCERT: 13.3157% | VSURP: 7.67037b

[GeoMind CAUSAL CE Stream] Ep 1.0/Inf | D[1.0/10.0] | 25.1804% (9341.67 / 37098.9 KB) | LR: 0.00081 | TEMP: 1.35
  Train -> TL: 4.57141 | ATL: 4.58661 | TPPL: 98.1616 | ENT: 5.58782b | CERT: 13.8446% | SURP: 7.16533b
  Val   -> VL: 4.91472 | AVL: 4.90168 | VPPL: 134.516 | VENT: 6.17034b | VCERT: 12.8109% | VSURP: 7.68181b

[GeoMind CAUSAL CE Stream] Ep 1.0/Inf | D[1.0/10.0] | 25.2918% (9382.98 / 37098.9 KB) | LR: 0.00081 | TEMP: 1.35
  Train -> TL: 4.4838 | ATL: 4.58609 | TPPL: 98.1102 | ENT: 5.99687b | CERT: 12.7534% | SURP: 7.14913b
  Val   -> VL: 4.95361 | AVL: 4.90428 | VPPL: 134.866 | VENT: 6.03572b | VCERT: 14.889% | VSURP: 7.71546b

[GeoMind CAUSAL CE Stream] Ep 1.0/Inf | D[1.0/10.0] | 25.4045% (9424.8 / 37098.9 KB) | LR: 0.00081 | TEMP: 1.35
  Train -> TL: 4.52398 | ATL: 4.58582 | TPPL: 98.0833 | ENT: 5.86047b | CERT: 13.5186% | SURP: 7.08907b
  Val   -> VL: 4.93791 | AVL: 4.90596 | VPPL: 135.093 | VENT: 6.15014b | VCERT: 13.2042% | VSURP: 7.70908b

[GeoMind CAUSAL CE Stream] Ep 1.0/Inf | D[1.0/10.0] | 25.46% (9445.37 / 37098.9 KB) | LR: 0.00081 | TEMP: 1.35
  Train -> TL: 4.3946 | ATL: 4.58537 | TPPL: 98.0395 | ENT: 5.84079b | CERT: 13.0711% | SURP: 6.87677b
  Val   -> VL: 4.92367 | AVL: 4.90685 | VPPL: 135.212 | VENT: 6.19551b | VCERT: 12.9322% | VSURP: 7.69033b

[GeoMind CAUSAL CE Stream] Ep 1.0/Inf | D[1.0/10.0] | 25.5036% (9461.58 / 37098.9 KB) | LR: 0.00081 | TEMP: 1.35
  Train -> TL: 4.92489 | ATL: 4.58598 | TPPL: 98.0995 | ENT: 6.06582b | CERT: 10.7037% | SURP: 7.52713b
  Val   -> VL: 4.91258 | AVL: 4.90713 | VPPL: 135.251 | VENT: 6.25194b | VCERT: 12.1315% | VSURP: 7.68191b

[GeoMind CAUSAL CE Stream] Ep 1.0/Inf | D[1.0/10.0] | 25.5664% (9484.87 / 37098.9 KB) | LR: 0.00081 | TEMP: 1.35
  Train -> TL: 4.70045 | ATL: 4.58626 | TPPL: 98.1272 | ENT: 6.05287b | CERT: 10.9939% | SURP: 7.2324b
  Val   -> VL: 4.90613 | AVL: 4.90708 | VPPL: 135.244 | VENT: 6.2604b | VCERT: 12.6155% | VSURP: 7.67729b

[GeoMind CAUSAL CE Stream] Ep 1.0/Inf | D[1.0/10.0] | 25.6183% (9504.1 / 37098.9 KB) | LR: 0.00081 | TEMP: 1.35
  Train -> TL: 4.52347 | ATL: 4.58614 | TPPL: 98.115 | ENT: 5.88988b | CERT: 12.5504% | SURP: 7.06432b
  Val   -> VL: 4.89939 | AVL: 4.9067 | VPPL: 135.192 | VENT: 6.27348b | VCERT: 12.6885% | VSURP: 7.66924b

[GeoMind CAUSAL CE Stream] Ep 1.0/Inf | D[1.0/10.0] | 25.7001% (9534.45 / 37098.9 KB) | LR: 0.00081 | TEMP: 1.35
  Train -> TL: 4.47909 | ATL: 4.58577 | TPPL: 98.0782 | ENT: 5.91089b | CERT: 13.2893% | SURP: 6.8501b
  Val   -> VL: 4.91288 | AVL: 4.90701 | VPPL: 135.234 | VENT: 6.20875b | VCERT: 12.8646% | VSURP: 7.69627b

[GeoMind CAUSAL CE Stream] Ep 1.0/Inf | D[1.0/10.0] | 25.7619% (9557.37 / 37098.9 KB) | LR: 0.00081 | TEMP: 1.35
  Train -> TL: 4.54801 | ATL: 4.58567 | TPPL: 98.0692 | ENT: 5.86105b | CERT: 13.4703% | SURP: 7.04561b
  Val   -> VL: 4.90271 | AVL: 4.90679 | VPPL: 135.205 | VENT: 6.24449b | VCERT: 12.6079% | VSURP: 7.68184b

[GeoMind CAUSAL CE Stream] Ep 1.0/Inf | D[1.0/10.0] | 25.8453% (9588.31 / 37098.9 KB) | LR: 0.00081 | TEMP: 1.35
  Train -> TL: 4.62944 | ATL: 4.58583 | TPPL: 98.0843 | ENT: 5.89133b | CERT: 12.068% | SURP: 7.02219b
  Val   -> VL: 4.8873 | AVL: 4.90582 | VPPL: 135.073 | VENT: 6.31096b | VCERT: 11.991% | VSURP: 7.66073b

[GeoMind CAUSAL CE Stream] Ep 1.0/Inf | D[1.0/10.0] | 25.8774% (9600.24 / 37098.9 KB) | LR: 0.00081 | TEMP: 1.35
  Train -> TL: 4.44603 | ATL: 4.58567 | TPPL: 98.0687 | ENT: 5.99155b | CERT: 11.8951% | SURP: 7.03035b
  Val   -> VL: 4.88879 | AVL: 4.90497 | VPPL: 134.958 | VENT: 6.29344b | VCERT: 11.9463% | VSURP: 7.65797b

[GeoMind CAUSAL CE Stream] Ep 1.0/Inf | D[1.0/10.0] | 25.9458% (9625.61 / 37098.9 KB) | LR: 0.00081 | TEMP: 1.35
  Train -> TL: 4.49394 | ATL: 4.58544 | TPPL: 98.0467 | ENT: 6.03693b | CERT: 11.0508% | SURP: 7.1b
  Val   -> VL: 4.88863 | AVL: 4.90415 | VPPL: 134.848 | VENT: 6.29014b | VCERT: 12.0191% | VSURP: 7.65362b

[GeoMind CAUSAL CE Stream] Ep 1.0/Inf | D[1.0/10.0] | 26.0098% (9649.37 / 37098.9 KB) | LR: 0.00081 | TEMP: 1.35
  Train -> TL: 4.36265 | ATL: 4.58482 | TPPL: 97.9857 | ENT: 5.6358b | CERT: 14.7315% | SURP: 6.80609b
  Val   -> VL: 4.89037 | AVL: 4.90346 | VPPL: 134.755 | VENT: 6.23581b | VCERT: 12.9187% | VSURP: 7.6528b

[GeoMind CAUSAL CE Stream] Ep 1.0/Inf | D[1.0/10.0] | 26.0321% (9657.63 / 37098.9 KB) | LR: 0.00081 | TEMP: 1.35
  Train -> TL: 4.03131 | ATL: 4.58407 | TPPL: 97.9117 | ENT: 4.47519b | CERT: 23.3998% | SURP: 6.2698b
  Val   -> VL: 4.90446 | AVL: 4.90351 | VPPL: 134.762 | VENT: 6.18036b | VCERT: 13.1125% | VSURP: 7.66773b

[GeoMind CAUSAL CE Stream] Ep 1.0/Inf | D[1.0/10.0] | 26.084% (9676.9 / 37098.9 KB) | LR: 0.00081 | TEMP: 1.35
  Train -> TL: 4.55562 | ATL: 4.58401 | TPPL: 97.906 | ENT: 5.89187b | CERT: 13.6236% | SURP: 7.05507b
  Val   -> VL: 4.90004 | AVL: 4.90334 | VPPL: 134.739 | VENT: 6.20374b | VCERT: 12.9601% | VSURP: 7.66084b

[GeoMind CAUSAL CE Stream] Ep 1.0/Inf | D[1.0/10.0] | 26.1639% (9706.53 / 37098.9 KB) | LR: 0.00081 | TEMP: 1.35
  Train -> TL: 4.33821 | ATL: 4.58321 | TPPL: 97.8281 | ENT: 5.8294b | CERT: 14.3231% | SURP: 6.84852b
  Val   -> VL: 4.89692 | AVL: 4.90302 | VPPL: 134.695 | VENT: 6.19641b | VCERT: 13.2548% | VSURP: 7.64471b

[GeoMind CAUSAL CE Stream] Ep 1.0/Inf | D[1.0/10.0] | 26.2373% (9733.77 / 37098.9 KB) | LR: 0.00081 | TEMP: 1.35
  Train -> TL: 4.3798 | ATL: 4.58267 | TPPL: 97.7749 | ENT: 5.85178b | CERT: 14.7926% | SURP: 6.83685b
  Val   -> VL: 4.89768 | AVL: 4.90275 | VPPL: 134.66 | VENT: 6.18766b | VCERT: 13.1663% | VSURP: 7.64797b

[GeoMind CAUSAL CE Stream] Ep 1.0/Inf | D[1.0/10.0] | 26.2774% (9748.63 / 37098.9 KB) | LR: 0.00081 | TEMP: 1.35
  Train -> TL: 4.54973 | ATL: 4.58262 | TPPL: 97.7701 | ENT: 5.93448b | CERT: 12.6912% | SURP: 6.99796b
  Val   -> VL: 4.88957 | AVL: 4.90209 | VPPL: 134.571 | VENT: 6.23754b | VCERT: 12.7227% | VSURP: 7.64258b

[GeoMind CAUSAL CE Stream] Ep 1.0/Inf | D[1.0/10.0] | 26.3169% (9763.27 / 37098.9 KB) | LR: 0.00081 | TEMP: 1.35
  Train -> TL: 4.34098 | ATL: 4.58225 | TPPL: 97.7341 | ENT: 5.79275b | CERT: 14.4957% | SURP: 6.83075b
  Val   -> VL: 4.89338 | AVL: 4.90166 | VPPL: 134.512 | VENT: 6.20119b | VCERT: 13.1622% | VSURP: 7.64811b

[GeoMind CAUSAL CE Stream] Ep 1.0/Inf | D[1.0/10.0] | 26.3328% (9769.2 / 37098.9 KB) | LR: 0.00081 | TEMP: 1.35
  Train -> TL: 4.43999 | ATL: 4.58217 | TPPL: 97.7258 | ENT: 5.65194b | CERT: 19.7968% | SURP: 7.06603b
  Val   -> VL: 4.89249 | AVL: 4.9012 | VPPL: 134.451 | VENT: 6.19062b | VCERT: 13.4537% | VSURP: 7.64085b

[GeoMind CAUSAL CE Stream] Ep 1.0/Inf | D[1.0/10.0] | 26.3489% (9775.18 / 37098.9 KB) | LR: 0.00081 | TEMP: 1.35
  Train -> TL: 4.21565 | ATL: 4.58193 | TPPL: 97.703 | ENT: 5.66645b | CERT: 18.2477% | SURP: 6.70927b
  Val   -> VL: 4.89544 | AVL: 4.90091 | VPPL: 134.412 | VENT: 6.16274b | VCERT: 13.8895% | VSURP: 7.64135b

[GeoMind CAUSAL CE Stream] Ep 1.0/Inf | D[1.0/10.0] | 26.3251% (9766.34 / 37098.9 KB) | LR: 0.00081 | TEMP: 1.0
  Train -> TL: 24.4353 | ATL: 24.4353 | TPPL: 4.0936e+10 | ENT: 5.59927b | CERT: 25.0822% | SURP: 38.796b
  Val   -> VL: 14.5199 | AVL: 14.5199 | VPPL: 2.02259e+06 | VENT: 2.93058b | VCERT: 60.4425% | VSURP: 24.4294b

[GeoMind CAUSAL CE Stream] Ep 1.0/Inf | D[1.0/10.0] | 26.3409% (9772.2 / 37098.9 KB) | LR: 0.0007857 | TEMP: 1.0525
  Train -> TL: 9.43842 | ATL: 9.61672 | TPPL: 15013.8 | ENT: 7.3238b | CERT: 3.2069% | SURP: 16.6436b
  Val   -> VL: 14.1035 | AVL: 14.4991 | VPPL: 1.98091e+06 | VENT: 3.13985b | VCERT: 57.2566% | VSURP: 23.596b

[GeoMind CAUSAL CE Stream] Ep 1.0/Inf | D[1.0/10.0] | 26.3578% (9778.45 / 37098.9 KB) | LR: 0.000762129 | TEMP: 1.09713
  Train -> TL: 8.25871 | ATL: 8.90894 | TPPL: 7397.84 | ENT: 7.62644b | CERT: 2.51769% | SURP: 14.2727b
  Val   -> VL: 13.7123 | AVL: 14.4597 | VPPL: 1.9045e+06 | VENT: 3.25821b | VCERT: 55.7119% | VSURP: 22.8084b

[GeoMind CAUSAL CE Stream] Ep 1.0/Inf | D[1.0/10.0] | 26.4605% (9816.55 / 37098.9 KB) | LR: 0.000739265 | TEMP: 1.13506
  Train -> TL: 7.56037 | ATL: 7.87535 | TPPL: 2631.61 | ENT: 7.34346b | CERT: 5.70048% | SURP: 11.9845b
  Val   -> VL: 12.4428 | AVL: 14.3589 | VPPL: 1.7218e+06 | VENT: 3.37527b | VCERT: 52.5217% | VSURP: 20.2962b

[GeoMind CAUSAL CE Stream] Ep 1.0/Inf | D[1.0/10.0] | 26.5931% (9865.75 / 37098.9 KB) | LR: 0.000717087 | TEMP: 1.1673
  Train -> TL: 5.67234 | ATL: 6.85191 | TPPL: 945.689 | ENT: 6.26921b | CERT: 13.2496% | SURP: 9.0801b
  Val   -> VL: 11.8981 | AVL: 14.2358 | VPPL: 1.52247e+06 | VENT: 3.4346b | VCERT: 51.74% | VSURP: 19.3251b

[GeoMind CAUSAL CE Stream] Ep 1.0/Inf | D[1.0/10.0] | 26.6643% (9892.17 / 37098.9 KB) | LR: 0.000716822 | TEMP: 1.1947
  Train -> TL: 6.31229 | ATL: 6.74954 | TPPL: 853.663 | ENT: 6.72732b | CERT: 11.1908% | SURP: 9.75276b
  Val   -> VL: 11.7375 | AVL: 14.1109 | VPPL: 1.34368e+06 | VENT: 3.50727b | VCERT: 52.4479% | VSURP: 19.0912b

[GeoMind CAUSAL CE Stream] Ep 1.0/Inf | D[1.0/10.0] | 26.7049% (9907.23 / 37098.9 KB) | LR: 0.000730799 | TEMP: 1.218
  Train -> TL: 5.29324 | ATL: 6.58789 | TPPL: 726.248 | ENT: 6.56275b | CERT: 11.7989% | SURP: 8.34b
  Val   -> VL: 11.6831 | AVL: 13.9895 | VPPL: 1.19008e+06 | VENT: 3.33882b | VCERT: 52.5618% | VSURP: 18.9769b

[GeoMind CAUSAL CE Stream] Ep 1.0/Inf | D[1.0/10.0] | 26.7577% (9926.83 / 37098.9 KB) | LR: 0.000742679 | TEMP: 1.2378
  Train -> TL: 5.66444 | ATL: 6.45605 | TPPL: 636.54 | ENT: 5.97172b | CERT: 13.3755% | SURP: 8.72668b
  Val   -> VL: 11.7174 | AVL: 13.8759 | VPPL: 1.06228e+06 | VENT: 3.20988b | VCERT: 55.3194% | VSURP: 19.0973b

[GeoMind CAUSAL CE Stream] Ep 1.0/Inf | D[1.0/10.0] | 26.7731% (9932.52 / 37098.9 KB) | LR: 0.000752777 | TEMP: 1.25463
  Train -> TL: 6.12144 | ATL: 6.44018 | TPPL: 626.521 | ENT: 5.95694b | CERT: 23.3331% | SURP: 9.3865b
  Val   -> VL: 11.6909 | AVL: 13.7667 | VPPL: 952337 | VENT: 3.2806b | VCERT: 54.3573% | VSURP: 19.0652b

[GeoMind CAUSAL CE Stream] Ep 1.0/Inf | D[1.0/10.0] | 26.8197% (9949.82 / 37098.9 KB) | LR: 0.00076136 | TEMP: 1.26893
  Train -> TL: 6.04728 | ATL: 6.40113 | TPPL: 602.525 | ENT: 6.56773b | CERT: 13.6245% | SURP: 9.20537b
  Val   -> VL: 11.6155 | AVL: 13.6591 | VPPL: 855220 | VENT: 3.13809b | VCERT: 57.3875% | VSURP: 18.9466b

[GeoMind CAUSAL CE Stream] Ep 1.0/Inf | D[1.0/10.0] | 26.8881% (9975.19 / 37098.9 KB) | LR: 0.000768656 | TEMP: 1.28109
  Train -> TL: 5.88065 | ATL: 6.34078 | TPPL: 567.238 | ENT: 6.61824b | CERT: 13.8118% | SURP: 9.02405b
  Val   -> VL: 11.4972 | AVL: 13.551 | VPPL: 767597 | VENT: 3.19425b | VCERT: 57.3904% | VSURP: 18.7462b

[GeoMind CAUSAL CE Stream] Ep 1.0/Inf | D[1.0/10.0] | 26.9492% (9997.87 / 37098.9 KB) | LR: 0.000774858 | TEMP: 1.29143
  Train -> TL: 5.65922 | ATL: 6.27343 | TPPL: 530.292 | ENT: 6.40064b | CERT: 12.1907% | SURP: 8.71221b
  Val   -> VL: 11.4815 | AVL: 13.4475 | VPPL: 692140 | VENT: 3.0992b | VCERT: 58.1222% | VSURP: 18.7513b

[GeoMind CAUSAL CE Stream] Ep 1.0/Inf | D[1.0/10.0] | 26.9959% (10015.2 / 37098.9 KB) | LR: 0.000780129 | TEMP: 1.30022
  Train -> TL: 5.71927 | ATL: 6.23199 | TPPL: 508.766 | ENT: 6.2455b | CERT: 12.5127% | SURP: 8.77543b
  Val   -> VL: 11.4817 | AVL: 13.3493 | VPPL: 627346 | VENT: 3.04212b | VCERT: 58.8551% | VSURP: 18.7605b

[GeoMind CAUSAL CE Stream] Ep 1.0/Inf | D[1.0/10.0] | 27.043% (10032.7 / 37098.9 KB) | LR: 0.00078461 | TEMP: 1.30768
  Train -> TL: 5.45192 | ATL: 6.17851 | TPPL: 482.271 | ENT: 6.24867b | CERT: 13.2777% | SURP: 8.32764b
  Val   -> VL: 11.4299 | AVL: 13.2533 | VPPL: 569939 | VENT: 2.99542b | VCERT: 58.5882% | VSURP: 18.6705b

[GeoMind CAUSAL CE Stream] Ep 1.0/Inf | D[1.0/10.0] | 27.1176% (10060.3 / 37098.9 KB) | LR: 0.000788418 | TEMP: 1.31403
  Train -> TL: 5.41627 | ATL: 6.11313 | TPPL: 451.749 | ENT: 6.09652b | CERT: 13.3851% | SURP: 8.37473b
  Val   -> VL: 11.4125 | AVL: 13.1612 | VPPL: 519823 | VENT: 2.94071b | VCERT: 59.3967% | VSURP: 18.6509b

[GeoMind CAUSAL CE Stream] Ep 1.0/Inf | D[1.0/10.0] | 27.1814% (10084 / 37098.9 KB) | LR: 0.000791656 | TEMP: 1.31943
  Train -> TL: 5.63123 | ATL: 6.07897 | TPPL: 436.581 | ENT: 6.30011b | CERT: 11.7263% | SURP: 8.69423b
  Val   -> VL: 11.3745 | AVL: 13.0719 | VPPL: 475398 | VENT: 3.04563b | VCERT: 58.2334% | VSURP: 18.6009b

[GeoMind CAUSAL CE Stream] Ep 1.0/Inf | D[1.0/10.0] | 27.3105% (10131.9 / 37098.9 KB) | LR: 0.000794407 | TEMP: 1.32401
  Train -> TL: 5.46744 | ATL: 6.01374 | TPPL: 409.011 | ENT: 6.20638b | CERT: 13.1112% | SURP: 8.33126b
  Val   -> VL: 11.3698 | AVL: 12.9868 | VPPL: 436613 | VENT: 2.83947b | VCERT: 62.3638% | VSURP: 18.6123b

[GeoMind CAUSAL CE Stream] Ep 1.0/Inf | D[1.0/10.0] | 27.3718% (10154.7 / 37098.9 KB) | LR: 0.000796746 | TEMP: 1.32791
  Train -> TL: 5.21923 | ATL: 5.96697 | TPPL: 390.323 | ENT: 6.02654b | CERT: 14.3705% | SURP: 7.97247b
  Val   -> VL: 11.3696 | AVL: 12.9059 | VPPL: 402698 | VENT: 2.71322b | VCERT: 62.8574% | VSURP: 18.6109b

[GeoMind CAUSAL CE Stream] Ep 1.0/Inf | D[1.0/10.0] | 27.4437% (10181.3 / 37098.9 KB) | LR: 0.000798734 | TEMP: 1.33122
  Train -> TL: 5.55378 | ATL: 5.94094 | TPPL: 380.291 | ENT: 6.22268b | CERT: 11.8704% | SURP: 8.48507b
  Val   -> VL: 11.3728 | AVL: 12.8293 | VPPL: 372982 | VENT: 2.85831b | VCERT: 61.0485% | VSURP: 18.6464b

[GeoMind CAUSAL CE Stream] Ep 1.0/Inf | D[1.0/10.0] | 27.4716% (10191.7 / 37098.9 KB) | LR: 0.000800424 | TEMP: 1.33404
  Train -> TL: 5.31287 | ATL: 5.92765 | TPPL: 375.27 | ENT: 6.39804b | CERT: 11.5597% | SURP: 8.11636b
  Val   -> VL: 11.3138 | AVL: 12.7535 | VPPL: 345764 | VENT: 2.95077b | VCERT: 59.6008% | VSURP: 18.5411b

[GeoMind CAUSAL CE Stream] Ep 1.0/Inf | D[1.0/10.0] | 27.5313% (10213.8 / 37098.9 KB) | LR: 0.00080186 | TEMP: 1.33643
  Train -> TL: 5.14139 | ATL: 5.88569 | TPPL: 359.852 | ENT: 6.26254b | CERT: 11.8543% | SURP: 7.95229b
  Val   -> VL: 11.3251 | AVL: 12.6821 | VPPL: 321931 | VENT: 2.91048b | VCERT: 59.1495% | VSURP: 18.5683b

[GeoMind CAUSAL CE Stream] Ep 1.0/Inf | D[1.0/10.0] | 27.5908% (10235.9 / 37098.9 KB) | LR: 0.000803081 | TEMP: 1.33847
  Train -> TL: 5.2678 | ATL: 5.8545 | TPPL: 348.802 | ENT: 6.13042b | CERT: 13.6984% | SURP: 8.0655b
  Val   -> VL: 11.3093 | AVL: 12.6135 | VPPL: 300575 | VENT: 2.948b | VCERT: 57.9127% | VSURP: 18.5538b

[GeoMind CAUSAL CE Stream] Ep 1.0/Inf | D[1.0/10.0] | 27.6859% (10271.2 / 37098.9 KB) | LR: 0.000804119 | TEMP: 1.3402
  Train -> TL: 4.98996 | ATL: 5.79881 | TPPL: 329.907 | ENT: 6.10682b | CERT: 13.5264% | SURP: 7.74784b
  Val   -> VL: 11.2642 | AVL: 12.546 | VPPL: 280966 | VENT: 2.87584b | VCERT: 58.2467% | VSURP: 18.4685b

[GeoMind CAUSAL CE Stream] Ep 1.0/Inf | D[1.0/10.0] | 27.7338% (10289 / 37098.9 KB) | LR: 0.000805001 | TEMP: 1.34167
  Train -> TL: 5.3604 | ATL: 5.78412 | TPPL: 325.096 | ENT: 6.00395b | CERT: 13.8382% | SURP: 8.04086b
  Val   -> VL: 11.3145 | AVL: 12.4844 | VPPL: 264187 | VENT: 2.6919b | VCERT: 62.9118% | VSURP: 18.5649b

[GeoMind CAUSAL CE Stream] Ep 1.0/Inf | D[1.0/10.0] | 27.7755% (10304.4 / 37098.9 KB) | LR: 0.000805751 | TEMP: 1.34292
  Train -> TL: 5.14291 | ATL: 5.76446 | TPPL: 318.767 | ENT: 6.06907b | CERT: 13.9585% | SURP: 7.94039b
  Val   -> VL: 11.3268 | AVL: 12.4265 | VPPL: 249331 | VENT: 2.67165b | VCERT: 62.74% | VSURP: 18.5983b

[GeoMind CAUSAL CE Stream] Ep 1.0/Inf | D[1.0/10.0] | 27.8051% (10315.4 / 37098.9 KB) | LR: 0.000806388 | TEMP: 1.34398
  Train -> TL: 5.35011 | ATL: 5.75604 | TPPL: 316.095 | ENT: 6.21741b | CERT: 12.7431% | SURP: 8.11681b
  Val   -> VL: 11.2856 | AVL: 12.3695 | VPPL: 235505 | VENT: 2.75824b | VCERT: 61.2882% | VSURP: 18.5194b

[GeoMind CAUSAL CE Stream] Ep 1.0/Inf | D[1.0/10.0] | 27.8714% (10340 / 37098.9 KB) | LR: 0.00080693 | TEMP: 1.34488
  Train -> TL: 4.73634 | ATL: 5.71507 | TPPL: 303.406 | ENT: 6.10934b | CERT: 13.1163% | SURP: 7.39681b
  Val   -> VL: 11.2261 | AVL: 12.3123 | VPPL: 222419 | VENT: 2.68326b | VCERT: 62.0437% | VSURP: 18.4061b

[GeoMind CAUSAL CE Stream] Ep 1.0/Inf | D[1.0/10.0] | 27.9262% (10360.3 / 37098.9 KB) | LR: 0.000807391 | TEMP: 1.34565
  Train -> TL: 4.9589 | ATL: 5.6899 | TPPL: 295.865 | ENT: 5.78042b | CERT: 16.1219% | SURP: 7.73816b
  Val   -> VL: 11.2147 | AVL: 12.2574 | VPPL: 210542 | VENT: 2.70482b | VCERT: 61.4038% | VSURP: 18.3899b

[GeoMind CAUSAL CE Stream] Ep 1.0/Inf | D[1.0/10.0] | 27.9813% (10380.8 / 37098.9 KB) | LR: 0.000807782 | TEMP: 1.3463
  Train -> TL: 5.05222 | ATL: 5.66784 | TPPL: 289.408 | ENT: 5.90569b | CERT: 14.1105% | SURP: 7.76214b
  Val   -> VL: 11.196 | AVL: 12.2044 | VPPL: 199660 | VENT: 2.80827b | VCERT: 57.8148% | VSURP: 18.3773b

[GeoMind CAUSAL CE Stream] Ep 1.0/Inf | D[1.0/10.0] | 28.0534% (10407.5 / 37098.9 KB) | LR: 0.000808115 | TEMP: 1.34686
  Train -> TL: 5.36708 | ATL: 5.65532 | TPPL: 285.808 | ENT: 6.19418b | CERT: 10.7832% | SURP: 8.06841b
  Val   -> VL: 11.2179 | AVL: 12.155 | VPPL: 190051 | VENT: 2.78577b | VCERT: 59.5975% | VSURP: 18.4384b

[GeoMind CAUSAL CE Stream] Ep 1.0/Inf | D[1.0/10.0] | 28.0891% (10420.7 / 37098.9 KB) | LR: 0.000808398 | TEMP: 1.34733
  Train -> TL: 5.2067 | ATL: 5.64456 | TPPL: 282.748 | ENT: 6.27157b | CERT: 10.9003% | SURP: 7.99059b
  Val   -> VL: 11.2758 | AVL: 12.1111 | VPPL: 181877 | VENT: 2.69854b | VCERT: 59.2353% | VSURP: 18.5536b

[GeoMind CAUSAL CE Stream] Ep 1.0/Inf | D[1.0/10.0] | 28.1496% (10443.2 / 37098.9 KB) | LR: 0.000808638 | TEMP: 1.34773
  Train -> TL: 5.00261 | ATL: 5.62318 | TPPL: 276.767 | ENT: 6.18291b | CERT: 11.6689% | SURP: 7.79855b
  Val   -> VL: 11.2827 | AVL: 12.0697 | VPPL: 174497 | VENT: 2.63562b | VCERT: 60.2348% | VSURP: 18.5621b

[GeoMind CAUSAL CE Stream] Ep 1.0/Inf | D[1.0/10.0] | 28.2154% (10467.6 / 37098.9 KB) | LR: 0.000808842 | TEMP: 1.34807
  Train -> TL: 4.81958 | ATL: 5.59644 | TPPL: 269.466 | ENT: 6.02542b | CERT: 12.2688% | SURP: 7.53977b
  Val   -> VL: 11.2432 | AVL: 12.0283 | VPPL: 167433 | VENT: 2.49281b | VCERT: 64.0329% | VSURP: 18.4729b

[GeoMind CAUSAL CE Stream] Ep 1.0/Inf | D[1.0/10.0] | 28.2768% (10490.4 / 37098.9 KB) | LR: 0.000809016 | TEMP: 1.34836
  Train -> TL: 4.7449 | ATL: 5.57076 | TPPL: 262.634 | ENT: 5.87556b | CERT: 14.1755% | SURP: 7.44094b
  Val   -> VL: 11.1753 | AVL: 11.9857 | VPPL: 160442 | VENT: 2.57659b | VCERT: 61.676% | VSURP: 18.341b

[GeoMind CAUSAL CE Stream] Ep 1.0/Inf | D[1.0/10.0] | 28.3148% (10504.5 / 37098.9 KB) | LR: 0.000809164 | TEMP: 1.34861
  Train -> TL: 4.77475 | ATL: 5.55542 | TPPL: 258.636 | ENT: 5.7591b | CERT: 15.1204% | SURP: 7.42926b
  Val   -> VL: 11.2413 | AVL: 11.9485 | VPPL: 154580 | VENT: 2.48133b | VCERT: 63.6286% | VSURP: 18.4746b

[GeoMind CAUSAL CE Stream] Ep 1.0/Inf | D[1.0/10.0] | 28.355% (10519.4 / 37098.9 KB) | LR: 0.000809289 | TEMP: 1.34881
  Train -> TL: 5.14076 | ATL: 5.54604 | TPPL: 256.222 | ENT: 6.04647b | CERT: 11.5909% | SURP: 7.86963b
  Val   -> VL: 11.3363 | AVL: 11.9179 | VPPL: 149920 | VENT: 2.39063b | VCERT: 64.7856% | VSURP: 18.6683b

[GeoMind CAUSAL CE Stream] Ep 1.0/Inf | D[1.0/10.0] | 28.4087% (10539.3 / 37098.9 KB) | LR: 0.000809396 | TEMP: 1.34899
  Train -> TL: 4.55442 | ATL: 5.52084 | TPPL: 249.845 | ENT: 5.92239b | CERT: 13.2984% | SURP: 7.2072b
  Val   -> VL: 11.2477 | AVL: 11.8844 | VPPL: 144980 | VENT: 2.45437b | VCERT: 63.8118% | VSURP: 18.4765b

[GeoMind CAUSAL CE Stream] Ep 1.0/Inf | D[1.0/10.0] | 28.5009% (10573.5 / 37098.9 KB) | LR: 0.000809486 | TEMP: 1.34914
  Train -> TL: 5.09207 | ATL: 5.50267 | TPPL: 245.345 | ENT: 5.98117b | CERT: 12.5089% | SURP: 7.80288b
  Val   -> VL: 11.3501 | AVL: 11.8576 | VPPL: 141159 | VENT: 2.29825b | VCERT: 66.2549% | VSURP: 18.6704b

[GeoMind CAUSAL CE Stream] Ep 1.0/Inf | D[1.0/10.0] | 28.5798% (10602.8 / 37098.9 KB) | LR: 0.000809563 | TEMP: 1.34927
  Train -> TL: 5.1066 | ATL: 5.48404 | TPPL: 240.818 | ENT: 5.20323b | CERT: 20.8462% | SURP: 7.83367b
  Val   -> VL: 11.5101 | AVL: 11.8403 | VPPL: 138727 | VENT: 2.32586b | VCERT: 61.7512% | VSURP: 18.9429b

[GeoMind CAUSAL CE Stream] Ep 1.0/Inf | D[1.0/10.0] | 28.6272% (10620.4 / 37098.9 KB) | LR: 0.000809629 | TEMP: 1.34938
  Train -> TL: 4.73297 | ATL: 5.46941 | TPPL: 237.32 | ENT: 5.85104b | CERT: 14.6195% | SURP: 7.47736b
  Val   -> VL: 11.36 | AVL: 11.8162 | VPPL: 135435 | VENT: 2.34534b | VCERT: 63.4268% | VSURP: 18.667b

[GeoMind CAUSAL CE Stream] Ep 1.0/Inf | D[1.0/10.0] | 28.6639% (10634 / 37098.9 KB) | LR: 0.000809685 | TEMP: 1.34947
  Train -> TL: 4.79392 | ATL: 5.45979 | TPPL: 235.048 | ENT: 5.82797b | CERT: 14.9959% | SURP: 7.38919b
  Val   -> VL: 11.3567 | AVL: 11.7933 | VPPL: 132359 | VENT: 2.35681b | VCERT: 63.3614% | VSURP: 18.6748b

[GeoMind CAUSAL CE Stream] Ep 1.0/Inf | D[1.0/10.0] | 28.743% (10663.3 / 37098.9 KB) | LR: 0.000809732 | TEMP: 1.34955
  Train -> TL: 4.8824 | ATL: 5.44072 | TPPL: 230.607 | ENT: 5.88b | CERT: 14.5173% | SURP: 7.37464b
  Val   -> VL: 11.3888 | AVL: 11.773 | VPPL: 129709 | VENT: 2.16154b | VCERT: 68.3232% | VSURP: 18.7392b

[GeoMind CAUSAL CE Stream] Ep 1.0/Inf | D[1.0/10.0] | 28.8027% (10685.5 / 37098.9 KB) | LR: 0.000809772 | TEMP: 1.34962
  Train -> TL: 4.84598 | ATL: 5.42732 | TPPL: 227.539 | ENT: 5.95685b | CERT: 14.1902% | SURP: 7.53537b
  Val   -> VL: 11.3268 | AVL: 11.7507 | VPPL: 126846 | VENT: 2.29874b | VCERT: 65.7417% | VSURP: 18.634b

[GeoMind CAUSAL CE Stream] Ep 1.0/Inf | D[1.0/10.0] | 28.8364% (10698 / 37098.9 KB) | LR: 0.000809806 | TEMP: 1.34968
  Train -> TL: 4.97557 | ATL: 5.42052 | TPPL: 225.996 | ENT: 5.70935b | CERT: 16.5842% | SURP: 7.78857b
  Val   -> VL: 11.3231 | AVL: 11.7293 | VPPL: 124163 | VENT: 2.47765b | VCERT: 60.4535% | VSURP: 18.6231b

[GeoMind CAUSAL CE Stream] Ep 1.0/Inf | D[1.0/10.0] | 28.8866% (10716.6 / 37098.9 KB) | LR: 0.000809835 | TEMP: 1.34973
  Train -> TL: 5.13368 | ATL: 5.41431 | TPPL: 224.598 | ENT: 5.77399b | CERT: 19.3543% | SURP: 7.82326b
  Val   -> VL: 11.364 | AVL: 11.7111 | VPPL: 121915 | VENT: 2.4515b | VCERT: 61.4371% | VSURP: 18.7162b

[GeoMind CAUSAL CE Stream] Ep 1.0/Inf | D[1.0/10.0] | 28.9684% (10747 / 37098.9 KB) | LR: 0.00080986 | TEMP: 1.34977
  Train -> TL: 4.72362 | ATL: 5.38947 | TPPL: 219.088 | ENT: 5.73337b | CERT: 15.414% | SURP: 7.29999b
  Val   -> VL: 11.338 | AVL: 11.6924 | VPPL: 119662 | VENT: 2.37832b | VCERT: 62.4136% | VSURP: 18.6753b

[GeoMind CAUSAL CE Stream] Ep 1.0/Inf | D[1.0/10.0] | 29.0072% (10761.4 / 37098.9 KB) | LR: 0.000809881 | TEMP: 1.3498
  Train -> TL: 4.76178 | ATL: 5.37987 | TPPL: 216.994 | ENT: 5.99066b | CERT: 12.9047% | SURP: 7.4433b
  Val   -> VL: 11.3585 | AVL: 11.6757 | VPPL: 117681 | VENT: 2.38153b | VCERT: 61.3647% | VSURP: 18.7004b

[GeoMind CAUSAL CE Stream] Ep 1.0/Inf | D[1.0/10.0] | 29.0651% (10782.8 / 37098.9 KB) | LR: 0.000809899 | TEMP: 1.34983
  Train -> TL: 4.7837 | ATL: 5.36637 | TPPL: 214.083 | ENT: 5.84812b | CERT: 15.2353% | SURP: 7.45591b
  Val   -> VL: 11.3784 | AVL: 11.6609 | VPPL: 115945 | VENT: 2.21139b | VCERT: 66.2838% | VSURP: 18.7165b

[GeoMind CAUSAL CE Stream] Ep 1.0/Inf | D[1.0/10.0] | 29.1208% (10803.5 / 37098.9 KB) | LR: 0.000809914 | TEMP: 1.34986
  Train -> TL: 4.83833 | ATL: 5.35689 | TPPL: 212.064 | ENT: 5.86971b | CERT: 15.1412% | SURP: 7.58482b
  Val   -> VL: 11.2382 | AVL: 11.6397 | VPPL: 113520 | VENT: 2.44196b | VCERT: 62.3751% | VSURP: 18.4753b

[GeoMind CAUSAL CE Stream] Ep 1.0/Inf | D[1.0/10.0] | 29.2141% (10838.1 / 37098.9 KB) | LR: 0.000809927 | TEMP: 1.34988
  Train -> TL: 4.64285 | ATL: 5.3348 | TPPL: 207.43 | ENT: 5.83239b | CERT: 14.4212% | SURP: 7.28951b
  Val   -> VL: 11.2947 | AVL: 11.6225 | VPPL: 111578 | VENT: 2.39682b | VCERT: 61.2902% | VSURP: 18.5855b

[GeoMind CAUSAL CE Stream] Ep 1.0/Inf | D[1.0/10.0] | 29.2884% (10865.7 / 37098.9 KB) | LR: 0.000809938 | TEMP: 1.3499
  Train -> TL: 4.47398 | ATL: 5.31323 | TPPL: 203.005 | ENT: 5.70312b | CERT: 14.5162% | SURP: 7.02106b
  Val   -> VL: 11.3041 | AVL: 11.6066 | VPPL: 109816 | VENT: 2.37783b | VCERT: 60.4796% | VSURP: 18.6001b

[GeoMind CAUSAL CE Stream] Ep 1.0/Inf | D[1.0/10.0] | 29.3301% (10881.2 / 37098.9 KB) | LR: 0.000809947 | TEMP: 1.34991
  Train -> TL: 4.88425 | ATL: 5.30714 | TPPL: 201.772 | ENT: 5.81562b | CERT: 11.6255% | SURP: 7.58073b
  Val   -> VL: 11.3218 | AVL: 11.5923 | VPPL: 108264 | VENT: 2.3477b | VCERT: 62.2968% | VSURP: 18.6453b

[GeoMind CAUSAL CE Stream] Ep 1.0/Inf | D[1.0/10.0] | 29.3795% (10899.5 / 37098.9 KB) | LR: 0.000809955 | TEMP: 1.34993
  Train -> TL: 4.8439 | ATL: 5.29966 | TPPL: 200.268 | ENT: 5.87543b | CERT: 13.0525% | SURP: 7.3983b
  Val   -> VL: 11.315 | AVL: 11.5785 | VPPL: 106773 | VENT: 2.20265b | VCERT: 66.8968% | VSURP: 18.6213b

[GeoMind CAUSAL CE Stream] Ep 1.0/Inf | D[1.0/10.0] | 29.4226% (10915.5 / 37098.9 KB) | LR: 0.000809962 | TEMP: 1.34994
  Train -> TL: 4.63621 | ATL: 5.29087 | TPPL: 198.517 | ENT: 5.77525b | CERT: 14.4012% | SURP: 7.26493b
  Val   -> VL: 11.2301 | AVL: 11.561 | VPPL: 104929 | VENT: 2.38948b | VCERT: 61.6905% | VSURP: 18.4609b

[GeoMind CAUSAL CE Stream] Ep 1.0/Inf | D[1.0/10.0] | 29.4562% (10927.9 / 37098.9 KB) | LR: 0.000809968 | TEMP: 1.34995
  Train -> TL: 4.80392 | ATL: 5.28586 | TPPL: 197.524 | ENT: 5.83901b | CERT: 13.6781% | SURP: 7.4643b
  Val   -> VL: 11.22 | AVL: 11.544 | VPPL: 103155 | VENT: 2.41063b | VCERT: 61.252% | VSURP: 18.4569b

[GeoMind CAUSAL CE Stream] Ep 1.0/Inf | D[1.0/10.0] | 29.4932% (10941.7 / 37098.9 KB) | LR: 0.000809972 | TEMP: 1.34995
  Train -> TL: 4.57277 | ATL: 5.27885 | TPPL: 196.143 | ENT: 5.80971b | CERT: 14.1425% | SURP: 7.20781b
  Val   -> VL: 11.2412 | AVL: 11.5289 | VPPL: 101605 | VENT: 2.32481b | VCERT: 63.5961% | VSURP: 18.4906b

[GeoMind CAUSAL CE Stream] Ep 1.0/Inf | D[1.0/10.0] | 29.5739% (10971.6 / 37098.9 KB) | LR: 0.000809977 | TEMP: 1.34996
  Train -> TL: 4.79124 | ATL: 5.26603 | TPPL: 193.646 | ENT: 5.86878b | CERT: 14.2828% | SURP: 7.34895b
  Val   -> VL: 11.2993 | AVL: 11.5174 | VPPL: 100446 | VENT: 2.30913b | VCERT: 63.3026% | VSURP: 18.606b

[GeoMind CAUSAL CE Stream] Ep 1.0/Inf | D[1.0/10.0] | 29.6228% (10989.7 / 37098.9 KB) | LR: 0.00080998 | TEMP: 1.34997
  Train -> TL: 4.70598 | ATL: 5.25759 | TPPL: 192.019 | ENT: 5.9651b | CERT: 13.1629% | SURP: 7.25967b
  Val   -> VL: 11.3202 | AVL: 11.5075 | VPPL: 99460 | VENT: 2.22254b | VCERT: 65.5393% | VSURP: 18.6448b

[GeoMind CAUSAL CE Stream] Ep 1.0/Inf | D[1.0/10.0] | 29.6642% (11005.1 / 37098.9 KB) | LR: 0.000809983 | TEMP: 1.34997
  Train -> TL: 5.31325 | ATL: 5.25833 | TPPL: 192.159 | ENT: 6.10913b | CERT: 11.3326% | SURP: 8.17251b
  Val   -> VL: 11.3645 | AVL: 11.5004 | VPPL: 98751.2 | VENT: 2.2278b | VCERT: 65.8777% | VSURP: 18.7407b

[GeoMind CAUSAL CE Stream] Ep 1.0/Inf | D[1.0/10.0] | 29.713% (11023.2 / 37098.9 KB) | LR: 0.000809986 | TEMP: 1.34998
  Train -> TL: 4.56424 | ATL: 5.24859 | TPPL: 190.299 | ENT: 5.80826b | CERT: 13.9605% | SURP: 7.12624b
  Val   -> VL: 11.2509 | AVL: 11.4879 | VPPL: 97527 | VENT: 2.36681b | VCERT: 63.1036% | VSURP: 18.517b

[GeoMind CAUSAL CE Stream] Ep 1.0/Inf | D[1.0/10.0] | 29.8138% (11060.6 / 37098.9 KB) | LR: 0.000809988 | TEMP: 1.34998
  Train -> TL: 4.68023 | ATL: 5.23254 | TPPL: 187.269 | ENT: 5.85526b | CERT: 14.9026% | SURP: 7.28457b
  Val   -> VL: 11.2247 | AVL: 11.4747 | VPPL: 96252 | VENT: 2.42781b | VCERT: 60.554% | VSURP: 18.4642b

[GeoMind CAUSAL CE Stream] Ep 1.0/Inf | D[1.0/10.0] | 29.8559% (11076.2 / 37098.9 KB) | LR: 0.00080999 | TEMP: 1.34998
  Train -> TL: 4.64494 | ATL: 5.22492 | TPPL: 185.846 | ENT: 5.70196b | CERT: 15.7931% | SURP: 7.27055b
  Val   -> VL: 11.3039 | AVL: 11.4662 | VPPL: 95433.4 | VENT: 2.34324b | VCERT: 61.3738% | VSURP: 18.6195b

[GeoMind CAUSAL CE Stream] Ep 1.0/Inf | D[1.0/10.0] | 29.9084% (11095.7 / 37098.9 KB) | LR: 0.000809991 | TEMP: 1.34999
  Train -> TL: 4.64865 | ATL: 5.21667 | TPPL: 184.32 | ENT: 5.77762b | CERT: 14.3803% | SURP: 7.2116b
  Val   -> VL: 11.37 | AVL: 11.4614 | VPPL: 94975.6 | VENT: 2.17461b | VCERT: 65.7613% | VSURP: 18.7436b

[GeoMind CAUSAL CE Stream] Ep 1.0/Inf | D[1.0/10.0] | 29.98% (11122.3 / 37098.9 KB) | LR: 0.000809992 | TEMP: 1.34999
  Train -> TL: 4.66094 | ATL: 5.20597 | TPPL: 182.358 | ENT: 5.89742b | CERT: 13.7833% | SURP: 7.21894b
  Val   -> VL: 11.3257 | AVL: 11.4546 | VPPL: 94333.3 | VENT: 2.15485b | VCERT: 66.9114% | VSURP: 18.6537b

[GeoMind CAUSAL CE Stream] Ep 1.0/Inf | D[1.0/10.0] | 30.0226% (11138.1 / 37098.9 KB) | LR: 0.000809994 | TEMP: 1.34999
  Train -> TL: 4.97394 | ATL: 5.20333 | TPPL: 181.878 | ENT: 6.11828b | CERT: 12.3976% | SURP: 7.67367b
  Val   -> VL: 11.2949 | AVL: 11.4466 | VPPL: 93582.9 | VENT: 2.2153b | VCERT: 66.2696% | VSURP: 18.599b

[GeoMind CAUSAL CE Stream] Ep 1.0/Inf | D[1.0/10.0] | 30.1057% (11168.9 / 37098.9 KB) | LR: 0.000809995 | TEMP: 1.34999
  Train -> TL: 4.57143 | ATL: 5.18753 | TPPL: 179.026 | ENT: 5.54638b | CERT: 16.6347% | SURP: 7.06321b
  Val   -> VL: 11.3524 | AVL: 11.4419 | VPPL: 93143.1 | VENT: 2.279b | VCERT: 61.8134% | VSURP: 18.6953b

[GeoMind CAUSAL CE Stream] Ep 1.0/Inf | D[1.0/10.0] | 30.1891% (11199.8 / 37098.9 KB) | LR: 0.000809995 | TEMP: 1.34999
  Train -> TL: 4.77732 | ATL: 5.18034 | TPPL: 177.743 | ENT: 6.06593b | CERT: 12.5435% | SURP: 7.43051b
  Val   -> VL: 11.2593 | AVL: 11.4328 | VPPL: 92296.7 | VENT: 2.35442b | VCERT: 62.0759% | VSURP: 18.535b

[GeoMind CAUSAL CE Stream] Ep 1.0/Inf | D[1.0/10.0] | 30.2317% (11215.6 / 37098.9 KB) | LR: 0.000809996 | TEMP: 1.34999
  Train -> TL: 4.82308 | ATL: 5.17673 | TPPL: 177.103 | ENT: 6.05823b | CERT: 12.1043% | SURP: 7.34398b
  Val   -> VL: 11.3159 | AVL: 11.4269 | VPPL: 91759.2 | VENT: 2.22546b | VCERT: 64.841% | VSURP: 18.6474b

[GeoMind CAUSAL CE Stream] Ep 1.0/Inf | D[1.0/10.0] | 30.2615% (11226.7 / 37098.9 KB) | LR: 0.000809997 | TEMP: 1.34999
  Train -> TL: 4.76436 | ATL: 5.17373 | TPPL: 176.572 | ENT: 5.94513b | CERT: 11.8825% | SURP: 7.43792b
  Val   -> VL: 11.2918 | AVL: 11.4202 | VPPL: 91141.2 | VENT: 2.30027b | VCERT: 62.5496% | VSURP: 18.6016b

[GeoMind CAUSAL CE Stream] Ep 1.0/Inf | D[1.0/10.0] | 30.3493% (11259.2 / 37098.9 KB) | LR: 0.000809997 | TEMP: 1.35
  Train -> TL: 4.67529 | ATL: 5.16242 | TPPL: 174.586 | ENT: 5.87608b | CERT: 13.8791% | SURP: 7.1955b
  Val   -> VL: 11.3423 | AVL: 11.4163 | VPPL: 90787 | VENT: 2.28496b | VCERT: 61.2541% | VSURP: 18.6902b

[GeoMind CAUSAL CE Stream] Ep 1.0/Inf | D[1.0/10.0] | 30.3897% (11274.3 / 37098.9 KB) | LR: 0.000809998 | TEMP: 1.35
  Train -> TL: 4.62415 | ATL: 5.15714 | TPPL: 173.668 | ENT: 5.76642b | CERT: 14.19% | SURP: 7.22198b
  Val   -> VL: 11.3761 | AVL: 11.4143 | VPPL: 90604.9 | VENT: 2.20651b | VCERT: 63.5707% | VSURP: 18.7509b

[GeoMind CAUSAL CE Stream] Ep 1.0/Inf | D[1.0/10.0] | 30.4281% (11288.5 / 37098.9 KB) | LR: 0.000809998 | TEMP: 1.35
  Train -> TL: 4.83385 | ATL: 5.1539 | TPPL: 173.106 | ENT: 5.86373b | CERT: 14.2942% | SURP: 7.52671b
  Val   -> VL: 11.4004 | AVL: 11.4136 | VPPL: 90542 | VENT: 2.16174b | VCERT: 64.0147% | VSURP: 18.7891b

[GeoMind CAUSAL CE Stream] Ep 1.0/Inf | D[1.0/10.0] | 30.4906% (11311.7 / 37098.9 KB) | LR: 0.000809998 | TEMP: 1.35
  Train -> TL: 4.70122 | ATL: 5.1474 | TPPL: 171.984 | ENT: 6.04483b | CERT: 12.2739% | SURP: 7.35841b
  Val   -> VL: 11.4166 | AVL: 11.4137 | VPPL: 90555.8 | VENT: 2.17029b | VCERT: 64.8922% | VSURP: 18.8209b

[GeoMind CAUSAL CE Stream] Ep 1.0/Inf | D[1.0/10.0] | 30.5836% (11346.2 / 37098.9 KB) | LR: 0.000809999 | TEMP: 1.35
  Train -> TL: 4.66194 | ATL: 5.13787 | TPPL: 170.353 | ENT: 5.93214b | CERT: 12.892% | SURP: 7.23877b
  Val   -> VL: 11.3624 | AVL: 11.4112 | VPPL: 90323.9 | VENT: 2.26097b | VCERT: 62.0818% | VSURP: 18.7304b

[GeoMind CAUSAL CE Stream] Ep 1.0/Inf | D[1.0/10.0] | 30.6622% (11375.3 / 37098.9 KB) | LR: 0.000809999 | TEMP: 1.35
  Train -> TL: 4.64245 | ATL: 5.12952 | TPPL: 168.936 | ENT: 5.97403b | CERT: 12.7275% | SURP: 7.22557b
  Val   -> VL: 11.3785 | AVL: 11.4095 | VPPL: 90176.7 | VENT: 2.18256b | VCERT: 63.6976% | VSURP: 18.7579b

[GeoMind CAUSAL CE Stream] Ep 1.0/Inf | D[1.0/10.0] | 30.7263% (11399.1 / 37098.9 KB) | LR: 0.000809999 | TEMP: 1.35
  Train -> TL: 4.36408 | ATL: 5.11785 | TPPL: 166.976 | ENT: 5.50589b | CERT: 17.8177% | SURP: 6.8513b
  Val   -> VL: 11.3623 | AVL: 11.4072 | VPPL: 89963.9 | VENT: 2.24079b | VCERT: 60.2799% | VSURP: 18.7171b

[GeoMind CAUSAL CE Stream] Ep 1.0/Inf | D[1.0/10.0] | 30.742% (11405 / 37098.9 KB) | LR: 0.000809999 | TEMP: 1.35
  Train -> TL: 5.22452 | ATL: 5.11816 | TPPL: 167.028 | ENT: 6.02618b | CERT: 11.4959% | SURP: 7.73252b
  Val   -> VL: 11.3496 | AVL: 11.4043 | VPPL: 89705.3 | VENT: 2.2657b | VCERT: 60.4576% | VSURP: 18.6973b

[GeoMind CAUSAL CE Stream] Ep 1.0/Inf | D[1.0/10.0] | 30.7983% (11425.9 / 37098.9 KB) | LR: 0.000809999 | TEMP: 1.35
  Train -> TL: 4.46007 | ATL: 5.10539 | TPPL: 164.908 | ENT: 5.26844b | CERT: 17.1001% | SURP: 6.79367b
  Val   -> VL: 11.6896 | AVL: 11.4186 | VPPL: 90994.3 | VENT: 2.0725b | VCERT: 60.5653% | VSURP: 19.3222b

[GeoMind CAUSAL CE Stream] Ep 1.0/Inf | D[1.0/10.0] | 30.8274% (11436.6 / 37098.9 KB) | LR: 0.000809999 | TEMP: 1.35
  Train -> TL: 4.46509 | ATL: 5.09926 | TPPL: 163.9 | ENT: 4.94309b | CERT: 19.1859% | SURP: 6.85447b
  Val   -> VL: 11.668 | AVL: 11.431 | VPPL: 92136.4 | VENT: 2.0805b | VCERT: 61.4282% | VSURP: 19.2716b

[GeoMind CAUSAL CE Stream] Ep 1.0/Inf | D[1.0/10.0] | 30.8695% (11452.3 / 37098.9 KB) | LR: 0.000809999 | TEMP: 1.35
  Train -> TL: 4.36619 | ATL: 5.09266 | TPPL: 162.822 | ENT: 5.32763b | CERT: 16.6536% | SURP: 6.97925b
  Val   -> VL: 11.489 | AVL: 11.4339 | VPPL: 92404.1 | VENT: 2.18562b | VCERT: 58.9774% | VSURP: 18.9223b

[GeoMind CAUSAL CE Stream] Ep 1.0/Inf | D[1.0/10.0] | 30.9268% (11473.5 / 37098.9 KB) | LR: 0.00081 | TEMP: 1.35
  Train -> TL: 4.74676 | ATL: 5.08795 | TPPL: 162.057 | ENT: 5.8758b | CERT: 13.2708% | SURP: 7.39412b
  Val   -> VL: 11.4562 | AVL: 11.435 | VPPL: 92507 | VENT: 2.176b | VCERT: 60.6932% | VSURP: 18.8775b

[GeoMind CAUSAL CE Stream] Ep 1.0/Inf | D[1.0/10.0] | 30.9849% (11495.1 / 37098.9 KB) | LR: 0.00081 | TEMP: 1.35
  Train -> TL: 4.92171 | ATL: 5.08579 | TPPL: 161.708 | ENT: 6.06058b | CERT: 12.0492% | SURP: 7.51243b
  Val   -> VL: 11.4979 | AVL: 11.4382 | VPPL: 92798.1 | VENT: 2.06397b | VCERT: 65.1054% | VSURP: 18.9617b

[GeoMind CAUSAL CE Stream] Ep 1.0/Inf | D[1.0/10.0] | 31.0882% (11533.4 / 37098.9 KB) | LR: 0.00081 | TEMP: 1.35
  Train -> TL: 4.67438 | ATL: 5.07755 | TPPL: 160.381 | ENT: 5.92311b | CERT: 13.0075% | SURP: 7.30276b
  Val   -> VL: 11.2858 | AVL: 11.4306 | VPPL: 92093.9 | VENT: 2.23362b | VCERT: 62.7434% | VSURP: 18.581b

[GeoMind CAUSAL CE Stream] Ep 1.0/Inf | D[1.0/10.0] | 31.166% (11562.3 / 37098.9 KB) | LR: 0.00081 | TEMP: 1.35
  Train -> TL: 4.67062 | ATL: 5.07137 | TPPL: 159.392 | ENT: 5.81677b | CERT: 14.2373% | SURP: 7.24206b
  Val   -> VL: 11.3487 | AVL: 11.4265 | VPPL: 91717.8 | VENT: 2.11792b | VCERT: 65.9208% | VSURP: 18.7024b

[GeoMind CAUSAL CE Stream] Ep 1.0/Inf | D[1.0/10.0] | 31.2066% (11577.3 / 37098.9 KB) | LR: 0.00081 | TEMP: 1.35
  Train -> TL: 4.5903 | ATL: 5.06698 | TPPL: 158.694 | ENT: 5.77796b | CERT: 13.8877% | SURP: 7.15985b
  Val   -> VL: 11.3829 | AVL: 11.4243 | VPPL: 91518.2 | VENT: 2.14521b | VCERT: 63.9509% | VSURP: 18.7587b

[GeoMind CAUSAL CE Stream] Ep 1.0/Inf | D[1.0/10.0] | 31.2793% (11604.3 / 37098.9 KB) | LR: 0.00081 | TEMP: 1.35
  Train -> TL: 4.4693 | ATL: 5.05793 | TPPL: 157.264 | ENT: 5.72636b | CERT: 15.13% | SURP: 7.01972b
  Val   -> VL: 11.3912 | AVL: 11.4226 | VPPL: 91367 | VENT: 2.14145b | VCERT: 63.4666% | VSURP: 18.7847b

[GeoMind CAUSAL CE Stream] Ep 1.0/Inf | D[1.0/10.0] | 31.3699% (11637.9 / 37098.9 KB) | LR: 0.00081 | TEMP: 1.35
  Train -> TL: 4.65013 | ATL: 5.05109 | TPPL: 156.193 | ENT: 5.83361b | CERT: 13.8493% | SURP: 7.24603b
  Val   -> VL: 11.3006 | AVL: 11.4165 | VPPL: 90811.3 | VENT: 2.23641b | VCERT: 61.9016% | VSURP: 18.6245b

[GeoMind CAUSAL CE Stream] Ep 1.0/Inf | D[1.0/10.0] | 31.3934% (11646.6 / 37098.9 KB) | LR: 0.00081 | TEMP: 1.35
  Train -> TL: 4.69746 | ATL: 5.04917 | TPPL: 155.893 | ENT: 6.05253b | CERT: 11.3611% | SURP: 7.34402b
  Val   -> VL: 11.3978 | AVL: 11.4156 | VPPL: 90726.3 | VENT: 2.17877b | VCERT: 62.5863% | VSURP: 18.8093b

[GeoMind CAUSAL CE Stream] Ep 1.0/Inf | D[1.0/10.0] | 31.4109% (11653.1 / 37098.9 KB) | LR: 0.00081 | TEMP: 1.35
  Train -> TL: 4.60942 | ATL: 5.04717 | TPPL: 155.582 | ENT: 5.96767b | CERT: 12.3414% | SURP: 7.23889b
  Val   -> VL: 11.4714 | AVL: 11.4184 | VPPL: 90979.8 | VENT: 2.16983b | VCERT: 61.6152% | VSURP: 18.9429b

[GeoMind CAUSAL CE Stream] Ep 1.0/Inf | D[1.0/10.0] | 31.4724% (11675.9 / 37098.9 KB) | LR: 0.00081 | TEMP: 1.35
  Train -> TL: 4.19894 | ATL: 5.03791 | TPPL: 154.147 | ENT: 5.32161b | CERT: 23.7866% | SURP: 6.75744b
  Val   -> VL: 11.3308 | AVL: 11.414 | VPPL: 90582.1 | VENT: 2.24331b | VCERT: 60.2573% | VSURP: 18.6443b

[GeoMind CAUSAL CE Stream] Ep 1.0/Inf | D[1.0/10.0] | 31.5617% (11709 / 37098.9 KB) | LR: 0.00081 | TEMP: 1.35
  Train -> TL: 4.29514 | ATL: 5.02641 | TPPL: 152.385 | ENT: 5.1033b | CERT: 25.1114% | SURP: 6.80833b
  Val   -> VL: 11.3805 | AVL: 11.4123 | VPPL: 90430.5 | VENT: 2.19322b | VCERT: 61.4054% | VSURP: 18.7564b

[GeoMind CAUSAL CE Stream] Ep 1.0/Inf | D[1.0/10.0] | 31.6513% (11742.3 / 37098.9 KB) | LR: 0.00081 | TEMP: 1.35
  Train -> TL: 4.627 | ATL: 5.01916 | TPPL: 151.284 | ENT: 5.5196b | CERT: 15.7962% | SURP: 7.13424b
  Val   -> VL: 11.5293 | AVL: 11.4182 | VPPL: 90960.9 | VENT: 1.98439b | VCERT: 66.3291% | VSURP: 19.0372b

[GeoMind CAUSAL CE Stream] Ep 1.0/Inf | D[1.0/10.0] | 31.7106% (11764.3 / 37098.9 KB) | LR: 0.00081 | TEMP: 1.35
  Train -> TL: 4.36782 | ATL: 5.00899 | TPPL: 149.753 | ENT: 4.88417b | CERT: 23.4556% | SURP: 6.70762b
  Val   -> VL: 11.6107 | AVL: 11.4278 | VPPL: 91840.5 | VENT: 1.99071b | VCERT: 64.7732% | VSURP: 19.1755b

[GeoMind CAUSAL CE Stream] Ep 1.0/Inf | D[1.0/10.0] | 31.729% (11771.1 / 37098.9 KB) | LR: 0.00081 | TEMP: 1.35
  Train -> TL: 3.81391 | ATL: 5.00146 | TPPL: 148.63 | ENT: 4.10249b | CERT: 27.0571% | SURP: 5.99357b
  Val   -> VL: 11.5542 | AVL: 11.4341 | VPPL: 92422.9 | VENT: 2.04279b | VCERT: 63.7164% | VSURP: 19.0484b

[GeoMind CAUSAL CE Stream] Ep 1.0/Inf | D[1.0/10.0] | 31.7515% (11779.5 / 37098.9 KB) | LR: 0.00081 | TEMP: 1.35
  Train -> TL: 3.48279 | ATL: 4.98792 | TPPL: 146.631 | ENT: 3.76426b | CERT: 27.201% | SURP: 5.39368b
  Val   -> VL: 11.6988 | AVL: 11.4474 | VPPL: 93654.1 | VENT: 2.00574b | VCERT: 63.9253% | VSURP: 19.3185b

[GeoMind CAUSAL CE Stream] Ep 1.0/Inf | D[1.0/10.0] | 31.7864% (11792.4 / 37098.9 KB) | LR: 0.00081 | TEMP: 1.35
  Train -> TL: 3.97992 | ATL: 4.97852 | TPPL: 145.259 | ENT: 4.50744b | CERT: 21.0575% | SURP: 6.26818b
  Val   -> VL: 11.5791 | AVL: 11.454 | VPPL: 94273.1 | VENT: 2.08856b | VCERT: 61.764% | VSURP: 19.0807b

[GeoMind CAUSAL CE Stream] Ep 1.0/Inf | D[1.0/10.0] | 31.8282% (11807.9 / 37098.9 KB) | LR: 0.00081 | TEMP: 1.35
  Train -> TL: 4.69899 | ATL: 4.97636 | TPPL: 144.947 | ENT: 5.56176b | CERT: 13.1144% | SURP: 7.34417b
  Val   -> VL: 11.4766 | AVL: 11.4551 | VPPL: 94380 | VENT: 2.05513b | VCERT: 64.4308% | VSURP: 18.9127b

[GeoMind CAUSAL CE Stream] Ep 1.0/Inf | D[1.0/10.0] | 31.8489% (11815.6 / 37098.9 KB) | LR: 0.00081 | TEMP: 1.35
  Train -> TL: 4.56223 | ATL: 4.9747 | TPPL: 144.706 | ENT: 5.65743b | CERT: 16.0812% | SURP: 6.92825b
  Val   -> VL: 11.4197 | AVL: 11.4533 | VPPL: 94213.1 | VENT: 2.07175b | VCERT: 64.8868% | VSURP: 18.8092b

[GeoMind CAUSAL CE Stream] Ep 1.0/Inf | D[1.0/10.0] | 31.9261% (11844.2 / 37098.9 KB) | LR: 0.00081 | TEMP: 1.35
  Train -> TL: 4.75313 | ATL: 4.97142 | TPPL: 144.232 | ENT: 5.84462b | CERT: 14.1808% | SURP: 7.40074b
  Val   -> VL: 11.4485 | AVL: 11.4531 | VPPL: 94190.6 | VENT: 2.11174b | VCERT: 62.3629% | VSURP: 18.8791b

[GeoMind CAUSAL CE Stream] Ep 1.0/Inf | D[1.0/10.0] | 31.9563% (11855.5 / 37098.9 KB) | LR: 0.00081 | TEMP: 1.35
  Train -> TL: 5.05794 | ATL: 4.97203 | TPPL: 144.319 | ENT: 5.78102b | CERT: 16.4822% | SURP: 7.83463b
  Val   -> VL: 11.4083 | AVL: 11.4508 | VPPL: 93980.1 | VENT: 2.21554b | VCERT: 59.6609% | VSURP: 18.8056b

[GeoMind CAUSAL CE Stream] Ep 1.0/Inf | D[1.0/10.0] | 31.9871% (11866.9 / 37098.9 KB) | LR: 0.00081 | TEMP: 1.35
  Train -> TL: 4.71087 | ATL: 4.97015 | TPPL: 144.048 | ENT: 5.57846b | CERT: 16.5221% | SURP: 7.30893b
  Val   -> VL: 11.4201 | AVL: 11.4493 | VPPL: 93835.6 | VENT: 2.21872b | VCERT: 58.8217% | VSURP: 18.818b

[GeoMind CAUSAL CE Stream] Ep 1.0/Inf | D[1.0/10.0] | 32.0317% (11883.4 / 37098.9 KB) | LR: 0.00081 | TEMP: 1.35
  Train -> TL: 4.62126 | ATL: 4.96686 | TPPL: 143.575 | ENT: 5.52887b | CERT: 16.6755% | SURP: 7.2213b
  Val   -> VL: 11.3995 | AVL: 11.4468 | VPPL: 93602.1 | VENT: 2.21372b | VCERT: 59.5532% | VSURP: 18.7818b

[GeoMind CAUSAL CE Stream] Ep 1.0/Inf | D[1.0/10.0] | 32.0446% (11888.2 / 37098.9 KB) | LR: 0.00081 | TEMP: 1.35
  Train -> TL: 3.45687 | ATL: 4.95437 | TPPL: 141.793 | ENT: 4.29008b | CERT: 23.0207% | SURP: 5.51417b
  Val   -> VL: 11.6397 | AVL: 11.4565 | VPPL: 94509 | VENT: 2.00883b | VCERT: 60.4811% | VSURP: 19.1859b

[GeoMind CAUSAL CE Stream] Ep 1.0/Inf | D[1.0/10.0] | 32.0965% (11907.5 / 37098.9 KB) | LR: 0.00081 | TEMP: 1.35
  Train -> TL: 4.4104 | ATL: 4.94853 | TPPL: 140.968 | ENT: 5.12679b | CERT: 16.8713% | SURP: 6.93946b
  Val   -> VL: 11.5337 | AVL: 11.4603 | VPPL: 94874.6 | VENT: 1.99703b | VCERT: 64.2914% | VSURP: 19.0049b

[GeoMind CAUSAL CE Stream] Ep 1.0/Inf | D[1.0/10.0] | 32.1597% (11930.9 / 37098.9 KB) | LR: 0.00081 | TEMP: 1.35
  Train -> TL: 4.71892 | ATL: 4.94625 | TPPL: 140.647 | ENT: 5.98953b | CERT: 12.2523% | SURP: 7.42623b
  Val   -> VL: 11.4336 | AVL: 11.459 | VPPL: 94748.1 | VENT: 2.04192b | VCERT: 64.5101% | VSURP: 18.8248b

[GeoMind CAUSAL CE Stream] Ep 1.0/Inf | D[1.0/10.0] | 32.2024% (11946.8 / 37098.9 KB) | LR: 0.00081 | TEMP: 1.35
  Train -> TL: 3.97878 | ATL: 4.93641 | TPPL: 139.27 | ENT: 4.73017b | CERT: 21.4034% | SURP: 6.28168b
  Val   -> VL: 11.4384 | AVL: 11.458 | VPPL: 94650.8 | VENT: 2.1885b | VCERT: 58.0621% | VSURP: 18.8251b

[GeoMind CAUSAL CE Stream] Ep 1.0/Inf | D[1.0/10.0] | 32.238% (11959.9 / 37098.9 KB) | LR: 0.00081 | TEMP: 1.35
  Train -> TL: 4.51523 | ATL: 4.93338 | TPPL: 138.848 | ENT: 5.10975b | CERT: 17.6367% | SURP: 7.05447b
  Val   -> VL: 11.4497 | AVL: 11.4575 | VPPL: 94611.6 | VENT: 2.08899b | VCERT: 62.8759% | VSURP: 18.8684b

[GeoMind CAUSAL CE Stream] Ep 1.0/Inf | D[1.0/10.0] | 32.3387% (11997.3 / 37098.9 KB) | LR: 0.00081 | TEMP: 1.35
  Train -> TL: 4.71556 | ATL: 4.92977 | TPPL: 138.347 | ENT: 5.9496b | CERT: 12.3385% | SURP: 7.32032b
  Val   -> VL: 11.44 | AVL: 11.4567 | VPPL: 94528.8 | VENT: 1.98577b | VCERT: 67.1563% | VSURP: 18.8604b

[GeoMind CAUSAL CE Stream] Ep 1.0/Inf | D[1.0/10.0] | 32.3983% (12019.4 / 37098.9 KB) | LR: 0.00081 | TEMP: 1.35
  Train -> TL: 4.72252 | ATL: 4.92778 | TPPL: 138.073 | ENT: 5.99539b | CERT: 14.0553% | SURP: 7.3322b
  Val   -> VL: 11.37 | AVL: 11.4523 | VPPL: 94119.9 | VENT: 2.12014b | VCERT: 63.8395% | VSURP: 18.7386b

[GeoMind CAUSAL CE Stream] Ep 1.0/Inf | D[1.0/10.0] | 32.4468% (12037.4 / 37098.9 KB) | LR: 0.00081 | TEMP: 1.35
  Train -> TL: 4.63426 | ATL: 4.92512 | TPPL: 137.706 | ENT: 5.84317b | CERT: 17.1983% | SURP: 7.16591b
  Val   -> VL: 11.3882 | AVL: 11.4491 | VPPL: 93818.6 | VENT: 2.18977b | VCERT: 60.6198% | VSURP: 18.7643b

[GeoMind CAUSAL CE Stream] Ep 1.0/Inf | D[1.0/10.0] | 32.4853% (12051.7 / 37098.9 KB) | LR: 0.00081 | TEMP: 1.35
  Train -> TL: 4.55169 | ATL: 4.92283 | TPPL: 137.391 | ENT: 5.8299b | CERT: 16.3302% | SURP: 7.1813b
  Val   -> VL: 11.359 | AVL: 11.4446 | VPPL: 93396.9 | VENT: 2.18938b | VCERT: 61.2032% | VSURP: 18.7112b

[GeoMind CAUSAL CE Stream] Ep 1.0/Inf | D[1.0/10.0] | 32.5439% (12073.4 / 37098.9 KB) | LR: 0.00081 | TEMP: 1.35
  Train -> TL: 4.54611 | ATL: 4.91924 | TPPL: 136.899 | ENT: 5.60682b | CERT: 14.6905% | SURP: 7.12135b
  Val   -> VL: 11.4268 | AVL: 11.4437 | VPPL: 93313.6 | VENT: 2.05937b | VCERT: 64.94% | VSURP: 18.8274b

[GeoMind CAUSAL CE Stream] Ep 1.0/Inf | D[1.0/10.0] | 32.5819% (12087.6 / 37098.9 KB) | LR: 0.00081 | TEMP: 1.35
  Train -> TL: 4.91568 | ATL: 4.91922 | TPPL: 136.896 | ENT: 6.06396b | CERT: 12.5735% | SURP: 7.61987b
  Val   -> VL: 11.432 | AVL: 11.4431 | VPPL: 93258.7 | VENT: 2.06501b | VCERT: 65.2348% | VSURP: 18.8526b

[GeoMind CAUSAL CE Stream] Ep 1.0/Inf | D[1.0/10.0] | 32.6078% (12097.2 / 37098.9 KB) | LR: 0.00081 | TEMP: 1.35
  Train -> TL: 4.7265 | ATL: 4.91832 | TPPL: 136.773 | ENT: 5.84011b | CERT: 16.2286% | SURP: 7.43369b
  Val   -> VL: 11.4233 | AVL: 11.4421 | VPPL: 93166.5 | VENT: 2.11374b | VCERT: 64.4681% | VSURP: 18.8456b

[GeoMind CAUSAL CE Stream] Ep 1.0/Inf | D[1.0/10.0] | 32.6432% (12110.3 / 37098.9 KB) | LR: 0.00081 | TEMP: 1.35
  Train -> TL: 4.6726 | ATL: 4.91695 | TPPL: 136.585 | ENT: 6.07276b | CERT: 13.5544% | SURP: 7.2722b
  Val   -> VL: 11.4796 | AVL: 11.444 | VPPL: 93341.4 | VENT: 1.99224b | VCERT: 67.766% | VSURP: 18.9495b

[GeoMind CAUSAL CE Stream] Ep 1.0/Inf | D[1.0/10.0] | 32.7201% (12138.8 / 37098.9 KB) | LR: 0.00081 | TEMP: 1.35
  Train -> TL: 4.62112 | ATL: 4.9137 | TPPL: 136.143 | ENT: 6.045b | CERT: 13.1535% | SURP: 7.1375b
  Val   -> VL: 11.381 | AVL: 11.4409 | VPPL: 93047.6 | VENT: 2.01719b | VCERT: 67.5072% | VSURP: 18.7541b

[GeoMind CAUSAL CE Stream] Ep 1.0/Inf | D[1.0/10.0] | 32.7637% (12155 / 37098.9 KB) | LR: 0.00081 | TEMP: 1.35
  Train -> TL: 4.3811 | ATL: 4.91012 | TPPL: 135.655 | ENT: 5.76525b | CERT: 14.2805% | SURP: 6.9271b
  Val   -> VL: 11.3715 | AVL: 11.4374 | VPPL: 92725.4 | VENT: 2.09273b | VCERT: 65.0659% | VSURP: 18.7442b

[GeoMind CAUSAL CE Stream] Ep 1.0/Inf | D[1.0/10.0] | 32.8541% (12188.5 / 37098.9 KB) | LR: 0.00081 | TEMP: 1.35
  Train -> TL: 4.14482 | ATL: 4.90006 | TPPL: 134.298 | ENT: 5.41996b | CERT: 16.5294% | SURP: 6.5711b
  Val   -> VL: 11.4765 | AVL: 11.4394 | VPPL: 92907.1 | VENT: 1.99594b | VCERT: 65.8372% | VSURP: 18.9276b

[GeoMind CAUSAL CE Stream] Ep 1.0/Inf | D[1.0/10.0] | 32.906% (12207.8 / 37098.9 KB) | LR: 0.00081 | TEMP: 1.35
  Train -> TL: 4.48891 | ATL: 4.89645 | TPPL: 133.814 | ENT: 5.40891b | CERT: 15.3654% | SURP: 6.94372b
  Val   -> VL: 11.5387 | AVL: 11.4443 | VPPL: 93369.7 | VENT: 1.90253b | VCERT: 68.5832% | VSURP: 19.0312b

[GeoMind CAUSAL CE Stream] Ep 1.0/Inf | D[1.0/10.0] | 32.8753% (12196.4 / 37098.9 KB) | LR: 0.00081 | TEMP: 1.0
  Train -> TL: 12.245 | ATL: 12.245 | TPPL: 207946 | ENT: 4.46502b | CERT: 21.0045% | SURP: 19.258b
  Val   -> VL: 11.2793 | AVL: 11.2793 | VPPL: 79166.2 | VENT: 2.29173b | VCERT: 59.4493% | VSURP: 18.5637b

[GeoMind CAUSAL CE Stream] Ep 1.0/Inf | D[1.0/10.0] | 32.9301% (12216.7 / 37098.9 KB) | LR: 0.000773914 | TEMP: 1.0525
  Train -> TL: 4.67134 | ATL: 4.87327 | TPPL: 130.748 | ENT: 6.46564b | CERT: 9.70994% | SURP: 7.30491b
  Val   -> VL: 11.6494 | AVL: 11.2978 | VPPL: 80644.8 | VENT: 1.99869b | VCERT: 68.1756% | VSURP: 19.316b

[GeoMind CAUSAL CE Stream] Ep 1.0/Inf | D[1.0/10.0] | 32.9515% (12224.6 / 37098.9 KB) | LR: 0.000739437 | TEMP: 1.09713
  Train -> TL: 4.82438 | ATL: 4.85865 | TPPL: 128.85 | ENT: 6.5596b | CERT: 10.0139% | SURP: 7.43415b
  Val   -> VL: 11.6624 | AVL: 11.316 | VPPL: 82128.6 | VENT: 2.10179b | VCERT: 64.8643% | VSURP: 19.3335b

[GeoMind CAUSAL CE Stream] Ep 1.0/Inf | D[1.0/10.0] | 32.9731% (12232.7 / 37098.9 KB) | LR: 0.000706495 | TEMP: 1.13506
  Train -> TL: 4.20357 | ATL: 4.74101 | TPPL: 114.55 | ENT: 6.66197b | CERT: 9.37055% | SURP: 6.85744b
  Val   -> VL: 11.5555 | AVL: 11.328 | VPPL: 83117.7 | VENT: 2.20631b | VCERT: 61.7917% | VSURP: 19.1315b

[GeoMind CAUSAL CE Stream] Ep 1.0/Inf | D[1.0/10.0] | 32.9995% (12242.5 / 37098.9 KB) | LR: 0.000700379 | TEMP: 1.1673
  Train -> TL: 4.33041 | ATL: 4.66129 | TPPL: 105.773 | ENT: 6.42284b | CERT: 11.8007% | SURP: 6.80415b
  Val   -> VL: 11.532 | AVL: 11.3382 | VPPL: 83969.9 | VENT: 2.21932b | VCERT: 62.1981% | VSURP: 19.0893b

[GeoMind CAUSAL CE Stream] Ep 1.0/Inf | D[1.0/10.0] | 33.0399% (12257.5 / 37098.9 KB) | LR: 0.000716822 | TEMP: 1.1947
  Train -> TL: 4.56319 | ATL: 4.63731 | TPPL: 103.266 | ENT: 6.62432b | CERT: 10.2224% | SURP: 7.23621b
  Val   -> VL: 11.5403 | AVL: 11.3483 | VPPL: 84822.5 | VENT: 2.18261b | VCERT: 64.0429% | VSURP: 19.101b

