[GeoMind CAUSAL CE Stream] Ep 1.0/Inf | Mixed Stream | Last: D[10.0: test/geomind/trainingdata/mined_expanded_corpus_cloze_part06.txt]
  Progress -> 0.0123335% (15.2891 / 123964 KB) | LR: 0.00222 | TTemp: 1.0 | VTemp: 1.0
  Train -> TL: 7.93732 | ATL: 7.75681 | ITPPL: 2799.84 | ATPPL: 2337.44 | ENT: 9.82216b | CERT: 0.976146%
  Val   -> VL: 7.00925 | AVL: 7.66125 | IVPPL: 1106.83 | AVPPL: 2124.4 | VENT: 10.1986b | VCERT: 1.79067%

[GeoMind CAUSAL CE Stream] Ep 1.0/Inf | Mixed Stream | Last: D[10.0: test/geomind/trainingdata/mined_expanded_corpus_cloze_part06.txt]
  Progress -> 0.021716% (26.9199 / 123964 KB) | LR: 0.002238 | TTemp: 1.0 | VTemp: 1.0
  Train -> TL: 6.86909 | ATL: 7.64087 | ITPPL: 962.074 | ATPPL: 2081.56 | ENT: 9.97123b | CERT: 2.11816%
  Val   -> VL: 6.55479 | AVL: 7.32931 | IVPPL: 702.602 | AVPPL: 1524.33 | VENT: 9.87093b | VCERT: 4.5578%

[GeoMind CAUSAL CE Stream] Ep 1.0/Inf | Mixed Stream | Last: D[10.0: test/geomind/trainingdata/mined_expanded_corpus_cloze_part06.txt]
  Progress -> 0.0319666% (39.627 / 123964 KB) | LR: 0.0022542 | TTemp: 1.0 | VTemp: 1.0
  Train -> TL: 6.43668 | ATL: 7.45588 | ITPPL: 624.33 | ATPPL: 1730 | ENT: 9.63458b | CERT: 4.51923%
  Val   -> VL: 6.27885 | AVL: 7.01417 | IVPPL: 533.173 | AVPPL: 1112.28 | VENT: 9.4545b | VCERT: 6.43109%

[GeoMind CAUSAL CE Stream] Ep 1.0/Inf | Mixed Stream | Last: D[10.0: test/geomind/trainingdata/mined_expanded_corpus_cloze_part06.txt]
  Progress -> 0.0406385% (50.377 / 123964 KB) | LR: 0.00226878 | TTemp: 1.0 | VTemp: 1.0
  Train -> TL: 6.07788 | ATL: 7.22332 | ITPPL: 436.105 | ATPPL: 1371.03 | ENT: 9.17697b | CERT: 5.97924%
  Val   -> VL: 6.13577 | AVL: 6.75065 | IVPPL: 462.093 | AVPPL: 854.613 | VENT: 9.24192b | VCERT: 6.5894%

[GeoMind CAUSAL CE Stream] Ep 1.0/Inf | Mixed Stream | Last: D[10.0: test/geomind/trainingdata/mined_expanded_corpus_cloze_part06.txt]
  Progress -> 0.0499532% (61.9238 / 123964 KB) | LR: 0.0022819 | TTemp: 1.0 | VTemp: 1.0
  Train -> TL: 5.79769 | ATL: 6.97305 | ITPPL: 329.536 | ATPPL: 1067.48 | ENT: 9.0698b | CERT: 6.32172%
  Val   -> VL: 6.04366 | AVL: 6.53855 | IVPPL: 421.431 | AVPPL: 691.284 | VENT: 9.06811b | VCERT: 7.24625%

[GeoMind CAUSAL CE Stream] Ep 1.0/Inf | Mixed Stream | Last: D[10.0: test/geomind/trainingdata/mined_expanded_corpus_cloze_part06.txt]
  Progress -> 0.0587858% (72.873 / 123964 KB) | LR: 0.00229371 | TTemp: 1.0 | VTemp: 1.0
  Train -> TL: 5.54945 | ATL: 6.73652 | ITPPL: 257.097 | ATPPL: 842.621 | ENT: 8.84956b | CERT: 7.38624%
  Val   -> VL: 5.98996 | AVL: 6.37397 | IVPPL: 399.399 | AVPPL: 586.384 | VENT: 8.97741b | VCERT: 7.03408%

[GeoMind CAUSAL CE Stream] Ep 1.0/Inf | Mixed Stream | Last: D[10.0: test/geomind/trainingdata/mined_expanded_corpus_cloze_part06.txt]
  Progress -> 0.0662611% (82.1396 / 123964 KB) | LR: 0.00230434 | TTemp: 1.0 | VTemp: 1.0
  Train -> TL: 5.52498 | ATL: 6.50633 | ITPPL: 250.882 | ATPPL: 669.365 | ENT: 8.78165b | CERT: 6.45388%
  Val   -> VL: 5.94859 | AVL: 6.24636 | IVPPL: 383.212 | AVPPL: 516.13 | VENT: 8.92031b | VCERT: 6.82108%

[GeoMind CAUSAL CE Stream] Ep 1.0/Inf | Mixed Stream | Last: D[10.0: test/geomind/trainingdata/mined_expanded_corpus_cloze_part06.txt]
  Progress -> 0.0750346% (93.0156 / 123964 KB) | LR: 0.00231391 | TTemp: 1.0 | VTemp: 1.0
  Train -> TL: 5.51396 | ATL: 6.31562 | ITPPL: 248.131 | ATPPL: 553.147 | ENT: 8.59762b | CERT: 6.99099%
  Val   -> VL: 5.89144 | AVL: 6.13988 | IVPPL: 361.927 | AVPPL: 463.999 | VENT: 8.81308b | VCERT: 7.05236%

[GeoMind CAUSAL CE Stream] Ep 1.0/Inf | Mixed Stream | Last: D[10.0: test/geomind/trainingdata/mined_expanded_corpus_cloze_part06.txt]
  Progress -> 0.0830424% (102.942 / 123964 KB) | LR: 0.00232252 | TTemp: 1.0 | VTemp: 1.0
  Train -> TL: 5.36057 | ATL: 6.14075 | ITPPL: 212.845 | ATPPL: 464.4 | ENT: 8.51043b | CERT: 7.32268%
  Val   -> VL: 5.8688 | AVL: 6.05856 | IVPPL: 353.823 | AVPPL: 427.758 | VENT: 8.72008b | VCERT: 7.40319%

[GeoMind CAUSAL CE Stream] Ep 1.0/Inf | Mixed Stream | Last: D[10.0: test/geomind/trainingdata/mined_expanded_corpus_cloze_part06.txt]
  Progress -> 0.0908776% (112.655 / 123964 KB) | LR: 0.00232999 | TTemp: 1.0 | VTemp: 1.0
  Train -> TL: 5.34831 | ATL: 5.9962 | ITPPL: 210.252 | ATPPL: 401.9 | ENT: 8.4411b | CERT: 6.63525%
  Val   -> VL: 5.84738 | AVL: 5.9952 | IVPPL: 346.324 | AVPPL: 401.498 | VENT: 8.69909b | VCERT: 7.11597%

[GeoMind CAUSAL CE Stream] Ep 1.0/Inf | Mixed Stream | Last: D[10.0: test/geomind/trainingdata/mined_expanded_corpus_cloze_part06.txt]
  Progress -> 0.096849% (120.058 / 123964 KB) | LR: 0.0023264 | TTemp: 1.0 | VTemp: 1.0
  Train -> TL: 5.22609 | ATL: 5.8529 | ITPPL: 186.064 | ATPPL: 348.244 | ENT: 8.33317b | CERT: 7.28036%
  Val   -> VL: 5.81406 | AVL: 5.94086 | IVPPL: 334.977 | AVPPL: 380.262 | VENT: 8.52391b | VCERT: 8.00189%

[GeoMind CAUSAL CE Stream] Ep 1.0/Inf | Mixed Stream | Last: D[10.0: test/geomind/trainingdata/mined_expanded_corpus_cloze_part06.txt]
  Progress -> 0.10416% (129.12 / 123964 KB) | LR: 0.00231514 | TTemp: 1.00397 | VTemp: 1.0
  Train -> TL: 5.18398 | ATL: 5.74136 | ITPPL: 178.391 | ATPPL: 311.489 | ENT: 8.16386b | CERT: 7.79379%
  Val   -> VL: 5.78573 | AVL: 5.89432 | IVPPL: 325.618 | AVPPL: 362.97 | VENT: 8.45821b | VCERT: 8.00399%

[GeoMind CAUSAL CE Stream] Ep 1.0/Inf | Mixed Stream | Last: D[9.0: test/geomind/trainingdata/mined_expanded_corpus_cloze_part05.txt]
  Progress -> 0.177259% (219.736 / 123964 KB) | LR: 0.00232363 | TTemp: 1.0 | VTemp: 1.0
  Train -> TL: 7.69159 | ATL: 7.84476 | ITPPL: 2189.86 | ATPPL: 2552.32 | ENT: 9.64452b | CERT: 1.52069%
  Val   -> VL: 7.31229 | AVL: 7.75216 | IVPPL: 1498.61 | AVPPL: 2326.59 | VENT: 10.2302b | VCERT: 1.46297%

[GeoMind CAUSAL CE Stream] Ep 1.0/Inf | Mixed Stream | Last: D[9.0: test/geomind/trainingdata/mined_expanded_corpus_cloze_part05.txt]
  Progress -> 0.18315% (227.039 / 123964 KB) | LR: 0.00233126 | TTemp: 1.0 | VTemp: 1.0
  Train -> TL: 6.90741 | ATL: 7.73697 | ITPPL: 999.657 | ATPPL: 2291.52 | ENT: 9.9426b | CERT: 2.06028%
  Val   -> VL: 6.89418 | AVL: 7.49476 | IVPPL: 986.512 | AVPPL: 1798.6 | VENT: 10.0921b | VCERT: 2.73318%

[GeoMind CAUSAL CE Stream] Ep 1.0/Inf | Mixed Stream | Last: D[9.0: test/geomind/trainingdata/mined_expanded_corpus_cloze_part05.txt]
  Progress -> 0.191363% (237.221 / 123964 KB) | LR: 0.00233814 | TTemp: 1.0 | VTemp: 1.0
  Train -> TL: 6.60903 | ATL: 7.54649 | ITPPL: 741.762 | ATPPL: 1894.09 | ENT: 9.62936b | CERT: 3.64579%
  Val   -> VL: 6.47678 | AVL: 7.18937 | IVPPL: 649.874 | AVPPL: 1325.26 | VENT: 9.74257b | VCERT: 4.41065%

[GeoMind CAUSAL CE Stream] Ep 1.0/Inf | Mixed Stream | Last: D[9.0: test/geomind/trainingdata/mined_expanded_corpus_cloze_part05.txt]
  Progress -> 0.198592% (246.182 / 123964 KB) | LR: 0.00234432 | TTemp: 1.0 | VTemp: 1.0
  Train -> TL: 6.07449 | ATL: 7.30725 | ITPPL: 434.628 | ATPPL: 1491.07 | ENT: 9.39616b | CERT: 5.22111%
  Val   -> VL: 6.27373 | AVL: 6.91468 | IVPPL: 530.451 | AVPPL: 1006.94 | VENT: 9.41946b | VCERT: 5.65757%

[GeoMind CAUSAL CE Stream] Ep 1.0/Inf | Mixed Stream | Last: D[9.0: test/geomind/trainingdata/mined_expanded_corpus_cloze_part05.txt]
  Progress -> 0.206168% (255.573 / 123964 KB) | LR: 0.00234989 | TTemp: 1.0 | VTemp: 1.0
  Train -> TL: 5.74219 | ATL: 7.04755 | ITPPL: 311.745 | ATPPL: 1150.04 | ENT: 9.0214b | CERT: 6.26692%
  Val   -> VL: 6.16903 | AVL: 6.69098 | IVPPL: 477.722 | AVPPL: 805.112 | VENT: 9.13627b | VCERT: 6.60962%

[GeoMind CAUSAL CE Stream] Ep 1.0/Inf | Mixed Stream | Last: D[9.0: test/geomind/trainingdata/mined_expanded_corpus_cloze_part05.txt]
  Progress -> 0.213008% (264.053 / 123964 KB) | LR: 0.0023549 | TTemp: 1.0 | VTemp: 1.0
  Train -> TL: 5.97326 | ATL: 6.83373 | ITPPL: 392.786 | ATPPL: 928.647 | ENT: 8.73609b | CERT: 6.76085%
  Val   -> VL: 6.08829 | AVL: 6.51017 | IVPPL: 440.669 | AVPPL: 671.944 | VENT: 8.95161b | VCERT: 6.99185%

[GeoMind CAUSAL CE Stream] Ep 1.0/Inf | Mixed Stream | Last: D[9.0: test/geomind/trainingdata/mined_expanded_corpus_cloze_part05.txt]
  Progress -> 0.220387% (273.199 / 123964 KB) | LR: 0.00235941 | TTemp: 1.0 | VTemp: 1.0
  Train -> TL: 5.66497 | ATL: 6.63457 | ITPPL: 288.581 | ATPPL: 760.953 | ENT: 8.5861b | CERT: 6.66259%
  Val   -> VL: 6.02308 | AVL: 6.36405 | IVPPL: 412.849 | AVPPL: 580.591 | VENT: 8.7228b | VCERT: 7.37688%

[GeoMind CAUSAL CE Stream] Ep 1.0/Inf | Mixed Stream | Last: D[9.0: test/geomind/trainingdata/mined_expanded_corpus_cloze_part05.txt]
  Progress -> 0.230763% (286.062 / 123964 KB) | LR: 0.00236347 | TTemp: 1.0 | VTemp: 1.0
  Train -> TL: 5.8221 | ATL: 6.46859 | ITPPL: 337.68 | ATPPL: 644.576 | ENT: 8.53747b | CERT: 6.53099%
  Val   -> VL: 5.95141 | AVL: 6.24026 | IVPPL: 384.297 | AVPPL: 512.99 | VENT: 8.6408b | VCERT: 7.53255%

[GeoMind CAUSAL CE Stream] Ep 1.0/Inf | Mixed Stream | Last: D[9.0: test/geomind/trainingdata/mined_expanded_corpus_cloze_part05.txt]
  Progress -> 0.240506% (298.14 / 123964 KB) | LR: 0.00236712 | TTemp: 1.0 | VTemp: 1.0
  Train -> TL: 5.53353 | ATL: 6.31033 | ITPPL: 253.035 | ATPPL: 550.225 | ENT: 8.41787b | CERT: 7.39205%
  Val   -> VL: 5.92258 | AVL: 6.14495 | IVPPL: 373.372 | AVPPL: 466.358 | VENT: 8.64833b | VCERT: 7.44816%

[GeoMind CAUSAL CE Stream] Ep 1.0/Inf | Mixed Stream | Last: D[9.0: test/geomind/trainingdata/mined_expanded_corpus_cloze_part05.txt]
  Progress -> 0.25316% (313.826 / 123964 KB) | LR: 0.00237041 | TTemp: 1.0 | VTemp: 1.0
  Train -> TL: 5.47523 | ATL: 6.1554 | ITPPL: 238.706 | ATPPL: 471.258 | ENT: 8.383b | CERT: 7.65124%
  Val   -> VL: 5.88239 | AVL: 6.06618 | IVPPL: 358.664 | AVPPL: 431.032 | VENT: 8.6866b | VCERT: 7.09851%

[GeoMind CAUSAL CE Stream] Ep 1.0/Inf | Mixed Stream | Last: D[9.0: test/geomind/trainingdata/mined_expanded_corpus_cloze_part05.txt]
  Progress -> 0.265293% (328.867 / 123964 KB) | LR: 0.00237337 | TTemp: 1.0 | VTemp: 1.0
  Train -> TL: 5.46402 | ATL: 6.02054 | ITPPL: 236.043 | ATPPL: 411.799 | ENT: 8.43218b | CERT: 7.14369%
  Val   -> VL: 5.81769 | AVL: 5.99164 | IVPPL: 336.196 | AVPPL: 400.069 | VENT: 8.65209b | VCERT: 7.13294%

[GeoMind CAUSAL CE Stream] Ep 1.0/Inf | Mixed Stream | Last: D[9.0: test/geomind/trainingdata/mined_expanded_corpus_cloze_part05.txt]
  Progress -> 0.273874% (339.505 / 123964 KB) | LR: 0.00236884 | TTemp: 1.0 | VTemp: 1.0
  Train -> TL: 5.33166 | ATL: 5.90006 | ITPPL: 206.78 | ATPPL: 365.059 | ENT: 8.23853b | CERT: 8.17526%
  Val   -> VL: 5.78798 | AVL: 5.93054 | IVPPL: 326.352 | AVPPL: 376.357 | VENT: 8.54712b | VCERT: 7.49781%

[GeoMind CAUSAL CE Stream] Ep 1.0/Inf | Mixed Stream | Last: D[9.0: test/geomind/trainingdata/mined_expanded_corpus_cloze_part05.txt]
  Progress -> 0.280838% (348.138 / 123964 KB) | LR: 0.00235731 | TTemp: 1.0 | VTemp: 1.0
  Train -> TL: 5.34525 | ATL: 5.79659 | ITPPL: 209.61 | ATPPL: 329.177 | ENT: 8.29386b | CERT: 6.91756%
  Val   -> VL: 5.76736 | AVL: 5.88158 | IVPPL: 319.692 | AVPPL: 358.376 | VENT: 8.4958b | VCERT: 7.68673%

[GeoMind CAUSAL CE Stream] Ep 1.0/Inf | Mixed Stream | Last: D[9.0: test/geomind/trainingdata/mined_expanded_corpus_cloze_part05.txt]
  Progress -> 0.292402% (362.473 / 123964 KB) | LR: 0.00234116 | TTemp: 1.00169 | VTemp: 1.0
  Train -> TL: 5.3447 | ATL: 5.71637 | ITPPL: 209.496 | ATPPL: 303.799 | ENT: 8.24543b | CERT: 6.85543%
  Val   -> VL: 5.73932 | AVL: 5.83891 | IVPPL: 310.854 | AVPPL: 343.403 | VENT: 8.54507b | VCERT: 7.52003%

[GeoMind CAUSAL CE Stream] Ep 1.0/Inf | Mixed Stream | Last: D[9.0: test/geomind/trainingdata/mined_expanded_corpus_cloze_part05.txt]
  Progress -> 0.301702% (374.001 / 123964 KB) | LR: 0.00232031 | TTemp: 1.00672 | VTemp: 1.0
  Train -> TL: 5.25555 | ATL: 5.6287 | ITPPL: 191.627 | ATPPL: 278.299 | ENT: 8.25684b | CERT: 6.66688%
  Val   -> VL: 5.70635 | AVL: 5.79914 | IVPPL: 300.772 | AVPPL: 330.015 | VENT: 8.53035b | VCERT: 7.30347%

[GeoMind CAUSAL CE Stream] Ep 1.0/Inf | Mixed Stream | Last: D[9.0: test/geomind/trainingdata/mined_expanded_corpus_cloze_part05.txt]
  Progress -> 0.310157% (384.482 / 123964 KB) | LR: 0.00229713 | TTemp: 1.01331 | VTemp: 1.0
  Train -> TL: 5.27542 | ATL: 5.56737 | ITPPL: 195.472 | ATPPL: 261.746 | ENT: 8.22064b | CERT: 6.07166%
  Val   -> VL: 5.69765 | AVL: 5.76869 | IVPPL: 298.165 | AVPPL: 320.119 | VENT: 8.58198b | VCERT: 7.00795%

[GeoMind CAUSAL CE Stream] Ep 1.0/Inf | Mixed Stream | Last: D[9.0: test/geomind/trainingdata/mined_expanded_corpus_cloze_part05.txt]
  Progress -> 0.319091% (395.557 / 123964 KB) | LR: 0.00227336 | TTemp: 1.02016 | VTemp: 1.0
  Train -> TL: 5.21653 | ATL: 5.52706 | ITPPL: 184.293 | ATPPL: 251.404 | ENT: 8.1403b | CERT: 8.63487%
  Val   -> VL: 5.68957 | AVL: 5.74495 | IVPPL: 295.766 | AVPPL: 312.609 | VENT: 8.51323b | VCERT: 7.24682%

[GeoMind CAUSAL CE Stream] Ep 1.0/Inf | Mixed Stream | Last: D[9.0: test/geomind/trainingdata/mined_expanded_corpus_cloze_part05.txt]
  Progress -> 0.327484% (405.961 / 123964 KB) | LR: 0.00224928 | TTemp: 1.02731 | VTemp: 1.0
  Train -> TL: 5.12708 | ATL: 5.48961 | ITPPL: 168.524 | ATPPL: 242.162 | ENT: 8.02715b | CERT: 9.09377%
  Val   -> VL: 5.67943 | AVL: 5.7253 | IVPPL: 292.782 | AVPPL: 306.524 | VENT: 8.45221b | VCERT: 7.07303%

[GeoMind CAUSAL CE Stream] Ep 1.0/Inf | Mixed Stream | Last: D[9.0: test/geomind/trainingdata/mined_expanded_corpus_cloze_part05.txt]
  Progress -> 0.33666% (417.336 / 123964 KB) | LR: 0.00222465 | TTemp: 1.03528 | VTemp: 1.0
  Train -> TL: 5.10809 | ATL: 5.4486 | ITPPL: 165.354 | ATPPL: 232.432 | ENT: 7.91687b | CERT: 8.91413%
  Val   -> VL: 5.6726 | AVL: 5.70949 | IVPPL: 290.79 | AVPPL: 301.717 | VENT: 8.33384b | VCERT: 7.64235%

[GeoMind CAUSAL CE Stream] Ep 1.0/Inf | Mixed Stream | Last: D[9.0: test/geomind/trainingdata/mined_expanded_corpus_cloze_part05.txt]
  Progress -> 0.344768% (427.387 / 123964 KB) | LR: 0.00219933 | TTemp: 1.04387 | VTemp: 1.0
  Train -> TL: 5.15005 | ATL: 5.40486 | ITPPL: 172.439 | ATPPL: 222.485 | ENT: 7.70826b | CERT: 9.0857%
  Val   -> VL: 5.6446 | AVL: 5.69002 | IVPPL: 282.759 | AVPPL: 295.9 | VENT: 8.29376b | VCERT: 7.52491%

[GeoMind CAUSAL CE Stream] Ep 1.0/Inf | Mixed Stream | Last: D[9.0: test/geomind/trainingdata/mined_expanded_corpus_cloze_part05.txt]
  Progress -> 0.353947% (438.766 / 123964 KB) | LR: 0.0021747 | TTemp: 1.05158 | VTemp: 1.0
  Train -> TL: 5.37777 | ATL: 5.37922 | ITPPL: 216.538 | ATPPL: 216.854 | ENT: 7.88377b | CERT: 7.10004%
  Val   -> VL: 5.62241 | AVL: 5.66974 | IVPPL: 276.555 | AVPPL: 289.958 | VENT: 8.21737b | VCERT: 7.69351%

[GeoMind CAUSAL CE Stream] Ep 1.0/Inf | Mixed Stream | Last: D[9.0: test/geomind/trainingdata/mined_expanded_corpus_cloze_part05.txt]
  Progress -> 0.361387% (447.988 / 123964 KB) | LR: 0.00215061 | TTemp: 1.05888 | VTemp: 1.0
  Train -> TL: 5.15136 | ATL: 5.35248 | ITPPL: 172.666 | ATPPL: 211.131 | ENT: 7.80562b | CERT: 6.97495%
  Val   -> VL: 5.61355 | AVL: 5.65288 | IVPPL: 274.115 | AVPPL: 285.112 | VENT: 8.03531b | VCERT: 9.11042%

[GeoMind CAUSAL CE Stream] Ep 1.0/Inf | Mixed Stream | Last: D[9.0: test/geomind/trainingdata/mined_expanded_corpus_cloze_part05.txt]
  Progress -> 0.369424% (457.952 / 123964 KB) | LR: 0.00212804 | TTemp: 1.06431 | VTemp: 1.0
  Train -> TL: 5.16395 | ATL: 5.34014 | ITPPL: 174.853 | ATPPL: 208.542 | ENT: 7.77447b | CERT: 7.09643%
  Val   -> VL: 5.57799 | AVL: 5.63041 | IVPPL: 264.538 | AVPPL: 278.777 | VENT: 7.89876b | VCERT: 9.39388%

[GeoMind CAUSAL CE Stream] Ep 1.0/Inf | Mixed Stream | Last: D[9.0: test/geomind/trainingdata/mined_expanded_corpus_cloze_part05.txt]
  Progress -> 0.376828% (467.13 / 123964 KB) | LR: 0.0021061 | TTemp: 1.06924 | VTemp: 1.0
  Train -> TL: 5.20716 | ATL: 5.31749 | ITPPL: 182.574 | ATPPL: 203.872 | ENT: 7.64325b | CERT: 8.05902%
  Val   -> VL: 5.56824 | AVL: 5.61176 | IVPPL: 261.974 | AVPPL: 273.626 | VENT: 8.0119b | VCERT: 8.47053%

[GeoMind CAUSAL CE Stream] Ep 1.0/Inf | Mixed Stream | Last: D[9.0: test/geomind/trainingdata/mined_expanded_corpus_cloze_part05.txt]
  Progress -> 0.384341% (476.443 / 123964 KB) | LR: 0.00208356 | TTemp: 1.07539 | VTemp: 1.0
  Train -> TL: 4.93928 | ATL: 5.27885 | ITPPL: 139.669 | ATPPL: 196.145 | ENT: 7.61171b | CERT: 8.63421%
  Val   -> VL: 5.57023 | AVL: 5.5993 | IVPPL: 262.494 | AVPPL: 270.238 | VENT: 7.9832b | VCERT: 8.36012%

[GeoMind CAUSAL CE Stream] Ep 1.0/Inf | Mixed Stream | Last: D[9.0: test/geomind/trainingdata/mined_expanded_corpus_cloze_part05.txt]
  Progress -> 0.391334% (485.112 / 123964 KB) | LR: 0.00206106 | TTemp: 1.08222 | VTemp: 1.0
  Train -> TL: 5.1374 | ATL: 5.248 | ITPPL: 170.272 | ATPPL: 190.186 | ENT: 7.49912b | CERT: 8.38829%
  Val   -> VL: 5.5678 | AVL: 5.58985 | IVPPL: 261.858 | AVPPL: 267.696 | VENT: 7.97904b | VCERT: 8.0247%

[GeoMind CAUSAL CE Stream] Ep 1.0/Inf | Mixed Stream | Last: D[9.0: test/geomind/trainingdata/mined_expanded_corpus_cloze_part05.txt]
  Progress -> 0.399235% (494.906 / 123964 KB) | LR: 0.00203955 | TTemp: 1.08867 | VTemp: 1.0
  Train -> TL: 5.2551 | ATL: 5.23044 | ITPPL: 191.541 | ATPPL: 186.875 | ENT: 7.53476b | CERT: 7.60022%
  Val   -> VL: 5.55988 | AVL: 5.58086 | IVPPL: 259.792 | AVPPL: 265.3 | VENT: 7.97663b | VCERT: 8.00621%

[GeoMind CAUSAL CE Stream] Ep 1.0/Inf | Mixed Stream | Last: D[9.0: test/geomind/trainingdata/mined_expanded_corpus_cloze_part05.txt]
  Progress -> 0.406364% (503.743 / 123964 KB) | LR: 0.00201879 | TTemp: 1.09466 | VTemp: 1.0
  Train -> TL: 5.18968 | ATL: 5.21105 | ITPPL: 179.412 | ATPPL: 183.286 | ENT: 7.52936b | CERT: 7.51488%
  Val   -> VL: 5.53884 | AVL: 5.56825 | IVPPL: 254.382 | AVPPL: 261.976 | VENT: 7.90384b | VCERT: 8.71345%

[GeoMind CAUSAL CE Stream] Ep 1.0/Inf | Mixed Stream | Last: D[9.0: test/geomind/trainingdata/mined_expanded_corpus_cloze_part05.txt]
  Progress -> 0.41461% (513.966 / 123964 KB) | LR: 0.0019979 | TTemp: 1.10127 | VTemp: 1.0
  Train -> TL: 4.96773 | ATL: 5.18038 | ITPPL: 143.7 | ATPPL: 177.75 | ENT: 7.17991b | CERT: 10.9097%
  Val   -> VL: 5.53379 | AVL: 5.55791 | IVPPL: 253.101 | AVPPL: 259.281 | VENT: 7.77842b | VCERT: 9.43876%

[GeoMind CAUSAL CE Stream] Ep 1.0/Inf | Mixed Stream | Last: D[9.0: test/geomind/trainingdata/mined_expanded_corpus_cloze_part05.txt]
  Progress -> 0.421294% (522.251 / 123964 KB) | LR: 0.00197777 | TTemp: 1.10747 | VTemp: 1.0
  Train -> TL: 5.17383 | ATL: 5.16196 | ITPPL: 176.59 | ATPPL: 174.506 | ENT: 7.30585b | CERT: 9.10586%
  Val   -> VL: 5.5218 | AVL: 5.54708 | IVPPL: 250.086 | AVPPL: 256.488 | VENT: 7.79238b | VCERT: 9.08008%

[GeoMind CAUSAL CE Stream] Ep 1.0/Inf | Mixed Stream | Last: D[9.0: test/geomind/trainingdata/mined_expanded_corpus_cloze_part05.txt]
  Progress -> 0.429968% (533.004 / 123964 KB) | LR: 0.0019586 | TTemp: 1.11302 | VTemp: 1.0
  Train -> TL: 5.28105 | ATL: 5.14733 | ITPPL: 196.575 | ATPPL: 171.972 | ENT: 7.38937b | CERT: 7.8696%
  Val   -> VL: 5.51129 | AVL: 5.53634 | IVPPL: 247.469 | AVPPL: 253.748 | VENT: 7.79991b | VCERT: 9.20323%

[GeoMind CAUSAL CE Stream] Ep 1.0/Inf | Mixed Stream | Last: D[9.0: test/geomind/trainingdata/mined_expanded_corpus_cloze_part05.txt]
  Progress -> 0.439776% (545.163 / 123964 KB) | LR: 0.00194193 | TTemp: 1.11647 | VTemp: 1.0
  Train -> TL: 5.27596 | ATL: 5.15547 | ITPPL: 195.578 | ATPPL: 173.377 | ENT: 7.44438b | CERT: 7.69464%
  Val   -> VL: 5.50682 | AVL: 5.52749 | IVPPL: 246.366 | AVPPL: 251.511 | VENT: 7.9011b | VCERT: 8.62559%

[GeoMind CAUSAL CE Stream] Ep 1.0/Inf | Mixed Stream | Last: D[9.0: test/geomind/trainingdata/mined_expanded_corpus_cloze_part05.txt]
  Progress -> 0.448374% (555.821 / 123964 KB) | LR: 0.00192703 | TTemp: 1.11816 | VTemp: 1.0
  Train -> TL: 5.06056 | ATL: 5.15681 | ITPPL: 157.679 | ATPPL: 173.611 | ENT: 7.43416b | CERT: 7.84912%
  Val   -> VL: 5.47704 | AVL: 5.51235 | IVPPL: 239.137 | AVPPL: 247.733 | VENT: 7.83014b | VCERT: 8.99243%

[GeoMind CAUSAL CE Stream] Ep 1.0/Inf | Mixed Stream | Last: D[9.0: test/geomind/trainingdata/mined_expanded_corpus_cloze_part05.txt]
  Progress -> 0.457739% (567.431 / 123964 KB) | LR: 0.00191196 | TTemp: 1.12037 | VTemp: 1.0
  Train -> TL: 5.02307 | ATL: 5.13375 | ITPPL: 151.877 | ATPPL: 169.652 | ENT: 7.29578b | CERT: 8.96611%
  Val   -> VL: 5.46945 | AVL: 5.49948 | IVPPL: 237.328 | AVPPL: 244.565 | VENT: 7.79869b | VCERT: 9.18499%

[GeoMind CAUSAL CE Stream] Ep 1.0/Inf | Mixed Stream | Last: D[9.0: test/geomind/trainingdata/mined_expanded_corpus_cloze_part05.txt]
  Progress -> 0.467468% (579.49 / 123964 KB) | LR: 0.0018972 | TTemp: 1.12273 | VTemp: 1.0
  Train -> TL: 5.06974 | ATL: 5.11715 | ITPPL: 159.132 | ATPPL: 166.859 | ENT: 7.23033b | CERT: 9.80701%
  Val   -> VL: 5.46571 | AVL: 5.48935 | IVPPL: 236.444 | AVPPL: 242.1 | VENT: 7.83284b | VCERT: 8.92203%

[GeoMind CAUSAL CE Stream] Ep 1.0/Inf | Mixed Stream | Last: D[9.0: test/geomind/trainingdata/mined_expanded_corpus_cloze_part05.txt]
  Progress -> 0.476206% (590.322 / 123964 KB) | LR: 0.0018818 | TTemp: 1.1261 | VTemp: 1.0
  Train -> TL: 4.94196 | ATL: 5.08784 | ITPPL: 140.045 | ATPPL: 162.04 | ENT: 7.18031b | CERT: 9.39432%
  Val   -> VL: 5.45236 | AVL: 5.47825 | IVPPL: 233.309 | AVPPL: 239.428 | VENT: 7.74521b | VCERT: 9.49633%

[GeoMind CAUSAL CE Stream] Ep 1.0/Inf | Mixed Stream | Last: D[9.0: test/geomind/trainingdata/mined_expanded_corpus_cloze_part05.txt]
  Progress -> 0.485866% (602.298 / 123964 KB) | LR: 0.00186653 | TTemp: 1.1298 | VTemp: 1.0
  Train -> TL: 5.02408 | ATL: 5.06821 | ITPPL: 152.031 | ATPPL: 158.89 | ENT: 7.21857b | CERT: 8.62661%
  Val   -> VL: 5.44997 | AVL: 5.46977 | IVPPL: 232.752 | AVPPL: 237.406 | VENT: 7.77884b | VCERT: 9.32974%

[GeoMind CAUSAL CE Stream] Ep 1.0/Inf | Mixed Stream | Last: D[9.0: test/geomind/trainingdata/mined_expanded_corpus_cloze_part05.txt]
  Progress -> 0.494437% (612.923 / 123964 KB) | LR: 0.00185325 | TTemp: 1.1321 | VTemp: 1.0
  Train -> TL: 5.06779 | ATL: 5.07454 | ITPPL: 158.823 | ATPPL: 159.898 | ENT: 7.30279b | CERT: 8.93454%
  Val   -> VL: 5.45319 | AVL: 5.4648 | IVPPL: 233.502 | AVPPL: 236.228 | VENT: 7.79643b | VCERT: 9.24724%

[GeoMind CAUSAL CE Stream] Ep 1.0/Inf | Mixed Stream | Last: D[9.0: test/geomind/trainingdata/mined_expanded_corpus_cloze_part05.txt]
  Progress -> 0.505872% (627.098 / 123964 KB) | LR: 0.0018402 | TTemp: 1.13474 | VTemp: 1.0
  Train -> TL: 4.92933 | ATL: 5.05939 | ITPPL: 138.286 | ATPPL: 157.494 | ENT: 7.20756b | CERT: 9.69924%
  Val   -> VL: 5.44473 | AVL: 5.45878 | IVPPL: 231.534 | AVPPL: 234.81 | VENT: 7.76573b | VCERT: 9.48961%

[GeoMind CAUSAL CE Stream] Ep 1.0/Inf | Mixed Stream | Last: D[9.0: test/geomind/trainingdata/mined_expanded_corpus_cloze_part05.txt]
  Progress -> 0.516219% (639.924 / 123964 KB) | LR: 0.00182705 | TTemp: 1.13765 | VTemp: 1.0
  Train -> TL: 5.05245 | ATL: 5.0399 | ITPPL: 156.406 | ATPPL: 154.454 | ENT: 7.11473b | CERT: 10.0148%
  Val   -> VL: 5.42323 | AVL: 5.44811 | IVPPL: 226.61 | AVPPL: 232.319 | VENT: 7.74427b | VCERT: 9.62534%

[GeoMind CAUSAL CE Stream] Ep 1.0/Inf | Mixed Stream | Last: D[9.0: test/geomind/trainingdata/mined_expanded_corpus_cloze_part05.txt]
  Progress -> 0.526031% (652.088 / 123964 KB) | LR: 0.00181323 | TTemp: 1.14149 | VTemp: 1.0
  Train -> TL: 5.04209 | ATL: 5.01235 | ITPPL: 154.793 | ATPPL: 150.257 | ENT: 7.21767b | CERT: 8.83209%
  Val   -> VL: 5.41737 | AVL: 5.43889 | IVPPL: 225.287 | AVPPL: 230.187 | VENT: 7.76046b | VCERT: 9.44609%

[GeoMind CAUSAL CE Stream] Ep 1.0/Inf | Mixed Stream | Last: D[9.0: test/geomind/trainingdata/mined_expanded_corpus_cloze_part05.txt]
  Progress -> 0.535472% (663.791 / 123964 KB) | LR: 0.00179944 | TTemp: 1.14564 | VTemp: 1.0
  Train -> TL: 4.98462 | ATL: 4.99346 | ITPPL: 146.148 | ATPPL: 147.446 | ENT: 7.19528b | CERT: 8.79333%
  Val   -> VL: 5.41539 | AVL: 5.43184 | IVPPL: 224.841 | AVPPL: 228.57 | VENT: 7.67976b | VCERT: 9.68345%

[GeoMind CAUSAL CE Stream] Ep 1.0/Inf | Mixed Stream | Last: D[9.0: test/geomind/trainingdata/mined_expanded_corpus_cloze_part05.txt]
  Progress -> 0.543895% (674.232 / 123964 KB) | LR: 0.00178717 | TTemp: 1.14901 | VTemp: 1.0
  Train -> TL: 5.07751 | ATL: 4.99552 | ITPPL: 160.374 | ATPPL: 147.75 | ENT: 7.15225b | CERT: 8.7885%
  Val   -> VL: 5.43119 | AVL: 5.43164 | IVPPL: 228.42 | AVPPL: 228.525 | VENT: 7.76498b | VCERT: 9.14959%

[GeoMind CAUSAL CE Stream] Ep 1.0/Inf | Mixed Stream | Last: D[9.0: test/geomind/trainingdata/mined_expanded_corpus_cloze_part05.txt]
  Progress -> 0.552892% (685.386 / 123964 KB) | LR: 0.00177881 | TTemp: 1.1493 | VTemp: 1.0
  Train -> TL: 5.1791 | ATL: 5.03271 | ITPPL: 177.524 | ATPPL: 153.348 | ENT: 7.16147b | CERT: 8.65825%
  Val   -> VL: 5.44155 | AVL: 5.43462 | IVPPL: 230.801 | AVPPL: 229.205 | VENT: 7.75204b | VCERT: 8.93307%

[GeoMind CAUSAL CE Stream] Ep 1.0/Inf | Mixed Stream | Last: D[9.0: test/geomind/trainingdata/mined_expanded_corpus_cloze_part05.txt]
  Progress -> 0.561278% (695.781 / 123964 KB) | LR: 0.00177435 | TTemp: 1.14653 | VTemp: 1.0
  Train -> TL: 5.09157 | ATL: 5.07527 | ITPPL: 162.645 | ATPPL: 160.015 | ENT: 7.1521b | CERT: 8.91766%
  Val   -> VL: 5.44224 | AVL: 5.43691 | IVPPL: 230.96 | AVPPL: 229.73 | VENT: 7.71629b | VCERT: 8.91131%

[GeoMind CAUSAL CE Stream] Ep 1.0/Inf | Mixed Stream | Last: D[9.0: test/geomind/trainingdata/mined_expanded_corpus_cloze_part05.txt]
  Progress -> 0.569197% (705.598 / 123964 KB) | LR: 0.0017715 | TTemp: 1.14309 | VTemp: 1.0
  Train -> TL: 4.92066 | ATL: 5.09146 | ITPPL: 137.093 | ATPPL: 162.628 | ENT: 7.06483b | CERT: 8.71378%
  Val   -> VL: 5.44278 | AVL: 5.43867 | IVPPL: 231.085 | AVPPL: 230.136 | VENT: 7.66805b | VCERT: 9.07148%

[GeoMind CAUSAL CE Stream] Ep 1.0/Inf | Mixed Stream | Last: D[9.0: test/geomind/trainingdata/mined_expanded_corpus_cloze_part05.txt]
  Progress -> 0.577015% (715.289 / 123964 KB) | LR: 0.00176965 | TTemp: 1.13924 | VTemp: 1.0
  Train -> TL: 4.80989 | ATL: 5.10138 | ITPPL: 122.719 | ATPPL: 164.248 | ENT: 7.03339b | CERT: 9.34079%
  Val   -> VL: 5.43057 | AVL: 5.43624 | IVPPL: 228.279 | AVPPL: 229.577 | VENT: 7.5874b | VCERT: 9.58595%

[GeoMind CAUSAL CE Stream] Ep 1.0/Inf | Mixed Stream | Last: D[9.0: test/geomind/trainingdata/mined_expanded_corpus_cloze_part05.txt]
  Progress -> 0.58486% (725.014 / 123964 KB) | LR: 0.0017668 | TTemp: 1.13726 | VTemp: 1.0
  Train -> TL: 4.872 | ATL: 5.08489 | ITPPL: 130.582 | ATPPL: 161.561 | ENT: 7.01129b | CERT: 8.80182%
  Val   -> VL: 5.43875 | AVL: 5.43699 | IVPPL: 230.155 | AVPPL: 229.75 | VENT: 7.58603b | VCERT: 9.36078%

[GeoMind CAUSAL CE Stream] Ep 1.0/Inf | Mixed Stream | Last: D[9.0: test/geomind/trainingdata/mined_expanded_corpus_cloze_part05.txt]
  Progress -> 0.593921% (736.246 / 123964 KB) | LR: 0.00176459 | TTemp: 1.13516 | VTemp: 1.0
  Train -> TL: 5.1851 | ATL: 5.08996 | ITPPL: 178.591 | ATPPL: 162.384 | ENT: 7.10347b | CERT: 8.05662%
  Val   -> VL: 5.43538 | AVL: 5.43651 | IVPPL: 229.379 | AVPPL: 229.639 | VENT: 7.62839b | VCERT: 9.39448%

[GeoMind CAUSAL CE Stream] Ep 1.0/Inf | Mixed Stream | Last: D[9.0: test/geomind/trainingdata/mined_expanded_corpus_cloze_part05.txt]
  Progress -> 0.602289% (746.62 / 123964 KB) | LR: 0.00176019 | TTemp: 1.13626 | VTemp: 1.0
  Train -> TL: 4.70868 | ATL: 5.05637 | ITPPL: 110.905 | ATPPL: 157.019 | ENT: 6.99684b | CERT: 9.59255%
  Val   -> VL: 5.45239 | AVL: 5.44127 | IVPPL: 233.314 | AVPPL: 230.736 | VENT: 7.57557b | VCERT: 9.58521%

[GeoMind CAUSAL CE Stream] Ep 1.0/Inf | Mixed Stream | Last: D[9.0: test/geomind/trainingdata/mined_expanded_corpus_cloze_part05.txt]
  Progress -> 0.610626% (756.954 / 123964 KB) | LR: 0.00175499 | TTemp: 1.13851 | VTemp: 1.0
  Train -> TL: 4.88705 | ATL: 5.03906 | ITPPL: 132.562 | ATPPL: 154.325 | ENT: 6.90938b | CERT: 9.42353%
  Val   -> VL: 5.44234 | AVL: 5.44159 | IVPPL: 230.983 | AVPPL: 230.81 | VENT: 7.58436b | VCERT: 9.28671%

[GeoMind CAUSAL CE Stream] Ep 1.0/Inf | Mixed Stream | Last: D[9.0: test/geomind/trainingdata/mined_expanded_corpus_cloze_part05.txt]
  Progress -> 0.620141% (768.749 / 123964 KB) | LR: 0.00174981 | TTemp: 1.14072 | VTemp: 1.0
  Train -> TL: 4.93355 | ATL: 5.03228 | ITPPL: 138.872 | ATPPL: 153.282 | ENT: 6.95478b | CERT: 8.55629%
  Val   -> VL: 5.43242 | AVL: 5.43884 | IVPPL: 228.703 | AVPPL: 230.176 | VENT: 7.55638b | VCERT: 9.18733%

[GeoMind CAUSAL CE Stream] Ep 1.0/Inf | Mixed Stream | Last: D[9.0: test/geomind/trainingdata/mined_expanded_corpus_cloze_part05.txt]
  Progress -> 0.628766% (779.441 / 123964 KB) | LR: 0.00174504 | TTemp: 1.14239 | VTemp: 1.0
  Train -> TL: 5.04428 | ATL: 5.03066 | ITPPL: 155.132 | ATPPL: 153.034 | ENT: 6.99794b | CERT: 8.27493%
  Val   -> VL: 5.4237 | AVL: 5.4343 | IVPPL: 226.716 | AVPPL: 229.132 | VENT: 7.59415b | VCERT: 8.81558%

[GeoMind CAUSAL CE Stream] Ep 1.0/Inf | Mixed Stream | Last: D[9.0: test/geomind/trainingdata/mined_expanded_corpus_cloze_part05.txt]
  Progress -> 0.638213% (791.152 / 123964 KB) | LR: 0.00174028 | TTemp: 1.14404 | VTemp: 1.0
  Train -> TL: 5.0263 | ATL: 5.02423 | ITPPL: 152.368 | ATPPL: 152.053 | ENT: 7.04311b | CERT: 7.53927%
  Val   -> VL: 5.42358 | AVL: 5.43108 | IVPPL: 226.689 | AVPPL: 228.397 | VENT: 7.58681b | VCERT: 9.00728%

[GeoMind CAUSAL CE Stream] Ep 1.0/Inf | Mixed Stream | Last: D[9.0: test/geomind/trainingdata/mined_expanded_corpus_cloze_part05.txt]
  Progress -> 0.645669% (800.396 / 123964 KB) | LR: 0.00173483 | TTemp: 1.14667 | VTemp: 1.0
  Train -> TL: 4.87286 | ATL: 5.00809 | ITPPL: 130.695 | ATPPL: 149.619 | ENT: 6.92686b | CERT: 9.75706%
  Val   -> VL: 5.43154 | AVL: 5.43122 | IVPPL: 228.5 | AVPPL: 228.428 | VENT: 7.59616b | VCERT: 9.12638%

[GeoMind CAUSAL CE Stream] Ep 1.0/Inf | Mixed Stream | Last: D[9.0: test/geomind/trainingdata/mined_expanded_corpus_cloze_part05.txt]
  Progress -> 0.654164% (810.926 / 123964 KB) | LR: 0.0017285 | TTemp: 1.15017 | VTemp: 1.0
  Train -> TL: 4.95244 | ATL: 4.98819 | ITPPL: 141.52 | ATPPL: 146.671 | ENT: 6.87483b | CERT: 10.7049%
  Val   -> VL: 5.42122 | AVL: 5.42822 | IVPPL: 226.156 | AVPPL: 227.744 | VENT: 7.54305b | VCERT: 9.73165%

[GeoMind CAUSAL CE Stream] Ep 1.0/Inf | Mixed Stream | Last: D[9.0: test/geomind/trainingdata/mined_expanded_corpus_cloze_part05.txt]
  Progress -> 0.663764% (822.826 / 123964 KB) | LR: 0.00172141 | TTemp: 1.15386 | VTemp: 1.0
  Train -> TL: 4.86556 | ATL: 4.96895 | ITPPL: 129.744 | ATPPL: 143.876 | ENT: 6.81291b | CERT: 11.0234%
  Val   -> VL: 5.39565 | AVL: 5.41845 | IVPPL: 220.444 | AVPPL: 225.529 | VENT: 7.47864b | VCERT: 9.91361%

[GeoMind CAUSAL CE Stream] Ep 1.0/Inf | Mixed Stream | Last: D[9.0: test/geomind/trainingdata/mined_expanded_corpus_cloze_part05.txt]
  Progress -> 0.67231% (833.42 / 123964 KB) | LR: 0.00171519 | TTemp: 1.15643 | VTemp: 1.0
  Train -> TL: 5.02221 | ATL: 4.97101 | ITPPL: 151.747 | ATPPL: 144.173 | ENT: 6.81128b | CERT: 9.93547%
  Val   -> VL: 5.40009 | AVL: 5.41294 | IVPPL: 221.427 | AVPPL: 224.291 | VENT: 7.50915b | VCERT: 9.64864%

[GeoMind CAUSAL CE Stream] Ep 1.0/Inf | Mixed Stream | Last: D[9.0: test/geomind/trainingdata/mined_expanded_corpus_cloze_part05.txt]
  Progress -> 0.681456% (844.758 / 123964 KB) | LR: 0.00170962 | TTemp: 1.15812 | VTemp: 1.0
  Train -> TL: 5.00262 | ATL: 4.9715 | ITPPL: 148.802 | ATPPL: 144.243 | ENT: 6.88205b | CERT: 9.69192%
  Val   -> VL: 5.39284 | AVL: 5.40691 | IVPPL: 219.826 | AVPPL: 222.942 | VENT: 7.49944b | VCERT: 9.57942%

[GeoMind CAUSAL CE Stream] Ep 1.0/Inf | Mixed Stream | Last: D[9.0: test/geomind/trainingdata/mined_expanded_corpus_cloze_part05.txt]
  Progress -> 0.687712% (852.513 / 123964 KB) | LR: 0.00170523 | TTemp: 1.15854 | VTemp: 1.0
  Train -> TL: 4.9671 | ATL: 4.98024 | ITPPL: 143.609 | ATPPL: 145.51 | ENT: 6.91421b | CERT: 9.02245%
  Val   -> VL: 5.391 | AVL: 5.40214 | IVPPL: 219.422 | AVPPL: 221.88 | VENT: 7.48859b | VCERT: 9.72639%

[GeoMind CAUSAL CE Stream] Ep 1.0/Inf | Mixed Stream | Last: D[9.0: test/geomind/trainingdata/mined_expanded_corpus_cloze_part05.txt]
  Progress -> 0.696936% (863.947 / 123964 KB) | LR: 0.00170284 | TTemp: 1.15678 | VTemp: 1.0
  Train -> TL: 4.99589 | ATL: 5.00187 | ITPPL: 147.805 | ATPPL: 148.69 | ENT: 6.92873b | CERT: 9.02193%
  Val   -> VL: 5.38008 | AVL: 5.39552 | IVPPL: 217.039 | AVPPL: 220.416 | VENT: 7.48907b | VCERT: 9.96842%

[GeoMind CAUSAL CE Stream] Ep 1.0/Inf | Mixed Stream | Last: D[9.0: test/geomind/trainingdata/mined_expanded_corpus_cloze_part05.txt]
  Progress -> 0.707165% (876.628 / 123964 KB) | LR: 0.00170088 | TTemp: 1.15448 | VTemp: 1.0
  Train -> TL: 5.05356 | ATL: 5.0045 | ITPPL: 156.578 | ATPPL: 149.082 | ENT: 6.97738b | CERT: 8.33802%
  Val   -> VL: 5.36819 | AVL: 5.38732 | IVPPL: 214.474 | AVPPL: 218.617 | VENT: 7.52464b | VCERT: 9.49992%

[GeoMind CAUSAL CE Stream] Ep 1.0/Inf | Mixed Stream | Last: D[9.0: test/geomind/trainingdata/mined_expanded_corpus_cloze_part05.txt]
  Progress -> 0.716959% (888.769 / 123964 KB) | LR: 0.00169844 | TTemp: 1.15296 | VTemp: 1.0
  Train -> TL: 4.83759 | ATL: 4.99503 | ITPPL: 126.165 | ATPPL: 147.678 | ENT: 6.91549b | CERT: 8.93091%
  Val   -> VL: 5.3753 | AVL: 5.38371 | IVPPL: 216.005 | AVPPL: 217.83 | VENT: 7.4882b | VCERT: 9.63605%

[GeoMind CAUSAL CE Stream] Ep 1.0/Inf | Mixed Stream | Last: D[9.0: test/geomind/trainingdata/mined_expanded_corpus_cloze_part05.txt]
  Progress -> 0.724289% (897.855 / 123964 KB) | LR: 0.00169572 | TTemp: 1.15224 | VTemp: 1.0
  Train -> TL: 4.77098 | ATL: 4.98786 | ITPPL: 118.034 | ATPPL: 146.623 | ENT: 6.84613b | CERT: 9.42533%
  Val   -> VL: 5.38537 | AVL: 5.38421 | IVPPL: 218.192 | AVPPL: 217.938 | VENT: 7.47725b | VCERT: 9.59351%

[GeoMind CAUSAL CE Stream] Ep 1.0/Inf | Mixed Stream | Last: D[9.0: test/geomind/trainingdata/mined_expanded_corpus_cloze_part05.txt]
  Progress -> 0.734783% (910.864 / 123964 KB) | LR: 0.00169278 | TTemp: 1.15211 | VTemp: 1.0
  Train -> TL: 4.79461 | ATL: 4.98107 | ITPPL: 120.857 | ATPPL: 145.63 | ENT: 6.67809b | CERT: 11.2371%
  Val   -> VL: 5.38298 | AVL: 5.38384 | IVPPL: 217.671 | AVPPL: 217.858 | VENT: 7.4174b | VCERT: 10.0068%

[GeoMind CAUSAL CE Stream] Ep 1.0/Inf | Mixed Stream | Last: D[9.0: test/geomind/trainingdata/mined_expanded_corpus_cloze_part05.txt]
  Progress -> 0.741575% (919.284 / 123964 KB) | LR: 0.00169018 | TTemp: 1.15216 | VTemp: 1.0
  Train -> TL: 4.9421 | ATL: 4.98158 | ITPPL: 140.064 | ATPPL: 145.705 | ENT: 6.83903b | CERT: 9.72873%
  Val   -> VL: 5.39238 | AVL: 5.3864 | IVPPL: 219.726 | AVPPL: 218.417 | VENT: 7.40192b | VCERT: 10.1114%

[GeoMind CAUSAL CE Stream] Ep 1.0/Inf | Mixed Stream | Last: D[9.0: test/geomind/trainingdata/mined_expanded_corpus_cloze_part05.txt]
  Progress -> 0.748728% (928.151 / 123964 KB) | LR: 0.00168844 | TTemp: 1.15147 | VTemp: 1.0
  Train -> TL: 4.94766 | ATL: 4.99001 | ITPPL: 140.845 | ATPPL: 146.937 | ENT: 6.88772b | CERT: 9.5494%
  Val   -> VL: 5.38204 | AVL: 5.3851 | IVPPL: 217.466 | AVPPL: 218.131 | VENT: 7.39216b | VCERT: 10.5583%

[GeoMind CAUSAL CE Stream] Ep 1.0/Inf | Mixed Stream | Last: D[9.0: test/geomind/trainingdata/mined_expanded_corpus_cloze_part05.txt]
  Progress -> 0.75535% (936.359 / 123964 KB) | LR: 0.00168631 | TTemp: 1.15158 | VTemp: 1.0
  Train -> TL: 4.90148 | ATL: 4.98215 | ITPPL: 134.488 | ATPPL: 145.787 | ENT: 6.84641b | CERT: 10.275%
  Val   -> VL: 5.38996 | AVL: 5.38655 | IVPPL: 219.194 | AVPPL: 218.449 | VENT: 7.41917b | VCERT: 9.9484%

[GeoMind CAUSAL CE Stream] Ep 1.0/Inf | Mixed Stream | Last: D[9.0: test/geomind/trainingdata/mined_expanded_corpus_cloze_part05.txt]
  Progress -> 0.760957% (943.311 / 123964 KB) | LR: 0.0016837 | TTemp: 1.16028 | VTemp: 1.0
  Train -> TL: 5.09873 | ATL: 4.97246 | ITPPL: 163.813 | ATPPL: 144.381 | ENT: 6.91164b | CERT: 9.29769%
  Val   -> VL: 5.40372 | AVL: 5.3917 | IVPPL: 222.232 | AVPPL: 219.577 | VENT: 7.4845b | VCERT: 9.5126%

[GeoMind CAUSAL CE Stream] Ep 1.0/Inf | Mixed Stream | Last: D[9.0: test/geomind/trainingdata/mined_expanded_corpus_cloze_part05.txt]
  Progress -> 0.767545% (951.477 / 123964 KB) | LR: 0.00168081 | TTemp: 1.16076 | VTemp: 1.0
  Train -> TL: 4.95539 | ATL: 4.96508 | ITPPL: 141.939 | ATPPL: 143.32 | ENT: 6.95465b | CERT: 8.14809%
  Val   -> VL: 5.39273 | AVL: 5.39201 | IVPPL: 219.802 | AVPPL: 219.645 | VENT: 7.46234b | VCERT: 9.5814%

[GeoMind CAUSAL CE Stream] Ep 1.0/Inf | Mixed Stream | Last: D[9.0: test/geomind/trainingdata/mined_expanded_corpus_cloze_part05.txt]
  Progress -> 0.774307% (959.859 / 123964 KB) | LR: 0.00167704 | TTemp: 1.16239 | VTemp: 1.0
  Train -> TL: 4.92299 | ATL: 4.94872 | ITPPL: 137.413 | ATPPL: 140.994 | ENT: 6.91074b | CERT: 8.72107%
  Val   -> VL: 5.39178 | AVL: 5.39194 | IVPPL: 219.593 | AVPPL: 219.629 | VENT: 7.41671b | VCERT: 9.92619%

[GeoMind CAUSAL CE Stream] Ep 1.0/Inf | Mixed Stream | Last: D[9.0: test/geomind/trainingdata/mined_expanded_corpus_cloze_part05.txt]
  Progress -> 0.780887% (968.017 / 123964 KB) | LR: 0.00167478 | TTemp: 1.16254 | VTemp: 1.0
  Train -> TL: 5.13057 | ATL: 4.96443 | ITPPL: 169.113 | ATPPL: 143.227 | ENT: 6.92888b | CERT: 8.82631%
  Val   -> VL: 5.38937 | AVL: 5.39117 | IVPPL: 219.066 | AVPPL: 219.46 | VENT: 7.43176b | VCERT: 9.84688%

[GeoMind CAUSAL CE Stream] Ep 1.0/Inf | Mixed Stream | Last: D[9.0: test/geomind/trainingdata/mined_expanded_corpus_cloze_part05.txt]
  Progress -> 0.786626% (975.131 / 123964 KB) | LR: 0.00167406 | TTemp: 1.16112 | VTemp: 1.0
  Train -> TL: 5.05829 | ATL: 4.98276 | ITPPL: 157.321 | ATPPL: 145.876 | ENT: 6.9322b | CERT: 9.01647%
  Val   -> VL: 5.38385 | AVL: 5.38897 | IVPPL: 217.86 | AVPPL: 218.979 | VENT: 7.38419b | VCERT: 10.2131%

[GeoMind CAUSAL CE Stream] Ep 1.0/Inf | Mixed Stream | Last: D[9.0: test/geomind/trainingdata/mined_expanded_corpus_cloze_part05.txt]
  Progress -> 0.794672% (985.104 / 123964 KB) | LR: 0.00167454 | TTemp: 1.1585 | VTemp: 1.0
  Train -> TL: 5.05783 | ATL: 4.99846 | ITPPL: 157.249 | ATPPL: 148.185 | ENT: 6.8345b | CERT: 9.90456%
  Val   -> VL: 5.3783 | AVL: 5.38577 | IVPPL: 216.654 | AVPPL: 218.279 | VENT: 7.40603b | VCERT: 10.0606%

[GeoMind CAUSAL CE Stream] Ep 1.0/Inf | Mixed Stream | Last: D[9.0: test/geomind/trainingdata/mined_expanded_corpus_cloze_part05.txt]
  Progress -> 0.804444% (997.219 / 123964 KB) | LR: 0.00167501 | TTemp: 1.1557 | VTemp: 1.0
  Train -> TL: 4.90352 | ATL: 4.99897 | ITPPL: 134.764 | ATPPL: 148.26 | ENT: 6.88908b | CERT: 8.85222%
  Val   -> VL: 5.36172 | AVL: 5.37856 | IVPPL: 213.091 | AVPPL: 216.709 | VENT: 7.40878b | VCERT: 10.0189%

[GeoMind CAUSAL CE Stream] Ep 1.0/Inf | Mixed Stream | Last: D[9.0: test/geomind/trainingdata/mined_expanded_corpus_cloze_part05.txt]
  Progress -> 0.81106% (1005.42 / 123964 KB) | LR: 0.00167632 | TTemp: 1.15171 | VTemp: 1.0
  Train -> TL: 4.85825 | ATL: 5.01119 | ITPPL: 128.798 | ATPPL: 150.083 | ENT: 6.90358b | CERT: 8.51251%
  Val   -> VL: 5.348 | AVL: 5.36939 | IVPPL: 210.188 | AVPPL: 214.732 | VENT: 7.38771b | VCERT: 10.0751%

[GeoMind CAUSAL CE Stream] Ep 1.0/Inf | Mixed Stream | Last: D[9.0: test/geomind/trainingdata/mined_expanded_corpus_cloze_part05.txt]
  Progress -> 0.817513% (1013.42 / 123964 KB) | LR: 0.00167752 | TTemp: 1.1479 | VTemp: 1.0
  Train -> TL: 4.97293 | ATL: 5.01164 | ITPPL: 144.449 | ATPPL: 150.15 | ENT: 6.87959b | CERT: 8.48985%
  Val   -> VL: 5.35242 | AVL: 5.3643 | IVPPL: 211.119 | AVPPL: 213.642 | VENT: 7.35142b | VCERT: 10.5219%

[GeoMind CAUSAL CE Stream] Ep 1.0/Inf | Mixed Stream | Last: D[9.0: test/geomind/trainingdata/mined_expanded_corpus_cloze_part05.txt]
  Progress -> 0.82512% (1022.85 / 123964 KB) | LR: 0.00167973 | TTemp: 1.14318 | VTemp: 1.0
  Train -> TL: 5.0315 | ATL: 5.02722 | ITPPL: 153.162 | ATPPL: 152.508 | ENT: 6.84344b | CERT: 9.57083%
  Val   -> VL: 5.35028 | AVL: 5.36009 | IVPPL: 210.668 | AVPPL: 212.745 | VENT: 7.37974b | VCERT: 10.3039%

[GeoMind CAUSAL CE Stream] Ep 1.0/Inf | Mixed Stream | Last: D[9.0: test/geomind/trainingdata/mined_expanded_corpus_cloze_part05.txt]
  Progress -> 0.831134% (1030.3 / 123964 KB) | LR: 0.00167992 | TTemp: 1.14075 | VTemp: 1.0
  Train -> TL: 4.80122 | ATL: 5.00231 | ITPPL: 121.658 | ATPPL: 148.756 | ENT: 6.91754b | CERT: 8.75208%
  Val   -> VL: 5.34712 | AVL: 5.3562 | IVPPL: 210.003 | AVPPL: 211.919 | VENT: 7.41042b | VCERT: 10.0252%

[GeoMind CAUSAL CE Stream] Ep 1.0/Inf | Mixed Stream | Last: D[9.0: test/geomind/trainingdata/mined_expanded_corpus_cloze_part05.txt]
  Progress -> 0.839317% (1040.45 / 123964 KB) | LR: 0.00167912 | TTemp: 1.13934 | VTemp: 1.0
  Train -> TL: 4.89798 | ATL: 4.98872 | ITPPL: 134.019 | ATPPL: 146.749 | ENT: 6.95153b | CERT: 8.05611%
  Val   -> VL: 5.34043 | AVL: 5.35147 | IVPPL: 208.602 | AVPPL: 210.918 | VENT: 7.4052b | VCERT: 10.0085%

[GeoMind CAUSAL CE Stream] Ep 1.0/Inf | Mixed Stream | Last: D[9.0: test/geomind/trainingdata/mined_expanded_corpus_cloze_part05.txt]
  Progress -> 0.848357% (1051.65 / 123964 KB) | LR: 0.00167641 | TTemp: 1.13977 | VTemp: 1.0
  Train -> TL: 4.83144 | ATL: 4.9611 | ITPPL: 125.392 | ATPPL: 142.751 | ENT: 6.87515b | CERT: 9.6692%
  Val   -> VL: 5.33148 | AVL: 5.34547 | IVPPL: 206.744 | AVPPL: 209.657 | VENT: 7.39229b | VCERT: 10.0757%

[GeoMind CAUSAL CE Stream] Ep 1.0/Inf | Mixed Stream | Last: D[9.0: test/geomind/trainingdata/mined_expanded_corpus_cloze_part05.txt]
  Progress -> 0.856705% (1062 / 123964 KB) | LR: 0.00167255 | TTemp: 1.14123 | VTemp: 1.0
  Train -> TL: 4.88383 | ATL: 4.94144 | ITPPL: 132.136 | ATPPL: 139.972 | ENT: 6.81445b | CERT: 9.90997%
  Val   -> VL: 5.32866 | AVL: 5.34043 | IVPPL: 206.163 | AVPPL: 208.603 | VENT: 7.42183b | VCERT: 9.81561%

[GeoMind CAUSAL CE Stream] Ep 1.0/Inf | Mixed Stream | Last: D[9.0: test/geomind/trainingdata/mined_expanded_corpus_cloze_part05.txt]
  Progress -> 0.865277% (1072.63 / 123964 KB) | LR: 0.00166846 | TTemp: 1.14277 | VTemp: 1.0
  Train -> TL: 4.79836 | ATL: 4.93292 | ITPPL: 121.312 | ATPPL: 138.784 | ENT: 6.81959b | CERT: 9.32782%
  Val   -> VL: 5.32547 | AVL: 5.33594 | IVPPL: 205.506 | AVPPL: 207.669 | VENT: 7.42395b | VCERT: 9.88769%

[GeoMind CAUSAL CE Stream] Ep 1.0/Inf | Mixed Stream | Last: D[9.0: test/geomind/trainingdata/mined_expanded_corpus_cloze_part05.txt]
  Progress -> 0.874057% (1083.51 / 123964 KB) | LR: 0.00166411 | TTemp: 1.14459 | VTemp: 1.0
  Train -> TL: 4.9207 | ATL: 4.9235 | ITPPL: 137.098 | ATPPL: 137.483 | ENT: 6.83487b | CERT: 8.95832%
  Val   -> VL: 5.3271 | AVL: 5.33329 | IVPPL: 205.839 | AVPPL: 207.118 | VENT: 7.43288b | VCERT: 9.85259%

[GeoMind CAUSAL CE Stream] Ep 1.0/Inf | Mixed Stream | Last: D[9.0: test/geomind/trainingdata/mined_expanded_corpus_cloze_part05.txt]
  Progress -> 0.881878% (1093.21 / 123964 KB) | LR: 0.00166031 | TTemp: 1.14591 | VTemp: 1.0
  Train -> TL: 4.93023 | ATL: 4.92515 | ITPPL: 138.412 | ATPPL: 137.71 | ENT: 6.86342b | CERT: 8.87859%
  Val   -> VL: 5.32884 | AVL: 5.33196 | IVPPL: 206.199 | AVPPL: 206.842 | VENT: 7.46065b | VCERT: 9.73784%

[GeoMind CAUSAL CE Stream] Ep 1.0/Inf | Mixed Stream | Last: D[9.0: test/geomind/trainingdata/mined_expanded_corpus_cloze_part05.txt]
  Progress -> 0.891182% (1104.74 / 123964 KB) | LR: 0.00165661 | TTemp: 1.14696 | VTemp: 1.0
  Train -> TL: 4.78174 | ATL: 4.92131 | ITPPL: 119.312 | ATPPL: 137.182 | ENT: 6.88954b | CERT: 8.82053%
  Val   -> VL: 5.3159 | AVL: 5.32714 | IVPPL: 203.548 | AVPPL: 205.848 | VENT: 7.46451b | VCERT: 9.62701%

[GeoMind CAUSAL CE Stream] Ep 1.0/Inf | Mixed Stream | Last: D[9.0: test/geomind/trainingdata/mined_expanded_corpus_cloze_part05.txt]
  Progress -> 0.903251% (1119.7 / 123964 KB) | LR: 0.00165316 | TTemp: 1.14743 | VTemp: 1.0
  Train -> TL: 4.86503 | ATL: 4.91953 | ITPPL: 129.675 | ATPPL: 136.938 | ENT: 6.81989b | CERT: 9.05649%
  Val   -> VL: 5.30213 | AVL: 5.31964 | IVPPL: 200.765 | AVPPL: 204.31 | VENT: 7.46782b | VCERT: 9.64899%

[GeoMind CAUSAL CE Stream] Ep 1.0/Inf | Mixed Stream | Last: D[9.0: test/geomind/trainingdata/mined_expanded_corpus_cloze_part05.txt]
  Progress -> 0.915645% (1135.07 / 123964 KB) | LR: 0.0016498 | TTemp: 1.14752 | VTemp: 1.0
  Train -> TL: 4.98379 | ATL: 4.91606 | ITPPL: 146.027 | ATPPL: 136.464 | ENT: 6.90366b | CERT: 8.73478%
  Val   -> VL: 5.29485 | AVL: 5.3122 | IVPPL: 199.308 | AVPPL: 202.796 | VENT: 7.49054b | VCERT: 9.4765%

[GeoMind CAUSAL CE Stream] Ep 1.0/Inf | Mixed Stream | Last: D[9.0: test/geomind/trainingdata/mined_expanded_corpus_cloze_part05.txt]
  Progress -> 0.926162% (1148.1 / 123964 KB) | LR: 0.0016469 | TTemp: 1.1473 | VTemp: 1.0
  Train -> TL: 4.9617 | ATL: 4.91776 | ITPPL: 142.837 | ATPPL: 136.696 | ENT: 6.99115b | CERT: 8.07354%
  Val   -> VL: 5.30442 | AVL: 5.30987 | IVPPL: 201.225 | AVPPL: 202.324 | VENT: 7.46886b | VCERT: 9.88544%

[GeoMind CAUSAL CE Stream] Ep 1.0/Inf | Mixed Stream | Last: D[9.0: test/geomind/trainingdata/mined_expanded_corpus_cloze_part05.txt]
  Progress -> 0.936371% (1160.76 / 123964 KB) | LR: 0.00164548 | TTemp: 1.14534 | VTemp: 1.0
  Train -> TL: 5.12501 | ATL: 4.93434 | ITPPL: 168.176 | ATPPL: 138.981 | ENT: 7.02812b | CERT: 7.9052%
  Val   -> VL: 5.28607 | AVL: 5.30273 | IVPPL: 197.566 | AVPPL: 200.884 | VENT: 7.50216b | VCERT: 9.49893%

[GeoMind CAUSAL CE Stream] Ep 1.0/Inf | Mixed Stream | Last: D[9.0: test/geomind/trainingdata/mined_expanded_corpus_cloze_part05.txt]
  Progress -> 0.94544% (1172 / 123964 KB) | LR: 0.00164336 | TTemp: 1.1442 | VTemp: 1.0
  Train -> TL: 4.83971 | ATL: 4.92264 | ITPPL: 126.433 | ATPPL: 137.365 | ENT: 7.01536b | CERT: 7.91092%
  Val   -> VL: 5.28747 | AVL: 5.29815 | IVPPL: 197.842 | AVPPL: 199.967 | VENT: 7.47812b | VCERT: 9.44251%

[GeoMind CAUSAL CE Stream] Ep 1.0/Inf | Mixed Stream | Last: D[9.0: test/geomind/trainingdata/mined_expanded_corpus_cloze_part05.txt]
  Progress -> 0.953418% (1181.89 / 123964 KB) | LR: 0.00164063 | TTemp: 1.14394 | VTemp: 1.0
  Train -> TL: 4.84963 | ATL: 4.91115 | ITPPL: 127.693 | ATPPL: 135.795 | ENT: 6.84903b | CERT: 9.21059%
  Val   -> VL: 5.29132 | AVL: 5.2961 | IVPPL: 198.605 | AVPPL: 199.557 | VENT: 7.4367b | VCERT: 9.60146%

[GeoMind CAUSAL CE Stream] Ep 1.0/Inf | Mixed Stream | Last: D[9.0: test/geomind/trainingdata/mined_expanded_corpus_cloze_part05.txt]
  Progress -> 0.961027% (1191.32 / 123964 KB) | LR: 0.00163941 | TTemp: 1.14219 | VTemp: 1.0
  Train -> TL: 4.94628 | ATL: 4.92846 | ITPPL: 140.65 | ATPPL: 138.166 | ENT: 6.89096b | CERT: 8.9469%
  Val   -> VL: 5.28596 | AVL: 5.29306 | IVPPL: 197.544 | AVPPL: 198.951 | VENT: 7.42374b | VCERT: 9.80714%

[GeoMind CAUSAL CE Stream] Ep 1.0/Inf | Mixed Stream | Last: D[9.0: test/geomind/trainingdata/mined_expanded_corpus_cloze_part05.txt]
  Progress -> 0.970552% (1203.13 / 123964 KB) | LR: 0.00163812 | TTemp: 1.14073 | VTemp: 1.0
  Train -> TL: 4.86636 | ATL: 4.92571 | ITPPL: 129.848 | ATPPL: 137.787 | ENT: 6.83763b | CERT: 9.5608%
  Val   -> VL: 5.28466 | AVL: 5.29054 | IVPPL: 197.287 | AVPPL: 198.45 | VENT: 7.43058b | VCERT: 9.97148%

[GeoMind CAUSAL CE Stream] Ep 1.0/Inf | Mixed Stream | Last: D[9.0: test/geomind/trainingdata/mined_expanded_corpus_cloze_part05.txt]
  Progress -> 0.976731% (1210.79 / 123964 KB) | LR: 0.00163578 | TTemp: 1.1409 | VTemp: 1.0
  Train -> TL: 4.84223 | ATL: 4.90928 | ITPPL: 126.751 | ATPPL: 135.541 | ENT: 6.85933b | CERT: 9.01392%
  Val   -> VL: 5.29902 | AVL: 5.29309 | IVPPL: 200.141 | AVPPL: 198.956 | VENT: 7.43452b | VCERT: 9.66435%

[GeoMind CAUSAL CE Stream] Ep 1.0/Inf | Mixed Stream | Last: D[9.0: test/geomind/trainingdata/mined_expanded_corpus_cloze_part05.txt]
  Progress -> 0.986423% (1222.81 / 123964 KB) | LR: 0.00163427 | TTemp: 1.14846 | VTemp: 1.0
  Train -> TL: 4.8972 | ATL: 4.91767 | ITPPL: 133.915 | ATPPL: 136.684 | ENT: 6.94165b | CERT: 7.87779%
  Val   -> VL: 5.31706 | AVL: 5.30028 | IVPPL: 203.784 | AVPPL: 200.393 | VENT: 7.46022b | VCERT: 9.24462%

[GeoMind CAUSAL CE Stream] Ep 1.0/Inf | Mixed Stream | Last: D[9.0: test/geomind/trainingdata/mined_expanded_corpus_cloze_part05.txt]
  Progress -> 0.994394% (1232.69 / 123964 KB) | LR: 0.00163269 | TTemp: 1.14787 | VTemp: 1.0
  Train -> TL: 4.78663 | ATL: 4.91451 | ITPPL: 119.897 | ATPPL: 136.253 | ENT: 6.77282b | CERT: 10.0697%
  Val   -> VL: 5.31107 | AVL: 5.30352 | IVPPL: 202.567 | AVPPL: 201.043 | VENT: 7.40321b | VCERT: 9.70014%

[GeoMind CAUSAL CE Stream] Ep 1.0/Inf | Mixed Stream | Last: D[9.0: test/geomind/trainingdata/mined_expanded_corpus_cloze_part05.txt]
  Progress -> 1.00198% (1242.09 / 123964 KB) | LR: 0.00163128 | TTemp: 1.14737 | VTemp: 1.0
  Train -> TL: 4.86177 | ATL: 4.91476 | ITPPL: 129.253 | ATPPL: 136.287 | ENT: 6.78993b | CERT: 9.95589%
  Val   -> VL: 5.30471 | AVL: 5.30387 | IVPPL: 201.283 | AVPPL: 201.114 | VENT: 7.35204b | VCERT: 10.1001%

[GeoMind CAUSAL CE Stream] Ep 1.0/Inf | Mixed Stream | Last: D[9.0: test/geomind/trainingdata/mined_expanded_corpus_cloze_part05.txt]
  Progress -> 1.01043% (1252.57 / 123964 KB) | LR: 0.00163014 | TTemp: 1.14702 | VTemp: 1.0
  Train -> TL: 4.81605 | ATL: 4.91651 | ITPPL: 123.476 | ATPPL: 136.525 | ENT: 6.80575b | CERT: 9.52858%
  Val   -> VL: 5.31272 | AVL: 5.30653 | IVPPL: 202.901 | AVPPL: 201.649 | VENT: 7.36729b | VCERT: 9.9468%

[GeoMind CAUSAL CE Stream] Ep 1.0/Inf | Mixed Stream | Last: D[9.0: test/geomind/trainingdata/mined_expanded_corpus_cloze_part05.txt]
  Progress -> 1.01817% (1262.16 / 123964 KB) | LR: 0.00162808 | TTemp: 1.14806 | VTemp: 1.0
  Train -> TL: 4.77411 | ATL: 4.90202 | ITPPL: 118.405 | ATPPL: 134.561 | ENT: 6.7371b | CERT: 10.3379%
  Val   -> VL: 5.31788 | AVL: 5.30993 | IVPPL: 203.951 | AVPPL: 202.337 | VENT: 7.34989b | VCERT: 10.0722%

[GeoMind CAUSAL CE Stream] Ep 1.0/Inf | Mixed Stream | Last: D[9.0: test/geomind/trainingdata/mined_expanded_corpus_cloze_part05.txt]
  Progress -> 1.02404% (1269.43 / 123964 KB) | LR: 0.00162595 | TTemp: 1.14954 | VTemp: 1.0
  Train -> TL: 4.78865 | ATL: 4.89835 | ITPPL: 120.139 | ATPPL: 134.069 | ENT: 6.74084b | CERT: 9.85584%
  Val   -> VL: 5.32429 | AVL: 5.31424 | IVPPL: 205.263 | AVPPL: 203.21 | VENT: 7.36368b | VCERT: 9.75814%

[GeoMind CAUSAL CE Stream] Ep 1.0/Inf | Mixed Stream | Last: D[9.0: test/geomind/trainingdata/mined_expanded_corpus_cloze_part05.txt]
  Progress -> 1.03342% (1281.06 / 123964 KB) | LR: 0.00162488 | TTemp: 1.14988 | VTemp: 1.0
  Train -> TL: 4.96188 | ATL: 4.91007 | ITPPL: 142.862 | ATPPL: 135.649 | ENT: 6.79552b | CERT: 9.35385%
  Val   -> VL: 5.31248 | AVL: 5.31371 | IVPPL: 202.853 | AVPPL: 203.103 | VENT: 7.36261b | VCERT: 9.82049%

[GeoMind CAUSAL CE Stream] Ep 1.0/Inf | Mixed Stream | Last: D[9.0: test/geomind/trainingdata/mined_expanded_corpus_cloze_part05.txt]
  Progress -> 1.04355% (1293.63 / 123964 KB) | LR: 0.00162363 | TTemp: 1.15043 | VTemp: 1.0
  Train -> TL: 4.80471 | ATL: 4.90604 | ITPPL: 122.085 | ATPPL: 135.104 | ENT: 6.72541b | CERT: 9.72332%
  Val   -> VL: 5.31153 | AVL: 5.31306 | IVPPL: 202.659 | AVPPL: 202.97 | VENT: 7.34256b | VCERT: 10.0552%

[GeoMind CAUSAL CE Stream] Ep 1.0/Inf | Mixed Stream | Last: D[9.0: test/geomind/trainingdata/mined_expanded_corpus_cloze_part05.txt]
  Progress -> 1.05425% (1306.89 / 123964 KB) | LR: 0.00162192 | TTemp: 1.15132 | VTemp: 1.0
  Train -> TL: 4.80635 | ATL: 4.89794 | ITPPL: 122.284 | ATPPL: 134.014 | ENT: 6.7656b | CERT: 8.76729%
  Val   -> VL: 5.30527 | AVL: 5.31072 | IVPPL: 201.395 | AVPPL: 202.496 | VENT: 7.25384b | VCERT: 10.793%

[GeoMind CAUSAL CE Stream] Ep 1.0/Inf | Mixed Stream | Last: D[9.0: test/geomind/trainingdata/mined_expanded_corpus_cloze_part05.txt]
  Progress -> 1.06713% (1322.85 / 123964 KB) | LR: 0.00162112 | TTemp: 1.1595 | VTemp: 1.0
  Train -> TL: 5.04051 | ATL: 4.90826 | ITPPL: 154.548 | ATPPL: 135.403 | ENT: 6.77858b | CERT: 8.65771%
  Val   -> VL: 5.34152 | AVL: 5.31996 | IVPPL: 208.83 | AVPPL: 204.376 | VENT: 7.32966b | VCERT: 10.5496%

[GeoMind CAUSAL CE Stream] Ep 1.0/Inf | Mixed Stream | Last: D[9.0: test/geomind/trainingdata/mined_expanded_corpus_cloze_part05.txt]
  Progress -> 1.07765% (1335.89 / 123964 KB) | LR: 0.00162222 | TTemp: 1.16534 | VTemp: 1.0
  Train -> TL: 4.91998 | ATL: 4.93358 | ITPPL: 137 | ATPPL: 138.875 | ENT: 6.76249b | CERT: 8.77522%
  Val   -> VL: 5.35474 | AVL: 5.3304 | IVPPL: 211.609 | AVPPL: 206.52 | VENT: 7.2794b | VCERT: 11.041%

[GeoMind CAUSAL CE Stream] Ep 1.0/Inf | Mixed Stream | Last: D[9.0: test/geomind/trainingdata/mined_expanded_corpus_cloze_part05.txt]
  Progress -> 1.08441% (1344.28 / 123964 KB) | LR: 0.00162378 | TTemp: 1.17042 | VTemp: 1.0
  Train -> TL: 4.91649 | ATL: 4.94137 | ITPPL: 136.522 | ATPPL: 139.961 | ENT: 6.77043b | CERT: 8.73935%
  Val   -> VL: 5.36171 | AVL: 5.33979 | IVPPL: 213.09 | AVPPL: 208.469 | VENT: 7.28979b | VCERT: 10.6842%

[GeoMind CAUSAL CE Stream] Ep 1.0/Inf | Mixed Stream | Last: D[9.0: test/geomind/trainingdata/mined_expanded_corpus_cloze_part05.txt]
  Progress -> 1.09319% (1355.16 / 123964 KB) | LR: 0.0016256 | TTemp: 1.16716 | VTemp: 1.0
  Train -> TL: 4.86356 | ATL: 4.94714 | ITPPL: 129.485 | ATPPL: 140.772 | ENT: 6.7503b | CERT: 8.9113%
  Val   -> VL: 5.35563 | AVL: 5.34454 | IVPPL: 211.797 | AVPPL: 209.462 | VENT: 7.3185b | VCERT: 9.96292%

[GeoMind CAUSAL CE Stream] Ep 1.0/Inf | Mixed Stream | Last: D[9.0: test/geomind/trainingdata/mined_expanded_corpus_cloze_part05.txt]
  Progress -> 1.10035% (1364.04 / 123964 KB) | LR: 0.00162651 | TTemp: 1.1651 | VTemp: 1.0
  Train -> TL: 4.92455 | ATL: 4.93713 | ITPPL: 137.627 | ATPPL: 139.369 | ENT: 6.76367b | CERT: 8.99531%
  Val   -> VL: 5.34247 | AVL: 5.34392 | IVPPL: 209.029 | AVPPL: 209.332 | VENT: 7.3395b | VCERT: 10.015%

[GeoMind CAUSAL CE Stream] Ep 1.0/Inf | Mixed Stream | Last: D[9.0: test/geomind/trainingdata/mined_expanded_corpus_cloze_part05.txt]
  Progress -> 1.10892% (1374.66 / 123964 KB) | LR: 0.00162538 | TTemp: 1.16485 | VTemp: 1.0
  Train -> TL: 4.87356 | ATL: 4.91003 | ITPPL: 130.786 | ATPPL: 135.643 | ENT: 6.77713b | CERT: 8.3414%
  Val   -> VL: 5.32073 | AVL: 5.33696 | IVPPL: 204.533 | AVPPL: 207.88 | VENT: 7.34089b | VCERT: 10.045%

[GeoMind CAUSAL CE Stream] Ep 1.0/Inf | Mixed Stream | Last: D[9.0: test/geomind/trainingdata/mined_expanded_corpus_cloze_part05.txt]
  Progress -> 1.11804% (1385.96 / 123964 KB) | LR: 0.00162288 | TTemp: 1.16534 | VTemp: 1.0
  Train -> TL: 4.83986 | ATL: 4.8894 | ITPPL: 126.452 | ATPPL: 132.874 | ENT: 6.77475b | CERT: 8.79115%
  Val   -> VL: 5.29916 | AVL: 5.32562 | IVPPL: 200.168 | AVPPL: 205.536 | VENT: 7.37248b | VCERT: 9.85129%

[GeoMind CAUSAL CE Stream] Ep 1.0/Inf | Mixed Stream | Last: D[9.0: test/geomind/trainingdata/mined_expanded_corpus_cloze_part05.txt]
  Progress -> 1.12509% (1394.7 / 123964 KB) | LR: 0.00162066 | TTemp: 1.16474 | VTemp: 1.0
  Train -> TL: 4.8338 | ATL: 4.88988 | ITPPL: 125.687 | ATPPL: 132.937 | ENT: 6.74525b | CERT: 8.81064%
  Val   -> VL: 5.28183 | AVL: 5.31249 | IVPPL: 196.731 | AVPPL: 202.854 | VENT: 7.32564b | VCERT: 10.267%

[GeoMind CAUSAL CE Stream] Ep 1.0/Inf | Mixed Stream | Last: D[9.0: test/geomind/trainingdata/mined_expanded_corpus_cloze_part05.txt]
  Progress -> 1.1321% (1403.39 / 123964 KB) | LR: 0.00161765 | TTemp: 1.16438 | VTemp: 1.0
  Train -> TL: 4.83542 | ATL: 4.87579 | ITPPL: 125.891 | ATPPL: 131.078 | ENT: 6.66576b | CERT: 9.28712%
  Val   -> VL: 5.27266 | AVL: 5.30054 | IVPPL: 194.934 | AVPPL: 200.445 | VENT: 7.30353b | VCERT: 10.1142%

[GeoMind CAUSAL CE Stream] Ep 1.0/Inf | Mixed Stream | Last: D[9.0: test/geomind/trainingdata/mined_expanded_corpus_cloze_part05.txt]
  Progress -> 1.14058% (1413.91 / 123964 KB) | LR: 0.00161436 | TTemp: 1.16389 | VTemp: 1.0
  Train -> TL: 4.82488 | ATL: 4.86766 | ITPPL: 124.572 | ATPPL: 130.016 | ENT: 6.62353b | CERT: 9.22045%
  Val   -> VL: 5.26504 | AVL: 5.28989 | IVPPL: 193.454 | AVPPL: 198.321 | VENT: 7.28123b | VCERT: 10.121%

[GeoMind CAUSAL CE Stream] Ep 1.0/Inf | Mixed Stream | Last: D[9.0: test/geomind/trainingdata/mined_expanded_corpus_cloze_part05.txt]
  Progress -> 1.14884% (1424.14 / 123964 KB) | LR: 0.00161153 | TTemp: 1.16286 | VTemp: 1.0
  Train -> TL: 4.90764 | ATL: 4.86956 | ITPPL: 135.319 | ATPPL: 130.264 | ENT: 6.69537b | CERT: 9.6372%
  Val   -> VL: 5.2691 | AVL: 5.28365 | IVPPL: 194.241 | AVPPL: 197.088 | VENT: 7.30797b | VCERT: 9.86785%

[GeoMind CAUSAL CE Stream] Ep 1.0/Inf | Mixed Stream | Last: D[9.0: test/geomind/trainingdata/mined_expanded_corpus_cloze_part05.txt]
  Progress -> 1.15645% (1433.58 / 123964 KB) | LR: 0.00160932 | TTemp: 1.16101 | VTemp: 1.0
  Train -> TL: 4.93342 | ATL: 4.87422 | ITPPL: 138.854 | ATPPL: 130.872 | ENT: 6.72343b | CERT: 9.27691%
  Val   -> VL: 5.25577 | AVL: 5.27529 | IVPPL: 191.669 | AVPPL: 195.447 | VENT: 7.22991b | VCERT: 10.4345%

[GeoMind CAUSAL CE Stream] Ep 1.0/Inf | Mixed Stream | Last: D[9.0: test/geomind/trainingdata/mined_expanded_corpus_cloze_part05.txt]
  Progress -> 1.16325% (1442.01 / 123964 KB) | LR: 0.00160741 | TTemp: 1.15892 | VTemp: 1.0
  Train -> TL: 4.96044 | ATL: 4.87523 | ITPPL: 142.656 | ATPPL: 131.004 | ENT: 6.77543b | CERT: 8.99398%
  Val   -> VL: 5.25545 | AVL: 5.26934 | IVPPL: 191.608 | AVPPL: 194.287 | VENT: 7.24643b | VCERT: 10.3662%

[GeoMind CAUSAL CE Stream] Ep 1.0/Inf | Mixed Stream | Last: D[9.0: test/geomind/trainingdata/mined_expanded_corpus_cloze_part05.txt]
  Progress -> 1.16896% (1449.08 / 123964 KB) | LR: 0.00160555 | TTemp: 1.15716 | VTemp: 1.0
  Train -> TL: 4.81361 | ATL: 4.87344 | ITPPL: 123.176 | ATPPL: 130.77 | ENT: 6.68996b | CERT: 9.53051%
  Val   -> VL: 5.2642 | AVL: 5.2678 | IVPPL: 193.292 | AVPPL: 193.988 | VENT: 7.27749b | VCERT: 10.2414%

[GeoMind CAUSAL CE Stream] Ep 1.0/Inf | Mixed Stream | Last: D[9.0: test/geomind/trainingdata/mined_expanded_corpus_cloze_part05.txt]
  Progress -> 1.17552% (1457.22 / 123964 KB) | LR: 0.00160392 | TTemp: 1.15567 | VTemp: 1.0
  Train -> TL: 4.88736 | ATL: 4.87389 | ITPPL: 132.603 | ATPPL: 130.829 | ENT: 6.77019b | CERT: 9.57441%
  Val   -> VL: 5.26975 | AVL: 5.26838 | IVPPL: 194.368 | AVPPL: 194.102 | VENT: 7.29881b | VCERT: 9.96124%

[GeoMind CAUSAL CE Stream] Ep 1.0/Inf | Mixed Stream | Last: D[9.0: test/geomind/trainingdata/mined_expanded_corpus_cloze_part05.txt]
  Progress -> 1.18316% (1466.69 / 123964 KB) | LR: 0.00160156 | TTemp: 1.15534 | VTemp: 1.0
  Train -> TL: 4.75813 | ATL: 4.86157 | ITPPL: 116.527 | ATPPL: 129.228 | ENT: 6.68665b | CERT: 9.67185%
  Val   -> VL: 5.26881 | AVL: 5.26851 | IVPPL: 194.185 | AVPPL: 194.127 | VENT: 7.30212b | VCERT: 9.96083%

[GeoMind CAUSAL CE Stream] Ep 1.0/Inf | Mixed Stream | Last: D[9.0: test/geomind/trainingdata/mined_expanded_corpus_cloze_part05.txt]
  Progress -> 1.19294% (1478.81 / 123964 KB) | LR: 0.00159975 | TTemp: 1.15461 | VTemp: 1.0
  Train -> TL: 4.94687 | ATL: 4.86597 | ITPPL: 140.734 | ATPPL: 129.797 | ENT: 6.70527b | CERT: 9.47399%
  Val   -> VL: 5.26316 | AVL: 5.2669 | IVPPL: 193.09 | AVPPL: 193.815 | VENT: 7.30761b | VCERT: 10.0794%

[GeoMind CAUSAL CE Stream] Ep 1.0/Inf | Mixed Stream | Last: D[9.0: test/geomind/trainingdata/mined_expanded_corpus_cloze_part05.txt]
  Progress -> 1.20125% (1489.11 / 123964 KB) | LR: 0.00159784 | TTemp: 1.15422 | VTemp: 1.0
  Train -> TL: 4.73003 | ATL: 4.86193 | ITPPL: 113.299 | ATPPL: 129.274 | ENT: 6.69919b | CERT: 9.35269%
  Val   -> VL: 5.26364 | AVL: 5.26593 | IVPPL: 193.183 | AVPPL: 193.625 | VENT: 7.24889b | VCERT: 10.4548%

[GeoMind CAUSAL CE Stream] Ep 1.0/Inf | Mixed Stream | Last: D[9.0: test/geomind/trainingdata/mined_expanded_corpus_cloze_part05.txt]
  Progress -> 1.21064% (1500.75 / 123964 KB) | LR: 0.00159563 | TTemp: 1.15442 | VTemp: 1.0
  Train -> TL: 4.90272 | ATL: 4.8552 | ITPPL: 134.655 | ATPPL: 128.407 | ENT: 6.66942b | CERT: 9.53794%
  Val   -> VL: 5.2672 | AVL: 5.26631 | IVPPL: 193.871 | AVPPL: 193.699 | VENT: 7.26907b | VCERT: 10.2877%

[GeoMind CAUSAL CE Stream] Ep 1.0/Inf | Mixed Stream | Last: D[9.0: test/geomind/trainingdata/mined_expanded_corpus_cloze_part05.txt]
  Progress -> 1.21775% (1509.57 / 123964 KB) | LR: 0.00159525 | TTemp: 1.15315 | VTemp: 1.0
  Train -> TL: 5.00609 | ATL: 4.87761 | ITPPL: 149.32 | ATPPL: 131.316 | ENT: 6.81657b | CERT: 8.45125%
  Val   -> VL: 5.27709 | AVL: 5.26954 | IVPPL: 195.799 | AVPPL: 194.327 | VENT: 7.29935b | VCERT: 10.1192%

[GeoMind CAUSAL CE Stream] Ep 1.0/Inf | Mixed Stream | Last: D[9.0: test/geomind/trainingdata/mined_expanded_corpus_cloze_part05.txt]
  Progress -> 1.22544% (1519.1 / 123964 KB) | LR: 0.00159507 | TTemp: 1.15216 | VTemp: 1.0
  Train -> TL: 4.89523 | ATL: 4.87976 | ITPPL: 133.651 | ATPPL: 131.599 | ENT: 6.85235b | CERT: 7.84875%
  Val   -> VL: 5.28077 | AVL: 5.27291 | IVPPL: 196.521 | AVPPL: 194.982 | VENT: 7.29206b | VCERT: 10.0721%

[GeoMind CAUSAL CE Stream] Ep 1.0/Inf | Mixed Stream | Last: D[9.0: test/geomind/trainingdata/mined_expanded_corpus_cloze_part05.txt]
  Progress -> 1.234% (1529.72 / 123964 KB) | LR: 0.00159463 | TTemp: 1.15169 | VTemp: 1.0
  Train -> TL: 4.91713 | ATL: 4.87588 | ITPPL: 136.61 | ATPPL: 131.089 | ENT: 6.83687b | CERT: 7.80791%
  Val   -> VL: 5.27595 | AVL: 5.27382 | IVPPL: 195.576 | AVPPL: 195.16 | VENT: 7.32831b | VCERT: 9.85176%

[GeoMind CAUSAL CE Stream] Ep 1.0/Inf | Mixed Stream | Last: D[9.0: test/geomind/trainingdata/mined_expanded_corpus_cloze_part05.txt]
  Progress -> 1.24374% (1541.79 / 123964 KB) | LR: 0.00159411 | TTemp: 1.15128 | VTemp: 1.0
  Train -> TL: 4.92996 | ATL: 4.87423 | ITPPL: 138.373 | ATPPL: 130.873 | ENT: 6.86063b | CERT: 7.99233%
  Val   -> VL: 5.26853 | AVL: 5.27223 | IVPPL: 194.13 | AVPPL: 194.851 | VENT: 7.28883b | VCERT: 10.069%

[GeoMind CAUSAL CE Stream] Ep 1.0/Inf | Mixed Stream | Last: D[9.0: test/geomind/trainingdata/mined_expanded_corpus_cloze_part05.txt]
  Progress -> 1.25455% (1555.18 / 123964 KB) | LR: 0.00159208 | TTemp: 1.15209 | VTemp: 1.0
  Train -> TL: 4.78032 | ATL: 4.8525 | ITPPL: 119.142 | ATPPL: 128.06 | ENT: 6.72482b | CERT: 9.49376%
  Val   -> VL: 5.25067 | AVL: 5.26577 | IVPPL: 190.695 | AVPPL: 193.594 | VENT: 7.22738b | VCERT: 10.6155%

[GeoMind CAUSAL CE Stream] Ep 1.0/Inf | Mixed Stream | Last: D[9.0: test/geomind/trainingdata/mined_expanded_corpus_cloze_part05.txt]
  Progress -> 1.26585% (1569.2 / 123964 KB) | LR: 0.00158867 | TTemp: 1.15421 | VTemp: 1.0
  Train -> TL: 4.72279 | ATL: 4.83055 | ITPPL: 112.482 | ATPPL: 125.28 | ENT: 6.66705b | CERT: 9.93036%
  Val   -> VL: 5.25658 | AVL: 5.26301 | IVPPL: 191.824 | AVPPL: 193.062 | VENT: 7.30981b | VCERT: 10.1851%

[GeoMind CAUSAL CE Stream] Ep 1.0/Inf | Mixed Stream | Last: D[9.0: test/geomind/trainingdata/mined_expanded_corpus_cloze_part05.txt]
  Progress -> 1.27362% (1578.83 / 123964 KB) | LR: 0.00158462 | TTemp: 1.1571 | VTemp: 1.0
  Train -> TL: 4.85936 | ATL: 4.81696 | ITPPL: 128.942 | ATPPL: 123.589 | ENT: 6.76813b | CERT: 9.18262%
  Val   -> VL: 5.26626 | AVL: 5.26399 | IVPPL: 193.691 | AVPPL: 193.25 | VENT: 7.28508b | VCERT: 10.5586%

[GeoMind CAUSAL CE Stream] Ep 1.0/Inf | Mixed Stream | Last: D[9.0: test/geomind/trainingdata/mined_expanded_corpus_cloze_part05.txt]
  Progress -> 1.28397% (1591.66 / 123964 KB) | LR: 0.00158046 | TTemp: 1.16031 | VTemp: 1.0
  Train -> TL: 4.7602 | ATL: 4.80968 | ITPPL: 116.77 | ATPPL: 122.692 | ENT: 6.66515b | CERT: 10.2945%
  Val   -> VL: 5.27268 | AVL: 5.26659 | IVPPL: 194.938 | AVPPL: 193.755 | VENT: 7.30852b | VCERT: 10.1099%

[GeoMind CAUSAL CE Stream] Ep 1.0/Inf | Mixed Stream | Last: D[9.0: test/geomind/trainingdata/mined_expanded_corpus_cloze_part05.txt]
  Progress -> 1.29342% (1603.38 / 123964 KB) | LR: 0.00157639 | TTemp: 1.16362 | VTemp: 1.0
  Train -> TL: 4.69646 | ATL: 4.80522 | ITPPL: 109.559 | ATPPL: 122.146 | ENT: 6.56685b | CERT: 11.7445%
  Val   -> VL: 5.27798 | AVL: 5.27001 | IVPPL: 195.973 | AVPPL: 194.418 | VENT: 7.28075b | VCERT: 10.0716%

[GeoMind CAUSAL CE Stream] Ep 1.0/Inf | Mixed Stream | Last: D[9.0: test/geomind/trainingdata/mined_expanded_corpus_cloze_part05.txt]
  Progress -> 1.30237% (1614.46 / 123964 KB) | LR: 0.00157202 | TTemp: 1.16697 | VTemp: 1.0
  Train -> TL: 4.76352 | ATL: 4.79536 | ITPPL: 117.158 | ATPPL: 120.948 | ENT: 6.60656b | CERT: 10.5743%
  Val   -> VL: 5.26077 | AVL: 5.26724 | IVPPL: 192.631 | AVPPL: 193.88 | VENT: 7.30952b | VCERT: 9.97077%

[GeoMind CAUSAL CE Stream] Ep 1.0/Inf | Mixed Stream | Last: D[9.0: test/geomind/trainingdata/mined_expanded_corpus_cloze_part05.txt]
  Progress -> 1.31112% (1625.31 / 123964 KB) | LR: 0.00156875 | TTemp: 1.16887 | VTemp: 1.0
  Train -> TL: 4.71452 | ATL: 4.80474 | ITPPL: 111.555 | ATPPL: 122.088 | ENT: 6.62718b | CERT: 9.98915%
  Val   -> VL: 5.25651 | AVL: 5.26402 | IVPPL: 191.811 | AVPPL: 193.257 | VENT: 7.22176b | VCERT: 10.5035%

[GeoMind CAUSAL CE Stream] Ep 1.0/Inf | Mixed Stream | Last: D[9.0: test/geomind/trainingdata/mined_expanded_corpus_cloze_part05.txt]
  Progress -> 1.32149% (1638.17 / 123964 KB) | LR: 0.00156524 | TTemp: 1.17077 | VTemp: 1.0
  Train -> TL: 4.61312 | ATL: 4.79669 | ITPPL: 100.798 | ATPPL: 121.109 | ENT: 6.46139b | CERT: 11.7417%
  Val   -> VL: 5.24974 | AVL: 5.25974 | IVPPL: 190.518 | AVPPL: 192.431 | VENT: 7.18456b | VCERT: 10.5718%

[GeoMind CAUSAL CE Stream] Ep 1.0/Inf | Mixed Stream | Last: D[9.0: test/geomind/trainingdata/mined_expanded_corpus_cloze_part05.txt]
  Progress -> 1.33221% (1651.46 / 123964 KB) | LR: 0.00156092 | TTemp: 1.17365 | VTemp: 1.0
  Train -> TL: 4.67176 | ATL: 4.78062 | ITPPL: 106.886 | ATPPL: 119.178 | ENT: 6.39904b | CERT: 12.1229%
  Val   -> VL: 5.26254 | AVL: 5.26058 | IVPPL: 192.97 | AVPPL: 192.593 | VENT: 7.20229b | VCERT: 10.4414%

[GeoMind CAUSAL CE Stream] Ep 1.0/Inf | Mixed Stream | Last: D[9.0: test/geomind/trainingdata/mined_expanded_corpus_cloze_part05.txt]
  Progress -> 1.34261% (1664.34 / 123964 KB) | LR: 0.00155673 | TTemp: 1.17652 | VTemp: 1.0
  Train -> TL: 4.8015 | ATL: 4.77639 | ITPPL: 121.693 | ATPPL: 118.675 | ENT: 6.6108b | CERT: 10.2037%
  Val   -> VL: 5.26521 | AVL: 5.26197 | IVPPL: 193.487 | AVPPL: 192.861 | VENT: 7.21475b | VCERT: 10.1971%

[GeoMind CAUSAL CE Stream] Ep 1.0/Inf | Mixed Stream | Last: D[9.0: test/geomind/trainingdata/mined_expanded_corpus_cloze_part05.txt]
  Progress -> 1.35234% (1676.41 / 123964 KB) | LR: 0.00155384 | TTemp: 1.17797 | VTemp: 1.0
  Train -> TL: 4.84512 | ATL: 4.78872 | ITPPL: 127.118 | ATPPL: 120.148 | ENT: 6.61322b | CERT: 9.52614%
  Val   -> VL: 5.259 | AVL: 5.26108 | IVPPL: 192.288 | AVPPL: 192.689 | VENT: 7.23834b | VCERT: 9.99143%

[GeoMind CAUSAL CE Stream] Ep 1.0/Inf | Mixed Stream | Last: D[9.0: test/geomind/trainingdata/mined_expanded_corpus_cloze_part05.txt]
  Progress -> 1.36287% (1689.47 / 123964 KB) | LR: 0.00155201 | TTemp: 1.17843 | VTemp: 1.0
  Train -> TL: 4.71706 | ATL: 4.79934 | ITPPL: 111.839 | ATPPL: 121.43 | ENT: 6.60275b | CERT: 9.43099%
  Val   -> VL: 5.26241 | AVL: 5.26148 | IVPPL: 192.946 | AVPPL: 192.766 | VENT: 7.23558b | VCERT: 9.85898%

[GeoMind CAUSAL CE Stream] Ep 1.0/Inf | Mixed Stream | Last: D[9.0: test/geomind/trainingdata/mined_expanded_corpus_cloze_part05.txt]
  Progress -> 1.37355% (1702.7 / 123964 KB) | LR: 0.0015494 | TTemp: 1.17999 | VTemp: 1.0
  Train -> TL: 4.70743 | ATL: 4.78592 | ITPPL: 110.767 | ATPPL: 119.812 | ENT: 6.60957b | CERT: 9.47852%
  Val   -> VL: 5.26822 | AVL: 5.2635 | IVPPL: 194.07 | AVPPL: 193.156 | VENT: 7.14464b | VCERT: 10.824%

[GeoMind CAUSAL CE Stream] Ep 1.0/Inf | Mixed Stream | Last: D[9.0: test/geomind/trainingdata/mined_expanded_corpus_cloze_part05.txt]
  Progress -> 1.3809% (1711.81 / 123964 KB) | LR: 0.00154668 | TTemp: 1.18178 | VTemp: 1.0
  Train -> TL: 4.71373 | ATL: 4.78087 | ITPPL: 111.467 | ATPPL: 119.208 | ENT: 6.53065b | CERT: 9.7189%
  Val   -> VL: 5.26749 | AVL: 5.2647 | IVPPL: 193.929 | AVPPL: 193.388 | VENT: 7.16035b | VCERT: 10.3238%

[GeoMind CAUSAL CE Stream] Ep 1.0/Inf | Mixed Stream | Last: D[9.0: test/geomind/trainingdata/mined_expanded_corpus_cloze_part05.txt]
  Progress -> 1.38981% (1722.86 / 123964 KB) | LR: 0.00154323 | TTemp: 1.1846 | VTemp: 1.0
  Train -> TL: 4.63625 | ATL: 4.76692 | ITPPL: 103.157 | ATPPL: 117.556 | ENT: 6.43817b | CERT: 9.58459%
  Val   -> VL: 5.27623 | AVL: 5.26816 | IVPPL: 195.631 | AVPPL: 194.058 | VENT: 7.16107b | VCERT: 10.0718%

[GeoMind CAUSAL CE Stream] Ep 1.0/Inf | Mixed Stream | Last: D[9.0: test/geomind/trainingdata/mined_expanded_corpus_cloze_part05.txt]
  Progress -> 1.39766% (1732.59 / 123964 KB) | LR: 0.00153958 | TTemp: 1.18769 | VTemp: 1.0
  Train -> TL: 4.72482 | ATL: 4.75938 | ITPPL: 112.71 | ATPPL: 116.673 | ENT: 6.51588b | CERT: 9.23388%
  Val   -> VL: 5.27333 | AVL: 5.26971 | IVPPL: 195.064 | AVPPL: 194.359 | VENT: 7.12115b | VCERT: 10.307%

[GeoMind CAUSAL CE Stream] Ep 1.0/Inf | Mixed Stream | Last: D[9.0: test/geomind/trainingdata/mined_expanded_corpus_cloze_part05.txt]
  Progress -> 1.40837% (1745.87 / 123964 KB) | LR: 0.00153636 | TTemp: 1.19019 | VTemp: 1.0
  Train -> TL: 4.76033 | ATL: 4.76026 | ITPPL: 116.785 | ATPPL: 116.776 | ENT: 6.44009b | CERT: 9.41613%
  Val   -> VL: 5.26751 | AVL: 5.26905 | IVPPL: 193.933 | AVPPL: 194.231 | VENT: 7.10447b | VCERT: 10.2123%

[GeoMind CAUSAL CE Stream] Ep 1.0/Inf | Mixed Stream | Last: D[9.0: test/geomind/trainingdata/mined_expanded_corpus_cloze_part05.txt]
  Progress -> 1.41783% (1757.59 / 123964 KB) | LR: 0.00153278 | TTemp: 1.19291 | VTemp: 1.0
  Train -> TL: 4.75162 | ATL: 4.75078 | ITPPL: 115.772 | ATPPL: 115.674 | ENT: 6.4377b | CERT: 9.66809%
  Val   -> VL: 5.26357 | AVL: 5.2674 | IVPPL: 193.169 | AVPPL: 193.912 | VENT: 7.07858b | VCERT: 10.8351%

[GeoMind CAUSAL CE Stream] Ep 1.0/Inf | Mixed Stream | Last: D[9.0: test/geomind/trainingdata/mined_expanded_corpus_cloze_part05.txt]
  Progress -> 1.4267% (1768.58 / 123964 KB) | LR: 0.00152779 | TTemp: 1.19689 | VTemp: 1.0
  Train -> TL: 4.66503 | ATL: 4.72614 | ITPPL: 106.169 | ATPPL: 112.859 | ENT: 6.49835b | CERT: 9.54373%
  Val   -> VL: 5.25947 | AVL: 5.26502 | IVPPL: 192.379 | AVPPL: 193.451 | VENT: 7.06184b | VCERT: 10.8914%

[GeoMind CAUSAL CE Stream] Ep 1.0/Inf | Mixed Stream | Last: D[9.0: test/geomind/trainingdata/mined_expanded_corpus_cloze_part05.txt]
  Progress -> 1.43585% (1779.94 / 123964 KB) | LR: 0.00152215 | TTemp: 1.20119 | VTemp: 1.0
  Train -> TL: 4.75398 | ATL: 4.71034 | ITPPL: 116.045 | ATPPL: 111.09 | ENT: 6.441b | CERT: 9.95411%
  Val   -> VL: 5.2532 | AVL: 5.26148 | IVPPL: 191.177 | AVPPL: 192.766 | VENT: 7.06572b | VCERT: 10.9925%

[GeoMind CAUSAL CE Stream] Ep 1.0/Inf | Mixed Stream | Last: D[9.0: test/geomind/trainingdata/mined_expanded_corpus_cloze_part05.txt]
  Progress -> 1.44301% (1788.81 / 123964 KB) | LR: 0.00151584 | TTemp: 1.20597 | VTemp: 1.0
  Train -> TL: 4.53676 | ATL: 4.69309 | ITPPL: 93.3873 | ATPPL: 109.19 | ENT: 6.34609b | CERT: 10.2858%
  Val   -> VL: 5.25386 | AVL: 5.25919 | IVPPL: 191.304 | AVPPL: 192.326 | VENT: 7.02331b | VCERT: 11.212%

[GeoMind CAUSAL CE Stream] Ep 1.0/Inf | Mixed Stream | Last: D[9.0: test/geomind/trainingdata/mined_expanded_corpus_cloze_part05.txt]
  Progress -> 1.45157% (1799.42 / 123964 KB) | LR: 0.0015098 | TTemp: 1.21038 | VTemp: 1.0
  Train -> TL: 4.79397 | ATL: 4.68808 | ITPPL: 120.78 | ATPPL: 108.645 | ENT: 6.34018b | CERT: 10.6048%
  Val   -> VL: 5.2581 | AVL: 5.25886 | IVPPL: 192.116 | AVPPL: 192.263 | VENT: 6.9569b | VCERT: 12.1708%

[GeoMind CAUSAL CE Stream] Ep 1.0/Inf | Mixed Stream | Last: D[9.0: test/geomind/trainingdata/mined_expanded_corpus_cloze_part05.txt]
  Progress -> 1.46163% (1811.89 / 123964 KB) | LR: 0.00150413 | TTemp: 1.21458 | VTemp: 1.0
  Train -> TL: 4.56151 | ATL: 4.68485 | ITPPL: 95.7276 | ATPPL: 108.294 | ENT: 6.13867b | CERT: 12.0216%
  Val   -> VL: 5.26794 | AVL: 5.26159 | IVPPL: 194.017 | AVPPL: 192.787 | VENT: 6.94094b | VCERT: 11.7699%

[GeoMind CAUSAL CE Stream] Ep 1.0/Inf | Mixed Stream | Last: D[9.0: test/geomind/trainingdata/mined_expanded_corpus_cloze_part05.txt]
  Progress -> 1.47121% (1823.76 / 123964 KB) | LR: 0.00149957 | TTemp: 1.21748 | VTemp: 1.0
  Train -> TL: 4.76305 | ATL: 4.69238 | ITPPL: 117.102 | ATPPL: 109.113 | ENT: 6.16012b | CERT: 11.832%
  Val   -> VL: 5.25675 | AVL: 5.26014 | IVPPL: 191.857 | AVPPL: 192.508 | VENT: 6.88784b | VCERT: 12.1607%

[GeoMind CAUSAL CE Stream] Ep 1.0/Inf | Mixed Stream | Last: D[9.0: test/geomind/trainingdata/mined_expanded_corpus_cloze_part05.txt]
  Progress -> 1.47938% (1833.89 / 123964 KB) | LR: 0.0014958 | TTemp: 1.21932 | VTemp: 1.0
  Train -> TL: 4.71456 | ATL: 4.69707 | ITPPL: 111.559 | ATPPL: 109.625 | ENT: 6.20162b | CERT: 11.826%
  Val   -> VL: 5.2483 | AVL: 5.25659 | IVPPL: 190.243 | AVPPL: 191.826 | VENT: 6.91412b | VCERT: 11.6835%

[GeoMind CAUSAL CE Stream] Ep 1.0/Inf | Mixed Stream | Last: D[9.0: test/geomind/trainingdata/mined_expanded_corpus_cloze_part05.txt]
  Progress -> 1.48553% (1841.52 / 123964 KB) | LR: 0.0014935 | TTemp: 1.21975 | VTemp: 1.0
  Train -> TL: 4.76794 | ATL: 4.71225 | ITPPL: 117.677 | ATPPL: 111.302 | ENT: 6.33849b | CERT: 10.5508%
  Val   -> VL: 5.25691 | AVL: 5.25668 | IVPPL: 191.888 | AVPPL: 191.844 | VENT: 6.92871b | VCERT: 11.7206%

[GeoMind CAUSAL CE Stream] Ep 1.0/Inf | Mixed Stream | Last: D[9.0: test/geomind/trainingdata/mined_expanded_corpus_cloze_part05.txt]
  Progress -> 1.49331% (1851.16 / 123964 KB) | LR: 0.00149216 | TTemp: 1.22727 | VTemp: 1.0
  Train -> TL: 4.68769 | ATL: 4.72241 | ITPPL: 108.602 | ATPPL: 112.439 | ENT: 6.34072b | CERT: 10.8143%
  Val   -> VL: 5.2748 | AVL: 5.26212 | IVPPL: 195.352 | AVPPL: 192.89 | VENT: 7.01651b | VCERT: 10.6632%

[GeoMind CAUSAL CE Stream] Ep 1.0/Inf | Mixed Stream | Last: D[9.0: test/geomind/trainingdata/mined_expanded_corpus_cloze_part05.txt]
  Progress -> 1.50297% (1863.13 / 123964 KB) | LR: 0.00149033 | TTemp: 1.22684 | VTemp: 1.0
  Train -> TL: 4.70869 | ATL: 4.71359 | ITPPL: 110.907 | ATPPL: 111.452 | ENT: 6.32694b | CERT: 10.8124%
  Val   -> VL: 5.26301 | AVL: 5.26239 | IVPPL: 193.061 | AVPPL: 192.941 | VENT: 6.98783b | VCERT: 10.8942%

[GeoMind CAUSAL CE Stream] Ep 1.0/Inf | Mixed Stream | Last: D[9.0: test/geomind/trainingdata/mined_expanded_corpus_cloze_part05.txt]
  Progress -> 1.51157% (1873.8 / 123964 KB) | LR: 0.00148828 | TTemp: 1.227 | VTemp: 1.0
  Train -> TL: 4.56728 | ATL: 4.70821 | ITPPL: 96.2823 | ATPPL: 110.853 | ENT: 5.94067b | CERT: 14.2043%
  Val   -> VL: 5.26805 | AVL: 5.26408 | IVPPL: 194.036 | AVPPL: 193.269 | VENT: 6.97833b | VCERT: 10.8451%

[GeoMind CAUSAL CE Stream] Ep 1.0/Inf | Mixed Stream | Last: D[9.0: test/geomind/trainingdata/mined_expanded_corpus_cloze_part05.txt]
  Progress -> 1.52254% (1887.39 / 123964 KB) | LR: 0.00148743 | TTemp: 1.22567 | VTemp: 1.0
  Train -> TL: 4.9051 | ATL: 4.72184 | ITPPL: 134.977 | ATPPL: 112.375 | ENT: 6.0632b | CERT: 12.9706%
  Val   -> VL: 5.24427 | AVL: 5.25814 | IVPPL: 189.478 | AVPPL: 192.124 | VENT: 6.88439b | VCERT: 11.7083%

[GeoMind CAUSAL CE Stream] Ep 1.0/Inf | Mixed Stream | Last: D[9.0: test/geomind/trainingdata/mined_expanded_corpus_cloze_part05.txt]
  Progress -> 1.53208% (1899.23 / 123964 KB) | LR: 0.00148789 | TTemp: 1.22276 | VTemp: 1.0
  Train -> TL: 4.79438 | ATL: 4.73895 | ITPPL: 120.829 | ATPPL: 114.314 | ENT: 6.19257b | CERT: 12.2555%
  Val   -> VL: 5.2359 | AVL: 5.25147 | IVPPL: 187.898 | AVPPL: 190.846 | VENT: 6.91121b | VCERT: 11.3726%

[GeoMind CAUSAL CE Stream] Ep 1.0/Inf | Mixed Stream | Last: D[9.0: test/geomind/trainingdata/mined_expanded_corpus_cloze_part05.txt]
  Progress -> 1.54127% (1910.61 / 123964 KB) | LR: 0.00148908 | TTemp: 1.21883 | VTemp: 1.0
  Train -> TL: 4.7678 | ATL: 4.74971 | ITPPL: 117.661 | ATPPL: 115.551 | ENT: 6.22481b | CERT: 12.1125%
  Val   -> VL: 5.22239 | AVL: 5.24275 | IVPPL: 185.377 | AVPPL: 189.189 | VENT: 6.91109b | VCERT: 11.3768%

[GeoMind CAUSAL CE Stream] Ep 1.0/Inf | Mixed Stream | Last: D[9.0: test/geomind/trainingdata/mined_expanded_corpus_cloze_part05.txt]
  Progress -> 1.55185% (1923.73 / 123964 KB) | LR: 0.0014913 | TTemp: 1.21378 | VTemp: 1.0
  Train -> TL: 4.88686 | ATL: 4.76571 | ITPPL: 132.536 | ATPPL: 117.414 | ENT: 6.34582b | CERT: 11.6452%
  Val   -> VL: 5.22054 | AVL: 5.23608 | IVPPL: 185.033 | AVPPL: 187.932 | VENT: 7.00347b | VCERT: 10.5839%

[GeoMind CAUSAL CE Stream] Ep 1.0/Inf | Mixed Stream | Last: D[9.0: test/geomind/trainingdata/mined_expanded_corpus_cloze_part05.txt]
  Progress -> 1.563% (1937.56 / 123964 KB) | LR: 0.00149475 | TTemp: 1.20777 | VTemp: 1.0
  Train -> TL: 4.9424 | ATL: 4.78584 | ITPPL: 140.106 | ATPPL: 119.802 | ENT: 6.49963b | CERT: 10.1331%
  Val   -> VL: 5.22648 | AVL: 5.2332 | IVPPL: 186.137 | AVPPL: 187.392 | VENT: 7.05572b | VCERT: 10.5466%

[GeoMind CAUSAL CE Stream] Ep 1.0/Inf | Mixed Stream | Last: D[9.0: test/geomind/trainingdata/mined_expanded_corpus_cloze_part05.txt]
  Progress -> 1.57297% (1949.91 / 123964 KB) | LR: 0.00149862 | TTemp: 1.20165 | VTemp: 1.0
  Train -> TL: 4.80725 | ATL: 4.79643 | ITPPL: 122.394 | ATPPL: 121.078 | ENT: 6.47907b | CERT: 9.13652%
  Val   -> VL: 5.22372 | AVL: 5.23036 | IVPPL: 185.623 | AVPPL: 186.86 | VENT: 7.06316b | VCERT: 10.3867%

[GeoMind CAUSAL CE Stream] Ep 1.0/Inf | Mixed Stream | Last: D[9.0: test/geomind/trainingdata/mined_expanded_corpus_cloze_part05.txt]
  Progress -> 1.58167% (1960.7 / 123964 KB) | LR: 0.00150276 | TTemp: 1.19554 | VTemp: 1.0
  Train -> TL: 4.87994 | ATL: 4.8056 | ITPPL: 131.622 | ATPPL: 122.193 | ENT: 6.50351b | CERT: 9.33534%
  Val   -> VL: 5.2208 | AVL: 5.22749 | IVPPL: 185.082 | AVPPL: 186.325 | VENT: 7.06213b | VCERT: 10.6654%

[GeoMind CAUSAL CE Stream] Ep 1.0/Inf | Mixed Stream | Last: D[9.0: test/geomind/trainingdata/mined_expanded_corpus_cloze_part05.txt]
  Progress -> 1.59015% (1971.21 / 123964 KB) | LR: 0.00150607 | TTemp: 1.19095 | VTemp: 1.0
  Train -> TL: 4.71084 | ATL: 4.79981 | ITPPL: 111.146 | ATPPL: 121.487 | ENT: 6.52818b | CERT: 9.55717%
  Val   -> VL: 5.23504 | AVL: 5.22975 | IVPPL: 187.736 | AVPPL: 186.747 | VENT: 7.0257b | VCERT: 10.9393%

[GeoMind CAUSAL CE Stream] Ep 1.0/Inf | Mixed Stream | Last: D[9.0: test/geomind/trainingdata/mined_expanded_corpus_cloze_part05.txt]
  Progress -> 1.59697% (1979.66 / 123964 KB) | LR: 0.00151075 | TTemp: 1.18531 | VTemp: 1.0
  Train -> TL: 4.91753 | ATL: 4.82342 | ITPPL: 136.664 | ATPPL: 124.39 | ENT: 6.60711b | CERT: 9.03542%
  Val   -> VL: 5.2307 | AVL: 5.23004 | IVPPL: 186.924 | AVPPL: 186.8 | VENT: 7.04686b | VCERT: 10.7126%

[GeoMind CAUSAL CE Stream] Ep 1.0/Inf | Mixed Stream | Last: D[9.0: test/geomind/trainingdata/mined_expanded_corpus_cloze_part05.txt]
  Progress -> 1.60669% (1991.72 / 123964 KB) | LR: 0.00151397 | TTemp: 1.18176 | VTemp: 1.0
  Train -> TL: 4.77339 | ATL: 4.80967 | ITPPL: 118.319 | ATPPL: 122.691 | ENT: 6.50448b | CERT: 10.0107%
  Val   -> VL: 5.23994 | AVL: 5.23301 | IVPPL: 188.658 | AVPPL: 187.355 | VENT: 7.05978b | VCERT: 10.6974%

[GeoMind CAUSAL CE Stream] Ep 1.0/Inf | Mixed Stream | Last: D[9.0: test/geomind/trainingdata/mined_expanded_corpus_cloze_part05.txt]
  Progress -> 1.61448% (2001.37 / 123964 KB) | LR: 0.00151713 | TTemp: 1.17845 | VTemp: 1.0
  Train -> TL: 4.79546 | ATL: 4.81323 | ITPPL: 120.96 | ATPPL: 123.129 | ENT: 6.48375b | CERT: 10.7697%
  Val   -> VL: 5.23144 | AVL: 5.23254 | IVPPL: 187.062 | AVPPL: 187.267 | VENT: 7.07243b | VCERT: 10.6381%

[GeoMind CAUSAL CE Stream] Ep 1.0/Inf | Mixed Stream | Last: D[9.0: test/geomind/trainingdata/mined_expanded_corpus_cloze_part05.txt]
  Progress -> 1.62253% (2011.35 / 123964 KB) | LR: 0.00151939 | TTemp: 1.1762 | VTemp: 1.0
  Train -> TL: 4.81371 | ATL: 4.80521 | ITPPL: 123.188 | ATPPL: 122.146 | ENT: 6.56967b | CERT: 10.0478%
  Val   -> VL: 5.23144 | AVL: 5.23221 | IVPPL: 187.063 | AVPPL: 187.206 | VENT: 7.10904b | VCERT: 10.5415%

[GeoMind CAUSAL CE Stream] Ep 1.0/Inf | Mixed Stream | Last: D[9.0: test/geomind/trainingdata/mined_expanded_corpus_cloze_part05.txt]
  Progress -> 1.63107% (2021.94 / 123964 KB) | LR: 0.00151961 | TTemp: 1.17589 | VTemp: 1.0
  Train -> TL: 4.69044 | ATL: 4.78002 | ITPPL: 108.901 | ATPPL: 119.106 | ENT: 6.57324b | CERT: 9.69427%
  Val   -> VL: 5.21896 | AVL: 5.22823 | IVPPL: 184.742 | AVPPL: 186.463 | VENT: 7.07333b | VCERT: 10.7116%

[GeoMind CAUSAL CE Stream] Ep 1.0/Inf | Mixed Stream | Last: D[9.0: test/geomind/trainingdata/mined_expanded_corpus_cloze_part05.txt]
  Progress -> 1.63854% (2031.19 / 123964 KB) | LR: 0.00151815 | TTemp: 1.17731 | VTemp: 1.0
  Train -> TL: 4.63579 | ATL: 4.757 | ITPPL: 103.109 | ATPPL: 116.396 | ENT: 6.40389b | CERT: 11.0911%
  Val   -> VL: 5.22632 | AVL: 5.22766 | IVPPL: 186.106 | AVPPL: 186.356 | VENT: 7.10289b | VCERT: 10.4992%

[GeoMind CAUSAL CE Stream] Ep 1.0/Inf | Mixed Stream | Last: D[9.0: test/geomind/trainingdata/mined_expanded_corpus_cloze_part05.txt]
  Progress -> 1.6487% (2043.79 / 123964 KB) | LR: 0.00151613 | TTemp: 1.17885 | VTemp: 1.0
  Train -> TL: 4.76841 | ATL: 4.74715 | ITPPL: 117.732 | ATPPL: 115.255 | ENT: 6.43754b | CERT: 10.7054%
  Val   -> VL: 5.21015 | AVL: 5.22241 | IVPPL: 183.122 | AVPPL: 185.38 | VENT: 7.14146b | VCERT: 10.2279%

[GeoMind CAUSAL CE Stream] Ep 1.0/Inf | Mixed Stream | Last: D[9.0: test/geomind/trainingdata/mined_expanded_corpus_cloze_part05.txt]
  Progress -> 1.65874% (2056.24 / 123964 KB) | LR: 0.00151391 | TTemp: 1.18054 | VTemp: 1.0
  Train -> TL: 4.59353 | ATL: 4.74154 | ITPPL: 98.8428 | ATPPL: 114.611 | ENT: 6.33297b | CERT: 12.2851%
  Val   -> VL: 5.22014 | AVL: 5.22173 | IVPPL: 184.96 | AVPPL: 185.254 | VENT: 7.08202b | VCERT: 10.5725%

[GeoMind CAUSAL CE Stream] Ep 1.0/Inf | Mixed Stream | Last: D[9.0: test/geomind/trainingdata/mined_expanded_corpus_cloze_part05.txt]
  Progress -> 1.66891% (2068.85 / 123964 KB) | LR: 0.00151136 | TTemp: 1.18241 | VTemp: 1.0
  Train -> TL: 4.60852 | ATL: 4.73388 | ITPPL: 100.335 | ATPPL: 113.736 | ENT: 6.22097b | CERT: 13.051%
  Val   -> VL: 5.21561 | AVL: 5.21989 | IVPPL: 184.124 | AVPPL: 184.914 | VENT: 7.04313b | VCERT: 11.0413%

[GeoMind CAUSAL CE Stream] Ep 1.0/Inf | Mixed Stream | Last: D[9.0: test/geomind/trainingdata/mined_expanded_corpus_cloze_part05.txt]
  Progress -> 1.67748% (2079.47 / 123964 KB) | LR: 0.00150903 | TTemp: 1.18391 | VTemp: 1.0
  Train -> TL: 4.71109 | ATL: 4.73349 | ITPPL: 111.174 | ATPPL: 113.691 | ENT: 6.39839b | CERT: 11.5153%
  Val   -> VL: 5.21461 | AVL: 5.21831 | IVPPL: 183.939 | AVPPL: 184.621 | VENT: 7.02446b | VCERT: 11.2372%

[GeoMind CAUSAL CE Stream] Ep 1.0/Inf | Mixed Stream | Last: D[9.0: test/geomind/trainingdata/mined_expanded_corpus_cloze_part05.txt]
  Progress -> 1.68492% (2088.68 / 123964 KB) | LR: 0.00150763 | TTemp: 1.18415 | VTemp: 1.0
  Train -> TL: 4.88182 | ATL: 4.74307 | ITPPL: 131.87 | ATPPL: 114.786 | ENT: 6.56839b | CERT: 9.57559%
  Val   -> VL: 5.20428 | AVL: 5.2141 | IVPPL: 182.049 | AVPPL: 183.846 | VENT: 7.07477b | VCERT: 10.8047%

[GeoMind CAUSAL CE Stream] Ep 1.0/Inf | Mixed Stream | Last: D[9.0: test/geomind/trainingdata/mined_expanded_corpus_cloze_part05.txt]
  Progress -> 1.69273% (2098.37 / 123964 KB) | LR: 0.00150716 | TTemp: 1.18345 | VTemp: 1.0
  Train -> TL: 4.8744 | ATL: 4.754 | ITPPL: 130.895 | ATPPL: 116.048 | ENT: 6.62805b | CERT: 9.22769%
  Val   -> VL: 5.21041 | AVL: 5.21299 | IVPPL: 183.17 | AVPPL: 183.643 | VENT: 7.07476b | VCERT: 11.0689%

[GeoMind CAUSAL CE Stream] Ep 1.0/Inf | Mixed Stream | Last: D[9.0: test/geomind/trainingdata/mined_expanded_corpus_cloze_part05.txt]
  Progress -> 1.70269% (2110.72 / 123964 KB) | LR: 0.00150605 | TTemp: 1.18334 | VTemp: 1.0
  Train -> TL: 4.71969 | ATL: 4.74449 | ITPPL: 112.133 | ATPPL: 114.949 | ENT: 6.55996b | CERT: 9.16373%
  Val   -> VL: 5.20279 | AVL: 5.20993 | IVPPL: 181.779 | AVPPL: 183.082 | VENT: 7.02373b | VCERT: 11.311%

[GeoMind CAUSAL CE Stream] Ep 1.0/Inf | Mixed Stream | Last: D[9.0: test/geomind/trainingdata/mined_expanded_corpus_cloze_part05.txt]
  Progress -> 1.71071% (2120.65 / 123964 KB) | LR: 0.00150583 | TTemp: 1.18257 | VTemp: 1.0
  Train -> TL: 4.73474 | ATL: 4.75541 | ITPPL: 113.834 | ATPPL: 116.211 | ENT: 6.50127b | CERT: 9.37307%
  Val   -> VL: 5.21605 | AVL: 5.21177 | IVPPL: 184.206 | AVPPL: 183.418 | VENT: 7.01246b | VCERT: 11.3903%

[GeoMind CAUSAL CE Stream] Ep 1.0/Inf | Mixed Stream | Last: D[9.0: test/geomind/trainingdata/mined_expanded_corpus_cloze_part05.txt]
  Progress -> 1.71975% (2131.87 / 123964 KB) | LR: 0.00150662 | TTemp: 1.18093 | VTemp: 1.0
  Train -> TL: 4.80016 | ATL: 4.76914 | ITPPL: 121.53 | ATPPL: 117.818 | ENT: 6.49274b | CERT: 9.40815%
  Val   -> VL: 5.21379 | AVL: 5.21237 | IVPPL: 183.789 | AVPPL: 183.529 | VENT: 7.02818b | VCERT: 11.1626%

[GeoMind CAUSAL CE Stream] Ep 1.0/Inf | Mixed Stream | Last: D[9.0: test/geomind/trainingdata/mined_expanded_corpus_cloze_part05.txt]
  Progress -> 1.7309% (2145.69 / 123964 KB) | LR: 0.00150721 | TTemp: 1.17955 | VTemp: 1.0
  Train -> TL: 4.86661 | ATL: 4.76729 | ITPPL: 129.88 | ATPPL: 117.6 | ENT: 6.52991b | CERT: 8.92735%
  Val   -> VL: 5.2072 | AVL: 5.21082 | IVPPL: 182.582 | AVPPL: 183.245 | VENT: 7.05298b | VCERT: 11.1773%

[GeoMind CAUSAL CE Stream] Ep 1.0/Inf | Mixed Stream | Last: D[9.0: test/geomind/trainingdata/mined_expanded_corpus_cloze_part05.txt]
  Progress -> 1.74343% (2161.22 / 123964 KB) | LR: 0.00150775 | TTemp: 1.17839 | VTemp: 1.0
  Train -> TL: 4.84495 | ATL: 4.76759 | ITPPL: 127.097 | ATPPL: 117.635 | ENT: 6.62136b | CERT: 8.54855%
  Val   -> VL: 5.21219 | AVL: 5.21123 | IVPPL: 183.496 | AVPPL: 183.32 | VENT: 7.1021b | VCERT: 10.5949%

[GeoMind CAUSAL CE Stream] Ep 1.0/Inf | Mixed Stream | Last: D[9.0: test/geomind/trainingdata/mined_expanded_corpus_cloze_part05.txt]
  Progress -> 1.75556% (2176.25 / 123964 KB) | LR: 0.00150919 | TTemp: 1.1765 | VTemp: 1.0
  Train -> TL: 4.72798 | ATL: 4.7807 | ITPPL: 113.066 | ATPPL: 119.187 | ENT: 6.55101b | CERT: 8.8154%
  Val   -> VL: 5.21466 | AVL: 5.21226 | IVPPL: 183.948 | AVPPL: 183.508 | VENT: 7.09285b | VCERT: 10.493%

[GeoMind CAUSAL CE Stream] Ep 1.0/Inf | Mixed Stream | Last: D[9.0: test/geomind/trainingdata/mined_expanded_corpus_cloze_part05.txt]
  Progress -> 1.76509% (2188.07 / 123964 KB) | LR: 0.00151076 | TTemp: 1.1746 | VTemp: 1.0
  Train -> TL: 4.59269 | ATL: 4.78462 | ITPPL: 98.7594 | ATPPL: 119.656 | ENT: 6.47989b | CERT: 10.2123%
  Val   -> VL: 5.21232 | AVL: 5.21228 | IVPPL: 183.52 | AVPPL: 183.512 | VENT: 7.05585b | VCERT: 10.7703%

[GeoMind CAUSAL CE Stream] Ep 1.0/Inf | Mixed Stream | Last: D[9.0: test/geomind/trainingdata/mined_expanded_corpus_cloze_part05.txt]
  Progress -> 1.77401% (2199.13 / 123964 KB) | LR: 0.00151279 | TTemp: 1.17244 | VTemp: 1.0
  Train -> TL: 4.73239 | ATL: 4.79307 | ITPPL: 113.567 | ATPPL: 120.671 | ENT: 6.4744b | CERT: 10.3942%
  Val   -> VL: 5.21625 | AVL: 5.21347 | IVPPL: 184.241 | AVPPL: 183.73 | VENT: 7.0588b | VCERT: 10.6841%

[GeoMind CAUSAL CE Stream] Ep 1.0/Inf | Mixed Stream | Last: D[9.0: test/geomind/trainingdata/mined_expanded_corpus_cloze_part05.txt]
  Progress -> 1.78376% (2211.22 / 123964 KB) | LR: 0.00151573 | TTemp: 1.16932 | VTemp: 1.0
  Train -> TL: 4.86598 | ATL: 4.80859 | ITPPL: 129.799 | ATPPL: 122.558 | ENT: 6.52683b | CERT: 10.1514%
  Val   -> VL: 5.20794 | AVL: 5.21181 | IVPPL: 182.717 | AVPPL: 183.426 | VENT: 7.0682b | VCERT: 10.8415%

[GeoMind CAUSAL CE Stream] Ep 1.0/Inf | Mixed Stream | Last: D[9.0: test/geomind/trainingdata/mined_expanded_corpus_cloze_part05.txt]
  Progress -> 1.79463% (2224.69 / 123964 KB) | LR: 0.00151874 | TTemp: 1.16621 | VTemp: 1.0
  Train -> TL: 4.75426 | ATL: 4.81372 | ITPPL: 116.077 | ATPPL: 123.189 | ENT: 6.48475b | CERT: 10.3331%
  Val   -> VL: 5.20869 | AVL: 5.21088 | IVPPL: 182.855 | AVPPL: 183.254 | VENT: 7.05761b | VCERT: 11.3499%

[GeoMind CAUSAL CE Stream] Ep 1.0/Inf | Mixed Stream | Last: D[9.0: test/geomind/trainingdata/mined_expanded_corpus_cloze_part05.txt]
  Progress -> 1.80308% (2235.17 / 123964 KB) | LR: 0.00152135 | TTemp: 1.16361 | VTemp: 1.0
  Train -> TL: 4.86582 | ATL: 4.81224 | ITPPL: 129.777 | ATPPL: 123.007 | ENT: 6.56456b | CERT: 9.92437%
  Val   -> VL: 5.20812 | AVL: 5.21005 | IVPPL: 182.751 | AVPPL: 183.103 | VENT: 7.06059b | VCERT: 11.2928%

[GeoMind CAUSAL CE Stream] Ep 1.0/Inf | Mixed Stream | Last: D[9.0: test/geomind/trainingdata/mined_expanded_corpus_cloze_part05.txt]
  Progress -> 1.81061% (2244.5 / 123964 KB) | LR: 0.00152311 | TTemp: 1.16226 | VTemp: 1.0
  Train -> TL: 4.52114 | ATL: 4.80412 | ITPPL: 91.9403 | ATPPL: 122.012 | ENT: 6.16435b | CERT: 13.3241%
  Val   -> VL: 5.22085 | AVL: 5.21329 | IVPPL: 185.092 | AVPPL: 183.697 | VENT: 7.09587b | VCERT: 10.2338%

[GeoMind CAUSAL CE Stream] Ep 1.0/Inf | Mixed Stream | Last: D[9.0: test/geomind/trainingdata/mined_expanded_corpus_cloze_part05.txt]
  Progress -> 1.81969% (2255.75 / 123964 KB) | LR: 0.00152546 | TTemp: 1.16043 | VTemp: 1.0
  Train -> TL: 5.0177 | ATL: 4.81474 | ITPPL: 151.063 | ATPPL: 123.315 | ENT: 6.59491b | CERT: 9.85995%
  Val   -> VL: 5.21887 | AVL: 5.21496 | IVPPL: 184.726 | AVPPL: 184.005 | VENT: 7.16992b | VCERT: 9.93863%

[GeoMind CAUSAL CE Stream] Ep 1.0/Inf | Mixed Stream | Last: D[9.0: test/geomind/trainingdata/mined_expanded_corpus_cloze_part05.txt]
  Progress -> 1.83001% (2268.54 / 123964 KB) | LR: 0.0015287 | TTemp: 1.15766 | VTemp: 1.0
  Train -> TL: 4.89417 | ATL: 4.83037 | ITPPL: 133.509 | ATPPL: 125.257 | ENT: 6.72491b | CERT: 8.93249%
  Val   -> VL: 5.21271 | AVL: 5.21429 | IVPPL: 183.591 | AVPPL: 183.881 | VENT: 7.14683b | VCERT: 10.323%

[GeoMind CAUSAL CE Stream] Ep 1.0/Inf | Mixed Stream | Last: D[9.0: test/geomind/trainingdata/mined_expanded_corpus_cloze_part05.txt]
  Progress -> 1.84013% (2281.09 / 123964 KB) | LR: 0.00153146 | TTemp: 1.15562 | VTemp: 1.0
  Train -> TL: 4.83914 | ATL: 4.82821 | ITPPL: 126.36 | ATPPL: 124.987 | ENT: 6.74713b | CERT: 8.49505%
  Val   -> VL: 5.22113 | AVL: 5.21634 | IVPPL: 185.143 | AVPPL: 184.259 | VENT: 7.19039b | VCERT: 9.80862%

[GeoMind CAUSAL CE Stream] Ep 1.0/Inf | Mixed Stream | Last: D[9.0: test/geomind/trainingdata/mined_expanded_corpus_cloze_part05.txt]
  Progress -> 1.85218% (2296.03 / 123964 KB) | LR: 0.00153321 | TTemp: 1.15479 | VTemp: 1.0
  Train -> TL: 4.68555 | ATL: 4.81795 | ITPPL: 108.37 | ATPPL: 123.711 | ENT: 6.60485b | CERT: 8.93906%
  Val   -> VL: 5.22207 | AVL: 5.21806 | IVPPL: 185.318 | AVPPL: 184.576 | VENT: 7.14166b | VCERT: 10.3422%

[GeoMind CAUSAL CE Stream] Ep 1.0/Inf | Mixed Stream | Last: D[9.0: test/geomind/trainingdata/mined_expanded_corpus_cloze_part05.txt]
  Progress -> 1.86175% (2307.9 / 123964 KB) | LR: 0.00153535 | TTemp: 1.15378 | VTemp: 1.0
  Train -> TL: 4.68105 | ATL: 4.8258 | ITPPL: 107.884 | ATPPL: 124.687 | ENT: 6.53625b | CERT: 9.05766%
  Val   -> VL: 5.23119 | AVL: 5.222 | IVPPL: 187.015 | AVPPL: 185.304 | VENT: 7.13246b | VCERT: 10.3301%

[GeoMind CAUSAL CE Stream] Ep 1.0/Inf | Mixed Stream | Last: D[9.0: test/geomind/trainingdata/mined_expanded_corpus_cloze_part05.txt]
  Progress -> 1.87089% (2319.23 / 123964 KB) | LR: 0.00153545 | TTemp: 1.15506 | VTemp: 1.0
  Train -> TL: 4.68886 | ATL: 4.80056 | ITPPL: 108.729 | ATPPL: 121.578 | ENT: 6.53752b | CERT: 8.93156%
  Val   -> VL: 5.23222 | AVL: 5.22506 | IVPPL: 187.207 | AVPPL: 185.873 | VENT: 7.11695b | VCERT: 10.6455%

[GeoMind CAUSAL CE Stream] Ep 1.0/Inf | Mixed Stream | Last: D[9.0: test/geomind/trainingdata/mined_expanded_corpus_cloze_part05.txt]
  Progress -> 1.87943% (2329.81 / 123964 KB) | LR: 0.00153427 | TTemp: 1.15757 | VTemp: 1.0
  Train -> TL: 4.83787 | ATL: 4.78279 | ITPPL: 126.2 | ATPPL: 119.437 | ENT: 6.5612b | CERT: 9.19922%
  Val   -> VL: 5.22969 | AVL: 5.22645 | IVPPL: 186.734 | AVPPL: 186.131 | VENT: 7.16019b | VCERT: 10.5299%

[GeoMind CAUSAL CE Stream] Ep 1.0/Inf | Mixed Stream | Last: D[9.0: test/geomind/trainingdata/mined_expanded_corpus_cloze_part05.txt]
  Progress -> 1.88787% (2340.27 / 123964 KB) | LR: 0.00153239 | TTemp: 1.16063 | VTemp: 1.0
  Train -> TL: 4.81862 | ATL: 4.77159 | ITPPL: 123.794 | ATPPL: 118.107 | ENT: 6.65937b | CERT: 9.22675%
  Val   -> VL: 5.22987 | AVL: 5.22748 | IVPPL: 186.769 | AVPPL: 186.322 | VENT: 7.16097b | VCERT: 10.7084%

[GeoMind CAUSAL CE Stream] Ep 1.0/Inf | Mixed Stream | Last: D[9.0: test/geomind/trainingdata/mined_expanded_corpus_cloze_part05.txt]
  Progress -> 1.89437% (2348.33 / 123964 KB) | LR: 0.00152954 | TTemp: 1.16462 | VTemp: 1.0
  Train -> TL: 4.70511 | ATL: 4.75531 | ITPPL: 110.51 | ATPPL: 116.2 | ENT: 6.48052b | CERT: 10.494%
  Val   -> VL: 5.23509 | AVL: 5.22976 | IVPPL: 187.747 | AVPPL: 186.748 | VENT: 7.17016b | VCERT: 10.4376%

[GeoMind CAUSAL CE Stream] Ep 1.0/Inf | Mixed Stream | Last: D[9.0: test/geomind/trainingdata/mined_expanded_corpus_cloze_part05.txt]
  Progress -> 1.90107% (2356.64 / 123964 KB) | LR: 0.00152661 | TTemp: 1.16825 | VTemp: 1.0
  Train -> TL: 4.86901 | ATL: 4.75034 | ITPPL: 130.192 | ATPPL: 115.623 | ENT: 6.63481b | CERT: 9.40229%
  Val   -> VL: 5.22394 | AVL: 5.22801 | IVPPL: 185.664 | AVPPL: 186.422 | VENT: 7.16536b | VCERT: 10.148%

[GeoMind CAUSAL CE Stream] Ep 1.0/Inf | Mixed Stream | Last: D[9.0: test/geomind/trainingdata/mined_expanded_corpus_cloze_part05.txt]
  Progress -> 1.90669% (2363.6 / 123964 KB) | LR: 0.00152526 | TTemp: 1.16999 | VTemp: 1.0
  Train -> TL: 4.77801 | ATL: 4.76824 | ITPPL: 118.868 | ATPPL: 117.712 | ENT: 6.52383b | CERT: 9.92931%
  Val   -> VL: 5.22786 | AVL: 5.22797 | IVPPL: 186.394 | AVPPL: 186.414 | VENT: 7.13666b | VCERT: 10.3744%

[GeoMind CAUSAL CE Stream] Ep 1.0/Inf | Mixed Stream | Last: D[9.0: test/geomind/trainingdata/mined_expanded_corpus_cloze_part05.txt]
  Progress -> 1.9136% (2372.17 / 123964 KB) | LR: 0.00152607 | TTemp: 1.16912 | VTemp: 1.0
  Train -> TL: 4.84939 | ATL: 4.79636 | ITPPL: 127.662 | ATPPL: 121.069 | ENT: 6.55157b | CERT: 9.51513%
  Val   -> VL: 5.21706 | AVL: 5.2247 | IVPPL: 184.391 | AVPPL: 185.805 | VENT: 7.13111b | VCERT: 10.2793%

[GeoMind CAUSAL CE Stream] Ep 1.0/Inf | Mixed Stream | Last: D[9.0: test/geomind/trainingdata/mined_expanded_corpus_cloze_part05.txt]
  Progress -> 1.92049% (2380.71 / 123964 KB) | LR: 0.00152891 | TTemp: 1.16583 | VTemp: 1.0
  Train -> TL: 4.85464 | ATL: 4.8256 | ITPPL: 128.335 | ATPPL: 124.661 | ENT: 6.58513b | CERT: 9.23479%
  Val   -> VL: 5.20898 | AVL: 5.21998 | IVPPL: 182.907 | AVPPL: 184.931 | VENT: 7.12926b | VCERT: 10.4662%

[GeoMind CAUSAL CE Stream] Ep 1.0/Inf | Mixed Stream | Last: D[9.0: test/geomind/trainingdata/mined_expanded_corpus_cloze_part05.txt]
  Progress -> 1.92645% (2388.09 / 123964 KB) | LR: 0.00153159 | TTemp: 1.16271 | VTemp: 1.0
  Train -> TL: 4.66912 | ATL: 4.82742 | ITPPL: 106.604 | ATPPL: 124.888 | ENT: 6.58406b | CERT: 9.47012%
  Val   -> VL: 5.21164 | AVL: 5.21748 | IVPPL: 183.395 | AVPPL: 184.469 | VENT: 7.09185b | VCERT: 10.8065%

[GeoMind CAUSAL CE Stream] Ep 1.0/Inf | Mixed Stream | Last: D[9.0: test/geomind/trainingdata/mined_expanded_corpus_cloze_part05.txt]
  Progress -> 1.93353% (2396.87 / 123964 KB) | LR: 0.00153432 | TTemp: 1.15958 | VTemp: 1.0
  Train -> TL: 4.9568 | ATL: 4.83171 | ITPPL: 142.138 | ATPPL: 125.425 | ENT: 6.66021b | CERT: 8.92201%
  Val   -> VL: 5.21069 | AVL: 5.21544 | IVPPL: 183.221 | AVPPL: 184.094 | VENT: 7.1423b | VCERT: 10.5689%

[GeoMind CAUSAL CE Stream] Ep 1.0/Inf | Mixed Stream | Last: D[9.0: test/geomind/trainingdata/mined_expanded_corpus_cloze_part05.txt]
  Progress -> 1.94084% (2405.93 / 123964 KB) | LR: 0.00153619 | TTemp: 1.15732 | VTemp: 1.0
  Train -> TL: 4.87252 | ATL: 4.82364 | ITPPL: 130.65 | ATPPL: 124.417 | ENT: 6.69117b | CERT: 8.60002%
  Val   -> VL: 5.20595 | AVL: 5.21259 | IVPPL: 182.353 | AVPPL: 183.57 | VENT: 7.19075b | VCERT: 10.1573%

[GeoMind CAUSAL CE Stream] Ep 1.0/Inf | Mixed Stream | Last: D[9.0: test/geomind/trainingdata/mined_expanded_corpus_cloze_part05.txt]
  Progress -> 1.94828% (2415.16 / 123964 KB) | LR: 0.00153795 | TTemp: 1.15515 | VTemp: 1.0
  Train -> TL: 4.91553 | ATL: 4.82476 | ITPPL: 136.391 | ATPPL: 124.556 | ENT: 6.72915b | CERT: 8.48557%
  Val   -> VL: 5.20548 | AVL: 5.21046 | IVPPL: 182.268 | AVPPL: 183.178 | VENT: 7.23417b | VCERT: 9.91432%

[GeoMind CAUSAL CE Stream] Ep 1.0/Inf | Mixed Stream | Last: D[9.0: test/geomind/trainingdata/mined_expanded_corpus_cloze_part05.txt]
  Progress -> 1.95532% (2423.89 / 123964 KB) | LR: 0.00153998 | TTemp: 1.15249 | VTemp: 1.0
  Train -> TL: 5.01531 | ATL: 4.83089 | ITPPL: 150.703 | ATPPL: 125.322 | ENT: 6.83445b | CERT: 8.08754%
  Val   -> VL: 5.19478 | AVL: 5.20576 | IVPPL: 180.329 | AVPPL: 182.319 | VENT: 7.27555b | VCERT: 9.75133%

[GeoMind CAUSAL CE Stream] Ep 1.0/Inf | Mixed Stream | Last: D[9.0: test/geomind/trainingdata/mined_expanded_corpus_cloze_part05.txt]
  Progress -> 1.96288% (2433.26 / 123964 KB) | LR: 0.00154225 | TTemp: 1.1495 | VTemp: 1.0
  Train -> TL: 4.91824 | ATL: 4.83712 | ITPPL: 136.761 | ATPPL: 126.106 | ENT: 6.85151b | CERT: 8.19052%
  Val   -> VL: 5.19397 | AVL: 5.20222 | IVPPL: 180.183 | AVPPL: 181.676 | VENT: 7.29189b | VCERT: 9.69968%

[GeoMind CAUSAL CE Stream] Ep 1.0/Inf | Mixed Stream | Last: D[9.0: test/geomind/trainingdata/mined_expanded_corpus_cloze_part05.txt]
  Progress -> 1.96983% (2441.87 / 123964 KB) | LR: 0.0015441 | TTemp: 1.14738 | VTemp: 1.0
  Train -> TL: 5.03646 | ATL: 4.83441 | ITPPL: 153.925 | ATPPL: 125.764 | ENT: 6.78189b | CERT: 8.5318%
  Val   -> VL: 5.21208 | AVL: 5.20518 | IVPPL: 183.475 | AVPPL: 182.214 | VENT: 7.25767b | VCERT: 10.1124%

[GeoMind CAUSAL CE Stream] Ep 1.0/Inf | Mixed Stream | Last: D[9.0: test/geomind/trainingdata/mined_expanded_corpus_cloze_part05.txt]
  Progress -> 1.97848% (2452.6 / 123964 KB) | LR: 0.00154445 | TTemp: 1.14682 | VTemp: 1.0
  Train -> TL: 4.7285 | ATL: 4.81599 | ITPPL: 113.126 | ATPPL: 123.469 | ENT: 6.70688b | CERT: 8.58738%
  Val   -> VL: 5.19865 | AVL: 5.20322 | IVPPL: 181.028 | AVPPL: 181.857 | VENT: 7.21154b | VCERT: 10.2514%

[GeoMind CAUSAL CE Stream] Ep 1.0/Inf | Mixed Stream | Last: D[9.0: test/geomind/trainingdata/mined_expanded_corpus_cloze_part05.txt]
  Progress -> 1.99095% (2468.05 / 123964 KB) | LR: 0.00154411 | TTemp: 1.1469 | VTemp: 1.0
  Train -> TL: 4.7858 | ATL: 4.80706 | ITPPL: 119.797 | ATPPL: 122.372 | ENT: 6.64335b | CERT: 9.06516%
  Val   -> VL: 5.19837 | AVL: 5.20177 | IVPPL: 180.978 | AVPPL: 181.593 | VENT: 7.23568b | VCERT: 10.2171%

[GeoMind CAUSAL CE Stream] Ep 1.0/Inf | Mixed Stream | Last: D[9.0: test/geomind/trainingdata/mined_expanded_corpus_cloze_part05.txt]
  Progress -> 1.9992% (2478.29 / 123964 KB) | LR: 0.00154344 | TTemp: 1.14731 | VTemp: 1.0
  Train -> TL: 4.81772 | ATL: 4.80202 | ITPPL: 123.683 | ATPPL: 121.756 | ENT: 6.78519b | CERT: 8.1521%
  Val   -> VL: 5.20008 | AVL: 5.20126 | IVPPL: 181.286 | AVPPL: 181.501 | VENT: 7.26101b | VCERT: 10.118%

[GeoMind CAUSAL CE Stream] Ep 1.0/Inf | Mixed Stream | Last: D[9.0: test/geomind/trainingdata/mined_expanded_corpus_cloze_part05.txt]
  Progress -> 2.0079% (2489.07 / 123964 KB) | LR: 0.00154386 | TTemp: 1.14654 | VTemp: 1.0
  Train -> TL: 4.82152 | ATL: 4.81615 | ITPPL: 124.153 | ATPPL: 123.489 | ENT: 6.80683b | CERT: 8.16063%
  Val   -> VL: 5.19903 | AVL: 5.20059 | IVPPL: 181.097 | AVPPL: 181.38 | VENT: 7.25023b | VCERT: 10.4635%

[GeoMind CAUSAL CE Stream] Ep 1.0/Inf | Mixed Stream | Last: D[9.0: test/geomind/trainingdata/mined_expanded_corpus_cloze_part05.txt]
  Progress -> 2.01998% (2504.04 / 123964 KB) | LR: 0.00154499 | TTemp: 1.14495 | VTemp: 1.0
  Train -> TL: 4.83661 | ATL: 4.82651 | ITPPL: 126.041 | ATPPL: 124.775 | ENT: 6.80772b | CERT: 8.30567%
  Val   -> VL: 5.19317 | AVL: 5.19837 | IVPPL: 180.039 | AVPPL: 180.976 | VENT: 7.23555b | VCERT: 10.1533%

[GeoMind CAUSAL CE Stream] Ep 1.0/Inf | Mixed Stream | Last: D[9.0: test/geomind/trainingdata/mined_expanded_corpus_cloze_part05.txt]
  Progress -> 2.02947% (2515.8 / 123964 KB) | LR: 0.00154683 | TTemp: 1.14256 | VTemp: 1.0
  Train -> TL: 4.88536 | ATL: 4.83813 | ITPPL: 132.338 | ATPPL: 126.233 | ENT: 6.766b | CERT: 8.69611%
  Val   -> VL: 5.19094 | AVL: 5.19614 | IVPPL: 179.637 | AVPPL: 180.574 | VENT: 7.27694b | VCERT: 9.83692%

[GeoMind CAUSAL CE Stream] Ep 1.0/Inf | Mixed Stream | Last: D[9.0: test/geomind/trainingdata/mined_expanded_corpus_cloze_part05.txt]
  Progress -> 2.03755% (2525.82 / 123964 KB) | LR: 0.00154886 | TTemp: 1.14042 | VTemp: 1.0
  Train -> TL: 4.8728 | ATL: 4.84319 | ITPPL: 130.686 | ATPPL: 126.873 | ENT: 6.80162b | CERT: 9.01124%
  Val   -> VL: 5.2085 | AVL: 5.19985 | IVPPL: 182.82 | AVPPL: 181.245 | VENT: 7.34282b | VCERT: 9.57437%

[GeoMind CAUSAL CE Stream] Ep 1.0/Inf | Mixed Stream | Last: D[9.0: test/geomind/trainingdata/mined_expanded_corpus_cloze_part05.txt]
  Progress -> 2.04745% (2538.09 / 123964 KB) | LR: 0.00155165 | TTemp: 1.13753 | VTemp: 1.0
  Train -> TL: 4.91002 | ATL: 4.85664 | ITPPL: 135.641 | ATPPL: 128.591 | ENT: 6.92041b | CERT: 7.99362%
  Val   -> VL: 5.19685 | AVL: 5.19895 | IVPPL: 180.702 | AVPPL: 181.081 | VENT: 7.34072b | VCERT: 10.0524%

[GeoMind CAUSAL CE Stream] Ep 1.0/Inf | Mixed Stream | Last: D[9.0: test/geomind/trainingdata/mined_expanded_corpus_cloze_part05.txt]
  Progress -> 2.05751% (2550.56 / 123964 KB) | LR: 0.00155456 | TTemp: 1.13483 | VTemp: 1.0
  Train -> TL: 4.8968 | ATL: 4.86208 | ITPPL: 133.861 | ATPPL: 129.293 | ENT: 6.91434b | CERT: 8.93993%
  Val   -> VL: 5.20613 | AVL: 5.2011 | IVPPL: 182.387 | AVPPL: 181.472 | VENT: 7.33908b | VCERT: 9.9445%

[GeoMind CAUSAL CE Stream] Ep 1.0/Inf | Mixed Stream | Last: D[9.0: test/geomind/trainingdata/mined_expanded_corpus_cloze_part05.txt]
  Progress -> 2.06537% (2560.31 / 123964 KB) | LR: 0.00155573 | TTemp: 1.13402 | VTemp: 1.0
  Train -> TL: 4.74231 | ATL: 4.84205 | ITPPL: 114.698 | ATPPL: 126.728 | ENT: 6.73952b | CERT: 10.0991%
  Val   -> VL: 5.2004 | AVL: 5.20089 | IVPPL: 181.346 | AVPPL: 181.434 | VENT: 7.32322b | VCERT: 9.65235%

[GeoMind CAUSAL CE Stream] Ep 1.0/Inf | Mixed Stream | Last: D[9.0: test/geomind/trainingdata/mined_expanded_corpus_cloze_part05.txt]
  Progress -> 2.07478% (2571.97 / 123964 KB) | LR: 0.00155536 | TTemp: 1.13501 | VTemp: 1.0
  Train -> TL: 4.61532 | ATL: 4.82235 | ITPPL: 101.021 | ATPPL: 124.257 | ENT: 6.69259b | CERT: 9.92121%
  Val   -> VL: 5.20979 | AVL: 5.20356 | IVPPL: 183.055 | AVPPL: 181.919 | VENT: 7.29197b | VCERT: 10.2064%

[GeoMind CAUSAL CE Stream] Ep 1.0/Inf | Mixed Stream | Last: D[9.0: test/geomind/trainingdata/mined_expanded_corpus_cloze_part05.txt]
  Progress -> 2.08377% (2583.12 / 123964 KB) | LR: 0.00155301 | TTemp: 1.13788 | VTemp: 1.0
  Train -> TL: 4.7025 | ATL: 4.79426 | ITPPL: 110.222 | ATPPL: 120.815 | ENT: 6.72149b | CERT: 9.05796%
  Val   -> VL: 5.20027 | AVL: 5.20257 | IVPPL: 181.321 | AVPPL: 181.739 | VENT: 7.26394b | VCERT: 10.0819%

[GeoMind CAUSAL CE Stream] Ep 1.0/Inf | Mixed Stream | Last: D[9.0: test/geomind/trainingdata/mined_expanded_corpus_cloze_part05.txt]
  Progress -> 2.09127% (2592.42 / 123964 KB) | LR: 0.00154949 | TTemp: 1.14153 | VTemp: 1.0
  Train -> TL: 4.6333 | ATL: 4.77463 | ITPPL: 102.853 | ATPPL: 118.466 | ENT: 6.46585b | CERT: 11.0327%
  Val   -> VL: 5.19073 | AVL: 5.19902 | IVPPL: 179.599 | AVPPL: 181.095 | VENT: 7.24837b | VCERT: 10.1017%

[GeoMind CAUSAL CE Stream] Ep 1.0/Inf | Mixed Stream | Last: D[9.0: test/geomind/trainingdata/mined_expanded_corpus_cloze_part05.txt]
  Progress -> 2.09933% (2602.41 / 123964 KB) | LR: 0.00154555 | TTemp: 1.14559 | VTemp: 1.0
  Train -> TL: 4.8309 | ATL: 4.76408 | ITPPL: 125.323 | ATPPL: 117.224 | ENT: 6.55948b | CERT: 10.2979%
  Val   -> VL: 5.20659 | AVL: 5.20129 | IVPPL: 182.471 | AVPPL: 181.506 | VENT: 7.29574b | VCERT: 9.54588%

[GeoMind CAUSAL CE Stream] Ep 1.0/Inf | Mixed Stream | Last: D[9.0: test/geomind/trainingdata/mined_expanded_corpus_cloze_part05.txt]
  Progress -> 2.1082% (2613.4 / 123964 KB) | LR: 0.00154132 | TTemp: 1.14996 | VTemp: 1.0
  Train -> TL: 4.6578 | ATL: 4.75452 | ITPPL: 105.404 | ATPPL: 116.108 | ENT: 6.50541b | CERT: 11.106%
  Val   -> VL: 5.21043 | AVL: 5.20403 | IVPPL: 183.173 | AVPPL: 182.005 | VENT: 7.26688b | VCERT: 9.70883%

[GeoMind CAUSAL CE Stream] Ep 1.0/Inf | Mixed Stream | Last: D[9.0: test/geomind/trainingdata/mined_expanded_corpus_cloze_part05.txt]
  Progress -> 2.11797% (2625.52 / 123964 KB) | LR: 0.00153677 | TTemp: 1.15439 | VTemp: 1.0
  Train -> TL: 4.69023 | ATL: 4.7441 | ITPPL: 108.879 | ATPPL: 114.905 | ENT: 6.48501b | CERT: 10.6661%
  Val   -> VL: 5.20055 | AVL: 5.20299 | IVPPL: 181.372 | AVPPL: 181.815 | VENT: 7.25947b | VCERT: 9.79742%

[GeoMind CAUSAL CE Stream] Ep 1.0/Inf | Mixed Stream | Last: D[9.0: test/geomind/trainingdata/mined_expanded_corpus_cloze_part05.txt]
  Progress -> 2.1243% (2633.36 / 123964 KB) | LR: 0.00153239 | TTemp: 1.15788 | VTemp: 1.0
  Train -> TL: 4.84878 | ATL: 4.74034 | ITPPL: 127.585 | ATPPL: 114.473 | ENT: 6.74907b | CERT: 8.49492%
  Val   -> VL: 5.17854 | AVL: 5.19565 | IVPPL: 177.423 | AVPPL: 180.486 | VENT: 7.24658b | VCERT: 10.049%

[GeoMind CAUSAL CE Stream] Ep 1.0/Inf | Mixed Stream | Last: D[9.0: test/geomind/trainingdata/mined_expanded_corpus_cloze_part05.txt]
  Progress -> 2.13039% (2640.9 / 123964 KB) | LR: 0.00153013 | TTemp: 1.15878 | VTemp: 1.0
  Train -> TL: 5.04174 | ATL: 4.76353 | ITPPL: 154.739 | ATPPL: 117.159 | ENT: 6.83842b | CERT: 8.09685%
  Val   -> VL: 5.18143 | AVL: 5.19138 | IVPPL: 177.936 | AVPPL: 179.717 | VENT: 7.26016b | VCERT: 10.2152%

[GeoMind CAUSAL CE Stream] Ep 1.0/Inf | Mixed Stream | Last: D[9.0: test/geomind/trainingdata/mined_expanded_corpus_cloze_part05.txt]
  Progress -> 2.13735% (2649.54 / 123964 KB) | LR: 0.00152918 | TTemp: 1.15809 | VTemp: 1.0
  Train -> TL: 4.92536 | ATL: 4.77872 | ITPPL: 137.739 | ATPPL: 118.952 | ENT: 6.81974b | CERT: 7.95358%
  Val   -> VL: 5.17699 | AVL: 5.18706 | IVPPL: 177.148 | AVPPL: 178.943 | VENT: 7.26335b | VCERT: 10.0535%

[GeoMind CAUSAL CE Stream] Ep 1.0/Inf | Mixed Stream | Last: D[9.0: test/geomind/trainingdata/mined_expanded_corpus_cloze_part05.txt]
  Progress -> 2.14358% (2657.26 / 123964 KB) | LR: 0.00152963 | TTemp: 1.15593 | VTemp: 1.0
  Train -> TL: 4.85875 | ATL: 4.79667 | ITPPL: 128.863 | ATPPL: 121.107 | ENT: 6.73608b | CERT: 9.50338%
  Val   -> VL: 5.17682 | AVL: 5.18399 | IVPPL: 177.119 | AVPPL: 178.393 | VENT: 7.29589b | VCERT: 9.74371%

[GeoMind CAUSAL CE Stream] Ep 1.0/Inf | Mixed Stream | Last: D[9.0: test/geomind/trainingdata/mined_expanded_corpus_cloze_part05.txt]
  Progress -> 2.1492% (2664.22 / 123964 KB) | LR: 0.00153012 | TTemp: 1.15387 | VTemp: 1.0
  Train -> TL: 4.74528 | ATL: 4.798 | ITPPL: 115.04 | ATPPL: 121.267 | ENT: 6.79554b | CERT: 8.75785%
  Val   -> VL: 5.17895 | AVL: 5.18248 | IVPPL: 177.496 | AVPPL: 178.124 | VENT: 7.23813b | VCERT: 10.2563%

[GeoMind CAUSAL CE Stream] Ep 1.0/Inf | Mixed Stream | Last: D[9.0: test/geomind/trainingdata/mined_expanded_corpus_cloze_part05.txt]
  Progress -> 2.15404% (2670.23 / 123964 KB) | LR: 0.00152954 | TTemp: 1.15317 | VTemp: 1.0
  Train -> TL: 4.87996 | ATL: 4.78378 | ITPPL: 131.626 | ATPPL: 119.556 | ENT: 6.83363b | CERT: 8.49053%
  Val   -> VL: 5.18135 | AVL: 5.18214 | IVPPL: 177.924 | AVPPL: 178.064 | VENT: 7.21901b | VCERT: 10.404%

[GeoMind CAUSAL CE Stream] Ep 1.0/Inf | Mixed Stream | Last: D[9.0: test/geomind/trainingdata/mined_expanded_corpus_cloze_part05.txt]
  Progress -> 2.16031% (2678 / 123964 KB) | LR: 0.00152841 | TTemp: 1.15344 | VTemp: 1.0
  Train -> TL: 4.96318 | ATL: 4.7754 | ITPPL: 143.049 | ATPPL: 118.557 | ENT: 6.87613b | CERT: 8.59511%
  Val   -> VL: 5.19269 | AVL: 5.18531 | IVPPL: 179.952 | AVPPL: 178.628 | VENT: 7.24918b | VCERT: 10.2223%

[GeoMind CAUSAL CE Stream] Ep 1.0/Inf | Mixed Stream | Last: D[9.0: test/geomind/trainingdata/mined_expanded_corpus_cloze_part05.txt]
  Progress -> 2.16768% (2687.13 / 123964 KB) | LR: 0.00152654 | TTemp: 1.15456 | VTemp: 1.0
  Train -> TL: 4.8377 | ATL: 4.76341 | ITPPL: 126.179 | ATPPL: 117.145 | ENT: 6.8622b | CERT: 8.30486%
  Val   -> VL: 5.18528 | AVL: 5.1853 | IVPPL: 178.623 | AVPPL: 178.626 | VENT: 7.25305b | VCERT: 10.166%

[GeoMind CAUSAL CE Stream] Ep 1.0/Inf | Mixed Stream | Last: D[9.0: test/geomind/trainingdata/mined_expanded_corpus_cloze_part05.txt]
  Progress -> 2.1748% (2695.96 / 123964 KB) | LR: 0.00152414 | TTemp: 1.15619 | VTemp: 1.0
  Train -> TL: 4.96426 | ATL: 4.75357 | ITPPL: 143.202 | ATPPL: 115.998 | ENT: 6.86453b | CERT: 8.38553%
  Val   -> VL: 5.18228 | AVL: 5.18439 | IVPPL: 178.088 | AVPPL: 178.465 | VENT: 7.2295b | VCERT: 10.5571%

[GeoMind CAUSAL CE Stream] Ep 1.0/Inf | Mixed Stream | Last: D[9.0: test/geomind/trainingdata/mined_expanded_corpus_cloze_part05.txt]
  Progress -> 2.18045% (2702.97 / 123964 KB) | LR: 0.00152191 | TTemp: 1.15781 | VTemp: 1.0
  Train -> TL: 4.6697 | ATL: 4.75258 | ITPPL: 106.666 | ATPPL: 115.883 | ENT: 6.70817b | CERT: 9.89586%
  Val   -> VL: 5.19143 | AVL: 5.1865 | IVPPL: 179.725 | AVPPL: 178.842 | VENT: 7.21574b | VCERT: 10.6264%

[GeoMind CAUSAL CE Stream] Ep 1.0/Inf | Mixed Stream | Last: D[9.0: test/geomind/trainingdata/mined_expanded_corpus_cloze_part05.txt]
  Progress -> 2.18593% (2709.76 / 123964 KB) | LR: 0.00152217 | TTemp: 1.15695 | VTemp: 1.0
  Train -> TL: 4.89089 | ATL: 4.78406 | ITPPL: 133.071 | ATPPL: 119.589 | ENT: 6.75653b | CERT: 9.2539%
  Val   -> VL: 5.19214 | AVL: 5.18819 | IVPPL: 179.852 | AVPPL: 179.144 | VENT: 7.20733b | VCERT: 10.5058%

[GeoMind CAUSAL CE Stream] Ep 1.0/Inf | Mixed Stream | Last: D[9.0: test/geomind/trainingdata/mined_expanded_corpus_cloze_part05.txt]
  Progress -> 2.19266% (2718.11 / 123964 KB) | LR: 0.00152308 | TTemp: 1.15572 | VTemp: 1.0
  Train -> TL: 4.81173 | ATL: 4.79334 | ITPPL: 122.945 | ATPPL: 120.704 | ENT: 6.81735b | CERT: 8.60853%
  Val   -> VL: 5.19707 | AVL: 5.19086 | IVPPL: 180.743 | AVPPL: 179.622 | VENT: 7.23585b | VCERT: 10.0084%

[GeoMind CAUSAL CE Stream] Ep 1.0/Inf | Mixed Stream | Last: D[9.0: test/geomind/trainingdata/mined_expanded_corpus_cloze_part05.txt]
  Progress -> 2.2004% (2727.7 / 123964 KB) | LR: 0.00152474 | TTemp: 1.15383 | VTemp: 1.0
  Train -> TL: 4.83131 | ATL: 4.80515 | ITPPL: 125.376 | ATPPL: 122.137 | ENT: 6.77499b | CERT: 8.49082%
  Val   -> VL: 5.19278 | AVL: 5.19143 | IVPPL: 179.968 | AVPPL: 179.726 | VENT: 7.22809b | VCERT: 10.1141%

[GeoMind CAUSAL CE Stream] Ep 1.0/Inf | Mixed Stream | Last: D[9.0: test/geomind/trainingdata/mined_expanded_corpus_cloze_part05.txt]
  Progress -> 2.20741% (2736.39 / 123964 KB) | LR: 0.00152635 | TTemp: 1.15235 | VTemp: 1.0
  Train -> TL: 4.8369 | ATL: 4.80677 | ITPPL: 126.077 | ATPPL: 122.336 | ENT: 6.77275b | CERT: 8.0843%
  Val   -> VL: 5.20217 | AVL: 5.19465 | IVPPL: 181.665 | AVPPL: 180.306 | VENT: 7.26595b | VCERT: 9.85524%

[GeoMind CAUSAL CE Stream] Ep 1.0/Inf | Mixed Stream | Last: D[9.0: test/geomind/trainingdata/mined_expanded_corpus_cloze_part05.txt]
  Progress -> 2.2161% (2747.16 / 123964 KB) | LR: 0.00152757 | TTemp: 1.15146 | VTemp: 1.0
  Train -> TL: 4.8432 | ATL: 4.80345 | ITPPL: 126.875 | ATPPL: 121.93 | ENT: 6.80909b | CERT: 8.15649%
  Val   -> VL: 5.20014 | AVL: 5.1963 | IVPPL: 181.297 | AVPPL: 180.602 | VENT: 7.24899b | VCERT: 10.0174%

[GeoMind CAUSAL CE Stream] Ep 1.0/Inf | Mixed Stream | Last: D[9.0: test/geomind/trainingdata/mined_expanded_corpus_cloze_part05.txt]
  Progress -> 2.22525% (2758.5 / 123964 KB) | LR: 0.00152778 | TTemp: 1.1513 | VTemp: 1.0
  Train -> TL: 4.7171 | ATL: 4.79123 | ITPPL: 111.843 | ATPPL: 120.45 | ENT: 6.71865b | CERT: 8.54822%
  Val   -> VL: 5.18202 | AVL: 5.19201 | IVPPL: 178.042 | AVPPL: 179.831 | VENT: 7.22007b | VCERT: 10.3438%

[GeoMind CAUSAL CE Stream] Ep 1.0/Inf | Mixed Stream | Last: D[9.0: test/geomind/trainingdata/mined_expanded_corpus_cloze_part05.txt]
  Progress -> 2.23376% (2769.06 / 123964 KB) | LR: 0.00152926 | TTemp: 1.14959 | VTemp: 1.0
  Train -> TL: 4.90479 | ATL: 4.80915 | ITPPL: 134.935 | ATPPL: 122.627 | ENT: 6.80374b | CERT: 8.4718%
  Val   -> VL: 5.18181 | AVL: 5.18895 | IVPPL: 178.005 | AVPPL: 179.281 | VENT: 7.21073b | VCERT: 10.7199%

[GeoMind CAUSAL CE Stream] Ep 1.0/Inf | Mixed Stream | Last: D[9.0: test/geomind/trainingdata/mined_expanded_corpus_cloze_part05.txt]
  Progress -> 2.24417% (2781.96 / 123964 KB) | LR: 0.00153124 | TTemp: 1.14714 | VTemp: 1.0
  Train -> TL: 4.78692 | ATL: 4.81814 | ITPPL: 119.931 | ATPPL: 123.735 | ENT: 6.77877b | CERT: 8.96438%
  Val   -> VL: 5.17457 | AVL: 5.18464 | IVPPL: 176.721 | AVPPL: 178.509 | VENT: 7.27964b | VCERT: 10.2652%

[GeoMind CAUSAL CE Stream] Ep 1.0/Inf | Mixed Stream | Last: D[9.0: test/geomind/trainingdata/mined_expanded_corpus_cloze_part05.txt]
  Progress -> 2.25324% (2793.2 / 123964 KB) | LR: 0.00153335 | TTemp: 1.1443 | VTemp: 1.0
  Train -> TL: 4.82988 | ATL: 4.82268 | ITPPL: 125.196 | ATPPL: 124.298 | ENT: 6.81578b | CERT: 8.56902%
  Val   -> VL: 5.16604 | AVL: 5.17906 | IVPPL: 175.22 | AVPPL: 177.516 | VENT: 7.2687b | VCERT: 10.451%

[GeoMind CAUSAL CE Stream] Ep 1.0/Inf | Mixed Stream | Last: D[9.0: test/geomind/trainingdata/mined_expanded_corpus_cloze_part05.txt]
  Progress -> 2.26271% (2804.93 / 123964 KB) | LR: 0.00153502 | TTemp: 1.14199 | VTemp: 1.0
  Train -> TL: 4.78219 | ATL: 4.81947 | ITPPL: 119.366 | ATPPL: 123.899 | ENT: 6.80108b | CERT: 8.69547%
  Val   -> VL: 5.17307 | AVL: 5.17726 | IVPPL: 176.456 | AVPPL: 177.197 | VENT: 7.25607b | VCERT: 10.5601%

[GeoMind CAUSAL CE Stream] Ep 1.0/Inf | Mixed Stream | Last: D[9.0: test/geomind/trainingdata/mined_expanded_corpus_cloze_part05.txt]
  Progress -> 2.27254% (2817.13 / 123964 KB) | LR: 0.00153743 | TTemp: 1.13899 | VTemp: 1.0
  Train -> TL: 4.79791 | ATL: 4.8322 | ITPPL: 121.257 | ATPPL: 125.487 | ENT: 6.78211b | CERT: 8.92479%
  Val   -> VL: 5.17389 | AVL: 5.17625 | IVPPL: 176.6 | AVPPL: 177.018 | VENT: 7.28124b | VCERT: 10.4111%

[GeoMind CAUSAL CE Stream] Ep 1.0/Inf | Mixed Stream | Last: D[9.0: test/geomind/trainingdata/mined_expanded_corpus_cloze_part05.txt]
  Progress -> 2.28157% (2828.31 / 123964 KB) | LR: 0.00153933 | TTemp: 1.13661 | VTemp: 1.0
  Train -> TL: 4.74932 | ATL: 4.82836 | ITPPL: 115.506 | ATPPL: 125.005 | ENT: 6.76526b | CERT: 9.48048%
  Val   -> VL: 5.17052 | AVL: 5.17453 | IVPPL: 176.007 | AVPPL: 176.714 | VENT: 7.29224b | VCERT: 10.2532%

[GeoMind CAUSAL CE Stream] Ep 1.0/Inf | Mixed Stream | Last: D[9.0: test/geomind/trainingdata/mined_expanded_corpus_cloze_part05.txt]
  Progress -> 2.29041% (2839.28 / 123964 KB) | LR: 0.00154127 | TTemp: 1.13441 | VTemp: 1.0
  Train -> TL: 4.85132 | ATL: 4.83155 | ITPPL: 127.909 | ATPPL: 125.405 | ENT: 6.76134b | CERT: 8.94807%
  Val   -> VL: 5.17783 | AVL: 5.17552 | IVPPL: 177.297 | AVPPL: 176.889 | VENT: 7.28174b | VCERT: 10.5387%

[GeoMind CAUSAL CE Stream] Ep 1.0/Inf | Mixed Stream | Last: D[9.0: test/geomind/trainingdata/mined_expanded_corpus_cloze_part05.txt]
  Progress -> 2.30062% (2851.93 / 123964 KB) | LR: 0.00154349 | TTemp: 1.13186 | VTemp: 1.0
  Train -> TL: 4.84541 | ATL: 4.83814 | ITPPL: 127.156 | ATPPL: 126.234 | ENT: 6.90216b | CERT: 8.02624%
  Val   -> VL: 5.16703 | AVL: 5.17297 | IVPPL: 175.393 | AVPPL: 176.439 | VENT: 7.31591b | VCERT: 10.0843%

[GeoMind CAUSAL CE Stream] Ep 1.0/Inf | Mixed Stream | Last: D[9.0: test/geomind/trainingdata/mined_expanded_corpus_cloze_part05.txt]
  Progress -> 2.31092% (2864.71 / 123964 KB) | LR: 0.00154515 | TTemp: 1.12974 | VTemp: 1.0
  Train -> TL: 4.7076 | ATL: 4.83352 | ITPPL: 110.786 | ATPPL: 125.652 | ENT: 6.87721b | CERT: 7.87379%
  Val   -> VL: 5.15961 | AVL: 5.16896 | IVPPL: 174.096 | AVPPL: 175.733 | VENT: 7.32665b | VCERT: 10.1345%

[GeoMind CAUSAL CE Stream] Ep 1.0/Inf | Mixed Stream | Last: D[9.0: test/geomind/trainingdata/mined_expanded_corpus_cloze_part05.txt]
  Progress -> 2.3205% (2876.58 / 123964 KB) | LR: 0.00154673 | TTemp: 1.12785 | VTemp: 1.0
  Train -> TL: 4.76433 | ATL: 4.83456 | ITPPL: 117.253 | ATPPL: 125.783 | ENT: 6.91903b | CERT: 7.69204%
  Val   -> VL: 5.16845 | AVL: 5.16881 | IVPPL: 175.643 | AVPPL: 175.706 | VENT: 7.33221b | VCERT: 9.85055%

[GeoMind CAUSAL CE Stream] Ep 1.0/Inf | Mixed Stream | Last: D[9.0: test/geomind/trainingdata/mined_expanded_corpus_cloze_part05.txt]
  Progress -> 2.33198% (2890.81 / 123964 KB) | LR: 0.0015468 | TTemp: 1.12764 | VTemp: 1.0
  Train -> TL: 4.68928 | ATL: 4.81596 | ITPPL: 108.775 | ATPPL: 123.466 | ENT: 6.80135b | CERT: 9.13789%
  Val   -> VL: 5.16911 | AVL: 5.1689 | IVPPL: 175.759 | AVPPL: 175.722 | VENT: 7.29061b | VCERT: 10.2924%

[GeoMind CAUSAL CE Stream] Ep 1.0/Inf | Mixed Stream | Last: D[9.0: test/geomind/trainingdata/mined_expanded_corpus_cloze_part05.txt]
  Progress -> 2.34166% (2902.81 / 123964 KB) | LR: 0.00154514 | TTemp: 1.12903 | VTemp: 1.0
  Train -> TL: 4.67503 | ATL: 4.79185 | ITPPL: 107.236 | ATPPL: 120.524 | ENT: 6.82529b | CERT: 8.73379%
  Val   -> VL: 5.15783 | AVL: 5.16558 | IVPPL: 173.787 | AVPPL: 175.139 | VENT: 7.31496b | VCERT: 10.0716%

[GeoMind CAUSAL CE Stream] Ep 1.0/Inf | Mixed Stream | Last: D[9.0: test/geomind/trainingdata/mined_expanded_corpus_cloze_part05.txt]
  Progress -> 2.35046% (2913.72 / 123964 KB) | LR: 0.00154363 | TTemp: 1.13046 | VTemp: 1.0
  Train -> TL: 4.82816 | ATL: 4.79178 | ITPPL: 124.981 | ATPPL: 120.516 | ENT: 6.85307b | CERT: 7.82267%
  Val   -> VL: 5.17688 | AVL: 5.16897 | IVPPL: 177.129 | AVPPL: 175.734 | VENT: 7.33368b | VCERT: 9.88964%

[GeoMind CAUSAL CE Stream] Ep 1.0/Inf | Mixed Stream | Last: D[9.0: test/geomind/trainingdata/mined_expanded_corpus_cloze_part05.txt]
  Progress -> 2.35908% (2924.4 / 123964 KB) | LR: 0.00154262 | TTemp: 1.13162 | VTemp: 1.0
  Train -> TL: 4.87711 | ATL: 4.79651 | ITPPL: 131.251 | ATPPL: 121.088 | ENT: 6.89084b | CERT: 7.91564%
  Val   -> VL: 5.18194 | AVL: 5.17286 | IVPPL: 178.028 | AVPPL: 176.419 | VENT: 7.32375b | VCERT: 10.1281%

[GeoMind CAUSAL CE Stream] Ep 1.0/Inf | Mixed Stream | Last: D[9.0: test/geomind/trainingdata/mined_expanded_corpus_cloze_part05.txt]
  Progress -> 2.3678% (2935.22 / 123964 KB) | LR: 0.00154161 | TTemp: 1.14059 | VTemp: 1.0
  Train -> TL: 4.8071 | ATL: 4.79522 | ITPPL: 122.376 | ATPPL: 120.931 | ENT: 6.91918b | CERT: 8.18117%
  Val   -> VL: 5.19004 | AVL: 5.17802 | IVPPL: 179.476 | AVPPL: 177.33 | VENT: 7.29111b | VCERT: 10.157%

[GeoMind CAUSAL CE Stream] Ep 1.0/Inf | Mixed Stream | Last: D[9.0: test/geomind/trainingdata/mined_expanded_corpus_cloze_part05.txt]
  Progress -> 2.3768% (2946.36 / 123964 KB) | LR: 0.00153986 | TTemp: 1.14949 | VTemp: 1.0
  Train -> TL: 4.67526 | ATL: 4.78353 | ITPPL: 107.26 | ATPPL: 119.526 | ENT: 6.81857b | CERT: 8.34467%
  Val   -> VL: 5.19606 | AVL: 5.18343 | IVPPL: 180.56 | AVPPL: 178.293 | VENT: 7.25932b | VCERT: 10.3498%

[GeoMind CAUSAL CE Stream] Ep 1.0/Inf | Mixed Stream | Last: D[9.0: test/geomind/trainingdata/mined_expanded_corpus_cloze_part05.txt]
  Progress -> 2.38496% (2956.49 / 123964 KB) | LR: 0.00153779 | TTemp: 1.15018 | VTemp: 1.0
  Train -> TL: 4.86558 | ATL: 4.7765 | ITPPL: 129.746 | ATPPL: 118.688 | ENT: 6.83259b | CERT: 8.165%
  Val   -> VL: 5.18754 | AVL: 5.18466 | IVPPL: 179.028 | AVPPL: 178.513 | VENT: 7.27261b | VCERT: 10.1151%

[GeoMind CAUSAL CE Stream] Ep 1.0/Inf | Mixed Stream | Last: D[9.0: test/geomind/trainingdata/mined_expanded_corpus_cloze_part05.txt]
  Progress -> 2.39407% (2967.78 / 123964 KB) | LR: 0.00153433 | TTemp: 1.15257 | VTemp: 1.0
  Train -> TL: 4.65983 | ATL: 4.75444 | ITPPL: 105.618 | ATPPL: 116.099 | ENT: 6.7868b | CERT: 8.6436%
  Val   -> VL: 5.19132 | AVL: 5.18666 | IVPPL: 179.705 | AVPPL: 178.87 | VENT: 7.21464b | VCERT: 10.3654%

[GeoMind CAUSAL CE Stream] Ep 1.0/Inf | Mixed Stream | Last: D[9.0: test/geomind/trainingdata/mined_expanded_corpus_cloze_part05.txt]
  Progress -> 2.40219% (2977.84 / 123964 KB) | LR: 0.00153038 | TTemp: 1.16351 | VTemp: 1.0
  Train -> TL: 4.78466 | ATL: 4.7428 | ITPPL: 119.66 | ATPPL: 114.755 | ENT: 6.81983b | CERT: 8.71932%
  Val   -> VL: 5.21051 | AVL: 5.19381 | IVPPL: 183.187 | AVPPL: 180.154 | VENT: 7.24196b | VCERT: 10.0126%

[GeoMind CAUSAL CE Stream] Ep 1.0/Inf | Mixed Stream | Last: D[9.0: test/geomind/trainingdata/mined_expanded_corpus_cloze_part05.txt]
  Progress -> 2.41296% (2991.2 / 123964 KB) | LR: 0.00152664 | TTemp: 1.17344 | VTemp: 1.0
  Train -> TL: 4.81023 | ATL: 4.74034 | ITPPL: 122.76 | ATPPL: 114.473 | ENT: 6.85217b | CERT: 8.03936%
  Val   -> VL: 5.21351 | AVL: 5.19972 | IVPPL: 183.738 | AVPPL: 181.222 | VENT: 7.19056b | VCERT: 10.4084%

[GeoMind CAUSAL CE Stream] Ep 1.0/Inf | Mixed Stream | Last: D[9.0: test/geomind/trainingdata/mined_expanded_corpus_cloze_part05.txt]
  Progress -> 2.42172% (3002.05 / 123964 KB) | LR: 0.00152386 | TTemp: 1.18192 | VTemp: 1.0
  Train -> TL: 4.7203 | ATL: 4.74838 | ITPPL: 112.202 | ATPPL: 115.398 | ENT: 6.64464b | CERT: 9.89097%
  Val   -> VL: 5.22876 | AVL: 5.20843 | IVPPL: 186.561 | AVPPL: 182.808 | VENT: 7.19399b | VCERT: 10.0227%

[GeoMind CAUSAL CE Stream] Ep 1.0/Inf | Mixed Stream | Last: D[9.0: test/geomind/trainingdata/mined_expanded_corpus_cloze_part05.txt]
  Progress -> 2.43079% (3013.3 / 123964 KB) | LR: 0.00152203 | TTemp: 1.18104 | VTemp: 1.0
  Train -> TL: 4.8582 | ATL: 4.75766 | ITPPL: 128.792 | ATPPL: 116.473 | ENT: 6.72426b | CERT: 8.60931%
  Val   -> VL: 5.2129 | AVL: 5.20977 | IVPPL: 183.626 | AVPPL: 183.053 | VENT: 7.20985b | VCERT: 10.2576%

[GeoMind CAUSAL CE Stream] Ep 1.0/Inf | Mixed Stream | Last: D[9.0: test/geomind/trainingdata/mined_expanded_corpus_cloze_part05.txt]
  Progress -> 2.43874% (3023.15 / 123964 KB) | LR: 0.00152104 | TTemp: 1.17944 | VTemp: 1.0
  Train -> TL: 4.76244 | ATL: 4.76685 | ITPPL: 117.031 | ATPPL: 117.548 | ENT: 6.76507b | CERT: 8.80393%
  Val   -> VL: 5.20227 | AVL: 5.20752 | IVPPL: 181.683 | AVPPL: 182.641 | VENT: 7.17302b | VCERT: 10.4788%

[GeoMind CAUSAL CE Stream] Ep 1.0/Inf | Mixed Stream | Last: D[9.0: test/geomind/trainingdata/mined_expanded_corpus_cloze_part05.txt]
  Progress -> 2.44769% (3034.24 / 123964 KB) | LR: 0.00152109 | TTemp: 1.17671 | VTemp: 1.0
  Train -> TL: 4.76163 | ATL: 4.77996 | ITPPL: 116.937 | ATPPL: 119.1 | ENT: 6.6215b | CERT: 9.88276%
  Val   -> VL: 5.19065 | AVL: 5.20246 | IVPPL: 179.585 | AVPPL: 181.719 | VENT: 7.16766b | VCERT: 10.4125%

[GeoMind CAUSAL CE Stream] Ep 1.0/Inf | Mixed Stream | Last: D[9.0: test/geomind/trainingdata/mined_expanded_corpus_cloze_part05.txt]
  Progress -> 2.45409% (3042.19 / 123964 KB) | LR: 0.00152162 | TTemp: 1.17391 | VTemp: 1.0
  Train -> TL: 4.88538 | ATL: 4.78662 | ITPPL: 132.34 | ATPPL: 119.895 | ENT: 6.65718b | CERT: 9.93863%
  Val   -> VL: 5.20324 | AVL: 5.20269 | IVPPL: 181.86 | AVPPL: 181.761 | VENT: 7.15399b | VCERT: 10.814%

[GeoMind CAUSAL CE Stream] Ep 1.0/Inf | Mixed Stream | Last: D[9.0: test/geomind/trainingdata/mined_expanded_corpus_cloze_part05.txt]
  Progress -> 2.46324% (3053.52 / 123964 KB) | LR: 0.0015224 | TTemp: 1.17127 | VTemp: 1.0
  Train -> TL: 4.89599 | ATL: 4.79085 | ITPPL: 133.753 | ATPPL: 120.404 | ENT: 6.76773b | CERT: 9.2574%
  Val   -> VL: 5.20521 | AVL: 5.20345 | IVPPL: 182.219 | AVPPL: 181.898 | VENT: 7.19489b | VCERT: 10.3561%

[GeoMind CAUSAL CE Stream] Ep 1.0/Inf | Mixed Stream | Last: D[9.0: test/geomind/trainingdata/mined_expanded_corpus_cloze_part05.txt]
  Progress -> 2.4714% (3063.64 / 123964 KB) | LR: 0.00152277 | TTemp: 1.16934 | VTemp: 1.0
  Train -> TL: 4.87036 | ATL: 4.78632 | ITPPL: 130.368 | ATPPL: 119.859 | ENT: 6.77042b | CERT: 10.4588%
  Val   -> VL: 5.20247 | AVL: 5.20315 | IVPPL: 181.721 | AVPPL: 181.845 | VENT: 7.17198b | VCERT: 10.3935%

[GeoMind CAUSAL CE Stream] Ep 1.0/Inf | Mixed Stream | Last: D[9.0: test/geomind/trainingdata/mined_expanded_corpus_cloze_part05.txt]
  Progress -> 2.47974% (3073.97 / 123964 KB) | LR: 0.00152314 | TTemp: 1.16755 | VTemp: 1.0
  Train -> TL: 4.8683 | ATL: 4.78669 | ITPPL: 130.1 | ATPPL: 119.903 | ENT: 6.79909b | CERT: 9.87862%
  Val   -> VL: 5.19748 | AVL: 5.20145 | IVPPL: 180.816 | AVPPL: 181.536 | VENT: 7.17963b | VCERT: 10.1882%

[GeoMind CAUSAL CE Stream] Ep 1.0/Inf | Mixed Stream | Last: D[9.0: test/geomind/trainingdata/mined_expanded_corpus_cloze_part05.txt]
  Progress -> 2.49014% (3086.87 / 123964 KB) | LR: 0.0015241 | TTemp: 1.16515 | VTemp: 1.0
  Train -> TL: 4.82822 | ATL: 4.79548 | ITPPL: 124.989 | ATPPL: 120.962 | ENT: 6.74812b | CERT: 9.11862%
  Val   -> VL: 5.19193 | AVL: 5.19859 | IVPPL: 179.815 | AVPPL: 181.018 | VENT: 7.20707b | VCERT: 9.95526%

[GeoMind CAUSAL CE Stream] Ep 1.0/Inf | Mixed Stream | Last: D[9.0: test/geomind/trainingdata/mined_expanded_corpus_cloze_part05.txt]
  Progress -> 2.49999% (3099.08 / 123964 KB) | LR: 0.00152654 | TTemp: 1.16135 | VTemp: 1.0
  Train -> TL: 4.78704 | ATL: 4.8174 | ITPPL: 119.946 | ATPPL: 123.643 | ENT: 6.55913b | CERT: 10.3147%
  Val   -> VL: 5.19341 | AVL: 5.19704 | IVPPL: 180.081 | AVPPL: 180.736 | VENT: 7.17065b | VCERT: 10.0919%

[GeoMind CAUSAL CE Stream] Ep 1.0/Inf | Mixed Stream | Last: D[9.0: test/geomind/trainingdata/mined_expanded_corpus_cloze_part05.txt]
  Progress -> 2.50765% (3108.57 / 123964 KB) | LR: 0.00152874 | TTemp: 1.15791 | VTemp: 1.0
  Train -> TL: 4.70731 | ATL: 4.81738 | ITPPL: 110.754 | ATPPL: 123.64 | ENT: 6.53385b | CERT: 10.7016%
  Val   -> VL: 5.18771 | AVL: 5.19424 | IVPPL: 179.058 | AVPPL: 180.231 | VENT: 7.13346b | VCERT: 10.3204%

[GeoMind CAUSAL CE Stream] Ep 1.0/Inf | Mixed Stream | Last: D[9.0: test/geomind/trainingdata/mined_expanded_corpus_cloze_part05.txt]
  Progress -> 2.5145% (3117.07 / 123964 KB) | LR: 0.00152974 | TTemp: 1.15571 | VTemp: 1.0
  Train -> TL: 4.60467 | ATL: 4.80389 | ITPPL: 99.9499 | ATPPL: 121.984 | ENT: 6.44066b | CERT: 11.124%
  Val   -> VL: 5.18112 | AVL: 5.1903 | IVPPL: 177.882 | AVPPL: 179.523 | VENT: 7.07721b | VCERT: 10.9639%

[GeoMind CAUSAL CE Stream] Ep 1.0/Inf | Mixed Stream | Last: D[9.0: test/geomind/trainingdata/mined_expanded_corpus_cloze_part05.txt]
  Progress -> 2.52128% (3125.47 / 123964 KB) | LR: 0.00152964 | TTemp: 1.15481 | VTemp: 1.0
  Train -> TL: 4.62589 | ATL: 4.78981 | ITPPL: 102.094 | ATPPL: 120.278 | ENT: 6.32696b | CERT: 11.6959%
  Val   -> VL: 5.18686 | AVL: 5.18927 | IVPPL: 178.907 | AVPPL: 179.338 | VENT: 7.09469b | VCERT: 10.8965%

[GeoMind CAUSAL CE Stream] Ep 1.0/Inf | Mixed Stream | Last: D[9.0: test/geomind/trainingdata/mined_expanded_corpus_cloze_part05.txt]
  Progress -> 2.52741% (3133.07 / 123964 KB) | LR: 0.00152895 | TTemp: 1.15447 | VTemp: 1.0
  Train -> TL: 4.72646 | ATL: 4.7816 | ITPPL: 112.895 | ATPPL: 119.295 | ENT: 6.44315b | CERT: 10.6579%
  Val   -> VL: 5.18086 | AVL: 5.18675 | IVPPL: 177.835 | AVPPL: 178.886 | VENT: 7.11541b | VCERT: 10.8104%

[GeoMind CAUSAL CE Stream] Ep 1.0/Inf | Mixed Stream | Last: D[9.0: test/geomind/trainingdata/mined_expanded_corpus_cloze_part05.txt]
  Progress -> 2.53433% (3141.65 / 123964 KB) | LR: 0.00152807 | TTemp: 1.15393 | VTemp: 1.0
  Train -> TL: 4.61091 | ATL: 4.77805 | ITPPL: 100.575 | ATPPL: 118.873 | ENT: 6.43395b | CERT: 10.5705%
  Val   -> VL: 5.16337 | AVL: 5.17973 | IVPPL: 174.752 | AVPPL: 177.636 | VENT: 7.07156b | VCERT: 11.2525%

[GeoMind CAUSAL CE Stream] Ep 1.0/Inf | Mixed Stream | Last: D[9.0: test/geomind/trainingdata/mined_expanded_corpus_cloze_part05.txt]
  Progress -> 2.5437% (3153.26 / 123964 KB) | LR: 0.001525 | TTemp: 1.15549 | VTemp: 1.0
  Train -> TL: 4.49207 | ATL: 4.74625 | ITPPL: 89.3057 | ATPPL: 115.152 | ENT: 6.37206b | CERT: 11.4955%
  Val   -> VL: 5.16367 | AVL: 5.17492 | IVPPL: 174.805 | AVPPL: 176.782 | VENT: 7.06429b | VCERT: 11.4038%

[GeoMind CAUSAL CE Stream] Ep 1.0/Inf | Mixed Stream | Last: D[9.0: test/geomind/trainingdata/mined_expanded_corpus_cloze_part05.txt]
  Progress -> 2.55505% (3167.33 / 123964 KB) | LR: 0.00152249 | TTemp: 1.15654 | VTemp: 1.0
  Train -> TL: 4.46668 | ATL: 4.74987 | ITPPL: 87.0668 | ATPPL: 115.57 | ENT: 5.93877b | CERT: 14.0451%
  Val   -> VL: 5.17486 | AVL: 5.1749 | IVPPL: 176.771 | AVPPL: 176.779 | VENT: 7.11441b | VCERT: 10.7081%

[GeoMind CAUSAL CE Stream] Ep 1.0/Inf | Mixed Stream | Last: D[9.0: test/geomind/trainingdata/mined_expanded_corpus_cloze_part05.txt]
  Progress -> 2.56323% (3177.47 / 123964 KB) | LR: 0.00152203 | TTemp: 1.1553 | VTemp: 1.0
  Train -> TL: 4.78631 | ATL: 4.77491 | ITPPL: 119.858 | ATPPL: 118.5 | ENT: 6.53843b | CERT: 10.3748%
  Val   -> VL: 5.16331 | AVL: 5.17142 | IVPPL: 174.742 | AVPPL: 176.165 | VENT: 7.17978b | VCERT: 10.5256%

[GeoMind CAUSAL CE Stream] Ep 1.0/Inf | Mixed Stream | Last: D[9.0: test/geomind/trainingdata/mined_expanded_corpus_cloze_part05.txt]
  Progress -> 2.56946% (3185.2 / 123964 KB) | LR: 0.00152213 | TTemp: 1.1534 | VTemp: 1.0
  Train -> TL: 4.56643 | ATL: 4.78203 | ITPPL: 96.2003 | ATPPL: 119.347 | ENT: 6.56739b | CERT: 9.79515%
  Val   -> VL: 5.15783 | AVL: 5.16734 | IVPPL: 173.786 | AVPPL: 175.448 | VENT: 7.16384b | VCERT: 10.5157%

[GeoMind CAUSAL CE Stream] Ep 1.0/Inf | Mixed Stream | Last: D[9.0: test/geomind/trainingdata/mined_expanded_corpus_cloze_part05.txt]
  Progress -> 2.57725% (3194.85 / 123964 KB) | LR: 0.00152142 | TTemp: 1.15227 | VTemp: 1.0
  Train -> TL: 4.46899 | ATL: 4.77078 | ITPPL: 87.2687 | ATPPL: 118.012 | ENT: 6.43274b | CERT: 10.5082%
  Val   -> VL: 5.15132 | AVL: 5.16254 | IVPPL: 172.66 | AVPPL: 174.607 | VENT: 7.14074b | VCERT: 10.5523%

[GeoMind CAUSAL CE Stream] Ep 1.0/Inf | Mixed Stream | Last: D[9.0: test/geomind/trainingdata/mined_expanded_corpus_cloze_part05.txt]
  Progress -> 2.5844% (3203.71 / 123964 KB) | LR: 0.00151885 | TTemp: 1.15304 | VTemp: 1.0
  Train -> TL: 4.6207 | ATL: 4.7441 | ITPPL: 101.565 | ATPPL: 114.905 | ENT: 6.54915b | CERT: 9.35173%
  Val   -> VL: 5.15018 | AVL: 5.15883 | IVPPL: 172.463 | AVPPL: 173.961 | VENT: 7.14135b | VCERT: 10.4429%

[GeoMind CAUSAL CE Stream] Ep 1.0/Inf | Mixed Stream | Last: D[9.0: test/geomind/trainingdata/mined_expanded_corpus_cloze_part05.txt]
  Progress -> 2.59199% (3213.13 / 123964 KB) | LR: 0.0015165 | TTemp: 1.15374 | VTemp: 1.0
  Train -> TL: 4.7474 | ATL: 4.74354 | ITPPL: 115.284 | ATPPL: 114.84 | ENT: 6.5569b | CERT: 9.42501%
  Val   -> VL: 5.15936 | AVL: 5.15899 | IVPPL: 174.052 | AVPPL: 173.988 | VENT: 7.15415b | VCERT: 10.3919%

[GeoMind CAUSAL CE Stream] Ep 1.0/Inf | Mixed Stream | Last: D[9.0: test/geomind/trainingdata/mined_expanded_corpus_cloze_part05.txt]
  Progress -> 2.59931% (3222.2 / 123964 KB) | LR: 0.00151314 | TTemp: 1.16356 | VTemp: 1.0
  Train -> TL: 4.56808 | ATL: 4.72622 | ITPPL: 96.3586 | ATPPL: 112.869 | ENT: 6.51692b | CERT: 9.70013%
  Val   -> VL: 5.17773 | AVL: 5.16461 | IVPPL: 177.281 | AVPPL: 174.97 | VENT: 7.15852b | VCERT: 10.5366%

[GeoMind CAUSAL CE Stream] Ep 1.0/Inf | Mixed Stream | Last: D[9.0: test/geomind/trainingdata/mined_expanded_corpus_cloze_part05.txt]
  Progress -> 2.6059% (3230.36 / 123964 KB) | LR: 0.00151023 | TTemp: 1.16454 | VTemp: 1.0
  Train -> TL: 4.67011 | ATL: 4.72787 | ITPPL: 106.709 | ATPPL: 113.055 | ENT: 6.51224b | CERT: 10.0905%
  Val   -> VL: 5.17625 | AVL: 5.1681 | IVPPL: 177.018 | AVPPL: 175.582 | VENT: 7.11296b | VCERT: 10.7942%

[GeoMind CAUSAL CE Stream] Ep 1.0/Inf | Mixed Stream | Last: D[9.0: test/geomind/trainingdata/mined_expanded_corpus_cloze_part05.txt]
  Progress -> 2.61219% (3238.17 / 123964 KB) | LR: 0.00150749 | TTemp: 1.16572 | VTemp: 1.0
  Train -> TL: 4.63828 | ATL: 4.72613 | ITPPL: 103.366 | ATPPL: 112.857 | ENT: 6.56539b | CERT: 9.92934%
  Val   -> VL: 5.17729 | AVL: 5.17086 | IVPPL: 177.202 | AVPPL: 176.066 | VENT: 7.08613b | VCERT: 10.7851%

[GeoMind CAUSAL CE Stream] Ep 1.0/Inf | Mixed Stream | Last: D[9.0: test/geomind/trainingdata/mined_expanded_corpus_cloze_part05.txt]
  Progress -> 2.61797% (3245.33 / 123964 KB) | LR: 0.00150565 | TTemp: 1.16636 | VTemp: 1.0
  Train -> TL: 4.65897 | ATL: 4.73491 | ITPPL: 105.527 | ATPPL: 113.853 | ENT: 6.54806b | CERT: 9.56751%
  Val   -> VL: 5.18441 | AVL: 5.17492 | IVPPL: 178.468 | AVPPL: 176.783 | VENT: 7.11095b | VCERT: 10.5431%

[GeoMind CAUSAL CE Stream] Ep 1.0/Inf | Mixed Stream | Last: D[9.0: test/geomind/trainingdata/mined_expanded_corpus_cloze_part05.txt]
  Progress -> 2.62549% (3254.65 / 123964 KB) | LR: 0.00150322 | TTemp: 1.17596 | VTemp: 1.0
  Train -> TL: 4.52898 | ATL: 4.72405 | ITPPL: 92.6638 | ATPPL: 112.623 | ENT: 6.42256b | CERT: 11.0067%
  Val   -> VL: 5.20787 | AVL: 5.18481 | IVPPL: 182.704 | AVPPL: 178.539 | VENT: 7.11084b | VCERT: 10.4663%

[GeoMind CAUSAL CE Stream] Ep 1.0/Inf | Mixed Stream | Last: D[9.0: test/geomind/trainingdata/mined_expanded_corpus_cloze_part05.txt]
  Progress -> 2.63481% (3266.21 / 123964 KB) | LR: 0.00150059 | TTemp: 1.17694 | VTemp: 1.0
  Train -> TL: 4.66623 | ATL: 4.71794 | ITPPL: 106.296 | ATPPL: 111.938 | ENT: 6.37185b | CERT: 10.9023%
  Val   -> VL: 5.17835 | AVL: 5.18287 | IVPPL: 177.389 | AVPPL: 178.193 | VENT: 7.1033b | VCERT: 10.7758%

[GeoMind CAUSAL CE Stream] Ep 1.0/Inf | Mixed Stream | Last: D[9.0: test/geomind/trainingdata/mined_expanded_corpus_cloze_part05.txt]
  Progress -> 2.64415% (3277.78 / 123964 KB) | LR: 0.00149827 | TTemp: 1.17725 | VTemp: 1.0
  Train -> TL: 4.85282 | ATL: 4.71866 | ITPPL: 128.101 | ATPPL: 112.018 | ENT: 6.69537b | CERT: 8.54404%
  Val   -> VL: 5.16248 | AVL: 5.17675 | IVPPL: 174.596 | AVPPL: 177.107 | VENT: 7.09963b | VCERT: 11.1135%

[GeoMind CAUSAL CE Stream] Ep 1.0/Inf | Mixed Stream | Last: D[9.0: test/geomind/trainingdata/mined_expanded_corpus_cloze_part05.txt]
  Progress -> 2.65202% (3287.55 / 123964 KB) | LR: 0.00149638 | TTemp: 1.17661 | VTemp: 1.0
  Train -> TL: 4.87235 | ATL: 4.72127 | ITPPL: 130.627 | ATPPL: 112.311 | ENT: 6.77973b | CERT: 7.72943%
  Val   -> VL: 5.14495 | AVL: 5.16721 | IVPPL: 171.562 | AVPPL: 175.425 | VENT: 7.10759b | VCERT: 11.0127%

[GeoMind CAUSAL CE Stream] Ep 1.0/Inf | Mixed Stream | Last: D[9.0: test/geomind/trainingdata/mined_expanded_corpus_cloze_part05.txt]
  Progress -> 2.66246% (3300.48 / 123964 KB) | LR: 0.00149501 | TTemp: 1.17483 | VTemp: 1.0
  Train -> TL: 4.83903 | ATL: 4.72595 | ITPPL: 126.346 | ATPPL: 112.837 | ENT: 6.78299b | CERT: 7.99828%
  Val   -> VL: 5.12772 | AVL: 5.15536 | IVPPL: 168.631 | AVPPL: 173.358 | VENT: 7.16227b | VCERT: 10.4172%

[GeoMind CAUSAL CE Stream] Ep 1.0/Inf | Mixed Stream | Last: D[9.0: test/geomind/trainingdata/mined_expanded_corpus_cloze_part05.txt]
  Progress -> 2.67155% (3311.75 / 123964 KB) | LR: 0.00149401 | TTemp: 1.17222 | VTemp: 1.0
  Train -> TL: 4.7996 | ATL: 4.72915 | ITPPL: 121.461 | ATPPL: 113.199 | ENT: 6.78953b | CERT: 7.83782%
  Val   -> VL: 5.11762 | AVL: 5.14404 | IVPPL: 166.937 | AVPPL: 171.406 | VENT: 7.14749b | VCERT: 10.596%

[GeoMind CAUSAL CE Stream] Ep 1.0/Inf | Mixed Stream | Last: D[9.0: test/geomind/trainingdata/mined_expanded_corpus_cloze_part05.txt]
  Progress -> 2.68079% (3323.21 / 123964 KB) | LR: 0.00149246 | TTemp: 1.17007 | VTemp: 1.0
  Train -> TL: 4.80323 | ATL: 4.72022 | ITPPL: 121.904 | ATPPL: 112.193 | ENT: 6.78474b | CERT: 8.11818%
  Val   -> VL: 5.11704 | AVL: 5.13594 | IVPPL: 166.841 | AVPPL: 170.024 | VENT: 7.15436b | VCERT: 10.4121%

[GeoMind CAUSAL CE Stream] Ep 1.0/Inf | Mixed Stream | Last: D[9.0: test/geomind/trainingdata/mined_expanded_corpus_cloze_part05.txt]
  Progress -> 2.68801% (3332.16 / 123964 KB) | LR: 0.00149061 | TTemp: 1.16845 | VTemp: 1.0
  Train -> TL: 4.75672 | ATL: 4.71389 | ITPPL: 116.364 | ATPPL: 111.484 | ENT: 6.7469b | CERT: 8.15329%
  Val   -> VL: 5.12435 | AVL: 5.13246 | IVPPL: 168.065 | AVPPL: 169.434 | VENT: 7.14479b | VCERT: 10.4211%

[GeoMind CAUSAL CE Stream] Ep 1.0/Inf | Mixed Stream | Last: D[9.0: test/geomind/trainingdata/mined_expanded_corpus_cloze_part05.txt]
  Progress -> 2.69828% (3344.89 / 123964 KB) | LR: 0.00148855 | TTemp: 1.16767 | VTemp: 1.0
  Train -> TL: 4.62016 | ATL: 4.70832 | ITPPL: 101.511 | ATPPL: 110.866 | ENT: 6.6493b | CERT: 9.26888%
  Val   -> VL: 5.1402 | AVL: 5.13478 | IVPPL: 170.75 | AVPPL: 169.828 | VENT: 7.10216b | VCERT: 11.0436%

[GeoMind CAUSAL CE Stream] Ep 1.0/Inf | Mixed Stream | Last: D[9.0: test/geomind/trainingdata/mined_expanded_corpus_cloze_part05.txt]
  Progress -> 2.70577% (3354.17 / 123964 KB) | LR: 0.00148735 | TTemp: 1.1665 | VTemp: 1.0
  Train -> TL: 4.76448 | ATL: 4.71734 | ITPPL: 117.27 | ATPPL: 111.871 | ENT: 6.62338b | CERT: 9.36601%
  Val   -> VL: 5.1425 | AVL: 5.1371 | IVPPL: 171.143 | AVPPL: 170.221 | VENT: 7.09351b | VCERT: 11.0566%

[GeoMind CAUSAL CE Stream] Ep 1.0/Inf | Mixed Stream | Last: D[9.0: test/geomind/trainingdata/mined_expanded_corpus_cloze_part05.txt]
  Progress -> 2.71237% (3362.35 / 123964 KB) | LR: 0.00148738 | TTemp: 1.16452 | VTemp: 1.0
  Train -> TL: 4.7717 | ATL: 4.73285 | ITPPL: 118.12 | ATPPL: 113.619 | ENT: 6.6152b | CERT: 9.44472%
  Val   -> VL: 5.14509 | AVL: 5.13949 | IVPPL: 171.586 | AVPPL: 170.63 | VENT: 7.08226b | VCERT: 10.878%

[GeoMind CAUSAL CE Stream] Ep 1.0/Inf | Mixed Stream | Last: D[9.0: test/geomind/trainingdata/mined_expanded_corpus_cloze_part05.txt]
  Progress -> 2.72047% (3372.4 / 123964 KB) | LR: 0.00148837 | TTemp: 1.16182 | VTemp: 1.0
  Train -> TL: 4.89285 | ATL: 4.74626 | ITPPL: 133.333 | ATPPL: 115.153 | ENT: 6.6817b | CERT: 9.2425%
  Val   -> VL: 5.13896 | AVL: 5.13934 | IVPPL: 170.539 | AVPPL: 170.602 | VENT: 7.13075b | VCERT: 10.7936%

[GeoMind CAUSAL CE Stream] Ep 1.0/Inf | Mixed Stream | Last: D[9.0: test/geomind/trainingdata/mined_expanded_corpus_cloze_part05.txt]
  Progress -> 2.72785% (3381.54 / 123964 KB) | LR: 0.00149068 | TTemp: 1.15795 | VTemp: 1.0
  Train -> TL: 4.90457 | ATL: 4.76591 | ITPPL: 134.905 | ATPPL: 117.438 | ENT: 6.75459b | CERT: 9.03842%
  Val   -> VL: 5.13478 | AVL: 5.13797 | IVPPL: 169.826 | AVPPL: 170.369 | VENT: 7.15408b | VCERT: 10.6026%

[GeoMind CAUSAL CE Stream] Ep 1.0/Inf | Mixed Stream | Last: D[9.0: test/geomind/trainingdata/mined_expanded_corpus_cloze_part05.txt]
  Progress -> 2.73408% (3389.26 / 123964 KB) | LR: 0.00149388 | TTemp: 1.16137 | VTemp: 1.0
  Train -> TL: 4.81105 | ATL: 4.78157 | ITPPL: 122.861 | ATPPL: 119.291 | ENT: 6.74102b | CERT: 8.9849%
  Val   -> VL: 5.15476 | AVL: 5.143 | IVPPL: 173.254 | AVPPL: 171.229 | VENT: 7.19144b | VCERT: 10.4223%

[GeoMind CAUSAL CE Stream] Ep 1.0/Inf | Mixed Stream | Last: D[9.0: test/geomind/trainingdata/mined_expanded_corpus_cloze_part05.txt]
  Progress -> 2.73958% (3396.08 / 123964 KB) | LR: 0.00149635 | TTemp: 1.15738 | VTemp: 1.0
  Train -> TL: 4.77812 | ATL: 4.77583 | ITPPL: 118.881 | ATPPL: 118.608 | ENT: 6.77434b | CERT: 8.65791%
  Val   -> VL: 5.15086 | AVL: 5.14536 | IVPPL: 172.579 | AVPPL: 171.633 | VENT: 7.15351b | VCERT: 10.4415%

[GeoMind CAUSAL CE Stream] Ep 1.0/Inf | Mixed Stream | Last: D[9.0: test/geomind/trainingdata/mined_expanded_corpus_cloze_part05.txt]
  Progress -> 2.74495% (3402.75 / 123964 KB) | LR: 0.00149768 | TTemp: 1.15491 | VTemp: 1.0
  Train -> TL: 4.69733 | ATL: 4.76337 | ITPPL: 109.654 | ATPPL: 117.14 | ENT: 6.66874b | CERT: 9.29823%
  Val   -> VL: 5.14503 | AVL: 5.14526 | IVPPL: 171.577 | AVPPL: 171.616 | VENT: 7.12795b | VCERT: 10.5673%

[GeoMind CAUSAL CE Stream] Ep 1.0/Inf | Mixed Stream | Last: D[9.0: test/geomind/trainingdata/mined_expanded_corpus_cloze_part05.txt]
  Progress -> 2.74951% (3408.4 / 123964 KB) | LR: 0.0014969 | TTemp: 1.15485 | VTemp: 1.0
  Train -> TL: 4.73146 | ATL: 4.73586 | ITPPL: 113.461 | ATPPL: 113.961 | ENT: 6.68216b | CERT: 8.94044%
  Val   -> VL: 5.14394 | AVL: 5.14487 | IVPPL: 171.39 | AVPPL: 171.549 | VENT: 7.13999b | VCERT: 10.3536%

[GeoMind CAUSAL CE Stream] Ep 1.0/Inf | Mixed Stream | Last: D[9.0: test/geomind/trainingdata/mined_expanded_corpus_cloze_part05.txt]
  Progress -> 2.7539% (3413.84 / 123964 KB) | LR: 0.00149846 | TTemp: 1.15249 | VTemp: 1.0
  Train -> TL: 4.74224 | ATL: 4.76743 | ITPPL: 114.691 | ATPPL: 117.616 | ENT: 6.59213b | CERT: 8.76321%
  Val   -> VL: 5.14762 | AVL: 5.14569 | IVPPL: 172.021 | AVPPL: 171.69 | VENT: 7.13754b | VCERT: 10.3792%

[GeoMind CAUSAL CE Stream] Ep 1.0/Inf | Mixed Stream | Last: D[9.0: test/geomind/trainingdata/mined_expanded_corpus_cloze_part05.txt]
  Progress -> 2.76043% (3421.93 / 123964 KB) | LR: 0.00150174 | TTemp: 1.1484 | VTemp: 1.0
  Train -> TL: 4.89962 | ATL: 4.79347 | ITPPL: 134.238 | ATPPL: 120.72 | ENT: 6.68878b | CERT: 8.7233%
  Val   -> VL: 5.13982 | AVL: 5.14393 | IVPPL: 170.685 | AVPPL: 171.388 | VENT: 7.12609b | VCERT: 10.6409%

[GeoMind CAUSAL CE Stream] Ep 1.0/Inf | Mixed Stream | Last: D[9.0: test/geomind/trainingdata/mined_expanded_corpus_cloze_part05.txt]
  Progress -> 2.76878% (3432.28 / 123964 KB) | LR: 0.00150525 | TTemp: 1.14427 | VTemp: 1.0
  Train -> TL: 4.66515 | ATL: 4.80114 | ITPPL: 106.182 | ATPPL: 121.649 | ENT: 6.5964b | CERT: 8.79423%
  Val   -> VL: 5.14035 | AVL: 5.14286 | IVPPL: 170.775 | AVPPL: 171.204 | VENT: 7.12439b | VCERT: 10.9129%

[GeoMind CAUSAL CE Stream] Ep 1.0/Inf | Mixed Stream | Last: D[9.0: test/geomind/trainingdata/mined_expanded_corpus_cloze_part05.txt]
  Progress -> 2.77873% (3444.62 / 123964 KB) | LR: 0.00150895 | TTemp: 1.14007 | VTemp: 1.0
  Train -> TL: 4.85579 | ATL: 4.80868 | ITPPL: 128.482 | ATPPL: 122.57 | ENT: 6.74602b | CERT: 8.43028%
  Val   -> VL: 5.13708 | AVL: 5.14112 | IVPPL: 170.217 | AVPPL: 170.907 | VENT: 7.14619b | VCERT: 10.9267%

[GeoMind CAUSAL CE Stream] Ep 1.0/Inf | Mixed Stream | Last: D[9.0: test/geomind/trainingdata/mined_expanded_corpus_cloze_part05.txt]
  Progress -> 2.7882% (3456.36 / 123964 KB) | LR: 0.00151206 | TTemp: 1.13696 | VTemp: 1.0
  Train -> TL: 4.70079 | ATL: 4.80567 | ITPPL: 110.034 | ATPPL: 122.201 | ENT: 6.70398b | CERT: 8.78604%
  Val   -> VL: 5.15225 | AVL: 5.14446 | IVPPL: 172.819 | AVPPL: 171.479 | VENT: 7.15866b | VCERT: 10.7154%

[GeoMind CAUSAL CE Stream] Ep 1.0/Inf | Mixed Stream | Last: D[9.0: test/geomind/trainingdata/mined_expanded_corpus_cloze_part05.txt]
  Progress -> 2.79681% (3467.03 / 123964 KB) | LR: 0.00151489 | TTemp: 1.1424 | VTemp: 1.0
  Train -> TL: 4.65047 | ATL: 4.80604 | ITPPL: 104.634 | ATPPL: 122.246 | ENT: 6.65989b | CERT: 8.79871%
  Val   -> VL: 5.17095 | AVL: 5.15241 | IVPPL: 176.083 | AVPPL: 172.847 | VENT: 7.15768b | VCERT: 11.0537%

[GeoMind CAUSAL CE Stream] Ep 1.0/Inf | Mixed Stream | Last: D[9.0: test/geomind/trainingdata/mined_expanded_corpus_cloze_part05.txt]
  Progress -> 2.80532% (3477.58 / 123964 KB) | LR: 0.00151635 | TTemp: 1.14897 | VTemp: 1.0
  Train -> TL: 4.65142 | ATL: 4.79099 | ITPPL: 104.733 | ATPPL: 120.421 | ENT: 6.56222b | CERT: 10.2259%
  Val   -> VL: 5.18894 | AVL: 5.16337 | IVPPL: 179.278 | AVPPL: 174.752 | VENT: 7.15283b | VCERT: 10.7646%

[GeoMind CAUSAL CE Stream] Ep 1.0/Inf | Mixed Stream | Last: D[9.0: test/geomind/trainingdata/mined_expanded_corpus_cloze_part05.txt]
  Progress -> 2.8134% (3487.6 / 123964 KB) | LR: 0.00151694 | TTemp: 1.15595 | VTemp: 1.0
  Train -> TL: 4.63103 | ATL: 4.78089 | ITPPL: 102.62 | ATPPL: 119.21 | ENT: 6.47587b | CERT: 10.3355%
  Val   -> VL: 5.19183 | AVL: 5.17191 | IVPPL: 179.798 | AVPPL: 176.251 | VENT: 7.16417b | VCERT: 10.5812%

[GeoMind CAUSAL CE Stream] Ep 1.0/Inf | Mixed Stream | Last: D[9.0: test/geomind/trainingdata/mined_expanded_corpus_cloze_part05.txt]
  Progress -> 2.82317% (3499.7 / 123964 KB) | LR: 0.00151723 | TTemp: 1.1626 | VTemp: 1.0
  Train -> TL: 4.79178 | ATL: 4.77746 | ITPPL: 120.516 | ATPPL: 118.803 | ENT: 6.60668b | CERT: 9.11614%
  Val   -> VL: 5.19228 | AVL: 5.17802 | IVPPL: 179.878 | AVPPL: 177.331 | VENT: 7.21528b | VCERT: 10.2385%

[GeoMind CAUSAL CE Stream] Ep 1.0/Inf | Mixed Stream | Last: D[9.0: test/geomind/trainingdata/mined_expanded_corpus_cloze_part05.txt]
  Progress -> 2.83072% (3509.07 / 123964 KB) | LR: 0.00151837 | TTemp: 1.1599 | VTemp: 1.0
  Train -> TL: 4.78476 | ATL: 4.78979 | ITPPL: 119.673 | ATPPL: 120.276 | ENT: 6.71631b | CERT: 8.05218%
  Val   -> VL: 5.18119 | AVL: 5.17897 | IVPPL: 177.894 | AVPPL: 177.5 | VENT: 7.18892b | VCERT: 10.4801%

[GeoMind CAUSAL CE Stream] Ep 1.0/Inf | Mixed Stream | Last: D[9.0: test/geomind/trainingdata/mined_expanded_corpus_cloze_part05.txt]
  Progress -> 2.83827% (3518.42 / 123964 KB) | LR: 0.00151939 | TTemp: 1.15768 | VTemp: 1.0
  Train -> TL: 4.8341 | ATL: 4.78968 | ITPPL: 125.726 | ATPPL: 120.262 | ENT: 6.7659b | CERT: 7.68224%
  Val   -> VL: 5.18192 | AVL: 5.17985 | IVPPL: 178.024 | AVPPL: 177.657 | VENT: 7.18887b | VCERT: 10.5308%

[GeoMind CAUSAL CE Stream] Ep 1.0/Inf | Mixed Stream | Last: D[9.0: test/geomind/trainingdata/mined_expanded_corpus_cloze_part05.txt]
  Progress -> 2.8442% (3525.78 / 123964 KB) | LR: 0.00151947 | TTemp: 1.15667 | VTemp: 1.0
  Train -> TL: 4.75684 | ATL: 4.77811 | ITPPL: 116.377 | ATPPL: 118.88 | ENT: 6.73772b | CERT: 8.24504%
  Val   -> VL: 5.18038 | AVL: 5.18001 | IVPPL: 177.751 | AVPPL: 177.685 | VENT: 7.15803b | VCERT: 10.7858%

[GeoMind CAUSAL CE Stream] Ep 1.0/Inf | Mixed Stream | Last: D[9.0: test/geomind/trainingdata/mined_expanded_corpus_cloze_part05.txt]
  Progress -> 2.85137% (3534.66 / 123964 KB) | LR: 0.00151869 | TTemp: 1.15658 | VTemp: 1.0
  Train -> TL: 4.79177 | ATL: 4.76622 | ITPPL: 120.514 | ATPPL: 117.475 | ENT: 6.74257b | CERT: 8.06393%
  Val   -> VL: 5.1745 | AVL: 5.17836 | IVPPL: 176.708 | AVPPL: 177.391 | VENT: 7.17044b | VCERT: 10.3605%

[GeoMind CAUSAL CE Stream] Ep 1.0/Inf | Mixed Stream | Last: D[9.0: test/geomind/trainingdata/mined_expanded_corpus_cloze_part05.txt]
  Progress -> 2.86112% (3546.75 / 123964 KB) | LR: 0.00151826 | TTemp: 1.15636 | VTemp: 1.0
  Train -> TL: 4.79795 | ATL: 4.76987 | ITPPL: 121.262 | ATPPL: 117.904 | ENT: 6.75822b | CERT: 8.09095%
  Val   -> VL: 5.18415 | AVL: 5.1801 | IVPPL: 178.422 | AVPPL: 177.7 | VENT: 7.15698b | VCERT: 10.3351%

[GeoMind CAUSAL CE Stream] Ep 1.0/Inf | Mixed Stream | Last: D[9.0: test/geomind/trainingdata/mined_expanded_corpus_cloze_part05.txt]
  Progress -> 2.86822% (3555.55 / 123964 KB) | LR: 0.00151856 | TTemp: 1.15547 | VTemp: 1.0
  Train -> TL: 4.89211 | ATL: 4.7796 | ITPPL: 133.234 | ATPPL: 119.056 | ENT: 6.75255b | CERT: 7.98009%
  Val   -> VL: 5.18155 | AVL: 5.18053 | IVPPL: 177.959 | AVPPL: 177.778 | VENT: 7.1775b | VCERT: 10.1365%

[GeoMind CAUSAL CE Stream] Ep 1.0/Inf | Mixed Stream | Last: D[9.0: test/geomind/trainingdata/mined_expanded_corpus_cloze_part05.txt]
  Progress -> 2.87448% (3563.31 / 123964 KB) | LR: 0.0015189 | TTemp: 1.15495 | VTemp: 1.0
  Train -> TL: 4.89769 | ATL: 4.78055 | ITPPL: 133.98 | ATPPL: 119.17 | ENT: 6.76853b | CERT: 7.92801%
  Val   -> VL: 5.19395 | AVL: 5.18456 | IVPPL: 180.179 | AVPPL: 178.495 | VENT: 7.19103b | VCERT: 10.0947%

[GeoMind CAUSAL CE Stream] Ep 1.0/Inf | Mixed Stream | Last: D[9.0: test/geomind/trainingdata/mined_expanded_corpus_cloze_part05.txt]
  Progress -> 2.88061% (3570.9 / 123964 KB) | LR: 0.00151748 | TTemp: 1.16438 | VTemp: 1.0
  Train -> TL: 4.86024 | ATL: 4.75642 | ITPPL: 129.055 | ATPPL: 116.329 | ENT: 6.73169b | CERT: 8.35045%
  Val   -> VL: 5.20961 | AVL: 5.19208 | IVPPL: 183.023 | AVPPL: 179.841 | VENT: 7.18298b | VCERT: 10.2705%

[GeoMind CAUSAL CE Stream] Ep 1.0/Inf | Mixed Stream | Last: D[9.0: test/geomind/trainingdata/mined_expanded_corpus_cloze_part05.txt]
  Progress -> 2.88806% (3580.14 / 123964 KB) | LR: 0.00151605 | TTemp: 1.16531 | VTemp: 1.0
  Train -> TL: 4.9083 | ATL: 4.75441 | ITPPL: 135.409 | ATPPL: 116.095 | ENT: 6.677b | CERT: 8.20637%
  Val   -> VL: 5.20371 | AVL: 5.19557 | IVPPL: 181.946 | AVPPL: 180.47 | VENT: 7.20669b | VCERT: 10.1973%

[GeoMind CAUSAL CE Stream] Ep 1.0/Inf | Mixed Stream | Last: D[9.0: test/geomind/trainingdata/mined_expanded_corpus_cloze_part05.txt]
  Progress -> 2.89625% (3590.3 / 123964 KB) | LR: 0.00151506 | TTemp: 1.16574 | VTemp: 1.0
  Train -> TL: 4.96306 | ATL: 4.75858 | ITPPL: 143.03 | ATPPL: 116.581 | ENT: 6.84437b | CERT: 7.35665%
  Val   -> VL: 5.19341 | AVL: 5.19492 | IVPPL: 180.081 | AVPPL: 180.353 | VENT: 7.23272b | VCERT: 10.1006%

[GeoMind CAUSAL CE Stream] Ep 1.0/Inf | Mixed Stream | Last: D[9.0: test/geomind/trainingdata/mined_expanded_corpus_cloze_part05.txt]
  Progress -> 2.90336% (3599.12 / 123964 KB) | LR: 0.00151389 | TTemp: 1.16635 | VTemp: 1.0
  Train -> TL: 4.67482 | ATL: 4.75463 | ITPPL: 107.213 | ATPPL: 116.12 | ENT: 6.79641b | CERT: 7.76335%
  Val   -> VL: 5.19268 | AVL: 5.19425 | IVPPL: 179.95 | AVPPL: 180.232 | VENT: 7.21322b | VCERT: 10.1873%

[GeoMind CAUSAL CE Stream] Ep 1.0/Inf | Mixed Stream | Last: D[9.0: test/geomind/trainingdata/mined_expanded_corpus_cloze_part05.txt]
  Progress -> 2.91131% (3608.97 / 123964 KB) | LR: 0.0015113 | TTemp: 1.1681 | VTemp: 1.0
  Train -> TL: 4.6738 | ATL: 4.73342 | ITPPL: 107.104 | ATPPL: 113.684 | ENT: 6.67981b | CERT: 8.50443%
  Val   -> VL: 5.17812 | AVL: 5.18941 | IVPPL: 177.349 | AVPPL: 179.362 | VENT: 7.15252b | VCERT: 10.8216%

[GeoMind CAUSAL CE Stream] Ep 1.0/Inf | Mixed Stream | Last: D[9.0: test/geomind/trainingdata/mined_expanded_corpus_cloze_part05.txt]
  Progress -> 2.92016% (3619.94 / 123964 KB) | LR: 0.00150829 | TTemp: 1.16979 | VTemp: 1.0
  Train -> TL: 4.66242 | ATL: 4.72378 | ITPPL: 105.892 | ATPPL: 112.593 | ENT: 6.60599b | CERT: 9.36375%
  Val   -> VL: 5.16647 | AVL: 5.18253 | IVPPL: 175.295 | AVPPL: 178.132 | VENT: 7.16342b | VCERT: 10.5329%

[GeoMind CAUSAL CE Stream] Ep 1.0/Inf | Mixed Stream | Last: D[9.0: test/geomind/trainingdata/mined_expanded_corpus_cloze_part05.txt]
  Progress -> 2.92985% (3631.95 / 123964 KB) | LR: 0.00150764 | TTemp: 1.16882 | VTemp: 1.0
  Train -> TL: 4.91559 | ATL: 4.75247 | ITPPL: 136.4 | ATPPL: 115.87 | ENT: 6.7207b | CERT: 8.55225%
  Val   -> VL: 5.17141 | AVL: 5.17919 | IVPPL: 176.163 | AVPPL: 177.539 | VENT: 7.21938b | VCERT: 10.1656%

[GeoMind CAUSAL CE Stream] Ep 1.0/Inf | Mixed Stream | Last: D[9.0: test/geomind/trainingdata/mined_expanded_corpus_cloze_part05.txt]
  Progress -> 2.93852% (3642.7 / 123964 KB) | LR: 0.00150783 | TTemp: 1.16702 | VTemp: 1.0
  Train -> TL: 4.79267 | ATL: 4.76331 | ITPPL: 120.623 | ATPPL: 117.133 | ENT: 6.6908b | CERT: 8.94747%
  Val   -> VL: 5.17162 | AVL: 5.17692 | IVPPL: 176.199 | AVPPL: 177.136 | VENT: 7.22277b | VCERT: 9.94175%

[GeoMind CAUSAL CE Stream] Ep 1.0/Inf | Mixed Stream | Last: D[9.0: test/geomind/trainingdata/mined_expanded_corpus_cloze_part05.txt]
  Progress -> 2.94743% (3653.74 / 123964 KB) | LR: 0.00150777 | TTemp: 1.16566 | VTemp: 1.0
  Train -> TL: 4.83461 | ATL: 4.76 | ITPPL: 125.789 | ATPPL: 116.745 | ENT: 6.5738b | CERT: 9.36394%
  Val   -> VL: 5.1733 | AVL: 5.17583 | IVPPL: 176.496 | AVPPL: 176.944 | VENT: 7.21667b | VCERT: 10.0347%

[GeoMind CAUSAL CE Stream] Ep 1.0/Inf | Mixed Stream | Last: D[9.0: test/geomind/trainingdata/mined_expanded_corpus_cloze_part05.txt]
  Progress -> 2.95871% (3667.72 / 123964 KB) | LR: 0.00150771 | TTemp: 1.16448 | VTemp: 1.0
  Train -> TL: 4.8114 | ATL: 4.76004 | ITPPL: 122.903 | ATPPL: 116.75 | ENT: 6.64349b | CERT: 8.74033%
  Val   -> VL: 5.17528 | AVL: 5.17567 | IVPPL: 176.845 | AVPPL: 176.914 | VENT: 7.22157b | VCERT: 10.2207%

[GeoMind CAUSAL CE Stream] Ep 1.0/Inf | Mixed Stream | Last: D[9.0: test/geomind/trainingdata/mined_expanded_corpus_cloze_part05.txt]
  Progress -> 2.96906% (3680.56 / 123964 KB) | LR: 0.00150837 | TTemp: 1.16257 | VTemp: 1.0
  Train -> TL: 4.69068 | ATL: 4.7699 | ITPPL: 108.927 | ATPPL: 117.908 | ENT: 6.6071b | CERT: 8.92836%
  Val   -> VL: 5.16804 | AVL: 5.17338 | IVPPL: 175.57 | AVPPL: 176.51 | VENT: 7.19385b | VCERT: 10.1462%

[GeoMind CAUSAL CE Stream] Ep 1.0/Inf | Mixed Stream | Last: D[9.0: test/geomind/trainingdata/mined_expanded_corpus_cloze_part05.txt]
  Progress -> 2.98015% (3694.3 / 123964 KB) | LR: 0.00150801 | TTemp: 1.16196 | VTemp: 1.0
  Train -> TL: 4.52088 | ATL: 4.75655 | ITPPL: 91.9163 | ATPPL: 116.344 | ENT: 6.45676b | CERT: 10.0791%
  Val   -> VL: 5.17384 | AVL: 5.17352 | IVPPL: 176.592 | AVPPL: 176.534 | VENT: 7.16338b | VCERT: 10.1898%

[GeoMind CAUSAL CE Stream] Ep 1.0/Inf | Mixed Stream | Last: D[9.0: test/geomind/trainingdata/mined_expanded_corpus_cloze_part05.txt]
  Progress -> 2.9939% (3711.34 / 123964 KB) | LR: 0.00150654 | TTemp: 1.16252 | VTemp: 1.0
  Train -> TL: 4.58225 | ATL: 4.74069 | ITPPL: 97.7344 | ATPPL: 114.513 | ENT: 6.36414b | CERT: 11.2209%
  Val   -> VL: 5.16875 | AVL: 5.17209 | IVPPL: 175.696 | AVPPL: 176.282 | VENT: 7.06706b | VCERT: 11.0508%

[GeoMind CAUSAL CE Stream] Ep 1.0/Inf | Mixed Stream | Last: D[9.0: test/geomind/trainingdata/mined_expanded_corpus_cloze_part05.txt]
  Progress -> 3.00466% (3724.68 / 123964 KB) | LR: 0.00150517 | TTemp: 1.16282 | VTemp: 1.0
  Train -> TL: 4.63411 | ATL: 4.74007 | ITPPL: 102.936 | ATPPL: 114.442 | ENT: 6.45572b | CERT: 10.4088%
  Val   -> VL: 5.16233 | AVL: 5.16916 | IVPPL: 174.57 | AVPPL: 175.767 | VENT: 7.10893b | VCERT: 10.7132%

[GeoMind CAUSAL CE Stream] Ep 1.0/Inf | Mixed Stream | Last: D[9.0: test/geomind/trainingdata/mined_expanded_corpus_cloze_part05.txt]
  Progress -> 3.01377% (3735.98 / 123964 KB) | LR: 0.00150342 | TTemp: 1.16348 | VTemp: 1.0
  Train -> TL: 4.70573 | ATL: 4.73287 | ITPPL: 110.579 | ATPPL: 113.622 | ENT: 6.5008b | CERT: 10.0669%
  Val   -> VL: 5.16312 | AVL: 5.16735 | IVPPL: 174.709 | AVPPL: 175.449 | VENT: 7.10917b | VCERT: 10.7965%

[GeoMind CAUSAL CE Stream] Ep 1.0/Inf | Mixed Stream | Last: D[9.0: test/geomind/trainingdata/mined_expanded_corpus_cloze_part05.txt]
  Progress -> 3.02429% (3749.02 / 123964 KB) | LR: 0.00150101 | TTemp: 1.16468 | VTemp: 1.0
  Train -> TL: 4.66723 | ATL: 4.7213 | ITPPL: 106.402 | ATPPL: 112.315 | ENT: 6.51131b | CERT: 9.39765%
  Val   -> VL: 5.15715 | AVL: 5.16429 | IVPPL: 173.67 | AVPPL: 174.913 | VENT: 7.14294b | VCERT: 10.381%

[GeoMind CAUSAL CE Stream] Ep 1.0/Inf | Mixed Stream | Last: D[9.0: test/geomind/trainingdata/mined_expanded_corpus_cloze_part05.txt]
  Progress -> 3.03368% (3760.66 / 123964 KB) | LR: 0.00149804 | TTemp: 1.16668 | VTemp: 1.0
  Train -> TL: 4.46042 | ATL: 4.71007 | ITPPL: 86.5239 | ATPPL: 111.06 | ENT: 6.31297b | CERT: 12.3282%
  Val   -> VL: 5.17009 | AVL: 5.16603 | IVPPL: 175.931 | AVPPL: 175.218 | VENT: 7.12764b | VCERT: 10.4297%

[GeoMind CAUSAL CE Stream] Ep 1.0/Inf | Mixed Stream | Last: D[9.0: test/geomind/trainingdata/mined_expanded_corpus_cloze_part05.txt]
  Progress -> 3.04297% (3772.18 / 123964 KB) | LR: 0.00149541 | TTemp: 1.16832 | VTemp: 1.0
  Train -> TL: 4.7059 | ATL: 4.71078 | ITPPL: 110.598 | ATPPL: 111.138 | ENT: 6.54575b | CERT: 10.2514%
  Val   -> VL: 5.16576 | AVL: 5.16595 | IVPPL: 175.171 | AVPPL: 175.204 | VENT: 7.1303b | VCERT: 10.5581%

[GeoMind CAUSAL CE Stream] Ep 1.0/Inf | Mixed Stream | Last: D[9.0: test/geomind/trainingdata/mined_expanded_corpus_cloze_part05.txt]
  Progress -> 3.0503% (3781.27 / 123964 KB) | LR: 0.00149186 | TTemp: 1.17085 | VTemp: 1.0
  Train -> TL: 4.49349 | ATL: 4.69437 | ITPPL: 89.4328 | ATPPL: 109.33 | ENT: 6.4304b | CERT: 9.69067%
  Val   -> VL: 5.16215 | AVL: 5.16481 | IVPPL: 174.539 | AVPPL: 175.004 | VENT: 7.07611b | VCERT: 10.6585%

[GeoMind CAUSAL CE Stream] Ep 1.0/Inf | Mixed Stream | Last: D[9.0: test/geomind/trainingdata/mined_expanded_corpus_cloze_part05.txt]
  Progress -> 3.05864% (3791.6 / 123964 KB) | LR: 0.00148867 | TTemp: 1.17287 | VTemp: 1.0
  Train -> TL: 4.60352 | ATL: 4.69443 | ITPPL: 99.8349 | ATPPL: 109.337 | ENT: 6.4011b | CERT: 10.086%
  Val   -> VL: 5.15894 | AVL: 5.16305 | IVPPL: 173.98 | AVPPL: 174.696 | VENT: 7.07278b | VCERT: 10.641%

[GeoMind CAUSAL CE Stream] Ep 1.0/Inf | Mixed Stream | Last: D[9.0: test/geomind/trainingdata/mined_expanded_corpus_cloze_part05.txt]
  Progress -> 3.06651% (3801.36 / 123964 KB) | LR: 0.00148494 | TTemp: 1.17539 | VTemp: 1.0
  Train -> TL: 4.56838 | ATL: 4.68235 | ITPPL: 96.3874 | ATPPL: 108.024 | ENT: 6.40103b | CERT: 10.0886%
  Val   -> VL: 5.15871 | AVL: 5.16175 | IVPPL: 173.94 | AVPPL: 174.469 | VENT: 7.05913b | VCERT: 10.5319%

[GeoMind CAUSAL CE Stream] Ep 1.0/Inf | Mixed Stream | Last: D[9.0: test/geomind/trainingdata/mined_expanded_corpus_cloze_part05.txt]
  Progress -> 3.07582% (3812.9 / 123964 KB) | LR: 0.00148226 | TTemp: 1.17659 | VTemp: 1.0
  Train -> TL: 4.67784 | ATL: 4.69198 | ITPPL: 107.537 | ATPPL: 109.069 | ENT: 6.42176b | CERT: 10.5809%
  Val   -> VL: 5.15143 | AVL: 5.15865 | IVPPL: 172.677 | AVPPL: 173.93 | VENT: 7.09725b | VCERT: 10.4315%

[GeoMind CAUSAL CE Stream] Ep 1.0/Inf | Mixed Stream | Last: D[9.0: test/geomind/trainingdata/mined_expanded_corpus_cloze_part05.txt]
  Progress -> 3.0818% (3820.32 / 123964 KB) | LR: 0.00148063 | TTemp: 1.17658 | VTemp: 1.0
  Train -> TL: 4.83479 | ATL: 4.70272 | ITPPL: 125.812 | ATPPL: 110.246 | ENT: 6.49727b | CERT: 10.3238%
  Val   -> VL: 5.14922 | AVL: 5.15582 | IVPPL: 172.298 | AVPPL: 173.438 | VENT: 7.13872b | VCERT: 10.2731%

[GeoMind CAUSAL CE Stream] Ep 1.0/Inf | Mixed Stream | Last: D[9.0: test/geomind/trainingdata/mined_expanded_corpus_cloze_part05.txt]
  Progress -> 3.08969% (3830.1 / 123964 KB) | LR: 0.00147826 | TTemp: 1.17775 | VTemp: 1.0
  Train -> TL: 4.4514 | ATL: 4.69019 | ITPPL: 85.7469 | ATPPL: 108.874 | ENT: 6.37717b | CERT: 10.3571%
  Val   -> VL: 5.16613 | AVL: 5.15891 | IVPPL: 175.235 | AVPPL: 173.975 | VENT: 7.08589b | VCERT: 10.4404%

[GeoMind CAUSAL CE Stream] Ep 1.0/Inf | Mixed Stream | Last: D[9.0: test/geomind/trainingdata/mined_expanded_corpus_cloze_part05.txt]
  Progress -> 3.09766% (3839.98 / 123964 KB) | LR: 0.00147536 | TTemp: 1.17974 | VTemp: 1.0
  Train -> TL: 4.64789 | ATL: 4.67953 | ITPPL: 104.365 | ATPPL: 107.72 | ENT: 6.42522b | CERT: 9.69965%
  Val   -> VL: 5.16793 | AVL: 5.16162 | IVPPL: 175.551 | AVPPL: 174.447 | VENT: 7.08523b | VCERT: 10.6666%

[GeoMind CAUSAL CE Stream] Ep 1.0/Inf | Mixed Stream | Last: D[9.0: test/geomind/trainingdata/mined_expanded_corpus_cloze_part05.txt]
  Progress -> 3.1041% (3847.95 / 123964 KB) | LR: 0.00147274 | TTemp: 1.18153 | VTemp: 1.0
  Train -> TL: 4.76005 | ATL: 4.67938 | ITPPL: 116.752 | ATPPL: 107.704 | ENT: 6.48416b | CERT: 9.49804%
  Val   -> VL: 5.16507 | AVL: 5.16265 | IVPPL: 175.05 | AVPPL: 174.627 | VENT: 7.11012b | VCERT: 10.2426%

[GeoMind CAUSAL CE Stream] Ep 1.0/Inf | Mixed Stream | Last: D[9.0: test/geomind/trainingdata/mined_expanded_corpus_cloze_part05.txt]
  Progress -> 3.10956% (3854.72 / 123964 KB) | LR: 0.0014712 | TTemp: 1.18223 | VTemp: 1.0
  Train -> TL: 4.65091 | ATL: 4.69072 | ITPPL: 104.68 | ATPPL: 108.931 | ENT: 6.5219b | CERT: 9.36274%
  Val   -> VL: 5.16455 | AVL: 5.16322 | IVPPL: 174.958 | AVPPL: 174.727 | VENT: 7.07515b | VCERT: 10.3833%

[GeoMind CAUSAL CE Stream] Ep 1.0/Inf | Mixed Stream | Last: D[9.0: test/geomind/trainingdata/mined_expanded_corpus_cloze_part05.txt]
  Progress -> 3.11545% (3862.02 / 123964 KB) | LR: 0.00147026 | TTemp: 1.18238 | VTemp: 1.0
  Train -> TL: 4.7271 | ATL: 4.6969 | ITPPL: 112.968 | ATPPL: 109.607 | ENT: 6.5808b | CERT: 8.59196%
  Val   -> VL: 5.16342 | AVL: 5.16328 | IVPPL: 174.761 | AVPPL: 174.737 | VENT: 7.03644b | VCERT: 10.9461%

[GeoMind CAUSAL CE Stream] Ep 1.0/Inf | Mixed Stream | Last: D[9.0: test/geomind/trainingdata/mined_expanded_corpus_cloze_part05.txt]
  Progress -> 3.12287% (3871.22 / 123964 KB) | LR: 0.00147053 | TTemp: 1.18136 | VTemp: 1.0
  Train -> TL: 4.73953 | ATL: 4.71252 | ITPPL: 114.381 | ATPPL: 111.333 | ENT: 6.56366b | CERT: 8.94859%
  Val   -> VL: 5.16463 | AVL: 5.16369 | IVPPL: 174.973 | AVPPL: 174.808 | VENT: 7.03651b | VCERT: 11.0777%

[GeoMind CAUSAL CE Stream] Ep 1.0/Inf | Mixed Stream | Last: D[9.0: test/geomind/trainingdata/mined_expanded_corpus_cloze_part05.txt]
  Progress -> 3.13061% (3880.82 / 123964 KB) | LR: 0.00147085 | TTemp: 1.18051 | VTemp: 1.0
  Train -> TL: 4.43909 | ATL: 4.71343 | ITPPL: 84.6976 | ATPPL: 111.433 | ENT: 6.3103b | CERT: 10.8951%
  Val   -> VL: 5.16736 | AVL: 5.16479 | IVPPL: 175.451 | AVPPL: 175 | VENT: 7.04836b | VCERT: 10.7655%

[GeoMind CAUSAL CE Stream] Ep 1.0/Inf | Mixed Stream | Last: D[9.0: test/geomind/trainingdata/mined_expanded_corpus_cloze_part05.txt]
  Progress -> 3.13805% (3890.04 / 123964 KB) | LR: 0.00147088 | TTemp: 1.18028 | VTemp: 1.0
  Train -> TL: 4.48622 | ATL: 4.70997 | ITPPL: 88.7849 | ATPPL: 111.049 | ENT: 6.23805b | CERT: 10.749%
  Val   -> VL: 5.17537 | AVL: 5.16796 | IVPPL: 176.861 | AVPPL: 175.557 | VENT: 7.02535b | VCERT: 10.8252%

[GeoMind CAUSAL CE Stream] Ep 1.0/Inf | Mixed Stream | Last: D[9.0: test/geomind/trainingdata/mined_expanded_corpus_cloze_part05.txt]
  Progress -> 3.14598% (3899.87 / 123964 KB) | LR: 0.00146991 | TTemp: 1.18901 | VTemp: 1.0
  Train -> TL: 4.49344 | ATL: 4.69609 | ITPPL: 89.4288 | ATPPL: 109.518 | ENT: 6.10109b | CERT: 13.2852%
  Val   -> VL: 5.18503 | AVL: 5.17308 | IVPPL: 178.579 | AVPPL: 176.458 | VENT: 7.00541b | VCERT: 11.3039%

[GeoMind CAUSAL CE Stream] Ep 1.0/Inf | Mixed Stream | Last: D[9.0: test/geomind/trainingdata/mined_expanded_corpus_cloze_part05.txt]
  Progress -> 3.15248% (3907.93 / 123964 KB) | LR: 0.00146738 | TTemp: 1.19055 | VTemp: 1.0
  Train -> TL: 4.57017 | ATL: 4.67303 | ITPPL: 96.5604 | ATPPL: 107.022 | ENT: 6.29057b | CERT: 11.1044%
  Val   -> VL: 5.16792 | AVL: 5.17153 | IVPPL: 175.549 | AVPPL: 176.185 | VENT: 7.01937b | VCERT: 10.9421%

[GeoMind CAUSAL CE Stream] Ep 1.0/Inf | Mixed Stream | Last: D[9.0: test/geomind/trainingdata/mined_expanded_corpus_cloze_part05.txt]
  Progress -> 3.15955% (3916.7 / 123964 KB) | LR: 0.0014663 | TTemp: 1.19039 | VTemp: 1.0
  Train -> TL: 4.78106 | ATL: 4.68977 | ITPPL: 119.23 | ATPPL: 108.828 | ENT: 6.41014b | CERT: 10.0647%
  Val   -> VL: 5.16231 | AVL: 5.16877 | IVPPL: 174.567 | AVPPL: 175.698 | VENT: 7.03281b | VCERT: 11.2154%

[GeoMind CAUSAL CE Stream] Ep 1.0/Inf | Mixed Stream | Last: D[9.0: test/geomind/trainingdata/mined_expanded_corpus_cloze_part05.txt]
  Progress -> 3.16593% (3924.6 / 123964 KB) | LR: 0.00146675 | TTemp: 1.18868 | VTemp: 1.0
  Train -> TL: 4.77513 | ATL: 4.70939 | ITPPL: 118.526 | ATPPL: 110.985 | ENT: 6.4127b | CERT: 9.9476%
  Val   -> VL: 5.16423 | AVL: 5.1674 | IVPPL: 174.903 | AVPPL: 175.459 | VENT: 7.00502b | VCERT: 11.526%

[GeoMind CAUSAL CE Stream] Ep 1.0/Inf | Mixed Stream | Last: D[9.0: test/geomind/trainingdata/mined_expanded_corpus_cloze_part05.txt]
  Progress -> 3.17206% (3932.2 / 123964 KB) | LR: 0.00146681 | TTemp: 1.18768 | VTemp: 1.0
  Train -> TL: 4.57388 | ATL: 4.70469 | ITPPL: 96.9198 | ATPPL: 110.464 | ENT: 6.40023b | CERT: 10.6257%
  Val   -> VL: 5.17187 | AVL: 5.16874 | IVPPL: 176.244 | AVPPL: 175.694 | VENT: 7.01623b | VCERT: 11.2884%

[GeoMind CAUSAL CE Stream] Ep 1.0/Inf | Mixed Stream | Last: D[9.0: test/geomind/trainingdata/mined_expanded_corpus_cloze_part05.txt]
  Progress -> 3.18003% (3942.08 / 123964 KB) | LR: 0.00146774 | TTemp: 1.18585 | VTemp: 1.0
  Train -> TL: 4.76063 | ATL: 4.71683 | ITPPL: 116.819 | ATPPL: 111.814 | ENT: 6.47522b | CERT: 9.92019%
  Val   -> VL: 5.16521 | AVL: 5.16768 | IVPPL: 175.074 | AVPPL: 175.508 | VENT: 7.0376b | VCERT: 10.9884%

[GeoMind CAUSAL CE Stream] Ep 1.0/Inf | Mixed Stream | Last: D[9.0: test/geomind/trainingdata/mined_expanded_corpus_cloze_part05.txt]
  Progress -> 3.18682% (3950.5 / 123964 KB) | LR: 0.00146904 | TTemp: 1.18381 | VTemp: 1.0
  Train -> TL: 4.77409 | ATL: 4.72321 | ITPPL: 118.402 | ATPPL: 112.529 | ENT: 6.57249b | CERT: 9.62959%
  Val   -> VL: 5.16788 | AVL: 5.16774 | IVPPL: 175.543 | AVPPL: 175.518 | VENT: 7.01831b | VCERT: 11.2053%

[GeoMind CAUSAL CE Stream] Ep 1.0/Inf | Mixed Stream | Last: D[9.0: test/geomind/trainingdata/mined_expanded_corpus_cloze_part05.txt]
  Progress -> 3.19415% (3959.59 / 123964 KB) | LR: 0.00147006 | TTemp: 1.18225 | VTemp: 1.0
  Train -> TL: 4.697 | ATL: 4.72122 | ITPPL: 109.618 | ATPPL: 112.305 | ENT: 6.51246b | CERT: 9.67691%
  Val   -> VL: 5.16867 | AVL: 5.16802 | IVPPL: 175.681 | AVPPL: 175.567 | VENT: 6.99499b | VCERT: 11.6801%

[GeoMind CAUSAL CE Stream] Ep 1.0/Inf | Mixed Stream | Last: D[9.0: test/geomind/trainingdata/mined_expanded_corpus_cloze_part05.txt]
  Progress -> 3.20159% (3968.81 / 123964 KB) | LR: 0.00147022 | TTemp: 1.18204 | VTemp: 1.0
  Train -> TL: 4.50338 | ATL: 4.71058 | ITPPL: 90.3221 | ATPPL: 111.117 | ENT: 6.22036b | CERT: 13.6277%
  Val   -> VL: 5.1824 | AVL: 5.17234 | IVPPL: 178.11 | AVPPL: 176.326 | VENT: 7.04254b | VCERT: 10.8916%

[GeoMind CAUSAL CE Stream] Ep 1.0/Inf | Mixed Stream | Last: D[9.0: test/geomind/trainingdata/mined_expanded_corpus_cloze_part05.txt]
  Progress -> 3.20971% (3978.88 / 123964 KB) | LR: 0.00146918 | TTemp: 1.18271 | VTemp: 1.0
  Train -> TL: 4.67861 | ATL: 4.69415 | ITPPL: 107.621 | ATPPL: 109.306 | ENT: 6.45633b | CERT: 9.96909%
  Val   -> VL: 5.15503 | AVL: 5.16714 | IVPPL: 173.301 | AVPPL: 175.413 | VENT: 7.01185b | VCERT: 11.2779%

[GeoMind CAUSAL CE Stream] Ep 1.0/Inf | Mixed Stream | Last: D[9.0: test/geomind/trainingdata/mined_expanded_corpus_cloze_part05.txt]
  Progress -> 3.21697% (3987.88 / 123964 KB) | LR: 0.00146806 | TTemp: 1.18316 | VTemp: 1.0
  Train -> TL: 4.80028 | ATL: 4.69165 | ITPPL: 121.544 | ATPPL: 109.033 | ENT: 6.54348b | CERT: 9.50512%
  Val   -> VL: 5.1535 | AVL: 5.16305 | IVPPL: 173.037 | AVPPL: 174.697 | VENT: 7.02382b | VCERT: 11.2125%

[GeoMind CAUSAL CE Stream] Ep 1.0/Inf | Mixed Stream | Last: D[9.0: test/geomind/trainingdata/mined_expanded_corpus_cloze_part05.txt]
  Progress -> 3.22301% (3995.36 / 123964 KB) | LR: 0.00146765 | TTemp: 1.18271 | VTemp: 1.0
  Train -> TL: 4.77177 | ATL: 4.69998 | ITPPL: 118.128 | ATPPL: 109.945 | ENT: 6.56522b | CERT: 9.18229%
  Val   -> VL: 5.15408 | AVL: 5.16036 | IVPPL: 173.137 | AVPPL: 174.227 | VENT: 7.01269b | VCERT: 11.3682%

[GeoMind CAUSAL CE Stream] Ep 1.0/Inf | Mixed Stream | Last: D[9.0: test/geomind/trainingdata/mined_expanded_corpus_cloze_part05.txt]
  Progress -> 3.22923% (4003.07 / 123964 KB) | LR: 0.00146827 | TTemp: 1.18122 | VTemp: 1.0
  Train -> TL: 4.84774 | ATL: 4.71361 | ITPPL: 127.452 | ATPPL: 111.454 | ENT: 6.63414b | CERT: 8.94346%
  Val   -> VL: 5.1563 | AVL: 5.15914 | IVPPL: 173.521 | AVPPL: 174.015 | VENT: 7.02916b | VCERT: 11.1629%

[GeoMind CAUSAL CE Stream] Ep 1.0/Inf | Mixed Stream | Last: D[9.0: test/geomind/trainingdata/mined_expanded_corpus_cloze_part05.txt]
  Progress -> 3.2356% (4010.97 / 123964 KB) | LR: 0.00146866 | TTemp: 1.18033 | VTemp: 1.0
  Train -> TL: 4.69548 | ATL: 4.7114 | ITPPL: 109.452 | ATPPL: 111.208 | ENT: 6.56747b | CERT: 8.93482%
  Val   -> VL: 5.1685 | AVL: 5.16195 | IVPPL: 175.652 | AVPPL: 174.505 | VENT: 7.02417b | VCERT: 11.4403%

[GeoMind CAUSAL CE Stream] Ep 1.0/Inf | Mixed Stream | Last: D[9.0: test/geomind/trainingdata/mined_expanded_corpus_cloze_part05.txt]
  Progress -> 3.24317% (4020.35 / 123964 KB) | LR: 0.00146774 | TTemp: 1.18082 | VTemp: 1.0
  Train -> TL: 4.74699 | ATL: 4.69374 | ITPPL: 115.237 | ATPPL: 109.261 | ENT: 6.55751b | CERT: 9.59733%
  Val   -> VL: 5.15881 | AVL: 5.16101 | IVPPL: 173.957 | AVPPL: 174.34 | VENT: 7.0128b | VCERT: 11.3871%

[GeoMind CAUSAL CE Stream] Ep 1.0/Inf | Mixed Stream | Last: D[9.0: test/geomind/trainingdata/mined_expanded_corpus_cloze_part05.txt]
  Progress -> 3.25031% (4029.21 / 123964 KB) | LR: 0.00146696 | TTemp: 1.18133 | VTemp: 1.0
  Train -> TL: 4.86589 | ATL: 4.69428 | ITPPL: 129.787 | ATPPL: 109.32 | ENT: 6.63224b | CERT: 8.63284%
  Val   -> VL: 5.16649 | AVL: 5.16265 | IVPPL: 175.299 | AVPPL: 174.627 | VENT: 6.99957b | VCERT: 11.5332%

[GeoMind CAUSAL CE Stream] Ep 1.0/Inf | Mixed Stream | Last: D[9.0: test/geomind/trainingdata/mined_expanded_corpus_cloze_part05.txt]
  Progress -> 3.25716% (4037.69 / 123964 KB) | LR: 0.0014657 | TTemp: 1.18215 | VTemp: 1.0
  Train -> TL: 4.65865 | ATL: 4.6866 | ITPPL: 105.493 | ATPPL: 108.484 | ENT: 6.51561b | CERT: 9.27327%
  Val   -> VL: 5.15464 | AVL: 5.16025 | IVPPL: 173.234 | AVPPL: 174.208 | VENT: 6.97227b | VCERT: 11.6385%

[GeoMind CAUSAL CE Stream] Ep 1.0/Inf | Mixed Stream | Last: D[9.0: test/geomind/trainingdata/mined_expanded_corpus_cloze_part05.txt]
  Progress -> 3.26617% (4048.86 / 123964 KB) | LR: 0.00146448 | TTemp: 1.18283 | VTemp: 1.0
  Train -> TL: 4.66514 | ATL: 4.68542 | ITPPL: 106.181 | ATPPL: 108.356 | ENT: 6.41605b | CERT: 9.91401%
  Val   -> VL: 5.15543 | AVL: 5.15881 | IVPPL: 173.371 | AVPPL: 173.957 | VENT: 6.99661b | VCERT: 11.2995%

[GeoMind CAUSAL CE Stream] Ep 1.0/Inf | Mixed Stream | Last: D[9.0: test/geomind/trainingdata/mined_expanded_corpus_cloze_part05.txt]
  Progress -> 3.27489% (4059.67 / 123964 KB) | LR: 0.00146346 | TTemp: 1.18314 | VTemp: 1.0
  Train -> TL: 4.69205 | ATL: 4.6865 | ITPPL: 109.076 | ATPPL: 108.473 | ENT: 6.42677b | CERT: 10.2156%
  Val   -> VL: 5.15011 | AVL: 5.1562 | IVPPL: 172.451 | AVPPL: 173.504 | VENT: 7.02911b | VCERT: 11.06%

[GeoMind CAUSAL CE Stream] Ep 1.0/Inf | Mixed Stream | Last: D[9.0: test/geomind/trainingdata/mined_expanded_corpus_cloze_part05.txt]
  Progress -> 3.2836% (4070.47 / 123964 KB) | LR: 0.00146281 | TTemp: 1.18301 | VTemp: 1.0
  Train -> TL: 4.7912 | ATL: 4.69018 | ITPPL: 120.445 | ATPPL: 108.873 | ENT: 6.54598b | CERT: 9.30558%
  Val   -> VL: 5.15131 | AVL: 5.15473 | IVPPL: 172.657 | AVPPL: 173.249 | VENT: 7.04532b | VCERT: 11.2064%

[GeoMind CAUSAL CE Stream] Ep 1.0/Inf | Mixed Stream | Last: D[9.0: test/geomind/trainingdata/mined_expanded_corpus_cloze_part05.txt]
  Progress -> 3.29198% (4080.85 / 123964 KB) | LR: 0.00146347 | TTemp: 1.18172 | VTemp: 1.0
  Train -> TL: 4.8407 | ATL: 4.70755 | ITPPL: 126.557 | ATPPL: 110.78 | ENT: 6.60926b | CERT: 9.04128%
  Val   -> VL: 5.16029 | AVL: 5.1564 | IVPPL: 174.216 | AVPPL: 173.539 | VENT: 7.04433b | VCERT: 11.1705%

[GeoMind CAUSAL CE Stream] Ep 1.0/Inf | Mixed Stream | Last: D[9.0: test/geomind/trainingdata/mined_expanded_corpus_cloze_part05.txt]
  Progress -> 3.29926% (4089.88 / 123964 KB) | LR: 0.00146479 | TTemp: 1.18008 | VTemp: 1.0
  Train -> TL: 4.80723 | ATL: 4.71759 | ITPPL: 122.392 | ATPPL: 111.899 | ENT: 6.63844b | CERT: 8.64233%
  Val   -> VL: 5.16548 | AVL: 5.15912 | IVPPL: 175.121 | AVPPL: 174.012 | VENT: 7.02069b | VCERT: 11.3072%

[GeoMind CAUSAL CE Stream] Ep 1.0/Inf | Mixed Stream | Last: D[9.0: test/geomind/trainingdata/mined_expanded_corpus_cloze_part05.txt]
  Progress -> 3.30554% (4097.67 / 123964 KB) | LR: 0.00146694 | TTemp: 1.17783 | VTemp: 1.0
  Train -> TL: 4.90555 | ATL: 4.73105 | ITPPL: 135.037 | ATPPL: 113.415 | ENT: 6.65708b | CERT: 9.09305%
  Val   -> VL: 5.16632 | AVL: 5.16128 | IVPPL: 175.269 | AVPPL: 174.388 | VENT: 7.02404b | VCERT: 11.238%

[GeoMind CAUSAL CE Stream] Ep 1.0/Inf | Mixed Stream | Last: D[9.0: test/geomind/trainingdata/mined_expanded_corpus_cloze_part05.txt]
  Progress -> 3.31417% (4108.37 / 123964 KB) | LR: 0.00146807 | TTemp: 1.17692 | VTemp: 1.0
  Train -> TL: 4.74294 | ATL: 4.71966 | ITPPL: 114.771 | ATPPL: 112.13 | ENT: 6.64668b | CERT: 8.97775%
  Val   -> VL: 5.16737 | AVL: 5.16311 | IVPPL: 175.453 | AVPPL: 174.707 | VENT: 6.99709b | VCERT: 11.8007%

[GeoMind CAUSAL CE Stream] Ep 1.0/Inf | Mixed Stream | Last: D[9.0: test/geomind/trainingdata/mined_expanded_corpus_cloze_part05.txt]
  Progress -> 3.32063% (4116.38 / 123964 KB) | LR: 0.00146927 | TTemp: 1.17617 | VTemp: 1.0
  Train -> TL: 4.68977 | ATL: 4.72241 | ITPPL: 108.828 | ATPPL: 112.439 | ENT: 6.56461b | CERT: 10.0169%
  Val   -> VL: 5.1736 | AVL: 5.16626 | IVPPL: 176.549 | AVPPL: 175.258 | VENT: 6.996b | VCERT: 11.8628%

[GeoMind CAUSAL CE Stream] Ep 1.0/Inf | Mixed Stream | Last: D[9.0: test/geomind/trainingdata/mined_expanded_corpus_cloze_part05.txt]
  Progress -> 3.32637% (4123.49 / 123964 KB) | LR: 0.00146944 | TTemp: 1.1768 | VTemp: 1.0
  Train -> TL: 4.47439 | ATL: 4.7096 | ITPPL: 87.7408 | ATPPL: 111.008 | ENT: 6.06983b | CERT: 14.0085%
  Val   -> VL: 5.18011 | AVL: 5.17041 | IVPPL: 177.702 | AVPPL: 175.987 | VENT: 6.98681b | VCERT: 11.547%

[GeoMind CAUSAL CE Stream] Ep 1.0/Inf | Mixed Stream | Last: D[9.0: test/geomind/trainingdata/mined_expanded_corpus_cloze_part05.txt]
  Progress -> 3.33397% (4132.91 / 123964 KB) | LR: 0.00146955 | TTemp: 1.17746 | VTemp: 1.0
  Train -> TL: 4.63803 | ATL: 4.70913 | ITPPL: 103.341 | ATPPL: 110.955 | ENT: 6.35387b | CERT: 11.2048%
  Val   -> VL: 5.1738 | AVL: 5.17143 | IVPPL: 176.584 | AVPPL: 176.166 | VENT: 7.00174b | VCERT: 11.2325%

[GeoMind CAUSAL CE Stream] Ep 1.0/Inf | Mixed Stream | Last: D[9.0: test/geomind/trainingdata/mined_expanded_corpus_cloze_part05.txt]
  Progress -> 3.34122% (4141.9 / 123964 KB) | LR: 0.00147034 | TTemp: 1.17753 | VTemp: 1.0
  Train -> TL: 4.84683 | ATL: 4.71872 | ITPPL: 127.336 | ATPPL: 112.024 | ENT: 6.4608b | CERT: 10.4335%
  Val   -> VL: 5.18224 | AVL: 5.17467 | IVPPL: 178.082 | AVPPL: 176.739 | VENT: 7.04522b | VCERT: 10.9292%

[GeoMind CAUSAL CE Stream] Ep 1.0/Inf | Mixed Stream | Last: D[9.0: test/geomind/trainingdata/mined_expanded_corpus_cloze_part05.txt]
  Progress -> 3.3469% (4148.94 / 123964 KB) | LR: 0.00147109 | TTemp: 1.17748 | VTemp: 1.0
  Train -> TL: 4.59642 | ATL: 4.71917 | ITPPL: 99.129 | ATPPL: 112.075 | ENT: 6.36082b | CERT: 11.1319%
  Val   -> VL: 5.17105 | AVL: 5.17359 | IVPPL: 176.1 | AVPPL: 176.547 | VENT: 7.0308b | VCERT: 10.9906%

[GeoMind CAUSAL CE Stream] Ep 1.0/Inf | Mixed Stream | Last: D[9.0: test/geomind/trainingdata/mined_expanded_corpus_cloze_part05.txt]
  Progress -> 3.35267% (4156.1 / 123964 KB) | LR: 0.00147239 | TTemp: 1.17677 | VTemp: 1.0
  Train -> TL: 4.79903 | ATL: 4.72794 | ITPPL: 121.393 | ATPPL: 113.062 | ENT: 6.44848b | CERT: 10.4048%
  Val   -> VL: 5.1729 | AVL: 5.17338 | IVPPL: 176.426 | AVPPL: 176.51 | VENT: 7.02037b | VCERT: 11.0994%

[GeoMind CAUSAL CE Stream] Ep 1.0/Inf | Mixed Stream | Last: D[9.0: test/geomind/trainingdata/mined_expanded_corpus_cloze_part05.txt]
  Progress -> 3.35883% (4163.73 / 123964 KB) | LR: 0.00147421 | TTemp: 1.17561 | VTemp: 1.0
  Train -> TL: 4.75654 | ATL: 4.73685 | ITPPL: 116.343 | ATPPL: 114.074 | ENT: 6.47406b | CERT: 10.6558%
  Val   -> VL: 5.17871 | AVL: 5.17498 | IVPPL: 177.453 | AVPPL: 176.793 | VENT: 7.01911b | VCERT: 11.1385%

[GeoMind CAUSAL CE Stream] Ep 1.0/Inf | Mixed Stream | Last: D[9.0: test/geomind/trainingdata/mined_expanded_corpus_cloze_part05.txt]
  Progress -> 3.36366% (4169.71 / 123964 KB) | LR: 0.00147748 | TTemp: 1.1732 | VTemp: 1.0
  Train -> TL: 4.71801 | ATL: 4.75967 | ITPPL: 111.945 | ATPPL: 116.707 | ENT: 6.34924b | CERT: 10.8801%
  Val   -> VL: 5.18747 | AVL: 5.17873 | IVPPL: 179.016 | AVPPL: 177.457 | VENT: 7.02374b | VCERT: 10.9974%

[GeoMind CAUSAL CE Stream] Ep 1.0/Inf | Mixed Stream | Last: D[9.0: test/geomind/trainingdata/mined_expanded_corpus_cloze_part05.txt]
  Progress -> 3.36942% (4176.86 / 123964 KB) | LR: 0.00147962 | TTemp: 1.17227 | VTemp: 1.0
  Train -> TL: 4.65008 | ATL: 4.74847 | ITPPL: 104.593 | ATPPL: 115.407 | ENT: 6.37839b | CERT: 10.4069%
  Val   -> VL: 5.1913 | AVL: 5.1825 | IVPPL: 179.701 | AVPPL: 178.127 | VENT: 7.02995b | VCERT: 10.8656%

[GeoMind CAUSAL CE Stream] Ep 1.0/Inf | Mixed Stream | Last: D[9.0: test/geomind/trainingdata/mined_expanded_corpus_cloze_part05.txt]
  Progress -> 3.37499% (4183.76 / 123964 KB) | LR: 0.00148058 | TTemp: 1.17247 | VTemp: 1.0
  Train -> TL: 4.7127 | ATL: 4.73495 | ITPPL: 111.353 | ATPPL: 113.858 | ENT: 6.41684b | CERT: 10.6794%
  Val   -> VL: 5.18105 | AVL: 5.18206 | IVPPL: 177.87 | AVPPL: 178.05 | VENT: 6.98663b | VCERT: 11.2327%

[GeoMind CAUSAL CE Stream] Ep 1.0/Inf | Mixed Stream | Last: D[9.0: test/geomind/trainingdata/mined_expanded_corpus_cloze_part05.txt]
  Progress -> 3.38094% (4191.14 / 123964 KB) | LR: 0.00148014 | TTemp: 1.17394 | VTemp: 1.0
  Train -> TL: 4.7132 | ATL: 4.71703 | ITPPL: 111.408 | ATPPL: 111.835 | ENT: 6.46624b | CERT: 9.38753%
  Val   -> VL: 5.18075 | AVL: 5.18167 | IVPPL: 177.815 | AVPPL: 177.98 | VENT: 7.00072b | VCERT: 11.1022%

[GeoMind CAUSAL CE Stream] Ep 1.0/Inf | Mixed Stream | Last: D[9.0: test/geomind/trainingdata/mined_expanded_corpus_cloze_part05.txt]
  Progress -> 3.38868% (4200.73 / 123964 KB) | LR: 0.00147907 | TTemp: 1.17547 | VTemp: 1.0
  Train -> TL: 4.77189 | ATL: 4.70751 | ITPPL: 118.143 | ATPPL: 110.776 | ENT: 6.33764b | CERT: 10.5548%
  Val   -> VL: 5.16207 | AVL: 5.17579 | IVPPL: 174.525 | AVPPL: 176.936 | VENT: 7.03215b | VCERT: 10.7828%

[GeoMind CAUSAL CE Stream] Ep 1.0/Inf | Mixed Stream | Last: D[9.0: test/geomind/trainingdata/mined_expanded_corpus_cloze_part05.txt]
  Progress -> 3.39458% (4208.05 / 123964 KB) | LR: 0.00147754 | TTemp: 1.17692 | VTemp: 1.0
  Train -> TL: 4.88145 | ATL: 4.69967 | ITPPL: 131.822 | ATPPL: 109.911 | ENT: 6.60678b | CERT: 9.62797%
  Val   -> VL: 5.15622 | AVL: 5.16992 | IVPPL: 173.508 | AVPPL: 175.901 | VENT: 7.05789b | VCERT: 10.5492%

[GeoMind CAUSAL CE Stream] Ep 1.0/Inf | Mixed Stream | Last: D[9.0: test/geomind/trainingdata/mined_expanded_corpus_cloze_part05.txt]
  Progress -> 3.40151% (4216.64 / 123964 KB) | LR: 0.00147659 | TTemp: 1.17726 | VTemp: 1.0
  Train -> TL: 4.60091 | ATL: 4.70559 | ITPPL: 99.5753 | ATPPL: 110.564 | ENT: 6.3304b | CERT: 11.7283%
  Val   -> VL: 5.15023 | AVL: 5.16401 | IVPPL: 172.471 | AVPPL: 174.865 | VENT: 7.07706b | VCERT: 10.4509%

[GeoMind CAUSAL CE Stream] Ep 1.0/Inf | Mixed Stream | Last: D[9.0: test/geomind/trainingdata/mined_expanded_corpus_cloze_part05.txt]
  Progress -> 3.41051% (4227.8 / 123964 KB) | LR: 0.00147496 | TTemp: 1.17781 | VTemp: 1.0
  Train -> TL: 4.73171 | ATL: 4.6949 | ITPPL: 113.489 | ATPPL: 109.387 | ENT: 6.54197b | CERT: 10.2782%
  Val   -> VL: 5.13947 | AVL: 5.15665 | IVPPL: 170.626 | AVPPL: 173.582 | VENT: 7.06889b | VCERT: 10.4264%

[GeoMind CAUSAL CE Stream] Ep 1.0/Inf | Mixed Stream | Last: D[9.0: test/geomind/trainingdata/mined_expanded_corpus_cloze_part05.txt]
  Progress -> 3.41925% (4238.62 / 123964 KB) | LR: 0.0014735 | TTemp: 1.17775 | VTemp: 1.0
  Train -> TL: 4.76116 | ATL: 4.69498 | ITPPL: 116.881 | ATPPL: 109.396 | ENT: 6.48837b | CERT: 10.87%
  Val   -> VL: 5.1341 | AVL: 5.14988 | IVPPL: 169.711 | AVPPL: 172.412 | VENT: 7.06743b | VCERT: 10.5944%

[GeoMind CAUSAL CE Stream] Ep 1.0/Inf | Mixed Stream | Last: D[9.0: test/geomind/trainingdata/mined_expanded_corpus_cloze_part05.txt]
  Progress -> 3.42843% (4250.01 / 123964 KB) | LR: 0.00147287 | TTemp: 1.17658 | VTemp: 1.0
  Train -> TL: 4.68622 | ATL: 4.70438 | ITPPL: 108.443 | ATPPL: 110.43 | ENT: 6.42314b | CERT: 11.3057%
  Val   -> VL: 5.13102 | AVL: 5.14423 | IVPPL: 169.19 | AVPPL: 171.439 | VENT: 7.06972b | VCERT: 10.5867%

[GeoMind CAUSAL CE Stream] Ep 1.0/Inf | Mixed Stream | Last: D[9.0: test/geomind/trainingdata/mined_expanded_corpus_cloze_part05.txt]
  Progress -> 3.43656% (4260.08 / 123964 KB) | LR: 0.00147285 | TTemp: 1.17489 | VTemp: 1.0
  Train -> TL: 4.79344 | ATL: 4.71211 | ITPPL: 120.716 | ATPPL: 111.287 | ENT: 6.60207b | CERT: 9.54589%
  Val   -> VL: 5.13934 | AVL: 5.14276 | IVPPL: 170.603 | AVPPL: 171.188 | VENT: 7.08306b | VCERT: 10.6294%

[GeoMind CAUSAL CE Stream] Ep 1.0/Inf | Mixed Stream | Last: D[9.0: test/geomind/trainingdata/mined_expanded_corpus_cloze_part05.txt]
  Progress -> 3.44414% (4269.48 / 123964 KB) | LR: 0.00147354 | TTemp: 1.17268 | VTemp: 1.0
  Train -> TL: 4.86458 | ATL: 4.72177 | ITPPL: 129.616 | ATPPL: 112.367 | ENT: 6.57753b | CERT: 9.39%
  Val   -> VL: 5.14042 | AVL: 5.14206 | IVPPL: 170.787 | AVPPL: 171.067 | VENT: 7.11159b | VCERT: 10.4105%

[GeoMind CAUSAL CE Stream] Ep 1.0/Inf | Mixed Stream | Last: D[9.0: test/geomind/trainingdata/mined_expanded_corpus_cloze_part05.txt]
  Progress -> 3.45218% (4279.45 / 123964 KB) | LR: 0.00147443 | TTemp: 1.17066 | VTemp: 1.0
  Train -> TL: 4.85465 | ATL: 4.72566 | ITPPL: 128.336 | ATPPL: 112.805 | ENT: 6.64787b | CERT: 8.60935%
  Val   -> VL: 5.14895 | AVL: 5.14413 | IVPPL: 172.251 | AVPPL: 171.422 | VENT: 7.11412b | VCERT: 10.5836%

[GeoMind CAUSAL CE Stream] Ep 1.0/Inf | Mixed Stream | Last: D[9.0: test/geomind/trainingdata/mined_expanded_corpus_cloze_part05.txt]
  Progress -> 3.4584% (4287.16 / 123964 KB) | LR: 0.00147583 | TTemp: 1.16848 | VTemp: 1.0
  Train -> TL: 4.84574 | ATL: 4.73393 | ITPPL: 127.197 | ATPPL: 113.741 | ENT: 6.67235b | CERT: 8.31916%
  Val   -> VL: 5.15114 | AVL: 5.14623 | IVPPL: 172.629 | AVPPL: 171.783 | VENT: 7.11373b | VCERT: 10.7152%

[GeoMind CAUSAL CE Stream] Ep 1.0/Inf | Mixed Stream | Last: D[9.0: test/geomind/trainingdata/mined_expanded_corpus_cloze_part05.txt]
  Progress -> 3.46657% (4297.29 / 123964 KB) | LR: 0.0014768 | TTemp: 1.1671 | VTemp: 1.0
  Train -> TL: 4.73353 | ATL: 4.72992 | ITPPL: 113.696 | ATPPL: 113.287 | ENT: 6.62175b | CERT: 8.86597%
  Val   -> VL: 5.15355 | AVL: 5.14843 | IVPPL: 173.044 | AVPPL: 172.16 | VENT: 7.14037b | VCERT: 10.3028%

[GeoMind CAUSAL CE Stream] Ep 1.0/Inf | Mixed Stream | Last: D[9.0: test/geomind/trainingdata/mined_expanded_corpus_cloze_part05.txt]
  Progress -> 3.47474% (4307.42 / 123964 KB) | LR: 0.00147714 | TTemp: 1.16649 | VTemp: 1.0
  Train -> TL: 4.67008 | ATL: 4.72244 | ITPPL: 106.706 | ATPPL: 112.442 | ENT: 6.58137b | CERT: 9.429%
  Val   -> VL: 5.14866 | AVL: 5.1485 | IVPPL: 172.201 | AVPPL: 172.172 | VENT: 7.138b | VCERT: 10.4166%

[GeoMind CAUSAL CE Stream] Ep 1.0/Inf | Mixed Stream | Last: D[9.0: test/geomind/trainingdata/mined_expanded_corpus_cloze_part05.txt]
  Progress -> 3.48435% (4319.33 / 123964 KB) | LR: 0.00147653 | TTemp: 1.1667 | VTemp: 1.0
  Train -> TL: 4.74356 | ATL: 4.70982 | ITPPL: 114.842 | ATPPL: 111.032 | ENT: 6.57481b | CERT: 9.76878%
  Val   -> VL: 5.13885 | AVL: 5.1456 | IVPPL: 170.52 | AVPPL: 171.675 | VENT: 7.14772b | VCERT: 10.466%

[GeoMind CAUSAL CE Stream] Ep 1.0/Inf | Mixed Stream | Last: D[9.0: test/geomind/trainingdata/mined_expanded_corpus_cloze_part05.txt]
  Progress -> 3.49207% (4328.9 / 123964 KB) | LR: 0.00147648 | TTemp: 1.16633 | VTemp: 1.0
  Train -> TL: 4.87131 | ATL: 4.71671 | ITPPL: 130.491 | ATPPL: 111.799 | ENT: 6.60562b | CERT: 9.89371%
  Val   -> VL: 5.14418 | AVL: 5.14518 | IVPPL: 171.43 | AVPPL: 171.602 | VENT: 7.18928b | VCERT: 10.1289%

[GeoMind CAUSAL CE Stream] Ep 1.0/Inf | Mixed Stream | Last: D[9.0: test/geomind/trainingdata/mined_expanded_corpus_cloze_part05.txt]
  Progress -> 3.49818% (4336.48 / 123964 KB) | LR: 0.00147612 | TTemp: 1.16644 | VTemp: 1.0
  Train -> TL: 4.6746 | ATL: 4.71236 | ITPPL: 107.19 | ATPPL: 111.314 | ENT: 6.6722b | CERT: 9.16862%
  Val   -> VL: 5.14959 | AVL: 5.1465 | IVPPL: 172.362 | AVPPL: 171.829 | VENT: 7.1212b | VCERT: 10.6111%

[GeoMind CAUSAL CE Stream] Ep 1.0/Inf | Mixed Stream | Last: D[9.0: test/geomind/trainingdata/mined_expanded_corpus_cloze_part05.txt]
  Progress -> 3.50615% (4346.36 / 123964 KB) | LR: 0.00147507 | TTemp: 1.16755 | VTemp: 1.0
  Train -> TL: 4.76647 | ATL: 4.70218 | ITPPL: 117.504 | ATPPL: 110.188 | ENT: 6.6048b | CERT: 9.45034%
  Val   -> VL: 5.1577 | AVL: 5.14986 | IVPPL: 173.765 | AVPPL: 172.408 | VENT: 7.10228b | VCERT: 10.897%

[GeoMind CAUSAL CE Stream] Ep 1.0/Inf | Mixed Stream | Last: D[9.0: test/geomind/trainingdata/mined_expanded_corpus_cloze_part05.txt]
  Progress -> 3.51823% (4361.33 / 123964 KB) | LR: 0.00147473 | TTemp: 1.17579 | VTemp: 1.0
  Train -> TL: 4.91468 | ATL: 4.71075 | ITPPL: 136.276 | ATPPL: 111.135 | ENT: 6.71331b | CERT: 9.08997%
  Val   -> VL: 5.16952 | AVL: 5.15576 | IVPPL: 175.83 | AVPPL: 173.427 | VENT: 7.14594b | VCERT: 11.4425%

[GeoMind CAUSAL CE Stream] Ep 1.0/Inf | Mixed Stream | Last: D[9.0: test/geomind/trainingdata/mined_expanded_corpus_cloze_part05.txt]
  Progress -> 3.53046% (4376.49 / 123964 KB) | LR: 0.00147444 | TTemp: 1.17537 | VTemp: 1.0
  Train -> TL: 4.82103 | ATL: 4.71076 | ITPPL: 124.093 | ATPPL: 111.137 | ENT: 6.7472b | CERT: 9.36185%
  Val   -> VL: 5.1591 | AVL: 5.15676 | IVPPL: 174.007 | AVPPL: 173.601 | VENT: 7.15452b | VCERT: 11.0391%

[GeoMind CAUSAL CE Stream] Ep 1.0/Inf | Mixed Stream | Last: D[9.0: test/geomind/trainingdata/mined_expanded_corpus_cloze_part05.txt]
  Progress -> 3.54205% (4390.85 / 123964 KB) | LR: 0.00147535 | TTemp: 1.17366 | VTemp: 1.0
  Train -> TL: 4.9449 | ATL: 4.72719 | ITPPL: 140.457 | ATPPL: 112.978 | ENT: 6.84827b | CERT: 8.8032%
  Val   -> VL: 5.15138 | AVL: 5.15515 | IVPPL: 172.669 | AVPPL: 173.321 | VENT: 7.12691b | VCERT: 11.3165%

[GeoMind CAUSAL CE Stream] Ep 1.0/Inf | Mixed Stream | Last: D[9.0: test/geomind/trainingdata/mined_expanded_corpus_cloze_part05.txt]
  Progress -> 3.55058% (4401.42 / 123964 KB) | LR: 0.00147712 | TTemp: 1.17125 | VTemp: 1.0
  Train -> TL: 4.79546 | ATL: 4.74037 | ITPPL: 120.96 | ATPPL: 114.477 | ENT: 6.7086b | CERT: 9.79734%
  Val   -> VL: 5.15616 | AVL: 5.15545 | IVPPL: 173.497 | AVPPL: 173.374 | VENT: 7.11433b | VCERT: 11.1326%

[GeoMind CAUSAL CE Stream] Ep 1.0/Inf | Mixed Stream | Last: D[9.0: test/geomind/trainingdata/mined_expanded_corpus_cloze_part05.txt]
  Progress -> 3.56123% (4414.63 / 123964 KB) | LR: 0.00147904 | TTemp: 1.16888 | VTemp: 1.0
  Train -> TL: 4.82537 | ATL: 4.74487 | ITPPL: 124.633 | ATPPL: 114.993 | ENT: 6.7391b | CERT: 9.32494%
  Val   -> VL: 5.15661 | AVL: 5.1558 | IVPPL: 173.575 | AVPPL: 173.434 | VENT: 7.07036b | VCERT: 11.5368%

[GeoMind CAUSAL CE Stream] Ep 1.0/Inf | Mixed Stream | Last: D[9.0: test/geomind/trainingdata/mined_expanded_corpus_cloze_part05.txt]
  Progress -> 3.5706% (4426.25 / 123964 KB) | LR: 0.00147988 | TTemp: 1.16773 | VTemp: 1.0
  Train -> TL: 4.76422 | ATL: 4.73262 | ITPPL: 117.239 | ATPPL: 113.593 | ENT: 6.65575b | CERT: 10.7302%
  Val   -> VL: 5.15347 | AVL: 5.1551 | IVPPL: 173.03 | AVPPL: 173.313 | VENT: 7.06078b | VCERT: 12.1671%

[GeoMind CAUSAL CE Stream] Ep 1.0/Inf | Mixed Stream | Last: D[9.0: test/geomind/trainingdata/mined_expanded_corpus_cloze_part05.txt]
  Progress -> 3.57652% (4433.58 / 123964 KB) | LR: 0.00147959 | TTemp: 1.16792 | VTemp: 1.0
  Train -> TL: 4.78216 | ATL: 4.71799 | ITPPL: 119.362 | ATPPL: 111.943 | ENT: 6.70234b | CERT: 9.43882%
  Val   -> VL: 5.15773 | AVL: 5.15589 | IVPPL: 173.77 | AVPPL: 173.45 | VENT: 7.08756b | VCERT: 11.4943%

[GeoMind CAUSAL CE Stream] Ep 1.0/Inf | Mixed Stream | Last: D[9.0: test/geomind/trainingdata/mined_expanded_corpus_cloze_part05.txt]
  Progress -> 3.58262% (4441.15 / 123964 KB) | LR: 0.0014799 | TTemp: 1.16759 | VTemp: 1.0
  Train -> TL: 4.68072 | ATL: 4.72589 | ITPPL: 107.847 | ATPPL: 112.831 | ENT: 6.67703b | CERT: 9.67269%
  Val   -> VL: 5.161 | AVL: 5.15742 | IVPPL: 174.339 | AVPPL: 173.716 | VENT: 7.09102b | VCERT: 11.352%

[GeoMind CAUSAL CE Stream] Ep 1.0/Inf | Mixed Stream | Last: D[9.0: test/geomind/trainingdata/mined_expanded_corpus_cloze_part05.txt]
  Progress -> 3.58808% (4447.92 / 123964 KB) | LR: 0.0014796 | TTemp: 1.16809 | VTemp: 1.0
  Train -> TL: 4.60805 | ATL: 4.71795 | ITPPL: 100.288 | ATPPL: 111.938 | ENT: 6.62002b | CERT: 9.12286%
  Val   -> VL: 5.16523 | AVL: 5.15977 | IVPPL: 175.078 | AVPPL: 174.124 | VENT: 7.05805b | VCERT: 11.2759%

[GeoMind CAUSAL CE Stream] Ep 1.0/Inf | Mixed Stream | Last: D[9.0: test/geomind/trainingdata/mined_expanded_corpus_cloze_part05.txt]
  Progress -> 3.59503% (4456.53 / 123964 KB) | LR: 0.00147774 | TTemp: 1.17049 | VTemp: 1.0
  Train -> TL: 4.62246 | ATL: 4.69579 | ITPPL: 101.744 | ATPPL: 109.485 | ENT: 6.58127b | CERT: 8.91473%
  Val   -> VL: 5.17385 | AVL: 5.16399 | IVPPL: 176.594 | AVPPL: 174.861 | VENT: 7.07591b | VCERT: 11.242%

[GeoMind CAUSAL CE Stream] Ep 1.0/Inf | Mixed Stream | Last: D[9.0: test/geomind/trainingdata/mined_expanded_corpus_cloze_part05.txt]
  Progress -> 3.60191% (4465.06 / 123964 KB) | LR: 0.00147493 | TTemp: 1.17392 | VTemp: 1.0
  Train -> TL: 4.53292 | ATL: 4.68018 | ITPPL: 93.0302 | ATPPL: 107.789 | ENT: 6.48421b | CERT: 9.60029%
  Val   -> VL: 5.1734 | AVL: 5.16681 | IVPPL: 176.514 | AVPPL: 175.355 | VENT: 7.11092b | VCERT: 10.6668%

[GeoMind CAUSAL CE Stream] Ep 1.0/Inf | Mixed Stream | Last: D[9.0: test/geomind/trainingdata/mined_expanded_corpus_cloze_part05.txt]
  Progress -> 3.60954% (4474.52 / 123964 KB) | LR: 0.00147108 | TTemp: 1.1783 | VTemp: 1.0
  Train -> TL: 4.61239 | ATL: 4.6617 | ITPPL: 100.724 | ATPPL: 105.816 | ENT: 6.58186b | CERT: 9.33281%
  Val   -> VL: 5.17057 | AVL: 5.16794 | IVPPL: 176.016 | AVPPL: 175.553 | VENT: 7.08216b | VCERT: 10.7308%

[GeoMind CAUSAL CE Stream] Ep 1.0/Inf | Mixed Stream | Last: D[9.0: test/geomind/trainingdata/mined_expanded_corpus_cloze_part05.txt]
  Progress -> 3.61672% (4483.42 / 123964 KB) | LR: 0.00146839 | TTemp: 1.18916 | VTemp: 1.0
  Train -> TL: 4.58701 | ATL: 4.67239 | ITPPL: 98.2001 | ATPPL: 106.953 | ENT: 6.53005b | CERT: 10.3274%
  Val   -> VL: 5.18755 | AVL: 5.17383 | IVPPL: 179.03 | AVPPL: 176.589 | VENT: 7.05725b | VCERT: 10.8007%

[GeoMind CAUSAL CE Stream] Ep 1.0/Inf | Mixed Stream | Last: D[9.0: test/geomind/trainingdata/mined_expanded_corpus_cloze_part05.txt]
  Progress -> 3.62425% (4492.76 / 123964 KB) | LR: 0.00146623 | TTemp: 1.19094 | VTemp: 1.0
  Train -> TL: 4.53651 | ATL: 4.67615 | ITPPL: 93.364 | ATPPL: 107.356 | ENT: 6.35192b | CERT: 11.5095%
  Val   -> VL: 5.18818 | AVL: 5.17813 | IVPPL: 179.142 | AVPPL: 177.351 | VENT: 7.01141b | VCERT: 11.0724%

[GeoMind CAUSAL CE Stream] Ep 1.0/Inf | Mixed Stream | Last: D[9.0: test/geomind/trainingdata/mined_expanded_corpus_cloze_part05.txt]
  Progress -> 3.63273% (4503.27 / 123964 KB) | LR: 0.0014638 | TTemp: 1.19315 | VTemp: 1.0
  Train -> TL: 4.58317 | ATL: 4.6693 | ITPPL: 97.8239 | ATPPL: 106.623 | ENT: 6.36612b | CERT: 11.5952%
  Val   -> VL: 5.18665 | AVL: 5.18069 | IVPPL: 178.869 | AVPPL: 177.805 | VENT: 7.01483b | VCERT: 10.8743%

[GeoMind CAUSAL CE Stream] Ep 1.0/Inf | Mixed Stream | Last: D[9.0: test/geomind/trainingdata/mined_expanded_corpus_cloze_part05.txt]
  Progress -> 3.64318% (4516.22 / 123964 KB) | LR: 0.00146169 | TTemp: 1.20285 | VTemp: 1.0
  Train -> TL: 4.89186 | ATL: 4.6705 | ITPPL: 133.201 | ATPPL: 106.752 | ENT: 6.34775b | CERT: 10.4338%
  Val   -> VL: 5.19868 | AVL: 5.18609 | IVPPL: 181.033 | AVPPL: 178.767 | VENT: 7.02468b | VCERT: 11.0661%

[GeoMind CAUSAL CE Stream] Ep 1.0/Inf | Mixed Stream | Last: D[9.0: test/geomind/trainingdata/mined_expanded_corpus_cloze_part05.txt]
  Progress -> 3.65267% (4527.98 / 123964 KB) | LR: 0.00145969 | TTemp: 1.2038 | VTemp: 1.0
  Train -> TL: 4.81284 | ATL: 4.66891 | ITPPL: 123.081 | ATPPL: 106.582 | ENT: 6.47062b | CERT: 10.2043%
  Val   -> VL: 5.19004 | AVL: 5.18727 | IVPPL: 179.476 | AVPPL: 178.98 | VENT: 7.06202b | VCERT: 10.6473%

[GeoMind CAUSAL CE Stream] Ep 1.0/Inf | Mixed Stream | Last: D[9.0: test/geomind/trainingdata/mined_expanded_corpus_cloze_part05.txt]
  Progress -> 3.66047% (4537.65 / 123964 KB) | LR: 0.00145853 | TTemp: 1.20378 | VTemp: 1.0
  Train -> TL: 4.81763 | ATL: 4.67797 | ITPPL: 123.671 | ATPPL: 107.552 | ENT: 6.55686b | CERT: 9.85209%
  Val   -> VL: 5.18107 | AVL: 5.18541 | IVPPL: 177.873 | AVPPL: 178.647 | VENT: 7.0457b | VCERT: 10.9199%

[GeoMind CAUSAL CE Stream] Ep 1.0/Inf | Mixed Stream | Last: D[9.0: test/geomind/trainingdata/mined_expanded_corpus_cloze_part05.txt]
  Progress -> 3.66818% (4547.21 / 123964 KB) | LR: 0.00145892 | TTemp: 1.202 | VTemp: 1.0
  Train -> TL: 4.6981 | ATL: 4.69782 | ITPPL: 109.738 | ATPPL: 109.708 | ENT: 6.50896b | CERT: 9.44523%
  Val   -> VL: 5.17273 | AVL: 5.18161 | IVPPL: 176.395 | AVPPL: 177.969 | VENT: 7.03578b | VCERT: 11.2408%

[GeoMind CAUSAL CE Stream] Ep 1.0/Inf | Mixed Stream | Last: D[9.0: test/geomind/trainingdata/mined_expanded_corpus_cloze_part05.txt]
  Progress -> 3.67676% (4557.85 / 123964 KB) | LR: 0.00146064 | TTemp: 1.19853 | VTemp: 1.0
  Train -> TL: 4.86637 | ATL: 4.71686 | ITPPL: 129.848 | ATPPL: 111.816 | ENT: 6.63216b | CERT: 8.88306%
  Val   -> VL: 5.15814 | AVL: 5.17457 | IVPPL: 173.841 | AVPPL: 176.72 | VENT: 7.06766b | VCERT: 11.2945%

[GeoMind CAUSAL CE Stream] Ep 1.0/Inf | Mixed Stream | Last: D[9.0: test/geomind/trainingdata/mined_expanded_corpus_cloze_part05.txt]
  Progress -> 3.6847% (4567.69 / 123964 KB) | LR: 0.00146395 | TTemp: 1.19336 | VTemp: 1.0
  Train -> TL: 4.83677 | ATL: 4.74123 | ITPPL: 126.062 | ATPPL: 114.575 | ENT: 6.70426b | CERT: 8.73331%
  Val   -> VL: 5.15742 | AVL: 5.16942 | IVPPL: 173.715 | AVPPL: 175.813 | VENT: 7.05187b | VCERT: 11.2616%

[GeoMind CAUSAL CE Stream] Ep 1.0/Inf | Mixed Stream | Last: D[9.0: test/geomind/trainingdata/mined_expanded_corpus_cloze_part05.txt]
  Progress -> 3.69213% (4576.91 / 123964 KB) | LR: 0.00146767 | TTemp: 1.18783 | VTemp: 1.0
  Train -> TL: 4.62934 | ATL: 4.75169 | ITPPL: 102.446 | ATPPL: 115.78 | ENT: 6.44703b | CERT: 9.72431%
  Val   -> VL: 5.15328 | AVL: 5.16458 | IVPPL: 172.998 | AVPPL: 174.964 | VENT: 7.03215b | VCERT: 11.2133%

[GeoMind CAUSAL CE Stream] Ep 1.0/Inf | Mixed Stream | Last: D[9.0: test/geomind/trainingdata/mined_expanded_corpus_cloze_part05.txt]
  Progress -> 3.69932% (4585.81 / 123964 KB) | LR: 0.00146922 | TTemp: 1.18476 | VTemp: 1.0
  Train -> TL: 4.52822 | ATL: 4.72654 | ITPPL: 92.5937 | ATPPL: 112.904 | ENT: 6.19883b | CERT: 10.8354%
  Val   -> VL: 5.15368 | AVL: 5.16131 | IVPPL: 173.068 | AVPPL: 174.393 | VENT: 6.99133b | VCERT: 11.1968%

[GeoMind CAUSAL CE Stream] Ep 1.0/Inf | Mixed Stream | Last: D[9.0: test/geomind/trainingdata/mined_expanded_corpus_cloze_part05.txt]
  Progress -> 3.70693% (4595.25 / 123964 KB) | LR: 0.00146821 | TTemp: 1.18441 | VTemp: 1.0
  Train -> TL: 4.60797 | ATL: 4.69328 | ITPPL: 100.281 | ATPPL: 109.211 | ENT: 6.24937b | CERT: 11.5628%
  Val   -> VL: 5.15065 | AVL: 5.15811 | IVPPL: 172.544 | AVPPL: 173.836 | VENT: 6.99683b | VCERT: 10.996%

[GeoMind CAUSAL CE Stream] Ep 1.0/Inf | Mixed Stream | Last: D[9.0: test/geomind/trainingdata/mined_expanded_corpus_cloze_part05.txt]
  Progress -> 3.71681% (4607.5 / 123964 KB) | LR: 0.00146595 | TTemp: 1.18528 | VTemp: 1.0
  Train -> TL: 4.68194 | ATL: 4.6744 | ITPPL: 107.98 | ATPPL: 107.168 | ENT: 6.2716b | CERT: 10.8604%
  Val   -> VL: 5.14697 | AVL: 5.15477 | IVPPL: 171.91 | AVPPL: 173.256 | VENT: 7.01996b | VCERT: 10.9874%

[GeoMind CAUSAL CE Stream] Ep 1.0/Inf | Mixed Stream | Last: D[9.0: test/geomind/trainingdata/mined_expanded_corpus_cloze_part05.txt]
  Progress -> 3.72466% (4617.23 / 123964 KB) | LR: 0.00146326 | TTemp: 1.18665 | VTemp: 1.0
  Train -> TL: 4.6607 | ATL: 4.66543 | ITPPL: 105.71 | ATPPL: 106.211 | ENT: 6.36532b | CERT: 10.6637%
  Val   -> VL: 5.15329 | AVL: 5.15433 | IVPPL: 173 | AVPPL: 173.179 | VENT: 7.01798b | VCERT: 11.1138%

[GeoMind CAUSAL CE Stream] Ep 1.0/Inf | Mixed Stream | Last: D[9.0: test/geomind/trainingdata/mined_expanded_corpus_cloze_part05.txt]
  Progress -> 3.73353% (4628.22 / 123964 KB) | LR: 0.00146143 | TTemp: 1.18707 | VTemp: 1.0
  Train -> TL: 4.75067 | ATL: 4.6735 | ITPPL: 115.661 | ATPPL: 107.072 | ENT: 6.53545b | CERT: 9.82712%
  Val   -> VL: 5.14786 | AVL: 5.15239 | IVPPL: 172.063 | AVPPL: 172.843 | VENT: 7.05816b | VCERT: 10.8334%

[GeoMind CAUSAL CE Stream] Ep 1.0/Inf | Mixed Stream | Last: D[9.0: test/geomind/trainingdata/mined_expanded_corpus_cloze_part05.txt]
  Progress -> 3.7426% (4639.47 / 123964 KB) | LR: 0.00146017 | TTemp: 1.18684 | VTemp: 1.0
  Train -> TL: 4.73642 | ATL: 4.6789 | ITPPL: 114.025 | ATPPL: 107.651 | ENT: 6.60403b | CERT: 9.27542%
  Val   -> VL: 5.14434 | AVL: 5.14997 | IVPPL: 171.459 | AVPPL: 172.427 | VENT: 7.06308b | VCERT: 10.9071%

[GeoMind CAUSAL CE Stream] Ep 1.0/Inf | Mixed Stream | Last: D[9.0: test/geomind/trainingdata/mined_expanded_corpus_cloze_part05.txt]
  Progress -> 3.74945% (4647.96 / 123964 KB) | LR: 0.00145935 | TTemp: 1.18603 | VTemp: 1.0
  Train -> TL: 4.7845 | ATL: 4.68338 | ITPPL: 119.641 | ATPPL: 108.135 | ENT: 6.57138b | CERT: 9.05451%
  Val   -> VL: 5.1377 | AVL: 5.14629 | IVPPL: 170.324 | AVPPL: 171.793 | VENT: 7.04277b | VCERT: 11.1742%

[GeoMind CAUSAL CE Stream] Ep 1.0/Inf | Mixed Stream | Last: D[9.0: test/geomind/trainingdata/mined_expanded_corpus_cloze_part05.txt]
  Progress -> 3.75587% (4655.92 / 123964 KB) | LR: 0.00146045 | TTemp: 1.18318 | VTemp: 1.0
  Train -> TL: 4.78435 | ATL: 4.70873 | ITPPL: 119.623 | ATPPL: 110.911 | ENT: 6.5501b | CERT: 9.24188%
  Val   -> VL: 5.13471 | AVL: 5.14282 | IVPPL: 169.815 | AVPPL: 171.197 | VENT: 7.02584b | VCERT: 11.1585%

[GeoMind CAUSAL CE Stream] Ep 1.0/Inf | Mixed Stream | Last: D[9.0: test/geomind/trainingdata/mined_expanded_corpus_cloze_part05.txt]
  Progress -> 3.76372% (4665.64 / 123964 KB) | LR: 0.0014616 | TTemp: 1.18007 | VTemp: 1.0
  Train -> TL: 4.53122 | ATL: 4.71102 | ITPPL: 92.872 | ATPPL: 111.165 | ENT: 6.49312b | CERT: 9.66836%
  Val   -> VL: 5.11967 | AVL: 5.13587 | IVPPL: 167.28 | AVPPL: 170.013 | VENT: 7.00429b | VCERT: 11.2085%

[GeoMind CAUSAL CE Stream] Ep 1.0/Inf | Mixed Stream | Last: D[9.0: test/geomind/trainingdata/mined_expanded_corpus_cloze_part05.txt]
  Progress -> 3.77041% (4673.94 / 123964 KB) | LR: 0.00146334 | TTemp: 1.17669 | VTemp: 1.0
  Train -> TL: 4.78568 | ATL: 4.72095 | ITPPL: 119.783 | ATPPL: 112.275 | ENT: 6.50285b | CERT: 9.54608%
  Val   -> VL: 5.13646 | AVL: 5.13605 | IVPPL: 170.113 | AVPPL: 170.043 | VENT: 7.02871b | VCERT: 10.9567%

[GeoMind CAUSAL CE Stream] Ep 1.0/Inf | Mixed Stream | Last: D[9.0: test/geomind/trainingdata/mined_expanded_corpus_cloze_part05.txt]
  Progress -> 3.7781% (4683.47 / 123964 KB) | LR: 0.0014651 | TTemp: 1.1738 | VTemp: 1.0
  Train -> TL: 4.62928 | ATL: 4.72348 | ITPPL: 102.44 | ATPPL: 112.56 | ENT: 6.5164b | CERT: 9.52809%
  Val   -> VL: 5.14362 | AVL: 5.13832 | IVPPL: 171.334 | AVPPL: 170.429 | VENT: 7.01379b | VCERT: 11.0368%

[GeoMind CAUSAL CE Stream] Ep 1.0/Inf | Mixed Stream | Last: D[9.0: test/geomind/trainingdata/mined_expanded_corpus_cloze_part05.txt]
  Progress -> 3.78422% (4691.06 / 123964 KB) | LR: 0.00146579 | TTemp: 1.17255 | VTemp: 1.0
  Train -> TL: 4.69767 | ATL: 4.71115 | ITPPL: 109.691 | ATPPL: 111.18 | ENT: 6.43867b | CERT: 9.98576%
  Val   -> VL: 5.15099 | AVL: 5.14212 | IVPPL: 172.602 | AVPPL: 171.078 | VENT: 7.01147b | VCERT: 11.2354%

[GeoMind CAUSAL CE Stream] Ep 1.0/Inf | Mixed Stream | Last: D[9.0: test/geomind/trainingdata/mined_expanded_corpus_cloze_part05.txt]
  Progress -> 3.79437% (4703.65 / 123964 KB) | LR: 0.0014652 | TTemp: 1.17292 | VTemp: 1.0
  Train -> TL: 4.71399 | ATL: 4.69421 | ITPPL: 111.496 | ATPPL: 109.312 | ENT: 6.54351b | CERT: 9.25548%
  Val   -> VL: 5.149 | AVL: 5.14419 | IVPPL: 172.26 | AVPPL: 171.432 | VENT: 7.01745b | VCERT: 11.251%

[GeoMind CAUSAL CE Stream] Ep 1.0/Inf | Mixed Stream | Last: D[9.0: test/geomind/trainingdata/mined_expanded_corpus_cloze_part05.txt]
  Progress -> 3.80578% (4717.78 / 123964 KB) | LR: 0.00146341 | TTemp: 1.17488 | VTemp: 1.0
  Train -> TL: 4.60548 | ATL: 4.67689 | ITPPL: 100.031 | ATPPL: 107.435 | ENT: 6.46801b | CERT: 9.11705%
  Val   -> VL: 5.16001 | AVL: 5.14893 | IVPPL: 174.165 | AVPPL: 172.247 | VENT: 7.06136b | VCERT: 10.9661%

[GeoMind CAUSAL CE Stream] Ep 1.0/Inf | Mixed Stream | Last: D[9.0: test/geomind/trainingdata/mined_expanded_corpus_cloze_part05.txt]
  Progress -> 3.8167% (4731.33 / 123964 KB) | LR: 0.00146237 | TTemp: 1.17592 | VTemp: 1.0
  Train -> TL: 4.70876 | ATL: 4.68467 | ITPPL: 110.914 | ATPPL: 108.275 | ENT: 6.55169b | CERT: 8.69812%
  Val   -> VL: 5.14658 | AVL: 5.14823 | IVPPL: 171.843 | AVPPL: 172.126 | VENT: 7.06766b | VCERT: 10.5581%

[GeoMind CAUSAL CE Stream] Ep 1.0/Inf | Mixed Stream | Last: D[9.0: test/geomind/trainingdata/mined_expanded_corpus_cloze_part05.txt]
  Progress -> 3.83233% (4750.7 / 123964 KB) | LR: 0.00146237 | TTemp: 1.17575 | VTemp: 1.0
  Train -> TL: 4.75791 | ATL: 4.69773 | ITPPL: 116.502 | ATPPL: 109.697 | ENT: 6.54825b | CERT: 9.36811%
  Val   -> VL: 5.14514 | AVL: 5.1473 | IVPPL: 171.595 | AVPPL: 171.966 | VENT: 7.05314b | VCERT: 10.9518%

[GeoMind CAUSAL CE Stream] Ep 1.0/Inf | Mixed Stream | Last: D[9.0: test/geomind/trainingdata/mined_expanded_corpus_cloze_part05.txt]
  Progress -> 3.84143% (4761.98 / 123964 KB) | LR: 0.00146358 | TTemp: 1.17459 | VTemp: 1.0
  Train -> TL: 4.88368 | ATL: 4.71462 | ITPPL: 132.116 | ATPPL: 111.566 | ENT: 6.6246b | CERT: 8.72886%
  Val   -> VL: 5.15839 | AVL: 5.15063 | IVPPL: 173.884 | AVPPL: 172.539 | VENT: 7.06949b | VCERT: 11.1049%

[GeoMind CAUSAL CE Stream] Ep 1.0/Inf | Mixed Stream | Last: D[9.0: test/geomind/trainingdata/mined_expanded_corpus_cloze_part05.txt]
  Progress -> 3.84831% (4770.51 / 123964 KB) | LR: 0.00146469 | TTemp: 1.17379 | VTemp: 1.0
  Train -> TL: 4.78238 | ATL: 4.71474 | ITPPL: 119.388 | ATPPL: 111.58 | ENT: 6.46826b | CERT: 9.60195%
  Val   -> VL: 5.15931 | AVL: 5.15323 | IVPPL: 174.044 | AVPPL: 172.989 | VENT: 7.10635b | VCERT: 10.6071%

[GeoMind CAUSAL CE Stream] Ep 1.0/Inf | Mixed Stream | Last: D[9.0: test/geomind/trainingdata/mined_expanded_corpus_cloze_part05.txt]
  Progress -> 3.85708% (4781.38 / 123964 KB) | LR: 0.00146632 | TTemp: 1.17253 | VTemp: 1.0
  Train -> TL: 4.83485 | ATL: 4.72358 | ITPPL: 125.819 | ATPPL: 112.57 | ENT: 6.60655b | CERT: 8.93722%
  Val   -> VL: 5.15715 | AVL: 5.15441 | IVPPL: 173.669 | AVPPL: 173.193 | VENT: 7.11342b | VCERT: 10.6233%

[GeoMind CAUSAL CE Stream] Ep 1.0/Inf | Mixed Stream | Last: D[9.0: test/geomind/trainingdata/mined_expanded_corpus_cloze_part05.txt]
  Progress -> 3.86569% (4792.05 / 123964 KB) | LR: 0.0014679 | TTemp: 1.17133 | VTemp: 1.0
  Train -> TL: 4.94325 | ATL: 4.72523 | ITPPL: 140.225 | ATPPL: 112.756 | ENT: 6.69376b | CERT: 8.16238%
  Val   -> VL: 5.15408 | AVL: 5.15431 | IVPPL: 173.136 | AVPPL: 173.176 | VENT: 7.10556b | VCERT: 10.7231%

[GeoMind CAUSAL CE Stream] Ep 1.0/Inf | Mixed Stream | Last: D[9.0: test/geomind/trainingdata/mined_expanded_corpus_cloze_part05.txt]
  Progress -> 3.87346% (4801.68 / 123964 KB) | LR: 0.00146908 | TTemp: 1.17044 | VTemp: 1.0
  Train -> TL: 4.73229 | ATL: 4.72174 | ITPPL: 113.555 | ATPPL: 112.364 | ENT: 6.69209b | CERT: 8.55102%
  Val   -> VL: 5.14845 | AVL: 5.15255 | IVPPL: 172.165 | AVPPL: 172.872 | VENT: 7.08169b | VCERT: 11.2634%

[GeoMind CAUSAL CE Stream] Ep 1.0/Inf | Mixed Stream | Last: D[9.0: test/geomind/trainingdata/mined_expanded_corpus_cloze_part05.txt]
  Progress -> 3.88067% (4810.62 / 123964 KB) | LR: 0.00147016 | TTemp: 1.16988 | VTemp: 1.0
  Train -> TL: 4.86961 | ATL: 4.72214 | ITPPL: 130.271 | ATPPL: 112.408 | ENT: 6.67539b | CERT: 8.94418%
  Val   -> VL: 5.16262 | AVL: 5.15557 | IVPPL: 174.622 | AVPPL: 173.395 | VENT: 7.11016b | VCERT: 10.817%

[GeoMind CAUSAL CE Stream] Ep 1.0/Inf | Mixed Stream | Last: D[9.0: test/geomind/trainingdata/mined_expanded_corpus_cloze_part05.txt]
  Progress -> 3.88894% (4820.88 / 123964 KB) | LR: 0.00147069 | TTemp: 1.17001 | VTemp: 1.0
  Train -> TL: 4.68664 | ATL: 4.71589 | ITPPL: 108.488 | ATPPL: 111.708 | ENT: 6.6095b | CERT: 9.76189%
  Val   -> VL: 5.16144 | AVL: 5.15733 | IVPPL: 174.415 | AVPPL: 173.701 | VENT: 7.12b | VCERT: 10.5832%

[GeoMind CAUSAL CE Stream] Ep 1.0/Inf | Mixed Stream | Last: D[9.0: test/geomind/trainingdata/mined_expanded_corpus_cloze_part05.txt]
  Progress -> 3.89903% (4833.39 / 123964 KB) | LR: 0.00147012 | TTemp: 1.17921 | VTemp: 1.0
  Train -> TL: 4.7921 | ATL: 4.70135 | ITPPL: 120.554 | ATPPL: 110.095 | ENT: 6.6988b | CERT: 8.92484%
  Val   -> VL: 5.17981 | AVL: 5.16408 | IVPPL: 177.649 | AVPPL: 174.876 | VENT: 7.12773b | VCERT: 10.5202%

[GeoMind CAUSAL CE Stream] Ep 1.0/Inf | Mixed Stream | Last: D[9.0: test/geomind/trainingdata/mined_expanded_corpus_cloze_part05.txt]
  Progress -> 3.90722% (4843.53 / 123964 KB) | LR: 0.00146935 | TTemp: 1.1801 | VTemp: 1.0
  Train -> TL: 4.84774 | ATL: 4.69778 | ITPPL: 127.451 | ATPPL: 109.704 | ENT: 6.72919b | CERT: 8.25587%
  Val   -> VL: 5.17723 | AVL: 5.16802 | IVPPL: 177.192 | AVPPL: 175.567 | VENT: 7.13346b | VCERT: 10.6268%

[GeoMind CAUSAL CE Stream] Ep 1.0/Inf | Mixed Stream | Last: D[9.0: test/geomind/trainingdata/mined_expanded_corpus_cloze_part05.txt]
  Progress -> 3.91657% (4855.13 / 123964 KB) | LR: 0.00147018 | TTemp: 1.17943 | VTemp: 1.0
  Train -> TL: 4.89455 | ATL: 4.71904 | ITPPL: 133.56 | ATPPL: 112.061 | ENT: 6.80062b | CERT: 8.05286%
  Val   -> VL: 5.17569 | AVL: 5.17032 | IVPPL: 176.919 | AVPPL: 175.972 | VENT: 7.13153b | VCERT: 10.5903%

[GeoMind CAUSAL CE Stream] Ep 1.0/Inf | Mixed Stream | Last: D[9.0: test/geomind/trainingdata/mined_expanded_corpus_cloze_part05.txt]
  Progress -> 3.92324% (4863.39 / 123964 KB) | LR: 0.00147216 | TTemp: 1.17781 | VTemp: 1.0
  Train -> TL: 4.80519 | ATL: 4.73609 | ITPPL: 122.143 | ATPPL: 113.988 | ENT: 6.68916b | CERT: 8.88761%
  Val   -> VL: 5.1803 | AVL: 5.17332 | IVPPL: 177.737 | AVPPL: 176.499 | VENT: 7.11326b | VCERT: 10.7401%

[GeoMind CAUSAL CE Stream] Ep 1.0/Inf | Mixed Stream | Last: D[9.0: test/geomind/trainingdata/mined_expanded_corpus_cloze_part05.txt]
  Progress -> 3.92921% (4870.8 / 123964 KB) | LR: 0.00147579 | TTemp: 1.1746 | VTemp: 1.0
  Train -> TL: 4.84631 | ATL: 4.76174 | ITPPL: 127.27 | ATPPL: 116.949 | ENT: 6.72055b | CERT: 8.68173%
  Val   -> VL: 5.17732 | AVL: 5.17452 | IVPPL: 177.208 | AVPPL: 176.712 | VENT: 7.10974b | VCERT: 10.7705%

[GeoMind CAUSAL CE Stream] Ep 1.0/Inf | Mixed Stream | Last: D[9.0: test/geomind/trainingdata/mined_expanded_corpus_cloze_part05.txt]
  Progress -> 3.93775% (4881.38 / 123964 KB) | LR: 0.00147807 | TTemp: 1.17309 | VTemp: 1.0
  Train -> TL: 4.6015 | ATL: 4.74806 | ITPPL: 99.6337 | ATPPL: 115.36 | ENT: 6.42883b | CERT: 9.82986%
  Val   -> VL: 5.18332 | AVL: 5.17716 | IVPPL: 178.274 | AVPPL: 177.179 | VENT: 7.04919b | VCERT: 11.155%

[GeoMind CAUSAL CE Stream] Ep 1.0/Inf | Mixed Stream | Last: D[9.0: test/geomind/trainingdata/mined_expanded_corpus_cloze_part05.txt]
  Progress -> 3.94685% (4892.67 / 123964 KB) | LR: 0.00147937 | TTemp: 1.17256 | VTemp: 1.0
  Train -> TL: 4.73052 | ATL: 4.73754 | ITPPL: 113.354 | ATPPL: 114.153 | ENT: 6.43707b | CERT: 10.7514%
  Val   -> VL: 5.17555 | AVL: 5.17668 | IVPPL: 176.894 | AVPPL: 177.093 | VENT: 7.09738b | VCERT: 10.5885%

[GeoMind CAUSAL CE Stream] Ep 1.0/Inf | Mixed Stream | Last: D[9.0: test/geomind/trainingdata/mined_expanded_corpus_cloze_part05.txt]
  Progress -> 3.95571% (4903.65 / 123964 KB) | LR: 0.00148043 | TTemp: 1.17226 | VTemp: 1.0
  Train -> TL: 4.60188 | ATL: 4.73604 | ITPPL: 99.6713 | ATPPL: 113.982 | ENT: 6.41056b | CERT: 10.5077%
  Val   -> VL: 5.17828 | AVL: 5.17716 | IVPPL: 177.378 | AVPPL: 177.179 | VENT: 7.0824b | VCERT: 10.7427%

[GeoMind CAUSAL CE Stream] Ep 1.0/Inf | Mixed Stream | Last: D[9.0: test/geomind/trainingdata/mined_expanded_corpus_cloze_part05.txt]
  Progress -> 3.96326% (4913 / 123964 KB) | LR: 0.0014806 | TTemp: 1.17284 | VTemp: 1.0
  Train -> TL: 4.55216 | ATL: 4.72517 | ITPPL: 94.837 | ATPPL: 112.749 | ENT: 6.39199b | CERT: 10.6819%
  Val   -> VL: 5.17804 | AVL: 5.17742 | IVPPL: 177.335 | AVPPL: 177.226 | VENT: 7.07967b | VCERT: 10.6987%

[GeoMind CAUSAL CE Stream] Ep 1.0/Inf | Mixed Stream | Last: D[9.0: test/geomind/trainingdata/mined_expanded_corpus_cloze_part05.txt]
  Progress -> 3.97171% (4923.47 / 123964 KB) | LR: 0.00148019 | TTemp: 1.17409 | VTemp: 1.0
  Train -> TL: 4.62795 | ATL: 4.71746 | ITPPL: 102.304 | ATPPL: 111.883 | ENT: 6.42019b | CERT: 10.5144%
  Val   -> VL: 5.18529 | AVL: 5.17978 | IVPPL: 178.625 | AVPPL: 177.644 | VENT: 7.0752b | VCERT: 10.7288%

[GeoMind CAUSAL CE Stream] Ep 1.0/Inf | Mixed Stream | Last: D[9.0: test/geomind/trainingdata/mined_expanded_corpus_cloze_part05.txt]
  Progress -> 3.97863% (4932.06 / 123964 KB) | LR: 0.00147836 | TTemp: 1.17671 | VTemp: 1.0
  Train -> TL: 4.68383 | ATL: 4.69708 | ITPPL: 108.183 | ATPPL: 109.627 | ENT: 6.50014b | CERT: 9.601%
  Val   -> VL: 5.18141 | AVL: 5.18027 | IVPPL: 177.933 | AVPPL: 177.731 | VENT: 7.06041b | VCERT: 11.1002%

[GeoMind CAUSAL CE Stream] Ep 1.0/Inf | Mixed Stream | Last: D[9.0: test/geomind/trainingdata/mined_expanded_corpus_cloze_part05.txt]
  Progress -> 3.98607% (4941.28 / 123964 KB) | LR: 0.00147515 | TTemp: 1.18083 | VTemp: 1.0
  Train -> TL: 4.70439 | ATL: 4.67528 | ITPPL: 110.431 | ATPPL: 107.262 | ENT: 6.55758b | CERT: 9.57395%
  Val   -> VL: 5.19149 | AVL: 5.18364 | IVPPL: 179.736 | AVPPL: 178.33 | VENT: 7.02032b | VCERT: 11.6933%

[GeoMind CAUSAL CE Stream] Ep 1.0/Inf | Mixed Stream | Last: D[9.0: test/geomind/trainingdata/mined_expanded_corpus_cloze_part05.txt]
  Progress -> 3.99651% (4954.23 / 123964 KB) | LR: 0.00147119 | TTemp: 1.18544 | VTemp: 1.0
  Train -> TL: 4.70707 | ATL: 4.66052 | ITPPL: 110.727 | ATPPL: 105.691 | ENT: 6.54103b | CERT: 9.91913%
  Val   -> VL: 5.18338 | AVL: 5.18356 | IVPPL: 178.284 | AVPPL: 178.316 | VENT: 7.0519b | VCERT: 11.3414%

[GeoMind CAUSAL CE Stream] Ep 1.0/Inf | Mixed Stream | Last: D[9.0: test/geomind/trainingdata/mined_expanded_corpus_cloze_part05.txt]
  Progress -> 4.00481% (4964.51 / 123964 KB) | LR: 0.00146755 | TTemp: 1.18934 | VTemp: 1.0
  Train -> TL: 4.77636 | ATL: 4.65948 | ITPPL: 118.672 | ATPPL: 105.581 | ENT: 6.63717b | CERT: 9.51227%
  Val   -> VL: 5.17966 | AVL: 5.18239 | IVPPL: 177.622 | AVPPL: 178.108 | VENT: 7.04678b | VCERT: 11.2987%

[GeoMind CAUSAL CE Stream] Ep 1.0/Inf | Mixed Stream | Last: D[9.0: test/geomind/trainingdata/mined_expanded_corpus_cloze_part05.txt]
  Progress -> 4.01306% (4974.74 / 123964 KB) | LR: 0.00146375 | TTemp: 1.1931 | VTemp: 1.0
  Train -> TL: 4.60777 | ATL: 4.65207 | ITPPL: 100.26 | ATPPL: 104.801 | ENT: 6.46032b | CERT: 10.209%
  Val   -> VL: 5.17718 | AVL: 5.18083 | IVPPL: 177.182 | AVPPL: 177.83 | VENT: 7.01598b | VCERT: 11.5641%

[GeoMind CAUSAL CE Stream] Ep 1.0/Inf | Mixed Stream | Last: D[9.0: test/geomind/trainingdata/mined_expanded_corpus_cloze_part05.txt]
  Progress -> 4.02168% (4985.42 / 123964 KB) | LR: 0.00145977 | TTemp: 1.1966 | VTemp: 1.0
  Train -> TL: 4.52624 | ATL: 4.64442 | ITPPL: 92.4106 | ATPPL: 104.003 | ENT: 6.2347b | CERT: 11.2034%
  Val   -> VL: 5.16897 | AVL: 5.17727 | IVPPL: 175.734 | AVPPL: 177.198 | VENT: 6.99292b | VCERT: 11.4009%

[GeoMind CAUSAL CE Stream] Ep 1.0/Inf | Mixed Stream | Last: D[9.0: test/geomind/trainingdata/mined_expanded_corpus_cloze_part05.txt]
  Progress -> 4.02908% (4994.59 / 123964 KB) | LR: 0.00145645 | TTemp: 1.19907 | VTemp: 1.0
  Train -> TL: 4.76308 | ATL: 4.64797 | ITPPL: 117.106 | ATPPL: 104.373 | ENT: 6.33734b | CERT: 10.8415%
  Val   -> VL: 5.16693 | AVL: 5.17417 | IVPPL: 175.375 | AVPPL: 176.649 | VENT: 7.01815b | VCERT: 11.1194%

[GeoMind CAUSAL CE Stream] Ep 1.0/Inf | Mixed Stream | Last: D[9.0: test/geomind/trainingdata/mined_expanded_corpus_cloze_part05.txt]
  Progress -> 4.03768% (5005.25 / 123964 KB) | LR: 0.00145407 | TTemp: 1.20058 | VTemp: 1.0
  Train -> TL: 4.48796 | ATL: 4.65643 | ITPPL: 88.9397 | ATPPL: 105.259 | ENT: 6.22994b | CERT: 12.4822%
  Val   -> VL: 5.17612 | AVL: 5.17475 | IVPPL: 176.994 | AVPPL: 176.753 | VENT: 7.00164b | VCERT: 11.211%

[GeoMind CAUSAL CE Stream] Ep 1.0/Inf | Mixed Stream | Last: D[9.0: test/geomind/trainingdata/mined_expanded_corpus_cloze_part05.txt]
  Progress -> 4.04568% (5015.18 / 123964 KB) | LR: 0.00145208 | TTemp: 1.20167 | VTemp: 1.0
  Train -> TL: 4.60303 | ATL: 4.65865 | ITPPL: 99.786 | ATPPL: 105.494 | ENT: 6.34767b | CERT: 11.2537%
  Val   -> VL: 5.17322 | AVL: 5.17429 | IVPPL: 176.482 | AVPPL: 176.671 | VENT: 7.01052b | VCERT: 11.248%

[GeoMind CAUSAL CE Stream] Ep 1.0/Inf | Mixed Stream | Last: D[9.0: test/geomind/trainingdata/mined_expanded_corpus_cloze_part05.txt]
  Progress -> 4.05375% (5025.18 / 123964 KB) | LR: 0.00145051 | TTemp: 1.20248 | VTemp: 1.0
  Train -> TL: 4.61546 | ATL: 4.66155 | ITPPL: 101.034 | ATPPL: 105.8 | ENT: 6.38762b | CERT: 10.2415%
  Val   -> VL: 5.17894 | AVL: 5.17569 | IVPPL: 177.495 | AVPPL: 176.918 | VENT: 6.98282b | VCERT: 11.4075%

[GeoMind CAUSAL CE Stream] Ep 1.0/Inf | Mixed Stream | Last: D[9.0: test/geomind/trainingdata/mined_expanded_corpus_cloze_part05.txt]
  Progress -> 4.06039% (5033.41 / 123964 KB) | LR: 0.00144962 | TTemp: 1.20264 | VTemp: 1.0
  Train -> TL: 4.76776 | ATL: 4.66902 | ITPPL: 117.655 | ATPPL: 106.594 | ENT: 6.47712b | CERT: 9.29426%
  Val   -> VL: 5.17733 | AVL: 5.17618 | IVPPL: 177.209 | AVPPL: 177.005 | VENT: 7.01237b | VCERT: 11.0715%

[GeoMind CAUSAL CE Stream] Ep 1.0/Inf | Mixed Stream | Last: D[9.0: test/geomind/trainingdata/mined_expanded_corpus_cloze_part05.txt]
  Progress -> 4.06746% (5042.17 / 123964 KB) | LR: 0.00145036 | TTemp: 1.20095 | VTemp: 1.0
  Train -> TL: 4.85963 | ATL: 4.69027 | ITPPL: 128.976 | ATPPL: 108.883 | ENT: 6.47407b | CERT: 9.37699%
  Val   -> VL: 5.16551 | AVL: 5.17298 | IVPPL: 175.126 | AVPPL: 176.44 | VENT: 7.05284b | VCERT: 10.8084%

[GeoMind CAUSAL CE Stream] Ep 1.0/Inf | Mixed Stream | Last: D[9.0: test/geomind/trainingdata/mined_expanded_corpus_cloze_part05.txt]
  Progress -> 4.07364% (5049.83 / 123964 KB) | LR: 0.00145167 | TTemp: 1.199 | VTemp: 1.0
  Train -> TL: 4.78905 | ATL: 4.69923 | ITPPL: 120.188 | ATPPL: 109.863 | ENT: 6.46459b | CERT: 9.12499%
  Val   -> VL: 5.1803 | AVL: 5.17517 | IVPPL: 177.736 | AVPPL: 176.827 | VENT: 7.02306b | VCERT: 10.9434%

[GeoMind CAUSAL CE Stream] Ep 1.0/Inf | Mixed Stream | Last: D[9.0: test/geomind/trainingdata/mined_expanded_corpus_cloze_part05.txt]
  Progress -> 4.08073% (5058.62 / 123964 KB) | LR: 0.00145341 | TTemp: 1.19672 | VTemp: 1.0
  Train -> TL: 4.77593 | ATL: 4.7071 | ITPPL: 118.62 | ATPPL: 110.73 | ENT: 6.44254b | CERT: 9.16317%
  Val   -> VL: 5.1735 | AVL: 5.17467 | IVPPL: 176.531 | AVPPL: 176.739 | VENT: 6.99248b | VCERT: 11.4504%

[GeoMind CAUSAL CE Stream] Ep 1.0/Inf | Mixed Stream | Last: D[9.0: test/geomind/trainingdata/mined_expanded_corpus_cloze_part05.txt]
  Progress -> 4.08722% (5066.67 / 123964 KB) | LR: 0.0014548 | TTemp: 1.19497 | VTemp: 1.0
  Train -> TL: 4.7528 | ATL: 4.7045 | ITPPL: 115.908 | ATPPL: 110.443 | ENT: 6.47898b | CERT: 9.2167%
  Val   -> VL: 5.17434 | AVL: 5.17457 | IVPPL: 176.68 | AVPPL: 176.721 | VENT: 6.97108b | VCERT: 11.4725%

[GeoMind CAUSAL CE Stream] Ep 1.0/Inf | Mixed Stream | Last: D[9.0: test/geomind/trainingdata/mined_expanded_corpus_cloze_part05.txt]
  Progress -> 4.09285% (5073.65 / 123964 KB) | LR: 0.00145525 | TTemp: 1.19439 | VTemp: 1.0
  Train -> TL: 4.64861 | ATL: 4.69358 | ITPPL: 104.44 | ATPPL: 109.243 | ENT: 6.35601b | CERT: 10.0598%
  Val   -> VL: 5.17888 | AVL: 5.17586 | IVPPL: 177.484 | AVPPL: 176.95 | VENT: 6.97944b | VCERT: 11.1496%

[GeoMind CAUSAL CE Stream] Ep 1.0/Inf | Mixed Stream | Last: D[9.0: test/geomind/trainingdata/mined_expanded_corpus_cloze_part05.txt]
  Progress -> 4.0996% (5082.01 / 123964 KB) | LR: 0.00145478 | TTemp: 1.19503 | VTemp: 1.0
  Train -> TL: 4.74009 | ATL: 4.6813 | ITPPL: 114.444 | ATPPL: 107.911 | ENT: 6.36335b | CERT: 10.2633%
  Val   -> VL: 5.18497 | AVL: 5.1786 | IVPPL: 178.568 | AVPPL: 177.433 | VENT: 7.00371b | VCERT: 10.9269%

[GeoMind CAUSAL CE Stream] Ep 1.0/Inf | Mixed Stream | Last: D[9.0: test/geomind/trainingdata/mined_expanded_corpus_cloze_part05.txt]
  Progress -> 4.10657% (5090.66 / 123964 KB) | LR: 0.00145415 | TTemp: 1.19586 | VTemp: 1.0
  Train -> TL: 4.79246 | ATL: 4.67841 | ITPPL: 120.598 | ATPPL: 107.599 | ENT: 6.41479b | CERT: 9.4685%
  Val   -> VL: 5.18181 | AVL: 5.17956 | IVPPL: 178.005 | AVPPL: 177.605 | VENT: 7.03457b | VCERT: 10.6948%

[GeoMind CAUSAL CE Stream] Ep 1.0/Inf | Mixed Stream | Last: D[9.0: test/geomind/trainingdata/mined_expanded_corpus_cloze_part05.txt]
  Progress -> 4.11347% (5099.21 / 123964 KB) | LR: 0.00145266 | TTemp: 1.19772 | VTemp: 1.0
  Train -> TL: 4.66858 | ATL: 4.66558 | ITPPL: 106.546 | ATPPL: 106.227 | ENT: 6.38134b | CERT: 9.65552%
  Val   -> VL: 5.1878 | AVL: 5.18203 | IVPPL: 179.074 | AVPPL: 178.044 | VENT: 7.07338b | VCERT: 10.4189%

[GeoMind CAUSAL CE Stream] Ep 1.0/Inf | Mixed Stream | Last: D[9.0: test/geomind/trainingdata/mined_expanded_corpus_cloze_part05.txt]
  Progress -> 4.11974% (5106.99 / 123964 KB) | LR: 0.00144998 | TTemp: 1.20866 | VTemp: 1.0
  Train -> TL: 4.62545 | ATL: 4.64711 | ITPPL: 102.049 | ATPPL: 104.283 | ENT: 6.2072b | CERT: 10.8534%
  Val   -> VL: 5.20332 | AVL: 5.18842 | IVPPL: 181.876 | AVPPL: 179.185 | VENT: 7.05214b | VCERT: 10.7448%

[GeoMind CAUSAL CE Stream] Ep 1.0/Inf | Mixed Stream | Last: D[9.0: test/geomind/trainingdata/mined_expanded_corpus_cloze_part05.txt]
  Progress -> 4.12782% (5117 / 123964 KB) | LR: 0.0014466 | TTemp: 1.21174 | VTemp: 1.0
  Train -> TL: 4.60618 | ATL: 4.63357 | ITPPL: 100.101 | ATPPL: 102.881 | ENT: 6.18233b | CERT: 11.1969%
  Val   -> VL: 5.2004 | AVL: 5.19201 | IVPPL: 181.344 | AVPPL: 179.83 | VENT: 7.04062b | VCERT: 10.6642%

[GeoMind CAUSAL CE Stream] Ep 1.0/Inf | Mixed Stream | Last: D[9.0: test/geomind/trainingdata/mined_expanded_corpus_cloze_part05.txt]
  Progress -> 4.13482% (5125.67 / 123964 KB) | LR: 0.00144422 | TTemp: 1.21365 | VTemp: 1.0
  Train -> TL: 4.64633 | ATL: 4.64277 | ITPPL: 104.202 | ATPPL: 103.831 | ENT: 6.22348b | CERT: 10.8073%
  Val   -> VL: 5.19086 | AVL: 5.19167 | IVPPL: 179.622 | AVPPL: 179.768 | VENT: 6.99994b | VCERT: 11.2056%

[GeoMind CAUSAL CE Stream] Ep 1.0/Inf | Mixed Stream | Last: D[9.0: test/geomind/trainingdata/mined_expanded_corpus_cloze_part05.txt]
  Progress -> 4.14267% (5135.41 / 123964 KB) | LR: 0.00144434 | TTemp: 1.21299 | VTemp: 1.0
  Train -> TL: 4.6408 | ATL: 4.67416 | ITPPL: 103.627 | ATPPL: 107.143 | ENT: 6.25931b | CERT: 11.3527%
  Val   -> VL: 5.1949 | AVL: 5.19264 | IVPPL: 180.35 | AVPPL: 179.942 | VENT: 7.02467b | VCERT: 10.9707%

[GeoMind CAUSAL CE Stream] Ep 1.0/Inf | Mixed Stream | Last: D[9.0: test/geomind/trainingdata/mined_expanded_corpus_cloze_part05.txt]
  Progress -> 4.14824% (5142.31 / 123964 KB) | LR: 0.00144456 | TTemp: 1.22037 | VTemp: 1.0
  Train -> TL: 4.52096 | ATL: 4.67583 | ITPPL: 91.9237 | ATPPL: 107.322 | ENT: 6.05969b | CERT: 11.8118%
  Val   -> VL: 5.21794 | AVL: 5.20023 | IVPPL: 184.553 | AVPPL: 181.313 | VENT: 6.98637b | VCERT: 10.6638%

[GeoMind CAUSAL CE Stream] Ep 1.0/Inf | Mixed Stream | Last: D[9.0: test/geomind/trainingdata/mined_expanded_corpus_cloze_part05.txt]
  Progress -> 4.15414% (5149.63 / 123964 KB) | LR: 0.00144365 | TTemp: 1.22843 | VTemp: 1.0
  Train -> TL: 4.43723 | ATL: 4.66025 | ITPPL: 84.5401 | ATPPL: 105.663 | ENT: 5.96342b | CERT: 12.008%
  Val   -> VL: 5.2279 | AVL: 5.20853 | IVPPL: 186.401 | AVPPL: 182.825 | VENT: 6.90705b | VCERT: 11.2393%

[GeoMind CAUSAL CE Stream] Ep 1.0/Inf | Mixed Stream | Last: D[9.0: test/geomind/trainingdata/mined_expanded_corpus_cloze_part05.txt]
  Progress -> 4.15964% (5156.45 / 123964 KB) | LR: 0.00144235 | TTemp: 1.23644 | VTemp: 1.0
  Train -> TL: 4.71588 | ATL: 4.65369 | ITPPL: 111.707 | ATPPL: 104.971 | ENT: 6.22683b | CERT: 11.2084%
  Val   -> VL: 5.23765 | AVL: 5.21726 | IVPPL: 188.227 | AVPPL: 184.429 | VENT: 6.85452b | VCERT: 11.469%

[GeoMind CAUSAL CE Stream] Ep 1.0/Inf | Mixed Stream | Last: D[9.0: test/geomind/trainingdata/mined_expanded_corpus_cloze_part05.txt]
  Progress -> 4.16462% (5162.61 / 123964 KB) | LR: 0.00144036 | TTemp: 1.24464 | VTemp: 1.0
  Train -> TL: 4.49717 | ATL: 4.64236 | ITPPL: 89.7627 | ATPPL: 103.789 | ENT: 6.20387b | CERT: 11.5651%
  Val   -> VL: 5.24175 | AVL: 5.22461 | IVPPL: 189 | AVPPL: 185.788 | VENT: 6.75048b | VCERT: 12.0468%

[GeoMind CAUSAL CE Stream] Ep 1.0/Inf | Mixed Stream | Last: D[9.0: test/geomind/trainingdata/mined_expanded_corpus_cloze_part05.txt]
  Progress -> 4.17195% (5171.7 / 123964 KB) | LR: 0.00143933 | TTemp: 1.24274 | VTemp: 1.0
  Train -> TL: 4.79432 | ATL: 4.65283 | ITPPL: 120.823 | ATPPL: 104.881 | ENT: 6.01624b | CERT: 12.9987%
  Val   -> VL: 5.19865 | AVL: 5.21682 | IVPPL: 181.028 | AVPPL: 184.347 | VENT: 6.76208b | VCERT: 12.278%

[GeoMind CAUSAL CE Stream] Ep 1.0/Inf | Mixed Stream | Last: D[9.0: test/geomind/trainingdata/mined_expanded_corpus_cloze_part05.txt]
  Progress -> 4.18312% (5185.54 / 123964 KB) | LR: 0.00143907 | TTemp: 1.23912 | VTemp: 1.0
  Train -> TL: 4.67104 | ATL: 4.66208 | ITPPL: 106.809 | ATPPL: 105.856 | ENT: 6.16325b | CERT: 12.2315%
  Val   -> VL: 5.15809 | AVL: 5.1992 | IVPPL: 173.833 | AVPPL: 181.128 | VENT: 6.80159b | VCERT: 12.1945%

[GeoMind CAUSAL CE Stream] Ep 1.0/Inf | Mixed Stream | Last: D[9.0: test/geomind/trainingdata/mined_expanded_corpus_cloze_part05.txt]
  Progress -> 4.19126% (5195.64 / 123964 KB) | LR: 0.00144056 | TTemp: 1.23303 | VTemp: 1.0
  Train -> TL: 4.69513 | ATL: 4.6861 | ITPPL: 109.413 | ATPPL: 108.429 | ENT: 6.32439b | CERT: 11.2052%
  Val   -> VL: 5.14583 | AVL: 5.18319 | IVPPL: 171.714 | AVPPL: 178.251 | VENT: 6.85149b | VCERT: 11.7431%

[GeoMind CAUSAL CE Stream] Ep 1.0/Inf | Mixed Stream | Last: D[9.0: test/geomind/trainingdata/mined_expanded_corpus_cloze_part05.txt]
  Progress -> 4.20072% (5207.37 / 123964 KB) | LR: 0.00144353 | TTemp: 1.22537 | VTemp: 1.0
  Train -> TL: 4.66655 | ATL: 4.70872 | ITPPL: 106.33 | ATPPL: 110.91 | ENT: 6.36572b | CERT: 10.5478%
  Val   -> VL: 5.14785 | AVL: 5.17259 | IVPPL: 172.061 | AVPPL: 176.371 | VENT: 6.88926b | VCERT: 11.1396%

[GeoMind CAUSAL CE Stream] Ep 1.0/Inf | Mixed Stream | Last: D[9.0: test/geomind/trainingdata/mined_expanded_corpus_cloze_part05.txt]
  Progress -> 4.20976% (5218.57 / 123964 KB) | LR: 0.0014471 | TTemp: 1.21738 | VTemp: 1.0
  Train -> TL: 4.77268 | ATL: 4.72114 | ITPPL: 118.236 | ATPPL: 112.296 | ENT: 6.31824b | CERT: 10.7242%
  Val   -> VL: 5.14841 | AVL: 5.16534 | IVPPL: 172.158 | AVPPL: 175.096 | VENT: 6.90432b | VCERT: 10.8799%

[GeoMind CAUSAL CE Stream] Ep 1.0/Inf | Mixed Stream | Last: D[9.0: test/geomind/trainingdata/mined_expanded_corpus_cloze_part05.txt]
  Progress -> 4.21916% (5230.22 / 123964 KB) | LR: 0.0014497 | TTemp: 1.2109 | VTemp: 1.0
  Train -> TL: 4.62884 | ATL: 4.71264 | ITPPL: 102.395 | ATPPL: 111.346 | ENT: 6.31898b | CERT: 10.9338%
  Val   -> VL: 5.1509 | AVL: 5.16101 | IVPPL: 172.587 | AVPPL: 174.34 | VENT: 6.89401b | VCERT: 11.3344%

[GeoMind CAUSAL CE Stream] Ep 1.0/Inf | Mixed Stream | Last: D[9.0: test/geomind/trainingdata/mined_expanded_corpus_cloze_part05.txt]
  Progress -> 4.22671% (5239.58 / 123964 KB) | LR: 0.00145039 | TTemp: 1.2067 | VTemp: 1.0
  Train -> TL: 4.70669 | ATL: 4.68975 | ITPPL: 110.685 | ATPPL: 108.826 | ENT: 6.34184b | CERT: 10.979%
  Val   -> VL: 5.14274 | AVL: 5.15553 | IVPPL: 171.184 | AVPPL: 173.387 | VENT: 6.90222b | VCERT: 11.28%

[GeoMind CAUSAL CE Stream] Ep 1.0/Inf | Mixed Stream | Last: D[9.0: test/geomind/trainingdata/mined_expanded_corpus_cloze_part05.txt]
  Progress -> 4.2347% (5249.49 / 123964 KB) | LR: 0.00145068 | TTemp: 1.20336 | VTemp: 1.0
  Train -> TL: 4.70686 | ATL: 4.68513 | ITPPL: 110.704 | ATPPL: 108.324 | ENT: 6.32747b | CERT: 10.9885%
  Val   -> VL: 5.1504 | AVL: 5.15399 | IVPPL: 172.5 | AVPPL: 173.12 | VENT: 6.95124b | VCERT: 10.705%

[GeoMind CAUSAL CE Stream] Ep 1.0/Inf | Mixed Stream | Last: D[9.0: test/geomind/trainingdata/mined_expanded_corpus_cloze_part05.txt]
  Progress -> 4.24201% (5258.55 / 123964 KB) | LR: 0.00145184 | TTemp: 1.19987 | VTemp: 1.0
  Train -> TL: 4.78292 | ATL: 4.69756 | ITPPL: 119.452 | ATPPL: 109.679 | ENT: 6.38026b | CERT: 9.67034%
  Val   -> VL: 5.16677 | AVL: 5.15782 | IVPPL: 175.348 | AVPPL: 173.786 | VENT: 6.9824b | VCERT: 10.5295%

[GeoMind CAUSAL CE Stream] Ep 1.0/Inf | Mixed Stream | Last: D[9.0: test/geomind/trainingdata/mined_expanded_corpus_cloze_part05.txt]
  Progress -> 4.25046% (5269.03 / 123964 KB) | LR: 0.00145396 | TTemp: 1.19581 | VTemp: 1.0
  Train -> TL: 4.80714 | ATL: 4.71262 | ITPPL: 122.382 | ATPPL: 111.344 | ENT: 6.5386b | CERT: 8.969%
  Val   -> VL: 5.15912 | AVL: 5.15821 | IVPPL: 174.012 | AVPPL: 173.853 | VENT: 6.98957b | VCERT: 10.6704%

[GeoMind CAUSAL CE Stream] Ep 1.0/Inf | Mixed Stream | Last: D[9.0: test/geomind/trainingdata/mined_expanded_corpus_cloze_part05.txt]
  Progress -> 4.25807% (5278.46 / 123964 KB) | LR: 0.00145614 | TTemp: 1.19204 | VTemp: 1.0
  Train -> TL: 4.67114 | ATL: 4.71634 | ITPPL: 106.819 | ATPPL: 111.758 | ENT: 6.48399b | CERT: 9.6149%
  Val   -> VL: 5.15655 | AVL: 5.15771 | IVPPL: 173.564 | AVPPL: 173.767 | VENT: 6.96818b | VCERT: 11.0035%

[GeoMind CAUSAL CE Stream] Ep 1.0/Inf | Mixed Stream | Last: D[9.0: test/geomind/trainingdata/mined_expanded_corpus_cloze_part05.txt]
  Progress -> 4.26575% (5287.98 / 123964 KB) | LR: 0.00145895 | TTemp: 1.188 | VTemp: 1.0
  Train -> TL: 4.73158 | ATL: 4.72811 | ITPPL: 113.475 | ATPPL: 113.082 | ENT: 6.46418b | CERT: 9.61755%
  Val   -> VL: 5.15971 | AVL: 5.15831 | IVPPL: 174.114 | AVPPL: 173.871 | VENT: 6.97773b | VCERT: 10.859%

[GeoMind CAUSAL CE Stream] Ep 1.0/Inf | Mixed Stream | Last: D[9.0: test/geomind/trainingdata/mined_expanded_corpus_cloze_part05.txt]
  Progress -> 4.27605% (5300.75 / 123964 KB) | LR: 0.00146171 | TTemp: 1.19233 | VTemp: 1.0
  Train -> TL: 4.62567 | ATL: 4.73129 | ITPPL: 102.071 | ATPPL: 113.442 | ENT: 6.47488b | CERT: 9.59967%
  Val   -> VL: 5.1808 | AVL: 5.16506 | IVPPL: 177.826 | AVPPL: 175.048 | VENT: 6.99255b | VCERT: 10.7719%

[GeoMind CAUSAL CE Stream] Ep 1.0/Inf | Mixed Stream | Last: D[9.0: test/geomind/trainingdata/mined_expanded_corpus_cloze_part05.txt]
  Progress -> 4.28564% (5312.64 / 123964 KB) | LR: 0.00146382 | TTemp: 1.19685 | VTemp: 1.0
  Train -> TL: 4.77308 | ATL: 4.72612 | ITPPL: 118.283 | ATPPL: 112.856 | ENT: 6.49447b | CERT: 9.38899%
  Val   -> VL: 5.18506 | AVL: 5.17106 | IVPPL: 178.584 | AVPPL: 176.102 | VENT: 7.00321b | VCERT: 10.7614%

[GeoMind CAUSAL CE Stream] Ep 1.0/Inf | Mixed Stream | Last: D[9.0: test/geomind/trainingdata/mined_expanded_corpus_cloze_part05.txt]
  Progress -> 4.29444% (5323.55 / 123964 KB) | LR: 0.00146791 | TTemp: 1.1991 | VTemp: 1.0
  Train -> TL: 4.88865 | ATL: 4.75658 | ITPPL: 132.774 | ATPPL: 116.347 | ENT: 6.51325b | CERT: 8.77217%
  Val   -> VL: 5.20169 | AVL: 5.18025 | IVPPL: 181.578 | AVPPL: 177.727 | VENT: 7.04157b | VCERT: 10.2437%

[GeoMind CAUSAL CE Stream] Ep 1.0/Inf | Mixed Stream | Last: D[9.0: test/geomind/trainingdata/mined_expanded_corpus_cloze_part05.txt]
  Progress -> 4.30559% (5337.37 / 123964 KB) | LR: 0.00147134 | TTemp: 1.19403 | VTemp: 1.0
  Train -> TL: 4.70771 | ATL: 4.75311 | ITPPL: 110.799 | ATPPL: 115.944 | ENT: 6.54169b | CERT: 8.47541%
  Val   -> VL: 5.19165 | AVL: 5.18367 | IVPPL: 179.765 | AVPPL: 178.336 | VENT: 7.03067b | VCERT: 10.3705%

[GeoMind CAUSAL CE Stream] Ep 1.0/Inf | Mixed Stream | Last: D[9.0: test/geomind/trainingdata/mined_expanded_corpus_cloze_part05.txt]
  Progress -> 4.31994% (5355.15 / 123964 KB) | LR: 0.00147459 | TTemp: 1.18964 | VTemp: 1.0
  Train -> TL: 4.84144 | ATL: 4.75534 | ITPPL: 126.651 | ATPPL: 116.203 | ENT: 6.52618b | CERT: 8.93335%
  Val   -> VL: 5.18766 | AVL: 5.18487 | IVPPL: 179.05 | AVPPL: 178.55 | VENT: 7.06424b | VCERT: 10.159%

[GeoMind CAUSAL CE Stream] Ep 1.0/Inf | Mixed Stream | Last: D[9.0: test/geomind/trainingdata/mined_expanded_corpus_cloze_part05.txt]
  Progress -> 4.33003% (5367.66 / 123964 KB) | LR: 0.0014776 | TTemp: 1.18582 | VTemp: 1.0
  Train -> TL: 4.61996 | ATL: 4.75649 | ITPPL: 101.49 | ATPPL: 116.337 | ENT: 6.46937b | CERT: 8.97587%
  Val   -> VL: 5.1849 | AVL: 5.18488 | IVPPL: 178.555 | AVPPL: 178.551 | VENT: 7.04473b | VCERT: 10.1794%

[GeoMind CAUSAL CE Stream] Ep 1.0/Inf | Mixed Stream | Last: D[9.0: test/geomind/trainingdata/mined_expanded_corpus_cloze_part05.txt]
  Progress -> 4.33903% (5378.83 / 123964 KB) | LR: 0.00147966 | TTemp: 1.18344 | VTemp: 1.0
  Train -> TL: 4.6765 | ATL: 4.74748 | ITPPL: 107.393 | ATPPL: 115.293 | ENT: 6.42459b | CERT: 9.21895%
  Val   -> VL: 5.19333 | AVL: 5.18741 | IVPPL: 180.066 | AVPPL: 179.004 | VENT: 7.01369b | VCERT: 10.5164%

[GeoMind CAUSAL CE Stream] Ep 1.0/Inf | Mixed Stream | Last: D[9.0: test/geomind/trainingdata/mined_expanded_corpus_cloze_part05.txt]
  Progress -> 4.3466% (5388.21 / 123964 KB) | LR: 0.0014813 | TTemp: 1.18174 | VTemp: 1.0
  Train -> TL: 4.78861 | ATL: 4.74457 | ITPPL: 120.135 | ATPPL: 114.958 | ENT: 6.55018b | CERT: 8.46154%
  Val   -> VL: 5.19201 | AVL: 5.18879 | IVPPL: 179.83 | AVPPL: 179.252 | VENT: 7.03978b | VCERT: 10.1492%

[GeoMind CAUSAL CE Stream] Ep 1.0/Inf | Mixed Stream | Last: D[9.0: test/geomind/trainingdata/mined_expanded_corpus_cloze_part05.txt]
  Progress -> 4.35889% (5403.43 / 123964 KB) | LR: 0.00148306 | TTemp: 1.17998 | VTemp: 1.0
  Train -> TL: 4.67719 | ATL: 4.74839 | ITPPL: 107.468 | ATPPL: 115.398 | ENT: 6.56444b | CERT: 9.16085%
  Val   -> VL: 5.18758 | AVL: 5.18843 | IVPPL: 179.034 | AVPPL: 179.186 | VENT: 7.01926b | VCERT: 10.4404%

[GeoMind CAUSAL CE Stream] Ep 1.0/Inf | Mixed Stream | Last: D[9.0: test/geomind/trainingdata/mined_expanded_corpus_cloze_part05.txt]
  Progress -> 4.36999% (5417.2 / 123964 KB) | LR: 0.00148425 | TTemp: 1.17909 | VTemp: 1.0
  Train -> TL: 4.72055 | ATL: 4.74298 | ITPPL: 112.23 | ATPPL: 114.775 | ENT: 6.5759b | CERT: 9.1867%
  Val   -> VL: 5.19685 | AVL: 5.19095 | IVPPL: 180.702 | AVPPL: 179.64 | VENT: 7.07675b | VCERT: 10.3457%

[GeoMind CAUSAL CE Stream] Ep 1.0/Inf | Mixed Stream | Last: D[9.0: test/geomind/trainingdata/mined_expanded_corpus_cloze_part05.txt]
  Progress -> 4.38299% (5433.31 / 123964 KB) | LR: 0.00148426 | TTemp: 1.18736 | VTemp: 1.0
  Train -> TL: 4.74694 | ATL: 4.72829 | ITPPL: 115.231 | ATPPL: 113.102 | ENT: 6.60009b | CERT: 8.71321%
  Val   -> VL: 5.21056 | AVL: 5.19684 | IVPPL: 183.197 | AVPPL: 180.7 | VENT: 7.05948b | VCERT: 10.1218%

[GeoMind CAUSAL CE Stream] Ep 1.0/Inf | Mixed Stream | Last: D[9.0: test/geomind/trainingdata/mined_expanded_corpus_cloze_part05.txt]
  Progress -> 4.39474% (5447.88 / 123964 KB) | LR: 0.00148402 | TTemp: 1.18731 | VTemp: 1.0
  Train -> TL: 4.61544 | ATL: 4.72477 | ITPPL: 101.032 | ATPPL: 112.705 | ENT: 6.23357b | CERT: 10.4372%
  Val   -> VL: 5.20323 | AVL: 5.19875 | IVPPL: 181.859 | AVPPL: 181.047 | VENT: 7.04082b | VCERT: 10.4541%

[GeoMind CAUSAL CE Stream] Ep 1.0/Inf | Mixed Stream | Last: D[9.0: test/geomind/trainingdata/mined_expanded_corpus_cloze_part05.txt]
  Progress -> 4.40408% (5459.46 / 123964 KB) | LR: 0.00148548 | TTemp: 1.18517 | VTemp: 1.0
  Train -> TL: 4.56389 | ATL: 4.74807 | ITPPL: 95.9563 | ATPPL: 115.362 | ENT: 5.88662b | CERT: 12.8361%
  Val   -> VL: 5.18364 | AVL: 5.19422 | IVPPL: 178.33 | AVPPL: 180.227 | VENT: 7.05605b | VCERT: 10.3409%

[GeoMind CAUSAL CE Stream] Ep 1.0/Inf | Mixed Stream | Last: D[9.0: test/geomind/trainingdata/mined_expanded_corpus_cloze_part05.txt]
  Progress -> 4.41389% (5471.62 / 123964 KB) | LR: 0.00148778 | TTemp: 1.18171 | VTemp: 1.0
  Train -> TL: 4.76621 | ATL: 4.76187 | ITPPL: 117.473 | ATPPL: 116.964 | ENT: 6.52532b | CERT: 8.48885%
  Val   -> VL: 5.16689 | AVL: 5.18602 | IVPPL: 175.369 | AVPPL: 178.756 | VENT: 7.06733b | VCERT: 10.471%

[GeoMind CAUSAL CE Stream] Ep 1.0/Inf | Mixed Stream | Last: D[9.0: test/geomind/trainingdata/mined_expanded_corpus_cloze_part05.txt]
  Progress -> 4.42455% (5484.84 / 123964 KB) | LR: 0.0014884 | TTemp: 1.17998 | VTemp: 1.0
  Train -> TL: 4.56139 | ATL: 4.74162 | ITPPL: 95.7165 | ATPPL: 114.62 | ENT: 6.3042b | CERT: 9.74332%
  Val   -> VL: 5.17265 | AVL: 5.18201 | IVPPL: 176.382 | AVPPL: 178.041 | VENT: 7.05941b | VCERT: 10.457%

[GeoMind CAUSAL CE Stream] Ep 1.0/Inf | Mixed Stream | Last: D[9.0: test/geomind/trainingdata/mined_expanded_corpus_cloze_part05.txt]
  Progress -> 4.43513% (5497.96 / 123964 KB) | LR: 0.00148776 | TTemp: 1.17971 | VTemp: 1.0
  Train -> TL: 4.82091 | ATL: 4.72499 | ITPPL: 124.078 | ATPPL: 112.729 | ENT: 6.57127b | CERT: 8.3469%
  Val   -> VL: 5.1798 | AVL: 5.18135 | IVPPL: 177.647 | AVPPL: 177.922 | VENT: 7.06483b | VCERT: 10.5359%

[GeoMind CAUSAL CE Stream] Ep 1.0/Inf | Mixed Stream | Last: D[9.0: test/geomind/trainingdata/mined_expanded_corpus_cloze_part05.txt]
  Progress -> 4.44662% (5512.19 / 123964 KB) | LR: 0.00148635 | TTemp: 1.18044 | VTemp: 1.0
  Train -> TL: 4.68834 | ATL: 4.71341 | ITPPL: 108.672 | ATPPL: 111.431 | ENT: 6.58646b | CERT: 8.60662%
  Val   -> VL: 5.18557 | AVL: 5.18262 | IVPPL: 178.676 | AVPPL: 178.148 | VENT: 7.05958b | VCERT: 10.5788%

[GeoMind CAUSAL CE Stream] Ep 1.0/Inf | Mixed Stream | Last: D[9.0: test/geomind/trainingdata/mined_expanded_corpus_cloze_part05.txt]
  Progress -> 4.4563% (5524.19 / 123964 KB) | LR: 0.00148451 | TTemp: 1.18185 | VTemp: 1.0
  Train -> TL: 4.67944 | ATL: 4.70553 | ITPPL: 107.71 | ATPPL: 110.557 | ENT: 6.48703b | CERT: 9.43541%
  Val   -> VL: 5.19106 | AVL: 5.18515 | IVPPL: 179.659 | AVPPL: 178.6 | VENT: 7.04685b | VCERT: 10.5978%

[GeoMind CAUSAL CE Stream] Ep 1.0/Inf | Mixed Stream | Last: D[9.0: test/geomind/trainingdata/mined_expanded_corpus_cloze_part05.txt]
  Progress -> 4.46457% (5534.45 / 123964 KB) | LR: 0.00148332 | TTemp: 1.19048 | VTemp: 1.0
  Train -> TL: 4.75812 | ATL: 4.71193 | ITPPL: 116.526 | ATPPL: 111.267 | ENT: 6.57168b | CERT: 8.89741%
  Val   -> VL: 5.20366 | AVL: 5.1907 | IVPPL: 181.937 | AVPPL: 179.595 | VENT: 7.08033b | VCERT: 10.3101%

[GeoMind CAUSAL CE Stream] Ep 1.0/Inf | Mixed Stream | Last: D[9.0: test/geomind/trainingdata/mined_expanded_corpus_cloze_part05.txt]
  Progress -> 4.47388% (5545.99 / 123964 KB) | LR: 0.00148322 | TTemp: 1.18964 | VTemp: 1.0
  Train -> TL: 4.62884 | ATL: 4.72545 | ITPPL: 102.396 | ATPPL: 112.781 | ENT: 6.31956b | CERT: 10.4513%
  Val   -> VL: 5.20594 | AVL: 5.19527 | IVPPL: 182.352 | AVPPL: 180.417 | VENT: 7.05528b | VCERT: 10.2897%

[GeoMind CAUSAL CE Stream] Ep 1.0/Inf | Mixed Stream | Last: D[9.0: test/geomind/trainingdata/mined_expanded_corpus_cloze_part05.txt]
  Progress -> 4.4821% (5556.17 / 123964 KB) | LR: 0.00148299 | TTemp: 1.19699 | VTemp: 1.0
  Train -> TL: 4.79197 | ATL: 4.72348 | ITPPL: 120.539 | ATPPL: 112.56 | ENT: 6.50882b | CERT: 8.62495%
  Val   -> VL: 5.21353 | AVL: 5.20075 | IVPPL: 183.742 | AVPPL: 181.408 | VENT: 7.0809b | VCERT: 10.246%

[GeoMind CAUSAL CE Stream] Ep 1.0/Inf | Mixed Stream | Last: D[9.0: test/geomind/trainingdata/mined_expanded_corpus_cloze_part05.txt]
  Progress -> 4.493% (5569.68 / 123964 KB) | LR: 0.00148309 | TTemp: 1.19554 | VTemp: 1.0
  Train -> TL: 4.75312 | ATL: 4.7278 | ITPPL: 115.945 | ATPPL: 113.047 | ENT: 6.62924b | CERT: 8.26815%
  Val   -> VL: 5.2063 | AVL: 5.20242 | IVPPL: 182.419 | AVPPL: 181.711 | VENT: 7.03284b | VCERT: 10.7654%

[GeoMind CAUSAL CE Stream] Ep 1.0/Inf | Mixed Stream | Last: D[9.0: test/geomind/trainingdata/mined_expanded_corpus_cloze_part05.txt]
  Progress -> 4.49996% (5578.31 / 123964 KB) | LR: 0.0014819 | TTemp: 1.19563 | VTemp: 1.0
  Train -> TL: 4.67268 | ATL: 4.70997 | ITPPL: 106.985 | ATPPL: 111.049 | ENT: 6.47265b | CERT: 9.35253%
  Val   -> VL: 5.20172 | AVL: 5.20221 | IVPPL: 181.583 | AVPPL: 181.673 | VENT: 7.02483b | VCERT: 10.8531%

[GeoMind CAUSAL CE Stream] Ep 1.0/Inf | Mixed Stream | Last: D[9.0: test/geomind/trainingdata/mined_expanded_corpus_cloze_part05.txt]
  Progress -> 4.5077% (5587.91 / 123964 KB) | LR: 0.00148084 | TTemp: 1.1956 | VTemp: 1.0
  Train -> TL: 4.75954 | ATL: 4.71011 | ITPPL: 116.693 | ATPPL: 111.065 | ENT: 6.55748b | CERT: 9.26216%
  Val   -> VL: 5.1984 | AVL: 5.20106 | IVPPL: 180.982 | AVPPL: 181.465 | VENT: 7.00602b | VCERT: 11.0951%

[GeoMind CAUSAL CE Stream] Ep 1.0/Inf | Mixed Stream | Last: D[9.0: test/geomind/trainingdata/mined_expanded_corpus_cloze_part05.txt]
  Progress -> 4.51658% (5598.92 / 123964 KB) | LR: 0.00147831 | TTemp: 1.19698 | VTemp: 1.0
  Train -> TL: 4.62539 | ATL: 4.68822 | ITPPL: 102.043 | ATPPL: 108.659 | ENT: 6.4514b | CERT: 9.54559%
  Val   -> VL: 5.19007 | AVL: 5.19777 | IVPPL: 179.482 | AVPPL: 180.868 | VENT: 6.95461b | VCERT: 11.7829%

[GeoMind CAUSAL CE Stream] Ep 1.0/Inf | Mixed Stream | Last: D[9.0: test/geomind/trainingdata/mined_expanded_corpus_cloze_part05.txt]
  Progress -> 4.52518% (5609.58 / 123964 KB) | LR: 0.00147389 | TTemp: 1.20027 | VTemp: 1.0
  Train -> TL: 4.6354 | ATL: 4.65856 | ITPPL: 103.07 | ATPPL: 105.484 | ENT: 6.46527b | CERT: 10.0379%
  Val   -> VL: 5.19298 | AVL: 5.19633 | IVPPL: 180.005 | AVPPL: 180.608 | VENT: 6.96364b | VCERT: 11.5347%

[GeoMind CAUSAL CE Stream] Ep 1.0/Inf | Mixed Stream | Last: D[9.0: test/geomind/trainingdata/mined_expanded_corpus_cloze_part05.txt]
  Progress -> 4.53208% (5618.13 / 123964 KB) | LR: 0.00146981 | TTemp: 1.20307 | VTemp: 1.0
  Train -> TL: 4.69705 | ATL: 4.65709 | ITPPL: 109.623 | ATPPL: 105.329 | ENT: 6.41577b | CERT: 10.3948%
  Val   -> VL: 5.19202 | AVL: 5.19504 | IVPPL: 179.831 | AVPPL: 180.375 | VENT: 6.97288b | VCERT: 11.4967%

[GeoMind CAUSAL CE Stream] Ep 1.0/Inf | Mixed Stream | Last: D[9.0: test/geomind/trainingdata/mined_expanded_corpus_cloze_part05.txt]
  Progress -> 4.53932% (5627.1 / 123964 KB) | LR: 0.00146611 | TTemp: 1.20553 | VTemp: 1.0
  Train -> TL: 4.69114 | ATL: 4.65662 | ITPPL: 108.978 | ATPPL: 105.28 | ENT: 6.45751b | CERT: 10.5546%
  Val   -> VL: 5.19685 | AVL: 5.19558 | IVPPL: 180.703 | AVPPL: 180.473 | VENT: 6.93925b | VCERT: 11.4237%

[GeoMind CAUSAL CE Stream] Ep 1.0/Inf | Mixed Stream | Last: D[9.0: test/geomind/trainingdata/mined_expanded_corpus_cloze_part05.txt]
  Progress -> 4.55082% (5641.37 / 123964 KB) | LR: 0.00146316 | TTemp: 1.20704 | VTemp: 1.0
  Train -> TL: 4.57559 | ATL: 4.66191 | ITPPL: 97.0854 | ATPPL: 105.838 | ENT: 6.28351b | CERT: 11.3131%
  Val   -> VL: 5.18741 | AVL: 5.19313 | IVPPL: 179.004 | AVPPL: 180.031 | VENT: 6.91532b | VCERT: 11.6564%

[GeoMind CAUSAL CE Stream] Ep 1.0/Inf | Mixed Stream | Last: D[9.0: test/geomind/trainingdata/mined_expanded_corpus_cloze_part05.txt]
  Progress -> 4.56233% (5655.63 / 123964 KB) | LR: 0.00146063 | TTemp: 1.20821 | VTemp: 1.0
  Train -> TL: 4.76229 | ATL: 4.66378 | ITPPL: 117.014 | ATPPL: 106.037 | ENT: 6.244b | CERT: 10.7004%
  Val   -> VL: 5.19389 | AVL: 5.19336 | IVPPL: 180.169 | AVPPL: 180.072 | VENT: 6.94205b | VCERT: 11.0811%

[GeoMind CAUSAL CE Stream] Ep 1.0/Inf | Mixed Stream | Last: D[9.0: test/geomind/trainingdata/mined_expanded_corpus_cloze_part05.txt]
  Progress -> 4.57137% (5666.83 / 123964 KB) | LR: 0.00145767 | TTemp: 1.20987 | VTemp: 1.0
  Train -> TL: 4.44369 | ATL: 4.65423 | ITPPL: 85.088 | ATPPL: 105.028 | ENT: 6.17649b | CERT: 11.2584%
  Val   -> VL: 5.19145 | AVL: 5.19279 | IVPPL: 179.729 | AVPPL: 179.969 | VENT: 6.89949b | VCERT: 11.4827%

[GeoMind CAUSAL CE Stream] Ep 1.0/Inf | Mixed Stream | Last: D[9.0: test/geomind/trainingdata/mined_expanded_corpus_cloze_part05.txt]
  Progress -> 4.57904% (5676.34 / 123964 KB) | LR: 0.00145467 | TTemp: 1.212 | VTemp: 1.0
  Train -> TL: 4.38539 | ATL: 4.64951 | ITPPL: 80.2693 | ATPPL: 104.533 | ENT: 5.99472b | CERT: 12.3983%
  Val   -> VL: 5.20931 | AVL: 5.19774 | IVPPL: 182.968 | AVPPL: 180.864 | VENT: 6.89442b | VCERT: 11.4336%

[GeoMind CAUSAL CE Stream] Ep 1.0/Inf | Mixed Stream | Last: D[9.0: test/geomind/trainingdata/mined_expanded_corpus_cloze_part05.txt]
  Progress -> 4.58745% (5686.77 / 123964 KB) | LR: 0.00145196 | TTemp: 1.22171 | VTemp: 1.0
  Train -> TL: 4.41579 | ATL: 4.6494 | ITPPL: 82.7471 | ATPPL: 104.523 | ENT: 5.97948b | CERT: 12.8741%
  Val   -> VL: 5.21454 | AVL: 5.20278 | IVPPL: 183.926 | AVPPL: 181.777 | VENT: 6.90749b | VCERT: 11.2165%

[GeoMind CAUSAL CE Stream] Ep 1.0/Inf | Mixed Stream | Last: D[9.0: test/geomind/trainingdata/mined_expanded_corpus_cloze_part05.txt]
  Progress -> 4.59455% (5695.58 / 123964 KB) | LR: 0.00145084 | TTemp: 1.22107 | VTemp: 1.0
  Train -> TL: 4.61285 | ATL: 4.66773 | ITPPL: 100.771 | ATPPL: 106.456 | ENT: 6.03377b | CERT: 12.3975%
  Val   -> VL: 5.20231 | AVL: 5.20264 | IVPPL: 181.691 | AVPPL: 181.751 | VENT: 6.86932b | VCERT: 11.8779%

[GeoMind CAUSAL CE Stream] Ep 1.0/Inf | Mixed Stream | Last: D[9.0: test/geomind/trainingdata/mined_expanded_corpus_cloze_part05.txt]
  Progress -> 4.60403% (5707.32 / 123964 KB) | LR: 0.00144996 | TTemp: 1.22006 | VTemp: 1.0
  Train -> TL: 4.58473 | ATL: 4.66942 | ITPPL: 97.9766 | ATPPL: 106.636 | ENT: 6.2788b | CERT: 10.9234%
  Val   -> VL: 5.18737 | AVL: 5.19806 | IVPPL: 178.997 | AVPPL: 180.921 | VENT: 6.81569b | VCERT: 12.231%

[GeoMind CAUSAL CE Stream] Ep 1.0/Inf | Mixed Stream | Last: D[9.0: test/geomind/trainingdata/mined_expanded_corpus_cloze_part05.txt]
  Progress -> 4.61265% (5718.01 / 123964 KB) | LR: 0.00144927 | TTemp: 1.2186 | VTemp: 1.0
  Train -> TL: 4.78148 | ATL: 4.67092 | ITPPL: 119.28 | ATPPL: 106.796 | ENT: 6.43718b | CERT: 10.8967%
  Val   -> VL: 5.17661 | AVL: 5.19162 | IVPPL: 177.082 | AVPPL: 179.76 | VENT: 6.82611b | VCERT: 12.1465%

[GeoMind CAUSAL CE Stream] Ep 1.0/Inf | Mixed Stream | Last: D[9.0: test/geomind/trainingdata/mined_expanded_corpus_cloze_part05.txt]
  Progress -> 4.61966% (5726.69 / 123964 KB) | LR: 0.00144719 | TTemp: 1.21865 | VTemp: 1.0
  Train -> TL: 4.61407 | ATL: 4.65073 | ITPPL: 100.894 | ATPPL: 104.662 | ENT: 6.3398b | CERT: 11.0285%
  Val   -> VL: 5.18138 | AVL: 5.18855 | IVPPL: 177.927 | AVPPL: 179.208 | VENT: 6.79319b | VCERT: 12.4574%

[GeoMind CAUSAL CE Stream] Ep 1.0/Inf | Mixed Stream | Last: D[9.0: test/geomind/trainingdata/mined_expanded_corpus_cloze_part05.txt]
  Progress -> 4.62816% (5737.23 / 123964 KB) | LR: 0.00144521 | TTemp: 1.21867 | VTemp: 1.0
  Train -> TL: 4.66502 | ATL: 4.64907 | ITPPL: 106.168 | ATPPL: 104.488 | ENT: 6.35605b | CERT: 10.9773%
  Val   -> VL: 5.18236 | AVL: 5.18669 | IVPPL: 178.102 | AVPPL: 178.876 | VENT: 6.81606b | VCERT: 12.2827%

[GeoMind CAUSAL CE Stream] Ep 1.0/Inf | Mixed Stream | Last: D[9.0: test/geomind/trainingdata/mined_expanded_corpus_cloze_part05.txt]
  Progress -> 4.63715% (5748.38 / 123964 KB) | LR: 0.00144455 | TTemp: 1.21754 | VTemp: 1.0
  Train -> TL: 4.8788 | ATL: 4.6648 | ITPPL: 131.472 | ATPPL: 106.144 | ENT: 6.47799b | CERT: 9.85083%
  Val   -> VL: 5.18772 | AVL: 5.187 | IVPPL: 179.059 | AVPPL: 178.931 | VENT: 6.85302b | VCERT: 12.0701%

[GeoMind CAUSAL CE Stream] Ep 1.0/Inf | Mixed Stream | Last: D[9.0: test/geomind/trainingdata/mined_expanded_corpus_cloze_part05.txt]
  Progress -> 4.64685% (5760.4 / 123964 KB) | LR: 0.00144517 | TTemp: 1.21497 | VTemp: 1.0
  Train -> TL: 4.85425 | ATL: 4.68155 | ITPPL: 128.285 | ATPPL: 107.937 | ENT: 6.56601b | CERT: 9.62125%
  Val   -> VL: 5.17158 | AVL: 5.18237 | IVPPL: 176.193 | AVPPL: 178.105 | VENT: 6.90701b | VCERT: 11.4346%

[GeoMind CAUSAL CE Stream] Ep 1.0/Inf | Mixed Stream | Last: D[9.0: test/geomind/trainingdata/mined_expanded_corpus_cloze_part05.txt]
  Progress -> 4.65933% (5775.87 / 123964 KB) | LR: 0.00144514 | TTemp: 1.21322 | VTemp: 1.0
  Train -> TL: 4.74137 | ATL: 4.6734 | ITPPL: 114.591 | ATPPL: 107.061 | ENT: 6.53535b | CERT: 9.95225%
  Val   -> VL: 5.17471 | AVL: 5.18007 | IVPPL: 176.745 | AVPPL: 177.696 | VENT: 6.91913b | VCERT: 11.5599%

[GeoMind CAUSAL CE Stream] Ep 1.0/Inf | Mixed Stream | Last: D[9.0: test/geomind/trainingdata/mined_expanded_corpus_cloze_part05.txt]
  Progress -> 4.67583% (5796.33 / 123964 KB) | LR: 0.00144555 | TTemp: 1.21102 | VTemp: 1.0
  Train -> TL: 4.71068 | ATL: 4.67953 | ITPPL: 111.128 | ATPPL: 107.72 | ENT: 6.50667b | CERT: 9.98182%
  Val   -> VL: 5.16841 | AVL: 5.17658 | IVPPL: 175.636 | AVPPL: 177.075 | VENT: 6.90911b | VCERT: 11.3532%

[GeoMind CAUSAL CE Stream] Ep 1.0/Inf | Mixed Stream | Last: D[9.0: test/geomind/trainingdata/mined_expanded_corpus_cloze_part05.txt]
  Progress -> 4.68764% (5810.97 / 123964 KB) | LR: 0.00144577 | TTemp: 1.20914 | VTemp: 1.0
  Train -> TL: 4.79414 | ATL: 4.67742 | ITPPL: 120.8 | ATPPL: 107.492 | ENT: 6.4608b | CERT: 9.83302%
  Val   -> VL: 5.16956 | AVL: 5.17447 | IVPPL: 175.837 | AVPPL: 176.703 | VENT: 6.91212b | VCERT: 11.0155%

[GeoMind CAUSAL CE Stream] Ep 1.0/Inf | Mixed Stream | Last: D[9.0: test/geomind/trainingdata/mined_expanded_corpus_cloze_part05.txt]
  Progress -> 4.69744% (5823.11 / 123964 KB) | LR: 0.00144518 | TTemp: 1.20851 | VTemp: 1.0
  Train -> TL: 4.71488 | ATL: 4.66654 | ITPPL: 111.595 | ATPPL: 106.329 | ENT: 6.32209b | CERT: 11.7777%
  Val   -> VL: 5.18064 | AVL: 5.17632 | IVPPL: 177.797 | AVPPL: 177.031 | VENT: 6.905b | VCERT: 11.2288%

[GeoMind CAUSAL CE Stream] Ep 1.0/Inf | Mixed Stream | Last: D[9.0: test/geomind/trainingdata/mined_expanded_corpus_cloze_part05.txt]
  Progress -> 4.70678% (5834.7 / 123964 KB) | LR: 0.00144486 | TTemp: 1.2079 | VTemp: 1.0
  Train -> TL: 4.87901 | ATL: 4.66944 | ITPPL: 131.501 | ATPPL: 106.638 | ENT: 6.40373b | CERT: 9.91972%
  Val   -> VL: 5.18303 | AVL: 5.17834 | IVPPL: 178.222 | AVPPL: 177.387 | VENT: 6.91355b | VCERT: 11.3346%

[GeoMind CAUSAL CE Stream] Ep 1.0/Inf | Mixed Stream | Last: D[9.0: test/geomind/trainingdata/mined_expanded_corpus_cloze_part05.txt]
  Progress -> 4.71619% (5846.37 / 123964 KB) | LR: 0.00144439 | TTemp: 1.20748 | VTemp: 1.0
  Train -> TL: 4.54286 | ATL: 4.6668 | ITPPL: 93.9587 | ATPPL: 106.356 | ENT: 6.30969b | CERT: 11.5524%
  Val   -> VL: 5.17403 | AVL: 5.17705 | IVPPL: 176.626 | AVPPL: 177.159 | VENT: 6.88509b | VCERT: 11.453%

[GeoMind CAUSAL CE Stream] Ep 1.0/Inf | Mixed Stream | Last: D[9.0: test/geomind/trainingdata/mined_expanded_corpus_cloze_part05.txt]
  Progress -> 4.72706% (5859.84 / 123964 KB) | LR: 0.00144308 | TTemp: 1.20792 | VTemp: 1.0
  Train -> TL: 4.57954 | ATL: 4.65461 | ITPPL: 97.4699 | ATPPL: 105.068 | ENT: 6.28315b | CERT: 11.5175%
  Val   -> VL: 5.17143 | AVL: 5.17536 | IVPPL: 176.167 | AVPPL: 176.861 | VENT: 6.85945b | VCERT: 11.6394%

[GeoMind CAUSAL CE Stream] Ep 1.0/Inf | Mixed Stream | Last: D[9.0: test/geomind/trainingdata/mined_expanded_corpus_cloze_part05.txt]
  Progress -> 4.73821% (5873.66 / 123964 KB) | LR: 0.00144257 | TTemp: 1.20723 | VTemp: 1.0
  Train -> TL: 4.81227 | ATL: 4.66389 | ITPPL: 123.01 | ATPPL: 106.048 | ENT: 6.33619b | CERT: 11.392%
  Val   -> VL: 5.15951 | AVL: 5.17061 | IVPPL: 174.079 | AVPPL: 176.022 | VENT: 6.86607b | VCERT: 11.8168%

[GeoMind CAUSAL CE Stream] Ep 1.0/Inf | Mixed Stream | Last: D[9.0: test/geomind/trainingdata/mined_expanded_corpus_cloze_part05.txt]
  Progress -> 4.74855% (5886.47 / 123964 KB) | LR: 0.00144211 | TTemp: 1.20634 | VTemp: 1.0
  Train -> TL: 4.70828 | ATL: 4.66383 | ITPPL: 110.861 | ATPPL: 106.041 | ENT: 6.40571b | CERT: 11.1114%
  Val   -> VL: 5.15649 | AVL: 5.16637 | IVPPL: 173.555 | AVPPL: 175.278 | VENT: 6.90549b | VCERT: 11.3451%

[GeoMind CAUSAL CE Stream] Ep 1.0/Inf | Mixed Stream | Last: D[9.0: test/geomind/trainingdata/mined_expanded_corpus_cloze_part05.txt]
  Progress -> 4.75881% (5899.19 / 123964 KB) | LR: 0.00144105 | TTemp: 1.20612 | VTemp: 1.0
  Train -> TL: 4.67432 | ATL: 4.65493 | ITPPL: 107.16 | ATPPL: 105.102 | ENT: 6.38758b | CERT: 11.7592%
  Val   -> VL: 5.16084 | AVL: 5.16471 | IVPPL: 174.31 | AVPPL: 174.987 | VENT: 6.88394b | VCERT: 11.5552%

[GeoMind CAUSAL CE Stream] Ep 1.0/Inf | Mixed Stream | Last: D[9.0: test/geomind/trainingdata/mined_expanded_corpus_cloze_part05.txt]
  Progress -> 4.76699% (5909.33 / 123964 KB) | LR: 0.00144069 | TTemp: 1.20532 | VTemp: 1.0
  Train -> TL: 4.69096 | ATL: 4.66302 | ITPPL: 108.958 | ATPPL: 105.955 | ENT: 6.16958b | CERT: 13.3624%
  Val   -> VL: 5.16409 | AVL: 5.16452 | IVPPL: 174.878 | AVPPL: 174.954 | VENT: 6.91627b | VCERT: 11.3806%

[GeoMind CAUSAL CE Stream] Ep 1.0/Inf | Mixed Stream | Last: D[9.0: test/geomind/trainingdata/mined_expanded_corpus_cloze_part05.txt]
  Progress -> 4.77537% (5919.73 / 123964 KB) | LR: 0.00144157 | TTemp: 1.20349 | VTemp: 1.0
  Train -> TL: 4.82434 | ATL: 4.67986 | ITPPL: 124.504 | ATPPL: 107.755 | ENT: 6.48076b | CERT: 10.084%
  Val   -> VL: 5.17015 | AVL: 5.16621 | IVPPL: 175.941 | AVPPL: 175.25 | VENT: 6.92779b | VCERT: 11.5262%

[GeoMind CAUSAL CE Stream] Ep 1.0/Inf | Mixed Stream | Last: D[9.0: test/geomind/trainingdata/mined_expanded_corpus_cloze_part05.txt]
  Progress -> 4.78284% (5928.98 / 123964 KB) | LR: 0.00144253 | TTemp: 1.20197 | VTemp: 1.0
  Train -> TL: 4.72539 | ATL: 4.68222 | ITPPL: 112.774 | ATPPL: 108.01 | ENT: 6.60432b | CERT: 9.30772%
  Val   -> VL: 5.17522 | AVL: 5.16892 | IVPPL: 176.836 | AVPPL: 175.724 | VENT: 6.90796b | VCERT: 11.7948%

[GeoMind CAUSAL CE Stream] Ep 1.0/Inf | Mixed Stream | Last: D[9.0: test/geomind/trainingdata/mined_expanded_corpus_cloze_part05.txt]
  Progress -> 4.79405% (5942.88 / 123964 KB) | LR: 0.00144319 | TTemp: 1.20106 | VTemp: 1.0
  Train -> TL: 4.73085 | ATL: 4.67938 | ITPPL: 113.392 | ATPPL: 107.704 | ENT: 6.54849b | CERT: 9.29651%
  Val   -> VL: 5.17625 | AVL: 5.17112 | IVPPL: 177.017 | AVPPL: 176.111 | VENT: 6.9293b | VCERT: 11.3695%

[GeoMind CAUSAL CE Stream] Ep 1.0/Inf | Mixed Stream | Last: D[9.0: test/geomind/trainingdata/mined_expanded_corpus_cloze_part05.txt]
  Progress -> 4.80079% (5951.24 / 123964 KB) | LR: 0.00144413 | TTemp: 1.19984 | VTemp: 1.0
  Train -> TL: 4.71733 | ATL: 4.68413 | ITPPL: 111.869 | ATPPL: 108.217 | ENT: 6.50138b | CERT: 9.24638%
  Val   -> VL: 5.16747 | AVL: 5.17002 | IVPPL: 175.471 | AVPPL: 175.919 | VENT: 6.89877b | VCERT: 11.8012%

[GeoMind CAUSAL CE Stream] Ep 1.0/Inf | Mixed Stream | Last: D[9.0: test/geomind/trainingdata/mined_expanded_corpus_cloze_part05.txt]
  Progress -> 4.80718% (5959.15 / 123964 KB) | LR: 0.00144568 | TTemp: 1.19801 | VTemp: 1.0
  Train -> TL: 4.90065 | ATL: 4.69386 | ITPPL: 134.377 | ATPPL: 109.274 | ENT: 6.54852b | CERT: 9.40258%
  Val   -> VL: 5.16688 | AVL: 5.16908 | IVPPL: 175.366 | AVPPL: 175.753 | VENT: 6.88906b | VCERT: 12.0392%

[GeoMind CAUSAL CE Stream] Ep 1.0/Inf | Mixed Stream | Last: D[9.0: test/geomind/trainingdata/mined_expanded_corpus_cloze_part05.txt]
  Progress -> 4.81732% (5971.72 / 123964 KB) | LR: 0.00144907 | TTemp: 1.19427 | VTemp: 1.0
  Train -> TL: 4.87358 | ATL: 4.72163 | ITPPL: 130.788 | ATPPL: 112.351 | ENT: 6.60953b | CERT: 9.42632%
  Val   -> VL: 5.16489 | AVL: 5.16782 | IVPPL: 175.018 | AVPPL: 175.532 | VENT: 6.95277b | VCERT: 11.5564%

[GeoMind CAUSAL CE Stream] Ep 1.0/Inf | Mixed Stream | Last: D[9.0: test/geomind/trainingdata/mined_expanded_corpus_cloze_part05.txt]
  Progress -> 4.8259% (5982.37 / 123964 KB) | LR: 0.0014543 | TTemp: 1.18887 | VTemp: 1.0
  Train -> TL: 4.93156 | ATL: 4.75192 | ITPPL: 138.595 | ATPPL: 115.807 | ENT: 6.70978b | CERT: 8.97517%
  Val   -> VL: 5.17007 | AVL: 5.1685 | IVPPL: 175.927 | AVPPL: 175.65 | VENT: 6.97806b | VCERT: 11.3644%

[GeoMind CAUSAL CE Stream] Ep 1.0/Inf | Mixed Stream | Last: D[9.0: test/geomind/trainingdata/mined_expanded_corpus_cloze_part05.txt]
  Progress -> 4.83492% (5993.55 / 123964 KB) | LR: 0.00145846 | TTemp: 1.18469 | VTemp: 1.0
  Train -> TL: 4.72423 | ATL: 4.74427 | ITPPL: 112.644 | ATPPL: 114.924 | ENT: 6.65008b | CERT: 8.92775%
  Val   -> VL: 5.16089 | AVL: 5.16621 | IVPPL: 174.32 | AVPPL: 175.25 | VENT: 6.95719b | VCERT: 11.4206%

[GeoMind CAUSAL CE Stream] Ep 1.0/Inf | Mixed Stream | Last: D[9.0: test/geomind/trainingdata/mined_expanded_corpus_cloze_part05.txt]
  Progress -> 4.84328% (6003.9 / 123964 KB) | LR: 0.0014605 | TTemp: 1.18265 | VTemp: 1.0
  Train -> TL: 4.72192 | ATL: 4.72076 | ITPPL: 112.384 | ATPPL: 112.253 | ENT: 6.61136b | CERT: 9.20605%
  Val   -> VL: 5.15523 | AVL: 5.16292 | IVPPL: 173.335 | AVPPL: 174.673 | VENT: 6.94892b | VCERT: 11.8787%

[GeoMind CAUSAL CE Stream] Ep 1.0/Inf | Mixed Stream | Last: D[9.0: test/geomind/trainingdata/mined_expanded_corpus_cloze_part05.txt]
  Progress -> 4.85177% (6014.43 / 123964 KB) | LR: 0.00146061 | TTemp: 1.18269 | VTemp: 1.0
  Train -> TL: 4.69517 | ATL: 4.69667 | ITPPL: 109.418 | ATPPL: 109.581 | ENT: 6.47762b | CERT: 9.98781%
  Val   -> VL: 5.16177 | AVL: 5.16258 | IVPPL: 174.474 | AVPPL: 174.614 | VENT: 6.93075b | VCERT: 12.0547%

[GeoMind CAUSAL CE Stream] Ep 1.0/Inf | Mixed Stream | Last: D[9.0: test/geomind/trainingdata/mined_expanded_corpus_cloze_part05.txt]
  Progress -> 4.85863% (6022.93 / 123964 KB) | LR: 0.00146025 | TTemp: 1.18323 | VTemp: 1.0
  Train -> TL: 4.66374 | ATL: 4.69026 | ITPPL: 106.032 | ATPPL: 108.882 | ENT: 6.44726b | CERT: 10.0554%
  Val   -> VL: 5.16359 | AVL: 5.16288 | IVPPL: 174.791 | AVPPL: 174.667 | VENT: 6.94995b | VCERT: 11.9139%

[GeoMind CAUSAL CE Stream] Ep 1.0/Inf | Mixed Stream | Last: D[9.0: test/geomind/trainingdata/mined_expanded_corpus_cloze_part05.txt]
  Progress -> 4.86482% (6030.6 / 123964 KB) | LR: 0.00145927 | TTemp: 1.18454 | VTemp: 1.0
  Train -> TL: 4.72861 | ATL: 4.68116 | ITPPL: 113.138 | ATPPL: 107.895 | ENT: 6.38317b | CERT: 10.2216%
  Val   -> VL: 5.17012 | AVL: 5.16505 | IVPPL: 175.935 | AVPPL: 175.046 | VENT: 6.95407b | VCERT: 11.9236%

[GeoMind CAUSAL CE Stream] Ep 1.0/Inf | Mixed Stream | Last: D[9.0: test/geomind/trainingdata/mined_expanded_corpus_cloze_part05.txt]
  Progress -> 4.87337% (6041.21 / 123964 KB) | LR: 0.00145745 | TTemp: 1.18661 | VTemp: 1.0
  Train -> TL: 4.4859 | ATL: 4.66811 | ITPPL: 88.7564 | ATPPL: 106.497 | ENT: 6.2194b | CERT: 10.745%
  Val   -> VL: 5.16436 | AVL: 5.16484 | IVPPL: 174.926 | AVPPL: 175.01 | VENT: 6.92696b | VCERT: 11.5863%

[GeoMind CAUSAL CE Stream] Ep 1.0/Inf | Mixed Stream | Last: D[9.0: test/geomind/trainingdata/mined_expanded_corpus_cloze_part05.txt]
  Progress -> 4.8832% (6053.4 / 123964 KB) | LR: 0.00145618 | TTemp: 1.18777 | VTemp: 1.0
  Train -> TL: 4.72904 | ATL: 4.6733 | ITPPL: 113.187 | ATPPL: 107.051 | ENT: 6.36575b | CERT: 10.5881%
  Val   -> VL: 5.15497 | AVL: 5.16188 | IVPPL: 173.29 | AVPPL: 174.493 | VENT: 6.98867b | VCERT: 11.2371%

[GeoMind CAUSAL CE Stream] Ep 1.0/Inf | Mixed Stream | Last: D[9.0: test/geomind/trainingdata/mined_expanded_corpus_cloze_part05.txt]
  Progress -> 4.89272% (6065.19 / 123964 KB) | LR: 0.00145536 | TTemp: 1.18827 | VTemp: 1.0
  Train -> TL: 4.64204 | ATL: 4.67776 | ITPPL: 103.756 | ATPPL: 107.529 | ENT: 6.43644b | CERT: 9.56847%
  Val   -> VL: 5.15574 | AVL: 5.16004 | IVPPL: 173.425 | AVPPL: 174.172 | VENT: 6.98168b | VCERT: 11.6725%

[GeoMind CAUSAL CE Stream] Ep 1.0/Inf | Mixed Stream | Last: D[9.0: test/geomind/trainingdata/mined_expanded_corpus_cloze_part05.txt]
  Progress -> 4.9038% (6078.94 / 123964 KB) | LR: 0.00145369 | TTemp: 1.18972 | VTemp: 1.0
  Train -> TL: 4.51392 | ATL: 4.66482 | ITPPL: 91.279 | ATPPL: 106.146 | ENT: 6.18937b | CERT: 12.0227%
  Val   -> VL: 5.16219 | AVL: 5.16069 | IVPPL: 174.547 | AVPPL: 174.284 | VENT: 6.97229b | VCERT: 11.7068%

[GeoMind CAUSAL CE Stream] Ep 1.0/Inf | Mixed Stream | Last: D[9.0: test/geomind/trainingdata/mined_expanded_corpus_cloze_part05.txt]
  Progress -> 4.91279% (6090.07 / 123964 KB) | LR: 0.00145206 | TTemp: 1.19108 | VTemp: 1.0
  Train -> TL: 4.6817 | ATL: 4.66298 | ITPPL: 107.953 | ATPPL: 105.951 | ENT: 6.36581b | CERT: 10.2586%
  Val   -> VL: 5.16015 | AVL: 5.16052 | IVPPL: 174.19 | AVPPL: 174.256 | VENT: 7.00171b | VCERT: 11.4484%

[GeoMind CAUSAL CE Stream] Ep 1.0/Inf | Mixed Stream | Last: D[9.0: test/geomind/trainingdata/mined_expanded_corpus_cloze_part05.txt]
  Progress -> 4.92353% (6103.38 / 123964 KB) | LR: 0.00145064 | TTemp: 1.19218 | VTemp: 1.0
  Train -> TL: 4.63914 | ATL: 4.66378 | ITPPL: 103.455 | ATPPL: 106.037 | ENT: 6.44614b | CERT: 9.84412%
  Val   -> VL: 5.16068 | AVL: 5.16057 | IVPPL: 174.283 | AVPPL: 174.264 | VENT: 6.96433b | VCERT: 11.8344%

[GeoMind CAUSAL CE Stream] Ep 1.0/Inf | Mixed Stream | Last: D[9.0: test/geomind/trainingdata/mined_expanded_corpus_cloze_part05.txt]
  Progress -> 4.93292% (6115.03 / 123964 KB) | LR: 0.00144919 | TTemp: 1.20137 | VTemp: 1.0
  Train -> TL: 4.59395 | ATL: 4.6612 | ITPPL: 98.8843 | ATPPL: 105.763 | ENT: 6.40454b | CERT: 10.0584%
  Val   -> VL: 5.18576 | AVL: 5.16813 | IVPPL: 178.709 | AVPPL: 175.586 | VENT: 6.94864b | VCERT: 11.9845%

[GeoMind CAUSAL CE Stream] Ep 1.0/Inf | Mixed Stream | Last: D[9.0: test/geomind/trainingdata/mined_expanded_corpus_cloze_part05.txt]
  Progress -> 4.94269% (6127.14 / 123964 KB) | LR: 0.00144918 | TTemp: 1.20034 | VTemp: 1.0
  Train -> TL: 4.70986 | ATL: 4.67931 | ITPPL: 111.037 | ATPPL: 107.695 | ENT: 6.4279b | CERT: 10.1422%
  Val   -> VL: 5.16876 | AVL: 5.16832 | IVPPL: 175.697 | AVPPL: 175.619 | VENT: 6.96444b | VCERT: 11.7645%

[GeoMind CAUSAL CE Stream] Ep 1.0/Inf | Mixed Stream | Last: D[9.0: test/geomind/trainingdata/mined_expanded_corpus_cloze_part05.txt]
  Progress -> 4.9509% (6137.32 / 123964 KB) | LR: 0.0014494 | TTemp: 1.19946 | VTemp: 1.0
  Train -> TL: 4.54703 | ATL: 4.6825 | ITPPL: 94.3514 | ATPPL: 108.04 | ENT: 6.43999b | CERT: 10.3375%
  Val   -> VL: 5.17883 | AVL: 5.17147 | IVPPL: 177.475 | AVPPL: 176.174 | VENT: 6.91774b | VCERT: 11.9997%

[GeoMind CAUSAL CE Stream] Ep 1.0/Inf | Mixed Stream | Last: D[9.0: test/geomind/trainingdata/mined_expanded_corpus_cloze_part05.txt]
  Progress -> 4.95964% (6148.15 / 123964 KB) | LR: 0.0014502 | TTemp: 1.19813 | VTemp: 1.0
  Train -> TL: 4.71438 | ATL: 4.69082 | ITPPL: 111.54 | ATPPL: 108.942 | ENT: 6.53373b | CERT: 9.98388%
  Val   -> VL: 5.1733 | AVL: 5.17202 | IVPPL: 176.496 | AVPPL: 176.27 | VENT: 6.88958b | VCERT: 12.2337%

[GeoMind CAUSAL CE Stream] Ep 1.0/Inf | Mixed Stream | Last: D[9.0: test/geomind/trainingdata/mined_expanded_corpus_cloze_part05.txt]
  Progress -> 4.96859% (6159.25 / 123964 KB) | LR: 0.00144985 | TTemp: 1.19831 | VTemp: 1.0
  Train -> TL: 4.54703 | ATL: 4.67594 | ITPPL: 94.3514 | ATPPL: 107.333 | ENT: 6.37727b | CERT: 11.0679%
  Val   -> VL: 5.18031 | AVL: 5.17451 | IVPPL: 177.738 | AVPPL: 176.709 | VENT: 6.91286b | VCERT: 11.6933%

[GeoMind CAUSAL CE Stream] Ep 1.0/Inf | Mixed Stream | Last: D[9.0: test/geomind/trainingdata/mined_expanded_corpus_cloze_part05.txt]
  Progress -> 4.97653% (6169.09 / 123964 KB) | LR: 0.00144835 | TTemp: 1.20001 | VTemp: 1.0
  Train -> TL: 4.51447 | ATL: 4.65959 | ITPPL: 91.3294 | ATPPL: 105.593 | ENT: 6.2807b | CERT: 10.359%
  Val   -> VL: 5.1893 | AVL: 5.17894 | IVPPL: 179.343 | AVPPL: 177.495 | VENT: 6.92274b | VCERT: 11.5587%

[GeoMind CAUSAL CE Stream] Ep 1.0/Inf | Mixed Stream | Last: D[9.0: test/geomind/trainingdata/mined_expanded_corpus_cloze_part05.txt]
  Progress -> 4.98478% (6179.31 / 123964 KB) | LR: 0.00144667 | TTemp: 1.20974 | VTemp: 1.0
  Train -> TL: 4.66964 | ATL: 4.65488 | ITPPL: 106.66 | ATPPL: 105.096 | ENT: 6.29552b | CERT: 10.4829%
  Val   -> VL: 5.19791 | AVL: 5.18463 | IVPPL: 180.894 | AVPPL: 178.508 | VENT: 6.92599b | VCERT: 11.6622%

[GeoMind CAUSAL CE Stream] Ep 1.0/Inf | Mixed Stream | Last: D[9.0: test/geomind/trainingdata/mined_expanded_corpus_cloze_part05.txt]
  Progress -> 4.99406% (6190.82 / 123964 KB) | LR: 0.00144636 | TTemp: 1.2173 | VTemp: 1.0
  Train -> TL: 4.70652 | ATL: 4.67168 | ITPPL: 110.666 | ATPPL: 106.877 | ENT: 6.43006b | CERT: 9.73673%
  Val   -> VL: 5.2092 | AVL: 5.192 | IVPPL: 182.948 | AVPPL: 179.829 | VENT: 6.96322b | VCERT: 11.3147%

[GeoMind CAUSAL CE Stream] Ep 1.0/Inf | Mixed Stream | Last: D[9.0: test/geomind/trainingdata/mined_expanded_corpus_cloze_part05.txt]
  Progress -> 5.00472% (6204.03 / 123964 KB) | LR: 0.00144697 | TTemp: 1.21553 | VTemp: 1.0
  Train -> TL: 4.71711 | ATL: 4.68391 | ITPPL: 111.845 | ATPPL: 108.192 | ENT: 6.4699b | CERT: 9.44249%
  Val   -> VL: 5.20141 | AVL: 5.19483 | IVPPL: 181.528 | AVPPL: 180.337 | VENT: 6.92619b | VCERT: 12.0232%

[GeoMind CAUSAL CE Stream] Ep 1.0/Inf | Mixed Stream | Last: D[9.0: test/geomind/trainingdata/mined_expanded_corpus_cloze_part05.txt]
  Progress -> 5.0133% (6214.67 / 123964 KB) | LR: 0.00144789 | TTemp: 1.21381 | VTemp: 1.0
  Train -> TL: 4.61358 | ATL: 4.68913 | ITPPL: 100.845 | ATPPL: 108.759 | ENT: 6.40671b | CERT: 10.4007%
  Val   -> VL: 5.20312 | AVL: 5.19732 | IVPPL: 181.84 | AVPPL: 180.786 | VENT: 6.91107b | VCERT: 11.997%

[GeoMind CAUSAL CE Stream] Ep 1.0/Inf | Mixed Stream | Last: D[9.0: test/geomind/trainingdata/mined_expanded_corpus_cloze_part05.txt]
  Progress -> 5.02489% (6229.04 / 123964 KB) | LR: 0.00144803 | TTemp: 1.21303 | VTemp: 1.0
  Train -> TL: 4.70501 | ATL: 4.67953 | ITPPL: 110.5 | ATPPL: 107.719 | ENT: 6.44126b | CERT: 9.98413%
  Val   -> VL: 5.19549 | AVL: 5.19677 | IVPPL: 180.457 | AVPPL: 180.687 | VENT: 6.9324b | VCERT: 11.5042%

[GeoMind CAUSAL CE Stream] Ep 1.0/Inf | Mixed Stream | Last: D[9.0: test/geomind/trainingdata/mined_expanded_corpus_cloze_part05.txt]
  Progress -> 5.03395% (6240.27 / 123964 KB) | LR: 0.00144807 | TTemp: 1.21236 | VTemp: 1.0
  Train -> TL: 4.87521 | ATL: 4.67838 | ITPPL: 131.002 | ATPPL: 107.596 | ENT: 6.56595b | CERT: 9.40825%
  Val   -> VL: 5.19231 | AVL: 5.19543 | IVPPL: 179.884 | AVPPL: 180.446 | VENT: 6.91167b | VCERT: 11.9575%

[GeoMind CAUSAL CE Stream] Ep 1.0/Inf | Mixed Stream | Last: D[9.0: test/geomind/trainingdata/mined_expanded_corpus_cloze_part05.txt]
  Progress -> 5.04025% (6248.08 / 123964 KB) | LR: 0.00144998 | TTemp: 1.21783 | VTemp: 1.0
  Train -> TL: 4.74935 | ATL: 4.70441 | ITPPL: 115.509 | ATPPL: 110.433 | ENT: 6.4524b | CERT: 9.98574%
  Val   -> VL: 5.21774 | AVL: 5.20212 | IVPPL: 184.517 | AVPPL: 181.658 | VENT: 6.90605b | VCERT: 12.2369%

[GeoMind CAUSAL CE Stream] Ep 1.0/Inf | Mixed Stream | Last: D[9.0: test/geomind/trainingdata/mined_expanded_corpus_cloze_part05.txt]
  Progress -> 5.04646% (6255.77 / 123964 KB) | LR: 0.00145409 | TTemp: 1.22055 | VTemp: 1.0
  Train -> TL: 4.49899 | ATL: 4.73761 | ITPPL: 89.9266 | ATPPL: 114.16 | ENT: 6.13616b | CERT: 12.5062%
  Val   -> VL: 5.22678 | AVL: 5.20952 | IVPPL: 186.192 | AVPPL: 183.006 | VENT: 6.9169b | VCERT: 11.9652%

[GeoMind CAUSAL CE Stream] Ep 1.0/Inf | Mixed Stream | Last: D[9.0: test/geomind/trainingdata/mined_expanded_corpus_cloze_part05.txt]
  Progress -> 5.05417% (6265.33 / 123964 KB) | LR: 0.00145966 | TTemp: 1.21328 | VTemp: 1.0
  Train -> TL: 4.62452 | ATL: 4.76359 | ITPPL: 101.954 | ATPPL: 117.166 | ENT: 6.02564b | CERT: 11.7272%
  Val   -> VL: 5.20363 | AVL: 5.20775 | IVPPL: 181.932 | AVPPL: 182.683 | VENT: 6.88384b | VCERT: 12.1088%

[GeoMind CAUSAL CE Stream] Ep 1.0/Inf | Mixed Stream | Last: D[9.0: test/geomind/trainingdata/mined_expanded_corpus_cloze_part05.txt]
  Progress -> 5.06124% (6274.1 / 123964 KB) | LR: 0.0014649 | TTemp: 1.20629 | VTemp: 1.0
  Train -> TL: 4.56403 | ATL: 4.76683 | ITPPL: 95.9699 | ATPPL: 117.546 | ENT: 6.02321b | CERT: 12.2019%
  Val   -> VL: 5.18243 | AVL: 5.20016 | IVPPL: 178.115 | AVPPL: 181.301 | VENT: 6.87618b | VCERT: 11.9261%

[GeoMind CAUSAL CE Stream] Ep 1.0/Inf | Mixed Stream | Last: D[9.0: test/geomind/trainingdata/mined_expanded_corpus_cloze_part05.txt]
  Progress -> 5.06791% (6282.37 / 123964 KB) | LR: 0.00147001 | TTemp: 1.19918 | VTemp: 1.0
  Train -> TL: 4.77708 | ATL: 4.77217 | ITPPL: 118.757 | ATPPL: 118.176 | ENT: 6.37139b | CERT: 10.012%
  Val   -> VL: 5.16617 | AVL: 5.18996 | IVPPL: 175.242 | AVPPL: 179.461 | VENT: 6.9247b | VCERT: 11.541%

[GeoMind CAUSAL CE Stream] Ep 1.0/Inf | Mixed Stream | Last: D[9.0: test/geomind/trainingdata/mined_expanded_corpus_cloze_part05.txt]
  Progress -> 5.07495% (6291.09 / 123964 KB) | LR: 0.00147373 | TTemp: 1.20207 | VTemp: 1.0
  Train -> TL: 4.40464 | ATL: 4.75996 | ITPPL: 81.8298 | ATPPL: 116.741 | ENT: 6.13801b | CERT: 12.3148%
  Val   -> VL: 5.21304 | AVL: 5.19688 | IVPPL: 183.651 | AVPPL: 180.708 | VENT: 6.94898b | VCERT: 11.4022%

[GeoMind CAUSAL CE Stream] Ep 1.0/Inf | Mixed Stream | Last: D[9.0: test/geomind/trainingdata/mined_expanded_corpus_cloze_part05.txt]
  Progress -> 5.08162% (6299.37 / 123964 KB) | LR: 0.00147642 | TTemp: 1.19769 | VTemp: 1.0
  Train -> TL: 4.53086 | ATL: 4.75087 | ITPPL: 92.8384 | ATPPL: 115.685 | ENT: 6.19796b | CERT: 11.2446%
  Val   -> VL: 5.19609 | AVL: 5.19665 | IVPPL: 180.566 | AVPPL: 180.665 | VENT: 6.96092b | VCERT: 11.2907%

[GeoMind CAUSAL CE Stream] Ep 1.0/Inf | Mixed Stream | Last: D[9.0: test/geomind/trainingdata/mined_expanded_corpus_cloze_part05.txt]
  Progress -> 5.09115% (6311.17 / 123964 KB) | LR: 0.00147798 | TTemp: 1.19413 | VTemp: 1.0
  Train -> TL: 4.69617 | ATL: 4.739 | ITPPL: 109.527 | ATPPL: 114.319 | ENT: 6.35036b | CERT: 10.7054%
  Val   -> VL: 5.16428 | AVL: 5.18694 | IVPPL: 174.912 | AVPPL: 178.92 | VENT: 6.93133b | VCERT: 11.4984%

[GeoMind CAUSAL CE Stream] Ep 1.0/Inf | Mixed Stream | Last: D[9.0: test/geomind/trainingdata/mined_expanded_corpus_cloze_part05.txt]
  Progress -> 5.10092% (6323.28 / 123964 KB) | LR: 0.00147962 | TTemp: 1.19053 | VTemp: 1.0
  Train -> TL: 4.76267 | ATL: 4.74223 | ITPPL: 117.058 | ATPPL: 114.689 | ENT: 6.38807b | CERT: 10.8985%
  Val   -> VL: 5.17169 | AVL: 5.18236 | IVPPL: 176.213 | AVPPL: 178.103 | VENT: 6.98932b | VCERT: 11.2649%

[GeoMind CAUSAL CE Stream] Ep 1.0/Inf | Mixed Stream | Last: D[9.0: test/geomind/trainingdata/mined_expanded_corpus_cloze_part05.txt]
  Progress -> 5.11007% (6334.63 / 123964 KB) | LR: 0.0014814 | TTemp: 1.18689 | VTemp: 1.0
  Train -> TL: 4.73318 | ATL: 4.7463 | ITPPL: 113.656 | ATPPL: 115.158 | ENT: 6.54161b | CERT: 9.53023%
  Val   -> VL: 5.17068 | AVL: 5.17886 | IVPPL: 176.034 | AVPPL: 177.48 | VENT: 6.96967b | VCERT: 11.7528%

[GeoMind CAUSAL CE Stream] Ep 1.0/Inf | Mixed Stream | Last: D[9.0: test/geomind/trainingdata/mined_expanded_corpus_cloze_part05.txt]
  Progress -> 5.12023% (6347.23 / 123964 KB) | LR: 0.00148343 | TTemp: 1.1832 | VTemp: 1.0
  Train -> TL: 4.84055 | ATL: 4.75245 | ITPPL: 126.54 | ATPPL: 115.868 | ENT: 6.56363b | CERT: 10.0951%
  Val   -> VL: 5.17264 | AVL: 5.17699 | IVPPL: 176.38 | AVPPL: 177.15 | VENT: 6.99594b | VCERT: 11.6965%

[GeoMind CAUSAL CE Stream] Ep 1.0/Inf | Mixed Stream | Last: D[9.0: test/geomind/trainingdata/mined_expanded_corpus_cloze_part05.txt]
  Progress -> 5.12891% (6357.98 / 123964 KB) | LR: 0.00148606 | TTemp: 1.17871 | VTemp: 1.0
  Train -> TL: 4.85807 | ATL: 4.76344 | ITPPL: 128.776 | ATPPL: 117.149 | ENT: 6.62781b | CERT: 9.80116%
  Val   -> VL: 5.15358 | AVL: 5.16997 | IVPPL: 173.05 | AVPPL: 175.909 | VENT: 7.00318b | VCERT: 11.6258%

[GeoMind CAUSAL CE Stream] Ep 1.0/Inf | Mixed Stream | Last: D[9.0: test/geomind/trainingdata/mined_expanded_corpus_cloze_part05.txt]
  Progress -> 5.13749% (6368.62 / 123964 KB) | LR: 0.00148989 | TTemp: 1.17305 | VTemp: 1.0
  Train -> TL: 5.00333 | ATL: 4.78391 | ITPPL: 148.908 | ATPPL: 119.571 | ENT: 6.69282b | CERT: 8.95853%
  Val   -> VL: 5.15641 | AVL: 5.1659 | IVPPL: 173.54 | AVPPL: 175.195 | VENT: 7.08187b | VCERT: 10.9357%

[GeoMind CAUSAL CE Stream] Ep 1.0/Inf | Mixed Stream | Last: D[9.0: test/geomind/trainingdata/mined_expanded_corpus_cloze_part05.txt]
  Progress -> 5.14786% (6381.48 / 123964 KB) | LR: 0.00149354 | TTemp: 1.16789 | VTemp: 1.0
  Train -> TL: 4.86095 | ATL: 4.78661 | ITPPL: 129.147 | ATPPL: 119.894 | ENT: 6.69531b | CERT: 8.91129%
  Val   -> VL: 5.15941 | AVL: 5.16395 | IVPPL: 174.062 | AVPPL: 174.855 | VENT: 7.04623b | VCERT: 11.3096%

[GeoMind CAUSAL CE Stream] Ep 1.0/Inf | Mixed Stream | Last: D[9.0: test/geomind/trainingdata/mined_expanded_corpus_cloze_part05.txt]
  Progress -> 5.15889% (6395.15 / 123964 KB) | LR: 0.0014965 | TTemp: 1.16397 | VTemp: 1.0
  Train -> TL: 4.70956 | ATL: 4.78221 | ITPPL: 111.003 | ATPPL: 119.368 | ENT: 6.52384b | CERT: 9.97025%
  Val   -> VL: 5.16984 | AVL: 5.16572 | IVPPL: 175.887 | AVPPL: 175.164 | VENT: 7.08503b | VCERT: 11.08%

[GeoMind CAUSAL CE Stream] Ep 1.0/Inf | Mixed Stream | Last: D[9.0: test/geomind/trainingdata/mined_expanded_corpus_cloze_part05.txt]
  Progress -> 5.16778% (6406.17 / 123964 KB) | LR: 0.00149654 | TTemp: 1.16334 | VTemp: 1.0
  Train -> TL: 4.64401 | ATL: 4.74566 | ITPPL: 103.961 | ATPPL: 115.084 | ENT: 6.55098b | CERT: 9.98325%
  Val   -> VL: 5.16399 | AVL: 5.1652 | IVPPL: 174.861 | AVPPL: 175.073 | VENT: 7.06786b | VCERT: 10.9612%

[GeoMind CAUSAL CE Stream] Ep 1.0/Inf | Mixed Stream | Last: D[9.0: test/geomind/trainingdata/mined_expanded_corpus_cloze_part05.txt]
  Progress -> 5.17887% (6419.91 / 123964 KB) | LR: 0.00149386 | TTemp: 1.16568 | VTemp: 1.0
  Train -> TL: 4.53479 | ATL: 4.70798 | ITPPL: 93.2035 | ATPPL: 110.829 | ENT: 6.47347b | CERT: 10.1206%
  Val   -> VL: 5.16745 | AVL: 5.16588 | IVPPL: 175.467 | AVPPL: 175.191 | VENT: 7.09096b | VCERT: 11.0032%

[GeoMind CAUSAL CE Stream] Ep 1.0/Inf | Mixed Stream | Last: D[9.0: test/geomind/trainingdata/mined_expanded_corpus_cloze_part05.txt]
  Progress -> 5.18759% (6430.72 / 123964 KB) | LR: 0.00149033 | TTemp: 1.16881 | VTemp: 1.0
  Train -> TL: 4.7557 | ATL: 4.69242 | ITPPL: 116.245 | ATPPL: 109.117 | ENT: 6.54266b | CERT: 9.37265%
  Val   -> VL: 5.16474 | AVL: 5.16554 | IVPPL: 174.992 | AVPPL: 175.131 | VENT: 7.1324b | VCERT: 10.4477%

[GeoMind CAUSAL CE Stream] Ep 1.0/Inf | Mixed Stream | Last: D[9.0: test/geomind/trainingdata/mined_expanded_corpus_cloze_part05.txt]
  Progress -> 5.19325% (6437.74 / 123964 KB) | LR: 0.00148471 | TTemp: 1.17408 | VTemp: 1.0
  Train -> TL: 4.5603 | ATL: 4.65856 | ITPPL: 95.6118 | ATPPL: 105.485 | ENT: 6.62864b | CERT: 9.63501%
  Val   -> VL: 5.16835 | AVL: 5.16638 | IVPPL: 175.625 | AVPPL: 175.279 | VENT: 7.11339b | VCERT: 10.5157%

[GeoMind CAUSAL CE Stream] Ep 1.0/Inf | Mixed Stream | Last: D[9.0: test/geomind/trainingdata/mined_expanded_corpus_cloze_part05.txt]
  Progress -> 5.20113% (6447.51 / 123964 KB) | LR: 0.00147906 | TTemp: 1.17902 | VTemp: 1.0
  Train -> TL: 4.63908 | ATL: 4.65019 | ITPPL: 103.449 | ATPPL: 104.605 | ENT: 6.61696b | CERT: 9.69829%
  Val   -> VL: 5.15911 | AVL: 5.1642 | IVPPL: 174.009 | AVPPL: 174.897 | VENT: 7.08304b | VCERT: 10.5607%

[GeoMind CAUSAL CE Stream] Ep 1.0/Inf | Mixed Stream | Last: D[9.0: test/geomind/trainingdata/mined_expanded_corpus_cloze_part05.txt]
  Progress -> 5.20926% (6457.58 / 123964 KB) | LR: 0.00147398 | TTemp: 1.18306 | VTemp: 1.0
  Train -> TL: 4.65115 | ATL: 4.65046 | ITPPL: 104.705 | ATPPL: 104.633 | ENT: 6.61326b | CERT: 9.4464%
  Val   -> VL: 5.1584 | AVL: 5.16246 | IVPPL: 173.886 | AVPPL: 174.593 | VENT: 7.0594b | VCERT: 10.8267%

[GeoMind CAUSAL CE Stream] Ep 1.0/Inf | Mixed Stream | Last: D[9.0: test/geomind/trainingdata/mined_expanded_corpus_cloze_part05.txt]
  Progress -> 5.21614% (6466.12 / 123964 KB) | LR: 0.00146827 | TTemp: 1.18771 | VTemp: 1.0
  Train -> TL: 4.59383 | ATL: 4.63448 | ITPPL: 98.8728 | ATPPL: 102.974 | ENT: 6.58922b | CERT: 9.26766%
  Val   -> VL: 5.1627 | AVL: 5.16253 | IVPPL: 174.635 | AVPPL: 174.606 | VENT: 7.05275b | VCERT: 10.9385%

[GeoMind CAUSAL CE Stream] Ep 1.0/Inf | Mixed Stream | Last: D[9.0: test/geomind/trainingdata/mined_expanded_corpus_cloze_part05.txt]
  Progress -> 5.22359% (6475.36 / 123964 KB) | LR: 0.0014631 | TTemp: 1.19135 | VTemp: 1.0
  Train -> TL: 4.67198 | ATL: 4.63415 | ITPPL: 106.909 | ATPPL: 102.94 | ENT: 6.55965b | CERT: 9.86629%
  Val   -> VL: 5.14784 | AVL: 5.15812 | IVPPL: 172.06 | AVPPL: 173.838 | VENT: 7.02408b | VCERT: 11.0798%

[GeoMind CAUSAL CE Stream] Ep 1.0/Inf | Mixed Stream | Last: D[9.0: test/geomind/trainingdata/mined_expanded_corpus_cloze_part05.txt]
  Progress -> 5.23199% (6485.76 / 123964 KB) | LR: 0.00145779 | TTemp: 1.19506 | VTemp: 1.0
  Train -> TL: 4.68957 | ATL: 4.625 | ITPPL: 108.807 | ATPPL: 102.003 | ENT: 6.51121b | CERT: 10.4514%
  Val   -> VL: 5.15474 | AVL: 5.15711 | IVPPL: 173.251 | AVPPL: 173.662 | VENT: 7.01643b | VCERT: 11.1508%

[GeoMind CAUSAL CE Stream] Ep 1.0/Inf | Mixed Stream | Last: D[9.0: test/geomind/trainingdata/mined_expanded_corpus_cloze_part05.txt]
  Progress -> 5.23997% (6495.66 / 123964 KB) | LR: 0.00145213 | TTemp: 1.19911 | VTemp: 1.0
  Train -> TL: 4.74652 | ATL: 4.61279 | ITPPL: 115.183 | ATPPL: 100.765 | ENT: 6.61327b | CERT: 9.40602%
  Val   -> VL: 5.15674 | AVL: 5.157 | IVPPL: 173.598 | AVPPL: 173.643 | VENT: 7.03649b | VCERT: 10.7986%

[GeoMind CAUSAL CE Stream] Ep 1.0/Inf | Mixed Stream | Last: D[9.0: test/geomind/trainingdata/mined_expanded_corpus_cloze_part05.txt]
  Progress -> 5.24731% (6504.76 / 123964 KB) | LR: 0.00144786 | TTemp: 1.20183 | VTemp: 1.0
  Train -> TL: 4.76103 | ATL: 4.62416 | ITPPL: 116.866 | ATPPL: 101.918 | ENT: 6.54629b | CERT: 9.08414%
  Val   -> VL: 5.16219 | AVL: 5.15856 | IVPPL: 174.546 | AVPPL: 173.913 | VENT: 7.03337b | VCERT: 10.8109%

[GeoMind CAUSAL CE Stream] Ep 1.0/Inf | Mixed Stream | Last: D[9.0: test/geomind/trainingdata/mined_expanded_corpus_cloze_part05.txt]
  Progress -> 5.2542% (6513.3 / 123964 KB) | LR: 0.00144361 | TTemp: 1.2046 | VTemp: 1.0
  Train -> TL: 4.73871 | ATL: 4.61852 | ITPPL: 114.287 | ATPPL: 101.344 | ENT: 6.60202b | CERT: 9.45564%
  Val   -> VL: 5.16077 | AVL: 5.15922 | IVPPL: 174.298 | AVPPL: 174.029 | VENT: 7.02928b | VCERT: 10.8413%

[GeoMind CAUSAL CE Stream] Ep 1.0/Inf | Mixed Stream | Last: D[9.0: test/geomind/trainingdata/mined_expanded_corpus_cloze_part05.txt]
  Progress -> 5.26203% (6523 / 123964 KB) | LR: 0.00143958 | TTemp: 1.20719 | VTemp: 1.0
  Train -> TL: 4.65739 | ATL: 4.61571 | ITPPL: 105.361 | ATPPL: 101.059 | ENT: 6.51428b | CERT: 9.67299%
  Val   -> VL: 5.15992 | AVL: 5.15943 | IVPPL: 174.15 | AVPPL: 174.065 | VENT: 7.02077b | VCERT: 10.8645%

[GeoMind CAUSAL CE Stream] Ep 1.0/Inf | Mixed Stream | Last: D[9.0: test/geomind/trainingdata/mined_expanded_corpus_cloze_part05.txt]
  Progress -> 5.26811% (6530.55 / 123964 KB) | LR: 0.00143785 | TTemp: 1.20745 | VTemp: 1.0
  Train -> TL: 4.77059 | ATL: 4.64205 | ITPPL: 117.989 | ATPPL: 103.757 | ENT: 6.43279b | CERT: 10.2241%
  Val   -> VL: 5.16068 | AVL: 5.15981 | IVPPL: 174.284 | AVPPL: 174.131 | VENT: 7.02041b | VCERT: 10.8013%

[GeoMind CAUSAL CE Stream] Ep 1.0/Inf | Mixed Stream | Last: D[9.0: test/geomind/trainingdata/mined_expanded_corpus_cloze_part05.txt]
  Progress -> 5.27337% (6537.06 / 123964 KB) | LR: 0.00143738 | TTemp: 1.20653 | VTemp: 1.0
  Train -> TL: 4.78668 | ATL: 4.65724 | ITPPL: 119.902 | ATPPL: 105.345 | ENT: 6.60478b | CERT: 8.80071%
  Val   -> VL: 5.16043 | AVL: 5.15999 | IVPPL: 174.239 | AVPPL: 174.163 | VENT: 7.02183b | VCERT: 10.8409%

[GeoMind CAUSAL CE Stream] Ep 1.0/Inf | Mixed Stream | Last: D[9.0: test/geomind/trainingdata/mined_expanded_corpus_cloze_part05.txt]
  Progress -> 5.28043% (6545.82 / 123964 KB) | LR: 0.00143758 | TTemp: 1.20508 | VTemp: 1.0
  Train -> TL: 4.71869 | ATL: 4.66579 | ITPPL: 112.022 | ATPPL: 106.25 | ENT: 6.54655b | CERT: 9.6049%
  Val   -> VL: 5.15803 | AVL: 5.1594 | IVPPL: 173.822 | AVPPL: 174.061 | VENT: 6.99966b | VCERT: 10.9827%

[GeoMind CAUSAL CE Stream] Ep 1.0/Inf | Mixed Stream | Last: D[9.0: test/geomind/trainingdata/mined_expanded_corpus_cloze_part05.txt]
  Progress -> 5.28774% (6554.88 / 123964 KB) | LR: 0.00143723 | TTemp: 1.20449 | VTemp: 1.0
  Train -> TL: 4.49966 | ATL: 4.65839 | ITPPL: 89.9862 | ATPPL: 105.466 | ENT: 6.41397b | CERT: 10.1093%
  Val   -> VL: 5.16388 | AVL: 5.16075 | IVPPL: 174.842 | AVPPL: 174.295 | VENT: 6.96367b | VCERT: 11.3361%

[GeoMind CAUSAL CE Stream] Ep 1.0/Inf | Mixed Stream | Last: D[9.0: test/geomind/trainingdata/mined_expanded_corpus_cloze_part05.txt]
  Progress -> 5.29453% (6563.29 / 123964 KB) | LR: 0.00143539 | TTemp: 1.20556 | VTemp: 1.0
  Train -> TL: 4.60894 | ATL: 4.63723 | ITPPL: 100.377 | ATPPL: 103.258 | ENT: 6.43555b | CERT: 10.6372%
  Val   -> VL: 5.15975 | AVL: 5.16045 | IVPPL: 174.121 | AVPPL: 174.243 | VENT: 6.92936b | VCERT: 11.6856%

[GeoMind CAUSAL CE Stream] Ep 1.0/Inf | Mixed Stream | Last: D[9.0: test/geomind/trainingdata/mined_expanded_corpus_cloze_part05.txt]
  Progress -> 5.30215% (6572.74 / 123964 KB) | LR: 0.00143369 | TTemp: 1.20651 | VTemp: 1.0
  Train -> TL: 4.69741 | ATL: 4.63665 | ITPPL: 109.663 | ATPPL: 103.198 | ENT: 6.49803b | CERT: 10.2552%
  Val   -> VL: 5.16036 | AVL: 5.16042 | IVPPL: 174.226 | AVPPL: 174.238 | VENT: 6.94008b | VCERT: 11.6342%

[GeoMind CAUSAL CE Stream] Ep 1.0/Inf | Mixed Stream | Last: D[9.0: test/geomind/trainingdata/mined_expanded_corpus_cloze_part05.txt]
  Progress -> 5.30842% (6580.51 / 123964 KB) | LR: 0.00143279 | TTemp: 1.21454 | VTemp: 1.0
  Train -> TL: 4.6812 | ATL: 4.6454 | ITPPL: 107.899 | ATPPL: 104.105 | ENT: 6.41772b | CERT: 10.0414%
  Val   -> VL: 5.1775 | AVL: 5.16555 | IVPPL: 177.24 | AVPPL: 175.133 | VENT: 6.93353b | VCERT: 11.7435%

[GeoMind CAUSAL CE Stream] Ep 1.0/Inf | Mixed Stream | Last: D[9.0: test/geomind/trainingdata/mined_expanded_corpus_cloze_part05.txt]
  Progress -> 5.3148% (6588.43 / 123964 KB) | LR: 0.00143233 | TTemp: 1.21359 | VTemp: 1.0
  Train -> TL: 4.5923 | ATL: 4.6503 | ITPPL: 98.7212 | ATPPL: 104.617 | ENT: 6.37149b | CERT: 10.355%
  Val   -> VL: 5.16924 | AVL: 5.16665 | IVPPL: 175.781 | AVPPL: 175.327 | VENT: 6.92315b | VCERT: 11.659%

[GeoMind CAUSAL CE Stream] Ep 1.0/Inf | Mixed Stream | Last: D[9.0: test/geomind/trainingdata/mined_expanded_corpus_cloze_part05.txt]
  Progress -> 5.32178% (6597.07 / 123964 KB) | LR: 0.00143183 | TTemp: 1.2132 | VTemp: 1.0
  Train -> TL: 4.50768 | ATL: 4.64912 | ITPPL: 90.711 | ATPPL: 104.493 | ENT: 6.28104b | CERT: 11.9541%
  Val   -> VL: 5.1816 | AVL: 5.17114 | IVPPL: 177.967 | AVPPL: 176.115 | VENT: 6.90693b | VCERT: 11.5787%

[GeoMind CAUSAL CE Stream] Ep 1.0/Inf | Mixed Stream | Last: D[9.0: test/geomind/trainingdata/mined_expanded_corpus_cloze_part05.txt]
  Progress -> 5.32969% (6606.88 / 123964 KB) | LR: 0.00143181 | TTemp: 1.21259 | VTemp: 1.0
  Train -> TL: 4.64589 | ATL: 4.65498 | ITPPL: 104.156 | ATPPL: 105.107 | ENT: 6.32432b | CERT: 11.1699%
  Val   -> VL: 5.17812 | AVL: 5.17323 | IVPPL: 177.349 | AVPPL: 176.485 | VENT: 6.92993b | VCERT: 11.3801%

[GeoMind CAUSAL CE Stream] Ep 1.0/Inf | Mixed Stream | Last: D[9.0: test/geomind/trainingdata/mined_expanded_corpus_cloze_part05.txt]
  Progress -> 5.33663% (6615.48 / 123964 KB) | LR: 0.00143159 | TTemp: 1.21235 | VTemp: 1.0
  Train -> TL: 4.52754 | ATL: 4.65221 | ITPPL: 92.5302 | ATPPL: 104.817 | ENT: 6.28468b | CERT: 11.0874%
  Val   -> VL: 5.17631 | AVL: 5.17416 | IVPPL: 177.028 | AVPPL: 176.647 | VENT: 6.9184b | VCERT: 11.7439%

[GeoMind CAUSAL CE Stream] Ep 1.0/Inf | Mixed Stream | Last: D[9.0: test/geomind/trainingdata/mined_expanded_corpus_cloze_part05.txt]
  Progress -> 5.34257% (6622.85 / 123964 KB) | LR: 0.00142976 | TTemp: 1.22175 | VTemp: 1.0
  Train -> TL: 4.46528 | ATL: 4.62968 | ITPPL: 86.9457 | ATPPL: 102.481 | ENT: 6.23618b | CERT: 11.8832%
  Val   -> VL: 5.19265 | AVL: 5.1797 | IVPPL: 179.945 | AVPPL: 177.63 | VENT: 6.89251b | VCERT: 11.8862%

[GeoMind CAUSAL CE Stream] Ep 1.0/Inf | Mixed Stream | Last: D[9.0: test/geomind/trainingdata/mined_expanded_corpus_cloze_part05.txt]
  Progress -> 5.34976% (6631.76 / 123964 KB) | LR: 0.00142772 | TTemp: 1.22277 | VTemp: 1.0
  Train -> TL: 4.49546 | ATL: 4.62408 | ITPPL: 89.6097 | ATPPL: 101.909 | ENT: 6.24912b | CERT: 11.1715%
  Val   -> VL: 5.18472 | AVL: 5.18121 | IVPPL: 178.523 | AVPPL: 177.898 | VENT: 6.8778b | VCERT: 11.726%

[GeoMind CAUSAL CE Stream] Ep 1.0/Inf | Mixed Stream | Last: D[9.0: test/geomind/trainingdata/mined_expanded_corpus_cloze_part05.txt]
  Progress -> 5.35459% (6637.75 / 123964 KB) | LR: 0.00142475 | TTemp: 1.22507 | VTemp: 1.0
  Train -> TL: 4.46148 | ATL: 4.60827 | ITPPL: 86.6156 | ATPPL: 100.311 | ENT: 6.11887b | CERT: 12.5705%
  Val   -> VL: 5.19198 | AVL: 5.18444 | IVPPL: 179.824 | AVPPL: 178.473 | VENT: 6.83147b | VCERT: 12.1447%

[GeoMind CAUSAL CE Stream] Ep 1.0/Inf | Mixed Stream | Last: D[9.0: test/geomind/trainingdata/mined_expanded_corpus_cloze_part05.txt]
  Progress -> 5.35933% (6643.62 / 123964 KB) | LR: 0.00142072 | TTemp: 1.22876 | VTemp: 1.0
  Train -> TL: 4.5916 | ATL: 4.58953 | ITPPL: 98.6517 | ATPPL: 98.4481 | ENT: 6.13034b | CERT: 12.4241%
  Val   -> VL: 5.19944 | AVL: 5.18894 | IVPPL: 181.17 | AVPPL: 179.278 | VENT: 6.8162b | VCERT: 12.3562%

[GeoMind CAUSAL CE Stream] Ep 1.0/Inf | Mixed Stream | Last: D[9.0: test/geomind/trainingdata/mined_expanded_corpus_cloze_part05.txt]
  Progress -> 5.36535% (6651.09 / 123964 KB) | LR: 0.00141665 | TTemp: 1.23259 | VTemp: 1.0
  Train -> TL: 4.7051 | ATL: 4.58341 | ITPPL: 110.509 | ATPPL: 97.8472 | ENT: 6.2581b | CERT: 10.7728%
  Val   -> VL: 5.19886 | AVL: 5.19192 | IVPPL: 181.067 | AVPPL: 179.813 | VENT: 6.83417b | VCERT: 12.3848%

[GeoMind CAUSAL CE Stream] Ep 1.0/Inf | Mixed Stream | Last: D[9.0: test/geomind/trainingdata/mined_expanded_corpus_cloze_part05.txt]
  Progress -> 5.37275% (6660.25 / 123964 KB) | LR: 0.00141323 | TTemp: 1.23577 | VTemp: 1.0
  Train -> TL: 4.72404 | ATL: 4.5867 | ITPPL: 112.622 | ATPPL: 98.1698 | ENT: 6.4229b | CERT: 9.74511%
  Val   -> VL: 5.19995 | AVL: 5.19433 | IVPPL: 181.263 | AVPPL: 180.247 | VENT: 6.86313b | VCERT: 11.754%

[GeoMind CAUSAL CE Stream] Ep 1.0/Inf | Mixed Stream | Last: D[9.0: test/geomind/trainingdata/mined_expanded_corpus_cloze_part05.txt]
  Progress -> 5.37927% (6668.34 / 123964 KB) | LR: 0.00140963 | TTemp: 1.23928 | VTemp: 1.0
  Train -> TL: 4.45737 | ATL: 4.57946 | ITPPL: 86.2607 | ATPPL: 97.4617 | ENT: 6.27445b | CERT: 10.0948%
  Val   -> VL: 5.20608 | AVL: 5.19785 | IVPPL: 182.378 | AVPPL: 180.883 | VENT: 6.83542b | VCERT: 11.7351%

[GeoMind CAUSAL CE Stream] Ep 1.0/Inf | Mixed Stream | Last: D[9.0: test/geomind/trainingdata/mined_expanded_corpus_cloze_part05.txt]
  Progress -> 5.38544% (6675.99 / 123964 KB) | LR: 0.00140629 | TTemp: 1.24249 | VTemp: 1.0
  Train -> TL: 4.61555 | ATL: 4.57809 | ITPPL: 101.044 | ATPPL: 97.3282 | ENT: 6.32371b | CERT: 10.3858%
  Val   -> VL: 5.20285 | AVL: 5.19935 | IVPPL: 181.789 | AVPPL: 181.155 | VENT: 6.80479b | VCERT: 12.0068%

[GeoMind CAUSAL CE Stream] Ep 1.0/Inf | Mixed Stream | Last: D[9.0: test/geomind/trainingdata/mined_expanded_corpus_cloze_part05.txt]
  Progress -> 5.39167% (6683.71 / 123964 KB) | LR: 0.00140481 | TTemp: 1.24384 | VTemp: 1.0
  Train -> TL: 4.71469 | ATL: 4.59928 | ITPPL: 111.575 | ATPPL: 99.4132 | ENT: 6.33036b | CERT: 10.4184%
  Val   -> VL: 5.20912 | AVL: 5.20228 | IVPPL: 182.934 | AVPPL: 181.687 | VENT: 6.78965b | VCERT: 12.5034%

[GeoMind CAUSAL CE Stream] Ep 1.0/Inf | Mixed Stream | Last: D[9.0: test/geomind/trainingdata/mined_expanded_corpus_cloze_part05.txt]
  Progress -> 5.39706% (6690.4 / 123964 KB) | LR: 0.00140457 | TTemp: 1.24392 | VTemp: 1.0
  Train -> TL: 4.68258 | ATL: 4.61449 | ITPPL: 108.049 | ATPPL: 100.936 | ENT: 6.43942b | CERT: 9.28435%
  Val   -> VL: 5.2054 | AVL: 5.20322 | IVPPL: 182.253 | AVPPL: 181.856 | VENT: 6.77528b | VCERT: 12.6036%

[GeoMind CAUSAL CE Stream] Ep 1.0/Inf | Mixed Stream | Last: D[9.0: test/geomind/trainingdata/mined_expanded_corpus_cloze_part05.txt]
  Progress -> 5.40345% (6698.31 / 123964 KB) | LR: 0.00140495 | TTemp: 1.24306 | VTemp: 1.0
  Train -> TL: 4.6337 | ATL: 4.62283 | ITPPL: 102.894 | ATPPL: 101.782 | ENT: 6.29391b | CERT: 9.8135%
  Val   -> VL: 5.19002 | AVL: 5.19926 | IVPPL: 179.473 | AVPPL: 181.138 | VENT: 6.77142b | VCERT: 12.3711%

[GeoMind CAUSAL CE Stream] Ep 1.0/Inf | Mixed Stream | Last: D[9.0: test/geomind/trainingdata/mined_expanded_corpus_cloze_part05.txt]
  Progress -> 5.40936% (6705.64 / 123964 KB) | LR: 0.00140598 | TTemp: 1.2414 | VTemp: 1.0
  Train -> TL: 4.69618 | ATL: 4.63217 | ITPPL: 109.528 | ATPPL: 102.737 | ENT: 6.24149b | CERT: 10.4861%
  Val   -> VL: 5.18867 | AVL: 5.19608 | IVPPL: 179.23 | AVPPL: 180.564 | VENT: 6.78661b | VCERT: 12.4169%

[GeoMind CAUSAL CE Stream] Ep 1.0/Inf | Mixed Stream | Last: D[9.0: test/geomind/trainingdata/mined_expanded_corpus_cloze_part05.txt]
  Progress -> 5.41662% (6714.64 / 123964 KB) | LR: 0.00140653 | TTemp: 1.24041 | VTemp: 1.0
  Train -> TL: 4.59364 | ATL: 4.62718 | ITPPL: 98.8537 | ATPPL: 102.225 | ENT: 6.30052b | CERT: 10.0599%
  Val   -> VL: 5.19862 | AVL: 5.19684 | IVPPL: 181.022 | AVPPL: 180.701 | VENT: 6.79998b | VCERT: 12.0814%

[GeoMind CAUSAL CE Stream] Ep 1.0/Inf | Mixed Stream | Last: D[9.0: test/geomind/trainingdata/mined_expanded_corpus_cloze_part05.txt]
  Progress -> 5.42393% (6723.7 / 123964 KB) | LR: 0.00140452 | TTemp: 1.24256 | VTemp: 1.0
  Train -> TL: 4.41684 | ATL: 4.59217 | ITPPL: 82.8344 | ATPPL: 98.708 | ENT: 6.04704b | CERT: 11.4763%
  Val   -> VL: 5.21267 | AVL: 5.20159 | IVPPL: 183.584 | AVPPL: 181.561 | VENT: 6.72806b | VCERT: 12.8612%

[GeoMind CAUSAL CE Stream] Ep 1.0/Inf | Mixed Stream | Last: D[9.0: test/geomind/trainingdata/mined_expanded_corpus_cloze_part05.txt]
  Progress -> 5.43331% (6735.33 / 123964 KB) | LR: 0.0014027 | TTemp: 1.24427 | VTemp: 1.0
  Train -> TL: 4.74019 | ATL: 4.59209 | ITPPL: 114.456 | ATPPL: 98.7001 | ENT: 6.28028b | CERT: 10.6875%
  Val   -> VL: 5.19631 | AVL: 5.20001 | IVPPL: 180.605 | AVPPL: 181.274 | VENT: 6.76928b | VCERT: 12.4471%

[GeoMind CAUSAL CE Stream] Ep 1.0/Inf | Mixed Stream | Last: D[9.0: test/geomind/trainingdata/mined_expanded_corpus_cloze_part05.txt]
  Progress -> 5.44038% (6744.1 / 123964 KB) | LR: 0.00140094 | TTemp: 1.24571 | VTemp: 1.0
  Train -> TL: 4.64642 | ATL: 4.59054 | ITPPL: 104.212 | ATPPL: 98.5473 | ENT: 6.29534b | CERT: 10.9717%
  Val   -> VL: 5.19412 | AVL: 5.19824 | IVPPL: 180.209 | AVPPL: 180.954 | VENT: 6.73565b | VCERT: 12.6588%

[GeoMind CAUSAL CE Stream] Ep 1.0/Inf | Mixed Stream | Last: D[9.0: test/geomind/trainingdata/mined_expanded_corpus_cloze_part05.txt]
  Progress -> 5.45023% (6756.3 / 123964 KB) | LR: 0.0014 | TTemp: 1.24595 | VTemp: 1.0
  Train -> TL: 4.64178 | ATL: 4.59926 | ITPPL: 103.729 | ATPPL: 99.4104 | ENT: 6.26665b | CERT: 11.7729%
  Val   -> VL: 5.18385 | AVL: 5.19392 | IVPPL: 178.368 | AVPPL: 180.174 | VENT: 6.72356b | VCERT: 12.6892%

[GeoMind CAUSAL CE Stream] Ep 1.0/Inf | Mixed Stream | Last: D[9.0: test/geomind/trainingdata/mined_expanded_corpus_cloze_part05.txt]
  Progress -> 5.45834% (6766.36 / 123964 KB) | LR: 0.00139802 | TTemp: 1.24705 | VTemp: 1.0
  Train -> TL: 4.45569 | ATL: 4.58358 | ITPPL: 86.1153 | ATPPL: 97.8645 | ENT: 6.09826b | CERT: 12.0262%
  Val   -> VL: 5.18147 | AVL: 5.19019 | IVPPL: 177.943 | AVPPL: 179.502 | VENT: 6.67448b | VCERT: 13.1028%

[GeoMind CAUSAL CE Stream] Ep 1.0/Inf | Mixed Stream | Last: D[9.0: test/geomind/trainingdata/mined_expanded_corpus_cloze_part05.txt]
  Progress -> 5.46858% (6779.06 / 123964 KB) | LR: 0.00139561 | TTemp: 1.24886 | VTemp: 1.0
  Train -> TL: 4.51965 | ATL: 4.57496 | ITPPL: 91.8037 | ATPPL: 97.0245 | ENT: 6.14877b | CERT: 12.2586%
  Val   -> VL: 5.20033 | AVL: 5.19323 | IVPPL: 181.331 | AVPPL: 180.049 | VENT: 6.72635b | VCERT: 12.5277%

[GeoMind CAUSAL CE Stream] Ep 1.0/Inf | Mixed Stream | Last: D[9.0: test/geomind/trainingdata/mined_expanded_corpus_cloze_part05.txt]
  Progress -> 5.47721% (6789.75 / 123964 KB) | LR: 0.00139373 | TTemp: 1.25027 | VTemp: 1.0
  Train -> TL: 4.56622 | ATL: 4.57895 | ITPPL: 96.1796 | ATPPL: 97.4124 | ENT: 6.09847b | CERT: 12.2005%
  Val   -> VL: 5.2005 | AVL: 5.19541 | IVPPL: 181.364 | AVPPL: 180.442 | VENT: 6.70075b | VCERT: 12.3219%

[GeoMind CAUSAL CE Stream] Ep 1.0/Inf | Mixed Stream | Last: D[9.0: test/geomind/trainingdata/mined_expanded_corpus_cloze_part05.txt]
  Progress -> 5.48467% (6799.0 / 123964 KB) | LR: 0.00139293 | TTemp: 1.25063 | VTemp: 1.0
  Train -> TL: 4.51481 | ATL: 4.59124 | ITPPL: 91.3602 | ATPPL: 98.6164 | ENT: 6.02793b | CERT: 12.97%
  Val   -> VL: 5.19923 | AVL: 5.19656 | IVPPL: 181.132 | AVPPL: 180.649 | VENT: 6.61431b | VCERT: 13.657%

[GeoMind CAUSAL CE Stream] Ep 1.0/Inf | Mixed Stream | Last: D[9.0: test/geomind/trainingdata/mined_expanded_corpus_cloze_part05.txt]
  Progress -> 5.49278% (6809.06 / 123964 KB) | LR: 0.00139171 | TTemp: 1.2515 | VTemp: 1.0
  Train -> TL: 4.63678 | ATL: 4.58434 | ITPPL: 103.212 | ATPPL: 97.9387 | ENT: 6.13857b | CERT: 12.3838%
  Val   -> VL: 5.1988 | AVL: 5.19723 | IVPPL: 181.055 | AVPPL: 180.771 | VENT: 6.66154b | VCERT: 13.0632%

[GeoMind CAUSAL CE Stream] Ep 1.0/Inf | Mixed Stream | Last: D[9.0: test/geomind/trainingdata/mined_expanded_corpus_cloze_part05.txt]
  Progress -> 5.50043% (6818.53 / 123964 KB) | LR: 0.00139061 | TTemp: 1.25192 | VTemp: 1.0
  Train -> TL: 4.70643 | ATL: 4.58426 | ITPPL: 110.656 | ATPPL: 97.9306 | ENT: 6.06838b | CERT: 11.9425%
  Val   -> VL: 5.18281 | AVL: 5.1929 | IVPPL: 178.183 | AVPPL: 179.99 | VENT: 6.67828b | VCERT: 12.63%

[GeoMind CAUSAL CE Stream] Ep 1.0/Inf | Mixed Stream | Last: D[9.0: test/geomind/trainingdata/mined_expanded_corpus_cloze_part05.txt]
  Progress -> 5.50763% (6827.46 / 123964 KB) | LR: 0.00139019 | TTemp: 1.25137 | VTemp: 1.0
  Train -> TL: 4.65827 | ATL: 4.59232 | ITPPL: 105.453 | ATPPL: 98.7232 | ENT: 6.03797b | CERT: 12.4964%
  Val   -> VL: 5.17899 | AVL: 5.18873 | IVPPL: 177.503 | AVPPL: 179.241 | VENT: 6.70057b | VCERT: 12.4074%

[GeoMind CAUSAL CE Stream] Ep 1.0/Inf | Mixed Stream | Last: D[9.0: test/geomind/trainingdata/mined_expanded_corpus_cloze_part05.txt]
  Progress -> 5.51497% (6836.56 / 123964 KB) | LR: 0.00138967 | TTemp: 1.25064 | VTemp: 1.0
  Train -> TL: 4.54858 | ATL: 4.59022 | ITPPL: 94.4984 | ATPPL: 98.5161 | ENT: 6.05743b | CERT: 12.6864%
  Val   -> VL: 5.17059 | AVL: 5.18329 | IVPPL: 176.018 | AVPPL: 178.268 | VENT: 6.72159b | VCERT: 12.2413%

[GeoMind CAUSAL CE Stream] Ep 1.0/Inf | Mixed Stream | Last: D[9.0: test/geomind/trainingdata/mined_expanded_corpus_cloze_part05.txt]
  Progress -> 5.52341% (6847.02 / 123964 KB) | LR: 0.00139149 | TTemp: 1.24754 | VTemp: 1.0
  Train -> TL: 4.67402 | ATL: 4.62205 | ITPPL: 107.127 | ATPPL: 101.703 | ENT: 6.15121b | CERT: 12.1541%
  Val   -> VL: 5.17906 | AVL: 5.18202 | IVPPL: 177.516 | AVPPL: 178.042 | VENT: 6.74907b | VCERT: 12.2702%

[GeoMind CAUSAL CE Stream] Ep 1.0/Inf | Mixed Stream | Last: D[9.0: test/geomind/trainingdata/mined_expanded_corpus_cloze_part05.txt]
  Progress -> 5.53128% (6856.78 / 123964 KB) | LR: 0.00139547 | TTemp: 1.2424 | VTemp: 1.0
  Train -> TL: 4.69063 | ATL: 4.65453 | ITPPL: 108.922 | ATPPL: 105.06 | ENT: 6.19035b | CERT: 12.0637%
  Val   -> VL: 5.17898 | AVL: 5.18111 | IVPPL: 177.502 | AVPPL: 177.88 | VENT: 6.79292b | VCERT: 11.7184%

[GeoMind CAUSAL CE Stream] Ep 1.0/Inf | Mixed Stream | Last: D[9.0: test/geomind/trainingdata/mined_expanded_corpus_cloze_part05.txt]
  Progress -> 5.53889% (6866.22 / 123964 KB) | LR: 0.00139963 | TTemp: 1.23742 | VTemp: 1.0
  Train -> TL: 4.74944 | ATL: 4.66264 | ITPPL: 115.519 | ATPPL: 105.916 | ENT: 6.27139b | CERT: 11.1879%
  Val   -> VL: 5.18066 | AVL: 5.18097 | IVPPL: 177.801 | AVPPL: 177.856 | VENT: 6.81482b | VCERT: 11.4562%

[GeoMind CAUSAL CE Stream] Ep 1.0/Inf | Mixed Stream | Last: D[9.0: test/geomind/trainingdata/mined_expanded_corpus_cloze_part05.txt]
  Progress -> 5.54678% (6875.99 / 123964 KB) | LR: 0.00140438 | TTemp: 1.23218 | VTemp: 1.0
  Train -> TL: 4.70413 | ATL: 4.6766 | ITPPL: 110.402 | ATPPL: 107.404 | ENT: 6.04505b | CERT: 12.3839%
  Val   -> VL: 5.18289 | AVL: 5.18155 | IVPPL: 178.197 | AVPPL: 177.958 | VENT: 6.81241b | VCERT: 11.7425%

[GeoMind CAUSAL CE Stream] Ep 1.0/Inf | Mixed Stream | Last: D[9.0: test/geomind/trainingdata/mined_expanded_corpus_cloze_part05.txt]
  Progress -> 5.55594% (6887.35 / 123964 KB) | LR: 0.0014092 | TTemp: 1.22693 | VTemp: 1.0
  Train -> TL: 4.76242 | ATL: 4.68409 | ITPPL: 117.029 | ATPPL: 108.212 | ENT: 6.30447b | CERT: 11.0053%
  Val   -> VL: 5.17146 | AVL: 5.17852 | IVPPL: 176.172 | AVPPL: 177.42 | VENT: 6.87853b | VCERT: 11.2419%

[GeoMind CAUSAL CE Stream] Ep 1.0/Inf | Mixed Stream | Last: D[9.0: test/geomind/trainingdata/mined_expanded_corpus_cloze_part05.txt]
  Progress -> 5.56296% (6896.05 / 123964 KB) | LR: 0.00141326 | TTemp: 1.22263 | VTemp: 1.0
  Train -> TL: 4.63954 | ATL: 4.68031 | ITPPL: 103.497 | ATPPL: 107.803 | ENT: 6.33771b | CERT: 11.2009%
  Val   -> VL: 5.1727 | AVL: 5.17678 | IVPPL: 176.39 | AVPPL: 177.111 | VENT: 6.87106b | VCERT: 11.5879%

[GeoMind CAUSAL CE Stream] Ep 1.0/Inf | Mixed Stream | Last: D[9.0: test/geomind/trainingdata/mined_expanded_corpus_cloze_part05.txt]
  Progress -> 5.57038% (6905.24 / 123964 KB) | LR: 0.00141478 | TTemp: 1.22083 | VTemp: 1.0
  Train -> TL: 4.6289 | ATL: 4.65068 | ITPPL: 102.401 | ATPPL: 104.657 | ENT: 6.33327b | CERT: 11.1989%
  Val   -> VL: 5.16077 | AVL: 5.17197 | IVPPL: 174.298 | AVPPL: 176.262 | VENT: 6.8575b | VCERT: 11.6028%

[GeoMind CAUSAL CE Stream] Ep 1.0/Inf | Mixed Stream | Last: D[9.0: test/geomind/trainingdata/mined_expanded_corpus_cloze_part05.txt]
  Progress -> 5.57846% (6915.27 / 123964 KB) | LR: 0.0014152 | TTemp: 1.22015 | VTemp: 1.0
  Train -> TL: 4.66746 | ATL: 4.63738 | ITPPL: 106.427 | ATPPL: 103.273 | ENT: 6.28153b | CERT: 11.662%
  Val   -> VL: 5.1653 | AVL: 5.16997 | IVPPL: 175.091 | AVPPL: 175.91 | VENT: 6.86095b | VCERT: 11.7044%

[GeoMind CAUSAL CE Stream] Ep 1.0/Inf | Mixed Stream | Last: D[9.0: test/geomind/trainingdata/mined_expanded_corpus_cloze_part05.txt]
  Progress -> 5.58656% (6925.3 / 123964 KB) | LR: 0.00141614 | TTemp: 1.21904 | VTemp: 1.0
  Train -> TL: 4.65427 | ATL: 4.64526 | ITPPL: 105.033 | ATPPL: 104.091 | ENT: 6.35182b | CERT: 10.7768%
  Val   -> VL: 5.17273 | AVL: 5.1708 | IVPPL: 176.396 | AVPPL: 176.056 | VENT: 6.88478b | VCERT: 11.4692%

[GeoMind CAUSAL CE Stream] Ep 1.0/Inf | Mixed Stream | Last: D[9.0: test/geomind/trainingdata/mined_expanded_corpus_cloze_part05.txt]
  Progress -> 5.59383% (6934.32 / 123964 KB) | LR: 0.00141583 | TTemp: 1.21935 | VTemp: 1.0
  Train -> TL: 4.54646 | ATL: 4.62932 | ITPPL: 94.2981 | ATPPL: 102.444 | ENT: 6.33619b | CERT: 10.6709%
  Val   -> VL: 5.1731 | AVL: 5.17149 | IVPPL: 176.461 | AVPPL: 176.177 | VENT: 6.86469b | VCERT: 11.6215%

[GeoMind CAUSAL CE Stream] Ep 1.0/Inf | Mixed Stream | Last: D[9.0: test/geomind/trainingdata/mined_expanded_corpus_cloze_part05.txt]
  Progress -> 5.60169% (6944.06 / 123964 KB) | LR: 0.00141464 | TTemp: 1.22076 | VTemp: 1.0
  Train -> TL: 4.66035 | ATL: 4.61647 | ITPPL: 105.673 | ATPPL: 101.136 | ENT: 6.42576b | CERT: 10.2653%
  Val   -> VL: 5.17971 | AVL: 5.17396 | IVPPL: 177.632 | AVPPL: 176.612 | VENT: 6.887b | VCERT: 11.401%

[GeoMind CAUSAL CE Stream] Ep 1.0/Inf | Mixed Stream | Last: D[9.0: test/geomind/trainingdata/mined_expanded_corpus_cloze_part05.txt]
  Progress -> 5.6123% (6957.21 / 123964 KB) | LR: 0.00141256 | TTemp: 1.22288 | VTemp: 1.0
  Train -> TL: 4.56724 | ATL: 4.60257 | ITPPL: 96.2783 | ATPPL: 99.7407 | ENT: 6.34123b | CERT: 11.1428%
  Val   -> VL: 5.16872 | AVL: 5.17238 | IVPPL: 175.689 | AVPPL: 176.335 | VENT: 6.88924b | VCERT: 11.5372%

[GeoMind CAUSAL CE Stream] Ep 1.0/Inf | Mixed Stream | Last: D[9.0: test/geomind/trainingdata/mined_expanded_corpus_cloze_part05.txt]
  Progress -> 5.621% (6968 / 123964 KB) | LR: 0.00140929 | TTemp: 1.22618 | VTemp: 1.0
  Train -> TL: 4.63968 | ATL: 4.58324 | ITPPL: 103.512 | ATPPL: 97.8304 | ENT: 6.29825b | CERT: 11.8604%
  Val   -> VL: 5.17421 | AVL: 5.17293 | IVPPL: 176.657 | AVPPL: 176.431 | VENT: 6.8589b | VCERT: 12.2362%

[GeoMind CAUSAL CE Stream] Ep 1.0/Inf | Mixed Stream | Last: D[9.0: test/geomind/trainingdata/mined_expanded_corpus_cloze_part05.txt]
  Progress -> 5.62964% (6978.71 / 123964 KB) | LR: 0.0014051 | TTemp: 1.23041 | VTemp: 1.0
  Train -> TL: 4.67012 | ATL: 4.56575 | ITPPL: 106.711 | ATPPL: 96.1351 | ENT: 6.37978b | CERT: 11.1096%
  Val   -> VL: 5.17852 | AVL: 5.17461 | IVPPL: 177.42 | AVPPL: 176.727 | VENT: 6.82479b | VCERT: 12.6038%

[GeoMind CAUSAL CE Stream] Ep 1.0/Inf | Mixed Stream | Last: D[9.0: test/geomind/trainingdata/mined_expanded_corpus_cloze_part05.txt]
  Progress -> 5.63902% (6990.34 / 123964 KB) | LR: 0.00140046 | TTemp: 1.23467 | VTemp: 1.0
  Train -> TL: 4.61735 | ATL: 4.55378 | ITPPL: 101.226 | ATPPL: 94.9904 | ENT: 6.34444b | CERT: 11.11%
  Val   -> VL: 5.16382 | AVL: 5.17137 | IVPPL: 174.83 | AVPPL: 176.156 | VENT: 6.83845b | VCERT: 12.0928%

[GeoMind CAUSAL CE Stream] Ep 1.0/Inf | Mixed Stream | Last: D[9.0: test/geomind/trainingdata/mined_expanded_corpus_cloze_part05.txt]
  Progress -> 5.64829% (7001.83 / 123964 KB) | LR: 0.00139776 | TTemp: 1.23653 | VTemp: 1.0
  Train -> TL: 4.64268 | ATL: 4.57421 | ITPPL: 103.822 | ATPPL: 96.9515 | ENT: 6.22193b | CERT: 11.4926%
  Val   -> VL: 5.16115 | AVL: 5.1683 | IVPPL: 174.365 | AVPPL: 175.617 | VENT: 6.85794b | VCERT: 11.6966%

[GeoMind CAUSAL CE Stream] Ep 1.0/Inf | Mixed Stream | Last: D[9.0: test/geomind/trainingdata/mined_expanded_corpus_cloze_part05.txt]
  Progress -> 5.65726% (7012.94 / 123964 KB) | LR: 0.00139686 | TTemp: 1.2362 | VTemp: 1.0
  Train -> TL: 4.68658 | ATL: 4.59546 | ITPPL: 108.482 | ATPPL: 99.0332 | ENT: 6.32143b | CERT: 11.1007%
  Val   -> VL: 5.15454 | AVL: 5.16417 | IVPPL: 173.215 | AVPPL: 174.893 | VENT: 6.82677b | VCERT: 12.2694%

[GeoMind CAUSAL CE Stream] Ep 1.0/Inf | Mixed Stream | Last: D[9.0: test/geomind/trainingdata/mined_expanded_corpus_cloze_part05.txt]
  Progress -> 5.66564% (7023.33 / 123964 KB) | LR: 0.00139768 | TTemp: 1.23399 | VTemp: 1.0
  Train -> TL: 4.65873 | ATL: 4.61818 | ITPPL: 105.502 | ATPPL: 101.31 | ENT: 6.25367b | CERT: 12.0011%
  Val   -> VL: 5.15384 | AVL: 5.16107 | IVPPL: 173.095 | AVPPL: 174.352 | VENT: 6.81433b | VCERT: 12.1322%

[GeoMind CAUSAL CE Stream] Ep 1.0/Inf | Mixed Stream | Last: D[9.0: test/geomind/trainingdata/mined_expanded_corpus_cloze_part05.txt]
  Progress -> 5.67444% (7034.24 / 123964 KB) | LR: 0.00139948 | TTemp: 1.23102 | VTemp: 1.0
  Train -> TL: 4.71771 | ATL: 4.63289 | ITPPL: 111.912 | ATPPL: 102.81 | ENT: 6.28565b | CERT: 11.2402%
  Val   -> VL: 5.16197 | AVL: 5.16134 | IVPPL: 174.508 | AVPPL: 174.398 | VENT: 6.84223b | VCERT: 11.8801%

[GeoMind CAUSAL CE Stream] Ep 1.0/Inf | Mixed Stream | Last: D[9.0: test/geomind/trainingdata/mined_expanded_corpus_cloze_part05.txt]
  Progress -> 5.6835% (7045.47 / 123964 KB) | LR: 0.00140214 | TTemp: 1.22757 | VTemp: 1.0
  Train -> TL: 4.69209 | ATL: 4.64734 | ITPPL: 109.081 | ATPPL: 104.307 | ENT: 6.36885b | CERT: 10.1442%
  Val   -> VL: 5.16799 | AVL: 5.16334 | IVPPL: 175.562 | AVPPL: 174.747 | VENT: 6.86276b | VCERT: 11.5845%

[GeoMind CAUSAL CE Stream] Ep 1.0/Inf | Mixed Stream | Last: D[9.0: test/geomind/trainingdata/mined_expanded_corpus_cloze_part05.txt]
  Progress -> 5.69185% (7055.83 / 123964 KB) | LR: 0.00140535 | TTemp: 1.2238 | VTemp: 1.0
  Train -> TL: 4.73979 | ATL: 4.65866 | ITPPL: 114.411 | ATPPL: 105.494 | ENT: 6.42927b | CERT: 9.71618%
  Val   -> VL: 5.16409 | AVL: 5.16356 | IVPPL: 174.878 | AVPPL: 174.786 | VENT: 6.8197b | VCERT: 11.8752%

[GeoMind CAUSAL CE Stream] Ep 1.0/Inf | Mixed Stream | Last: D[9.0: test/geomind/trainingdata/mined_expanded_corpus_cloze_part05.txt]
  Progress -> 5.69971% (7065.57 / 123964 KB) | LR: 0.00141042 | TTemp: 1.2262 | VTemp: 1.0
  Train -> TL: 4.78654 | ATL: 4.68899 | ITPPL: 119.886 | ATPPL: 108.744 | ENT: 6.36478b | CERT: 9.94196%
  Val   -> VL: 5.1804 | AVL: 5.16862 | IVPPL: 177.754 | AVPPL: 175.671 | VENT: 6.85003b | VCERT: 11.4947%

[GeoMind CAUSAL CE Stream] Ep 1.0/Inf | Mixed Stream | Last: D[9.0: test/geomind/trainingdata/mined_expanded_corpus_cloze_part05.txt]
  Progress -> 5.70772% (7075.5 / 123964 KB) | LR: 0.00141556 | TTemp: 1.22814 | VTemp: 1.0
  Train -> TL: 4.47145 | ATL: 4.69689 | ITPPL: 87.4834 | ATPPL: 109.606 | ENT: 6.14915b | CERT: 10.4596%
  Val   -> VL: 5.19033 | AVL: 5.17513 | IVPPL: 179.528 | AVPPL: 176.819 | VENT: 6.82291b | VCERT: 11.4943%

[GeoMind CAUSAL CE Stream] Ep 1.0/Inf | Mixed Stream | Last: D[9.0: test/geomind/trainingdata/mined_expanded_corpus_cloze_part05.txt]
  Progress -> 5.71775% (7087.93 / 123964 KB) | LR: 0.00142096 | TTemp: 1.22173 | VTemp: 1.0
  Train -> TL: 4.64202 | ATL: 4.70772 | ITPPL: 103.754 | ATPPL: 110.799 | ENT: 6.00501b | CERT: 12.0885%
  Val   -> VL: 5.18645 | AVL: 5.17853 | IVPPL: 178.833 | AVPPL: 177.421 | VENT: 6.82618b | VCERT: 11.6062%

[GeoMind CAUSAL CE Stream] Ep 1.0/Inf | Mixed Stream | Last: D[9.0: test/geomind/trainingdata/mined_expanded_corpus_cloze_part05.txt]
  Progress -> 5.72724% (7099.7 / 123964 KB) | LR: 0.00142602 | TTemp: 1.2161 | VTemp: 1.0
  Train -> TL: 4.74115 | ATL: 4.71057 | ITPPL: 114.566 | ATPPL: 111.116 | ENT: 6.10017b | CERT: 11.5321%
  Val   -> VL: 5.17986 | AVL: 5.17893 | IVPPL: 177.659 | AVPPL: 177.492 | VENT: 6.85173b | VCERT: 11.5351%

[GeoMind CAUSAL CE Stream] Ep 1.0/Inf | Mixed Stream | Last: D[9.0: test/geomind/trainingdata/mined_expanded_corpus_cloze_part05.txt]
  Progress -> 5.7337% (7107.7 / 123964 KB) | LR: 0.00143149 | TTemp: 1.21031 | VTemp: 1.0
  Train -> TL: 4.72111 | ATL: 4.72324 | ITPPL: 112.293 | ATPPL: 112.533 | ENT: 6.05447b | CERT: 11.7118%
  Val   -> VL: 5.17672 | AVL: 5.17827 | IVPPL: 177.102 | AVPPL: 177.375 | VENT: 6.83647b | VCERT: 11.7295%

[GeoMind CAUSAL CE Stream] Ep 1.0/Inf | Mixed Stream | Last: D[9.0: test/geomind/trainingdata/mined_expanded_corpus_cloze_part05.txt]
  Progress -> 5.74255% (7118.68 / 123964 KB) | LR: 0.00143633 | TTemp: 1.20539 | VTemp: 1.0
  Train -> TL: 4.52607 | ATL: 4.72202 | ITPPL: 92.3945 | ATPPL: 112.395 | ENT: 6.16074b | CERT: 11.246%
  Val   -> VL: 5.17405 | AVL: 5.177 | IVPPL: 176.629 | AVPPL: 177.151 | VENT: 6.81666b | VCERT: 12.0381%

[GeoMind CAUSAL CE Stream] Ep 1.0/Inf | Mixed Stream | Last: D[9.0: test/geomind/trainingdata/mined_expanded_corpus_cloze_part05.txt]
  Progress -> 5.75153% (7129.8 / 123964 KB) | LR: 0.00143923 | TTemp: 1.20253 | VTemp: 1.0
  Train -> TL: 4.53639 | ATL: 4.70182 | ITPPL: 93.3536 | ATPPL: 110.147 | ENT: 6.01537b | CERT: 12.8109%
  Val   -> VL: 5.16844 | AVL: 5.17443 | IVPPL: 175.642 | AVPPL: 176.697 | VENT: 6.8236b | VCERT: 11.7996%

[GeoMind CAUSAL CE Stream] Ep 1.0/Inf | Mixed Stream | Last: D[9.0: test/geomind/trainingdata/mined_expanded_corpus_cloze_part05.txt]
  Progress -> 5.76008% (7140.4 / 123964 KB) | LR: 0.00144108 | TTemp: 1.20066 | VTemp: 1.0
  Train -> TL: 4.78348 | ATL: 4.69137 | ITPPL: 119.519 | ATPPL: 109.002 | ENT: 6.4432b | CERT: 10.1635%
  Val   -> VL: 5.16464 | AVL: 5.1715 | IVPPL: 174.975 | AVPPL: 176.178 | VENT: 6.90525b | VCERT: 11.1765%

[GeoMind CAUSAL CE Stream] Ep 1.0/Inf | Mixed Stream | Last: D[9.0: test/geomind/trainingdata/mined_expanded_corpus_cloze_part05.txt]
  Progress -> 5.76812% (7150.37 / 123964 KB) | LR: 0.00144199 | TTemp: 1.19965 | VTemp: 1.0
  Train -> TL: 4.60819 | ATL: 4.68072 | ITPPL: 100.302 | ATPPL: 107.848 | ENT: 6.4145b | CERT: 10.724%
  Val   -> VL: 5.16177 | AVL: 5.16858 | IVPPL: 174.473 | AVPPL: 175.665 | VENT: 6.91862b | VCERT: 10.9133%

[GeoMind CAUSAL CE Stream] Ep 1.0/Inf | Mixed Stream | Last: D[9.0: test/geomind/trainingdata/mined_expanded_corpus_cloze_part05.txt]
  Progress -> 5.77629% (7160.51 / 123964 KB) | LR: 0.00144199 | TTemp: 1.1996 | VTemp: 1.0
  Train -> TL: 4.68935 | ATL: 4.66953 | ITPPL: 108.783 | ATPPL: 106.648 | ENT: 6.5055b | CERT: 9.39836%
  Val   -> VL: 5.16746 | AVL: 5.16824 | IVPPL: 175.469 | AVPPL: 175.606 | VENT: 6.90467b | VCERT: 11.2281%

[GeoMind CAUSAL CE Stream] Ep 1.0/Inf | Mixed Stream | Last: D[9.0: test/geomind/trainingdata/mined_expanded_corpus_cloze_part05.txt]
  Progress -> 5.78372% (7169.71 / 123964 KB) | LR: 0.00144081 | TTemp: 1.20116 | VTemp: 1.0
  Train -> TL: 4.75358 | ATL: 4.65293 | ITPPL: 115.999 | ATPPL: 104.892 | ENT: 6.5609b | CERT: 8.98339%
  Val   -> VL: 5.18366 | AVL: 5.17287 | IVPPL: 178.335 | AVPPL: 176.42 | VENT: 6.88344b | VCERT: 11.3101%

[GeoMind CAUSAL CE Stream] Ep 1.0/Inf | Mixed Stream | Last: D[9.0: test/geomind/trainingdata/mined_expanded_corpus_cloze_part05.txt]
  Progress -> 5.79234% (7180.4 / 123964 KB) | LR: 0.00144094 | TTemp: 1.2012 | VTemp: 1.0
  Train -> TL: 4.69023 | ATL: 4.66968 | ITPPL: 108.878 | ATPPL: 106.663 | ENT: 6.33226b | CERT: 11.0457%
  Val   -> VL: 5.17191 | AVL: 5.17258 | IVPPL: 176.251 | AVPPL: 176.369 | VENT: 6.91392b | VCERT: 11.187%

[GeoMind CAUSAL CE Stream] Ep 1.0/Inf | Mixed Stream | Last: D[9.0: test/geomind/trainingdata/mined_expanded_corpus_cloze_part05.txt]
  Progress -> 5.80239% (7192.86 / 123964 KB) | LR: 0.00144139 | TTemp: 1.20081 | VTemp: 1.0
  Train -> TL: 4.65107 | ATL: 4.67416 | ITPPL: 104.697 | ATPPL: 107.143 | ENT: 6.37252b | CERT: 10.7359%
  Val   -> VL: 5.16831 | AVL: 5.1713 | IVPPL: 175.617 | AVPPL: 176.143 | VENT: 6.91989b | VCERT: 11.0209%

[GeoMind CAUSAL CE Stream] Ep 1.0/Inf | Mixed Stream | Last: D[9.0: test/geomind/trainingdata/mined_expanded_corpus_cloze_part05.txt]
  Progress -> 5.81052% (7202.94 / 123964 KB) | LR: 0.00144185 | TTemp: 1.20045 | VTemp: 1.0
  Train -> TL: 4.75154 | ATL: 4.67501 | ITPPL: 115.763 | ATPPL: 107.233 | ENT: 6.36563b | CERT: 10.1122%
  Val   -> VL: 5.17301 | AVL: 5.17181 | IVPPL: 176.446 | AVPPL: 176.234 | VENT: 6.9535b | VCERT: 10.7815%

[GeoMind CAUSAL CE Stream] Ep 1.0/Inf | Mixed Stream | Last: D[9.0: test/geomind/trainingdata/mined_expanded_corpus_cloze_part05.txt]
  Progress -> 5.81786% (7212.04 / 123964 KB) | LR: 0.00144145 | TTemp: 1.20085 | VTemp: 1.0
  Train -> TL: 4.54755 | ATL: 4.66372 | ITPPL: 94.4008 | ATPPL: 106.03 | ENT: 6.40425b | CERT: 9.9345%
  Val   -> VL: 5.1658 | AVL: 5.17001 | IVPPL: 175.178 | AVPPL: 175.917 | VENT: 6.90422b | VCERT: 11.273%

[GeoMind CAUSAL CE Stream] Ep 1.0/Inf | Mixed Stream | Last: D[9.0: test/geomind/trainingdata/mined_expanded_corpus_cloze_part05.txt]
  Progress -> 5.82453% (7220.31 / 123964 KB) | LR: 0.00144028 | TTemp: 1.20216 | VTemp: 1.0
  Train -> TL: 4.50441 | ATL: 4.65246 | ITPPL: 90.4148 | ATPPL: 104.843 | ENT: 6.22027b | CERT: 11.5674%
  Val   -> VL: 5.17515 | AVL: 5.17155 | IVPPL: 176.824 | AVPPL: 176.188 | VENT: 6.89332b | VCERT: 11.2711%

[GeoMind CAUSAL CE Stream] Ep 1.0/Inf | Mixed Stream | Last: D[9.0: test/geomind/trainingdata/mined_expanded_corpus_cloze_part05.txt]
  Progress -> 5.83377% (7231.75 / 123964 KB) | LR: 0.00143813 | TTemp: 1.2046 | VTemp: 1.0
  Train -> TL: 4.40943 | ATL: 4.63713 | ITPPL: 82.2224 | ATPPL: 103.248 | ENT: 5.98688b | CERT: 13.6472%
  Val   -> VL: 5.17986 | AVL: 5.17405 | IVPPL: 177.659 | AVPPL: 176.628 | VENT: 6.87688b | VCERT: 11.4364%

[GeoMind CAUSAL CE Stream] Ep 1.0/Inf | Mixed Stream | Last: D[9.0: test/geomind/trainingdata/mined_expanded_corpus_cloze_part05.txt]
  Progress -> 5.83978% (7239.21 / 123964 KB) | LR: 0.00143544 | TTemp: 1.20742 | VTemp: 1.0
  Train -> TL: 4.65127 | ATL: 4.62679 | ITPPL: 104.718 | ATPPL: 102.186 | ENT: 6.20628b | CERT: 10.8739%
  Val   -> VL: 5.17256 | AVL: 5.1736 | IVPPL: 176.366 | AVPPL: 176.549 | VENT: 6.8763b | VCERT: 11.1569%

[GeoMind CAUSAL CE Stream] Ep 1.0/Inf | Mixed Stream | Last: D[9.0: test/geomind/trainingdata/mined_expanded_corpus_cloze_part05.txt]
  Progress -> 5.84801% (7249.41 / 123964 KB) | LR: 0.00143117 | TTemp: 1.21963 | VTemp: 1.0
  Train -> TL: 4.52294 | ATL: 4.60104 | ITPPL: 92.106 | ATPPL: 99.5874 | ENT: 6.17877b | CERT: 11.6354%
  Val   -> VL: 5.19061 | AVL: 5.1787 | IVPPL: 179.578 | AVPPL: 177.453 | VENT: 6.86204b | VCERT: 11.0508%

[GeoMind CAUSAL CE Stream] Ep 1.0/Inf | Mixed Stream | Last: D[9.0: test/geomind/trainingdata/mined_expanded_corpus_cloze_part05.txt]
  Progress -> 5.85475% (7257.76 / 123964 KB) | LR: 0.00142541 | TTemp: 1.22461 | VTemp: 1.0
  Train -> TL: 4.52923 | ATL: 4.57429 | ITPPL: 92.6875 | ATPPL: 96.9593 | ENT: 6.17655b | CERT: 11.0293%
  Val   -> VL: 5.18277 | AVL: 5.17992 | IVPPL: 178.176 | AVPPL: 177.669 | VENT: 6.82479b | VCERT: 11.6056%

[GeoMind CAUSAL CE Stream] Ep 1.0/Inf | Mixed Stream | Last: D[9.0: test/geomind/trainingdata/mined_expanded_corpus_cloze_part05.txt]
  Progress -> 5.8609% (7265.39 / 123964 KB) | LR: 0.00141763 | TTemp: 1.23134 | VTemp: 1.0
  Train -> TL: 4.45843 | ATL: 4.53835 | ITPPL: 86.3515 | ATPPL: 93.5363 | ENT: 6.01374b | CERT: 12.4247%
  Val   -> VL: 5.17115 | AVL: 5.17729 | IVPPL: 176.117 | AVPPL: 177.202 | VENT: 6.79084b | VCERT: 12.1797%

[GeoMind CAUSAL CE Stream] Ep 1.0/Inf | Mixed Stream | Last: D[9.0: test/geomind/trainingdata/mined_expanded_corpus_cloze_part05.txt]
  Progress -> 5.86933% (7275.83 / 123964 KB) | LR: 0.0014101 | TTemp: 1.23732 | VTemp: 1.0
  Train -> TL: 4.65416 | ATL: 4.531 | ITPPL: 105.021 | ATPPL: 92.8515 | ENT: 6.20702b | CERT: 11.7163%
  Val   -> VL: 5.16453 | AVL: 5.17346 | IVPPL: 174.954 | AVPPL: 176.525 | VENT: 6.80821b | VCERT: 11.857%

[GeoMind CAUSAL CE Stream] Ep 1.0/Inf | Mixed Stream | Last: D[9.0: test/geomind/trainingdata/mined_expanded_corpus_cloze_part05.txt]
  Progress -> 5.87649% (7284.71 / 123964 KB) | LR: 0.0014047 | TTemp: 1.24098 | VTemp: 1.0
  Train -> TL: 4.59616 | ATL: 4.55021 | ITPPL: 99.1035 | ATPPL: 94.6522 | ENT: 6.1022b | CERT: 12.182%
  Val   -> VL: 5.17394 | AVL: 5.17361 | IVPPL: 176.61 | AVPPL: 176.55 | VENT: 6.79551b | VCERT: 12.0696%

[GeoMind CAUSAL CE Stream] Ep 1.0/Inf | Mixed Stream | Last: D[9.0: test/geomind/trainingdata/mined_expanded_corpus_cloze_part05.txt]
  Progress -> 5.88595% (7296.45 / 123964 KB) | LR: 0.00140061 | TTemp: 1.24315 | VTemp: 1.0
  Train -> TL: 4.65008 | ATL: 4.56084 | ITPPL: 104.593 | ATPPL: 95.6641 | ENT: 6.1318b | CERT: 11.9312%
  Val   -> VL: 5.16731 | AVL: 5.17172 | IVPPL: 175.442 | AVPPL: 176.217 | VENT: 6.80206b | VCERT: 11.8912%

[GeoMind CAUSAL CE Stream] Ep 1.0/Inf | Mixed Stream | Last: D[9.0: test/geomind/trainingdata/mined_expanded_corpus_cloze_part05.txt]
  Progress -> 5.89428% (7306.76 / 123964 KB) | LR: 0.00139856 | TTemp: 1.24332 | VTemp: 1.0
  Train -> TL: 4.62161 | ATL: 4.58339 | ITPPL: 101.658 | ATPPL: 97.8457 | ENT: 6.08093b | CERT: 11.2636%
  Val   -> VL: 5.1727 | AVL: 5.17201 | IVPPL: 176.39 | AVPPL: 176.269 | VENT: 6.8052b | VCERT: 11.7867%

[GeoMind CAUSAL CE Stream] Ep 1.0/Inf | Mixed Stream | Last: D[9.0: test/geomind/trainingdata/mined_expanded_corpus_cloze_part05.txt]
  Progress -> 5.90192% (7316.24 / 123964 KB) | LR: 0.00139751 | TTemp: 1.24275 | VTemp: 1.0
  Train -> TL: 4.61063 | ATL: 4.59455 | ITPPL: 100.547 | ATPPL: 98.944 | ENT: 6.2134b | CERT: 10.9793%
  Val   -> VL: 5.177 | AVL: 5.17351 | IVPPL: 177.15 | AVPPL: 176.533 | VENT: 6.78776b | VCERT: 11.7545%

[GeoMind CAUSAL CE Stream] Ep 1.0/Inf | Mixed Stream | Last: D[9.0: test/geomind/trainingdata/mined_expanded_corpus_cloze_part05.txt]
  Progress -> 5.91225% (7329.05 / 123964 KB) | LR: 0.00139767 | TTemp: 1.24087 | VTemp: 1.0
  Train -> TL: 4.57654 | ATL: 4.60988 | ITPPL: 97.1776 | ATPPL: 100.472 | ENT: 6.17554b | CERT: 12.4774%
  Val   -> VL: 5.16323 | AVL: 5.17042 | IVPPL: 174.728 | AVPPL: 175.989 | VENT: 6.75751b | VCERT: 12.2847%

[GeoMind CAUSAL CE Stream] Ep 1.0/Inf | Mixed Stream | Last: D[9.0: test/geomind/trainingdata/mined_expanded_corpus_cloze_part05.txt]
  Progress -> 5.91928% (7337.76 / 123964 KB) | LR: 0.00139842 | TTemp: 1.23844 | VTemp: 1.0
  Train -> TL: 4.65426 | ATL: 4.61829 | ITPPL: 105.031 | ATPPL: 101.321 | ENT: 6.25317b | CERT: 12.0456%
  Val   -> VL: 5.1608 | AVL: 5.16754 | IVPPL: 174.304 | AVPPL: 175.482 | VENT: 6.74487b | VCERT: 12.3425%

[GeoMind CAUSAL CE Stream] Ep 1.0/Inf | Mixed Stream | Last: D[9.0: test/geomind/trainingdata/mined_expanded_corpus_cloze_part05.txt]
  Progress -> 5.92694% (7347.25 / 123964 KB) | LR: 0.00139961 | TTemp: 1.23581 | VTemp: 1.0
  Train -> TL: 4.53253 | ATL: 4.62552 | ITPPL: 92.9936 | ATPPL: 102.055 | ENT: 6.16638b | CERT: 11.9193%
  Val   -> VL: 5.1671 | AVL: 5.16741 | IVPPL: 175.406 | AVPPL: 175.459 | VENT: 6.743b | VCERT: 12.1605%

[GeoMind CAUSAL CE Stream] Ep 1.0/Inf | Mixed Stream | Last: D[9.0: test/geomind/trainingdata/mined_expanded_corpus_cloze_part05.txt]
  Progress -> 5.93372% (7355.66 / 123964 KB) | LR: 0.0014016 | TTemp: 1.23284 | VTemp: 1.0
  Train -> TL: 4.65193 | ATL: 4.63824 | ITPPL: 104.787 | ATPPL: 103.362 | ENT: 6.17445b | CERT: 11.0548%
  Val   -> VL: 5.17669 | AVL: 5.17019 | IVPPL: 177.096 | AVPPL: 175.949 | VENT: 6.74256b | VCERT: 12.2801%

[GeoMind CAUSAL CE Stream] Ep 1.0/Inf | Mixed Stream | Last: D[9.0: test/geomind/trainingdata/mined_expanded_corpus_cloze_part05.txt]
  Progress -> 5.94123% (7364.96 / 123964 KB) | LR: 0.00140328 | TTemp: 1.23059 | VTemp: 1.0
  Train -> TL: 4.66115 | ATL: 4.6366 | ITPPL: 105.758 | ATPPL: 103.193 | ENT: 6.24173b | CERT: 10.3866%
  Val   -> VL: 5.17707 | AVL: 5.17226 | IVPPL: 177.163 | AVPPL: 176.312 | VENT: 6.74648b | VCERT: 12.0246%

[GeoMind CAUSAL CE Stream] Ep 1.0/Inf | Mixed Stream | Last: D[9.0: test/geomind/trainingdata/mined_expanded_corpus_cloze_part05.txt]
  Progress -> 5.95257% (7379.02 / 123964 KB) | LR: 0.00140443 | TTemp: 1.22885 | VTemp: 1.0
  Train -> TL: 4.64652 | ATL: 4.63168 | ITPPL: 104.222 | ATPPL: 102.686 | ENT: 6.23972b | CERT: 10.1786%
  Val   -> VL: 5.16371 | AVL: 5.16969 | IVPPL: 174.811 | AVPPL: 175.86 | VENT: 6.77527b | VCERT: 11.9375%

[GeoMind CAUSAL CE Stream] Ep 1.0/Inf | Mixed Stream | Last: D[9.0: test/geomind/trainingdata/mined_expanded_corpus_cloze_part05.txt]
  Progress -> 5.96189% (7390.58 / 123964 KB) | LR: 0.00140616 | TTemp: 1.22678 | VTemp: 1.0
  Train -> TL: 4.81206 | ATL: 4.64128 | ITPPL: 122.984 | ATPPL: 103.677 | ENT: 6.32369b | CERT: 9.94203%
  Val   -> VL: 5.17531 | AVL: 5.17138 | IVPPL: 176.852 | AVPPL: 176.157 | VENT: 6.83226b | VCERT: 11.5358%

[GeoMind CAUSAL CE Stream] Ep 1.0/Inf | Mixed Stream | Last: D[9.0: test/geomind/trainingdata/mined_expanded_corpus_cloze_part05.txt]
  Progress -> 5.96956% (7400.08 / 123964 KB) | LR: 0.00140686 | TTemp: 1.23384 | VTemp: 1.0
  Train -> TL: 4.49627 | ATL: 4.62943 | ITPPL: 89.6822 | ATPPL: 102.456 | ENT: 6.18845b | CERT: 10.5459%
  Val   -> VL: 5.19072 | AVL: 5.17718 | IVPPL: 179.598 | AVPPL: 177.182 | VENT: 6.81467b | VCERT: 11.7868%

[GeoMind CAUSAL CE Stream] Ep 1.0/Inf | Mixed Stream | Last: D[9.0: test/geomind/trainingdata/mined_expanded_corpus_cloze_part05.txt]
  Progress -> 5.97702% (7409.33 / 123964 KB) | LR: 0.00140589 | TTemp: 1.234 | VTemp: 1.0
  Train -> TL: 4.49465 | ATL: 4.60705 | ITPPL: 89.5372 | ATPPL: 100.188 | ENT: 6.1613b | CERT: 11.4842%
  Val   -> VL: 5.17614 | AVL: 5.17687 | IVPPL: 176.999 | AVPPL: 177.127 | VENT: 6.75953b | VCERT: 12.166%

[GeoMind CAUSAL CE Stream] Ep 1.0/Inf | Mixed Stream | Last: D[9.0: test/geomind/trainingdata/mined_expanded_corpus_cloze_part05.txt]
  Progress -> 5.98692% (7421.6 / 123964 KB) | LR: 0.00140456 | TTemp: 1.2347 | VTemp: 1.0
  Train -> TL: 4.61137 | ATL: 4.60091 | ITPPL: 100.622 | ATPPL: 99.5752 | ENT: 6.27192b | CERT: 11.3638%
  Val   -> VL: 5.18152 | AVL: 5.17826 | IVPPL: 177.953 | AVPPL: 177.375 | VENT: 6.76592b | VCERT: 12.4166%

[GeoMind CAUSAL CE Stream] Ep 1.0/Inf | Mixed Stream | Last: D[9.0: test/geomind/trainingdata/mined_expanded_corpus_cloze_part05.txt]
  Progress -> 5.99763% (7434.88 / 123964 KB) | LR: 0.00140225 | TTemp: 1.23631 | VTemp: 1.0
  Train -> TL: 4.55822 | ATL: 4.58531 | ITPPL: 95.4136 | ATPPL: 98.0333 | ENT: 6.32107b | CERT: 11.0734%
  Val   -> VL: 5.17091 | AVL: 5.17606 | IVPPL: 176.076 | AVPPL: 176.984 | VENT: 6.75962b | VCERT: 12.3254%

[GeoMind CAUSAL CE Stream] Ep 1.0/Inf | Mixed Stream | Last: D[9.0: test/geomind/trainingdata/mined_expanded_corpus_cloze_part05.txt]
  Progress -> 6.00644% (7445.81 / 123964 KB) | LR: 0.0014008 | TTemp: 1.23697 | VTemp: 1.0
  Train -> TL: 4.64041 | ATL: 4.59411 | ITPPL: 103.587 | ATPPL: 98.9004 | ENT: 6.33411b | CERT: 11.4049%
  Val   -> VL: 5.17434 | AVL: 5.17554 | IVPPL: 176.679 | AVPPL: 176.892 | VENT: 6.78639b | VCERT: 12.1807%

[GeoMind CAUSAL CE Stream] Ep 1.0/Inf | Mixed Stream | Last: D[9.0: test/geomind/trainingdata/mined_expanded_corpus_cloze_part05.txt]
  Progress -> 6.01413% (7455.33 / 123964 KB) | LR: 0.00140039 | TTemp: 1.2366 | VTemp: 1.0
  Train -> TL: 4.60362 | ATL: 4.6065 | ITPPL: 99.8451 | ATPPL: 100.133 | ENT: 6.33299b | CERT: 10.2646%
  Val   -> VL: 5.17548 | AVL: 5.17552 | IVPPL: 176.882 | AVPPL: 176.889 | VENT: 6.79534b | VCERT: 11.9836%

[GeoMind CAUSAL CE Stream] Ep 1.0/Inf | Mixed Stream | Last: D[9.0: test/geomind/trainingdata/mined_expanded_corpus_cloze_part05.txt]
  Progress -> 6.02137% (7464.31 / 123964 KB) | LR: 0.00140058 | TTemp: 1.23572 | VTemp: 1.0
  Train -> TL: 4.67046 | ATL: 4.6143 | ITPPL: 106.747 | ATPPL: 100.917 | ENT: 6.39762b | CERT: 10.5195%
  Val   -> VL: 5.17623 | AVL: 5.17574 | IVPPL: 177.014 | AVPPL: 176.927 | VENT: 6.75995b | VCERT: 12.2793%

[GeoMind CAUSAL CE Stream] Ep 1.0/Inf | Mixed Stream | Last: D[9.0: test/geomind/trainingdata/mined_expanded_corpus_cloze_part05.txt]
  Progress -> 6.02805% (7472.59 / 123964 KB) | LR: 0.00140054 | TTemp: 1.23482 | VTemp: 1.0
  Train -> TL: 4.63331 | ATL: 4.6114 | ITPPL: 102.854 | ATPPL: 100.625 | ENT: 6.4018b | CERT: 9.90702%
  Val   -> VL: 5.15963 | AVL: 5.1709 | IVPPL: 174.1 | AVPPL: 176.074 | VENT: 6.75397b | VCERT: 12.3218%

[GeoMind CAUSAL CE Stream] Ep 1.0/Inf | Mixed Stream | Last: D[9.0: test/geomind/trainingdata/mined_expanded_corpus_cloze_part05.txt]
  Progress -> 6.03443% (7480.5 / 123964 KB) | LR: 0.00139995 | TTemp: 1.23445 | VTemp: 1.0
  Train -> TL: 4.55977 | ATL: 4.60362 | ITPPL: 95.5619 | ATPPL: 99.845 | ENT: 6.30909b | CERT: 10.6171%
  Val   -> VL: 5.16221 | AVL: 5.1683 | IVPPL: 174.55 | AVPPL: 175.615 | VENT: 6.78569b | VCERT: 11.8682%

[GeoMind CAUSAL CE Stream] Ep 1.0/Inf | Mixed Stream | Last: D[9.0: test/geomind/trainingdata/mined_expanded_corpus_cloze_part05.txt]
  Progress -> 6.04322% (7491.4 / 123964 KB) | LR: 0.00139916 | TTemp: 1.23434 | VTemp: 1.0
  Train -> TL: 4.57885 | ATL: 4.60007 | ITPPL: 97.4022 | ATPPL: 99.4909 | ENT: 6.19687b | CERT: 11.4383%
  Val   -> VL: 5.16565 | AVL: 5.1675 | IVPPL: 175.151 | AVPPL: 175.476 | VENT: 6.78786b | VCERT: 12.0128%

[GeoMind CAUSAL CE Stream] Ep 1.0/Inf | Mixed Stream | Last: D[9.0: test/geomind/trainingdata/mined_expanded_corpus_cloze_part05.txt]
  Progress -> 6.05391% (7504.65 / 123964 KB) | LR: 0.00139907 | TTemp: 1.2336 | VTemp: 1.0
  Train -> TL: 4.68657 | ATL: 4.60877 | ITPPL: 108.48 | ATPPL: 100.361 | ENT: 6.27646b | CERT: 10.939%
  Val   -> VL: 5.16768 | AVL: 5.16755 | IVPPL: 175.507 | AVPPL: 175.485 | VENT: 6.81456b | VCERT: 11.6896%

[GeoMind CAUSAL CE Stream] Ep 1.0/Inf | Mixed Stream | Last: D[9.0: test/geomind/trainingdata/mined_expanded_corpus_cloze_part05.txt]
  Progress -> 6.06165% (7514.24 / 123964 KB) | LR: 0.00140092 | TTemp: 1.23096 | VTemp: 1.0
  Train -> TL: 4.79283 | ATL: 4.63547 | ITPPL: 120.642 | ATPPL: 103.076 | ENT: 6.37987b | CERT: 10.7466%
  Val   -> VL: 5.16755 | AVL: 5.16755 | IVPPL: 175.485 | AVPPL: 175.485 | VENT: 6.81942b | VCERT: 11.7001%

[GeoMind CAUSAL CE Stream] Ep 1.0/Inf | Mixed Stream | Last: D[9.0: test/geomind/trainingdata/mined_expanded_corpus_cloze_part05.txt]
  Progress -> 6.07024% (7524.89 / 123964 KB) | LR: 0.00140363 | TTemp: 1.22785 | VTemp: 1.0
  Train -> TL: 4.72706 | ATL: 4.65006 | ITPPL: 112.963 | ATPPL: 104.592 | ENT: 6.39264b | CERT: 11.1772%
  Val   -> VL: 5.17733 | AVL: 5.17049 | IVPPL: 177.209 | AVPPL: 176.001 | VENT: 6.78389b | VCERT: 11.9102%

[GeoMind CAUSAL CE Stream] Ep 1.0/Inf | Mixed Stream | Last: D[9.0: test/geomind/trainingdata/mined_expanded_corpus_cloze_part05.txt]
  Progress -> 6.07995% (7536.93 / 123964 KB) | LR: 0.00140549 | TTemp: 1.22565 | VTemp: 1.0
  Train -> TL: 4.65612 | ATL: 4.64197 | ITPPL: 105.227 | ATPPL: 103.749 | ENT: 6.34911b | CERT: 11.6727%
  Val   -> VL: 5.16334 | AVL: 5.16834 | IVPPL: 174.748 | AVPPL: 175.624 | VENT: 6.78616b | VCERT: 12.0827%

[GeoMind CAUSAL CE Stream] Ep 1.0/Inf | Mixed Stream | Last: D[9.0: test/geomind/trainingdata/mined_expanded_corpus_cloze_part05.txt]
  Progress -> 6.09005% (7549.45 / 123964 KB) | LR: 0.00140684 | TTemp: 1.22424 | VTemp: 1.0
  Train -> TL: 4.59309 | ATL: 4.6375 | ITPPL: 98.7989 | ATPPL: 103.285 | ENT: 6.08381b | CERT: 13.1426%
  Val   -> VL: 5.17402 | AVL: 5.17005 | IVPPL: 176.624 | AVPPL: 175.923 | VENT: 6.80398b | VCERT: 11.8098%

[GeoMind CAUSAL CE Stream] Ep 1.0/Inf | Mixed Stream | Last: D[9.0: test/geomind/trainingdata/mined_expanded_corpus_cloze_part05.txt]
  Progress -> 6.09876% (7560.25 / 123964 KB) | LR: 0.00140768 | TTemp: 1.22381 | VTemp: 1.0
  Train -> TL: 4.48692 | ATL: 4.63222 | ITPPL: 88.8471 | ATPPL: 102.742 | ENT: 6.04851b | CERT: 12.6892%
  Val   -> VL: 5.18645 | AVL: 5.17497 | IVPPL: 178.833 | AVPPL: 176.791 | VENT: 6.80322b | VCERT: 12.0814%

[GeoMind CAUSAL CE Stream] Ep 1.0/Inf | Mixed Stream | Last: D[9.0: test/geomind/trainingdata/mined_expanded_corpus_cloze_part05.txt]
  Progress -> 6.10976% (7573.89 / 123964 KB) | LR: 0.00140813 | TTemp: 1.22356 | VTemp: 1.0
  Train -> TL: 4.71714 | ATL: 4.62799 | ITPPL: 111.848 | ATPPL: 102.308 | ENT: 6.29214b | CERT: 10.9884%
  Val   -> VL: 5.16574 | AVL: 5.1722 | IVPPL: 175.167 | AVPPL: 176.302 | VENT: 6.78484b | VCERT: 12.6819%

[GeoMind CAUSAL CE Stream] Ep 1.0/Inf | Mixed Stream | Last: D[9.0: test/geomind/trainingdata/mined_expanded_corpus_cloze_part05.txt]
  Progress -> 6.12194% (7588.98 / 123964 KB) | LR: 0.00140779 | TTemp: 1.2239 | VTemp: 1.0
  Train -> TL: 4.54141 | ATL: 4.61778 | ITPPL: 93.8232 | ATPPL: 101.269 | ENT: 6.22647b | CERT: 11.1897%
  Val   -> VL: 5.16306 | AVL: 5.16946 | IVPPL: 174.699 | AVPPL: 175.82 | VENT: 6.81854b | VCERT: 12.0582%

[GeoMind CAUSAL CE Stream] Ep 1.0/Inf | Mixed Stream | Last: D[9.0: test/geomind/trainingdata/mined_expanded_corpus_cloze_part05.txt]
  Progress -> 6.13224% (7601.75 / 123964 KB) | LR: 0.00140617 | TTemp: 1.22518 | VTemp: 1.0
  Train -> TL: 4.62581 | ATL: 4.59937 | ITPPL: 102.086 | ATPPL: 99.4217 | ENT: 6.35665b | CERT: 10.6307%
  Val   -> VL: 5.15191 | AVL: 5.16419 | IVPPL: 172.762 | AVPPL: 174.897 | VENT: 6.79849b | VCERT: 12.3299%

[GeoMind CAUSAL CE Stream] Ep 1.0/Inf | Mixed Stream | Last: D[9.0: test/geomind/trainingdata/mined_expanded_corpus_cloze_part05.txt]
  Progress -> 6.1433% (7615.46 / 123964 KB) | LR: 0.00140446 | TTemp: 1.22654 | VTemp: 1.0
  Train -> TL: 4.73079 | ATL: 4.59595 | ITPPL: 113.385 | ATPPL: 99.0824 | ENT: 6.41492b | CERT: 10.4508%
  Val   -> VL: 5.16521 | AVL: 5.1645 | IVPPL: 175.075 | AVPPL: 174.95 | VENT: 6.82316b | VCERT: 12.1578%

[GeoMind CAUSAL CE Stream] Ep 1.0/Inf | Mixed Stream | Last: D[9.0: test/geomind/trainingdata/mined_expanded_corpus_cloze_part05.txt]
  Progress -> 6.15329% (7627.85 / 123964 KB) | LR: 0.00140345 | TTemp: 1.22705 | VTemp: 1.0
  Train -> TL: 4.65567 | ATL: 4.60322 | ITPPL: 105.179 | ATPPL: 99.8054 | ENT: 6.31582b | CERT: 11.2032%
  Val   -> VL: 5.15997 | AVL: 5.16314 | IVPPL: 174.158 | AVPPL: 174.712 | VENT: 6.78849b | VCERT: 12.1803%

[GeoMind CAUSAL CE Stream] Ep 1.0/Inf | Mixed Stream | Last: D[9.0: test/geomind/trainingdata/mined_expanded_corpus_cloze_part05.txt]
  Progress -> 6.16219% (7638.87 / 123964 KB) | LR: 0.00140345 | TTemp: 1.22684 | VTemp: 1.0
  Train -> TL: 4.69226 | ATL: 4.616 | ITPPL: 109.099 | ATPPL: 101.088 | ENT: 6.37186b | CERT: 10.577%
  Val   -> VL: 5.17692 | AVL: 5.16727 | IVPPL: 177.137 | AVPPL: 175.436 | VENT: 6.76336b | VCERT: 12.5584%

[GeoMind CAUSAL CE Stream] Ep 1.0/Inf | Mixed Stream | Last: D[9.0: test/geomind/trainingdata/mined_expanded_corpus_cloze_part05.txt]
  Progress -> 6.16973% (7648.22 / 123964 KB) | LR: 0.00140303 | TTemp: 1.22748 | VTemp: 1.0
  Train -> TL: 4.64204 | ATL: 4.61001 | ITPPL: 103.755 | ATPPL: 100.485 | ENT: 6.37731b | CERT: 10.423%
  Val   -> VL: 5.18361 | AVL: 5.17218 | IVPPL: 178.326 | AVPPL: 176.298 | VENT: 6.73085b | VCERT: 12.7495%

[GeoMind CAUSAL CE Stream] Ep 1.0/Inf | Mixed Stream | Last: D[9.0: test/geomind/trainingdata/mined_expanded_corpus_cloze_part05.txt]
  Progress -> 6.17701% (7657.25 / 123964 KB) | LR: 0.00140363 | TTemp: 1.22707 | VTemp: 1.0
  Train -> TL: 4.68136 | ATL: 4.62366 | ITPPL: 107.917 | ATPPL: 101.866 | ENT: 6.28804b | CERT: 11.1026%
  Val   -> VL: 5.17545 | AVL: 5.17316 | IVPPL: 176.876 | AVPPL: 176.471 | VENT: 6.74189b | VCERT: 12.3923%

[GeoMind CAUSAL CE Stream] Ep 1.0/Inf | Mixed Stream | Last: D[9.0: test/geomind/trainingdata/mined_expanded_corpus_cloze_part05.txt]
  Progress -> 6.18758% (7670.35 / 123964 KB) | LR: 0.00140495 | TTemp: 1.22591 | VTemp: 1.0
  Train -> TL: 4.66255 | ATL: 4.63451 | ITPPL: 105.906 | ATPPL: 102.977 | ENT: 6.39335b | CERT: 10.4867%
  Val   -> VL: 5.17339 | AVL: 5.17323 | IVPPL: 176.513 | AVPPL: 176.484 | VENT: 6.73438b | VCERT: 12.5828%

[GeoMind CAUSAL CE Stream] Ep 1.0/Inf | Mixed Stream | Last: D[9.0: test/geomind/trainingdata/mined_expanded_corpus_cloze_part05.txt]
  Progress -> 6.19804% (7683.32 / 123964 KB) | LR: 0.00140607 | TTemp: 1.2253 | VTemp: 1.0
  Train -> TL: 4.55502 | ATL: 4.63352 | ITPPL: 95.1089 | ATPPL: 102.876 | ENT: 6.17921b | CERT: 12.2631%
  Val   -> VL: 5.18619 | AVL: 5.17712 | IVPPL: 178.787 | AVPPL: 177.171 | VENT: 6.72675b | VCERT: 12.3594%

[GeoMind CAUSAL CE Stream] Ep 1.0/Inf | Mixed Stream | Last: D[9.0: test/geomind/trainingdata/mined_expanded_corpus_cloze_part05.txt]
  Progress -> 6.20769% (7695.28 / 123964 KB) | LR: 0.00140615 | TTemp: 1.2257 | VTemp: 1.0
  Train -> TL: 4.45426 | ATL: 4.62066 | ITPPL: 85.9927 | ATPPL: 101.561 | ENT: 6.10029b | CERT: 12.5219%
  Val   -> VL: 5.17551 | AVL: 5.17663 | IVPPL: 176.886 | AVPPL: 177.086 | VENT: 6.68199b | VCERT: 12.6249%

[GeoMind CAUSAL CE Stream] Ep 1.0/Inf | Mixed Stream | Last: D[9.0: test/geomind/trainingdata/mined_expanded_corpus_cloze_part05.txt]
  Progress -> 6.21865% (7708.86 / 123964 KB) | LR: 0.00140497 | TTemp: 1.22724 | VTemp: 1.0
  Train -> TL: 4.60077 | ATL: 4.60322 | ITPPL: 99.5608 | ATPPL: 99.8051 | ENT: 6.08837b | CERT: 12.3091%
  Val   -> VL: 5.17181 | AVL: 5.17519 | IVPPL: 176.233 | AVPPL: 176.83 | VENT: 6.67723b | VCERT: 12.6926%

[GeoMind CAUSAL CE Stream] Ep 1.0/Inf | Mixed Stream | Last: D[9.0: test/geomind/trainingdata/mined_expanded_corpus_cloze_part05.txt]
  Progress -> 6.22807% (7720.54 / 123964 KB) | LR: 0.0014032 | TTemp: 1.2293 | VTemp: 1.0
  Train -> TL: 4.62353 | ATL: 4.59354 | ITPPL: 101.853 | ATPPL: 98.844 | ENT: 6.01488b | CERT: 12.6292%
  Val   -> VL: 5.17619 | AVL: 5.17549 | IVPPL: 177.008 | AVPPL: 176.883 | VENT: 6.72406b | VCERT: 12.301%

[GeoMind CAUSAL CE Stream] Ep 1.0/Inf | Mixed Stream | Last: D[9.0: test/geomind/trainingdata/mined_expanded_corpus_cloze_part05.txt]
  Progress -> 6.23544% (7729.67 / 123964 KB) | LR: 0.00140187 | TTemp: 1.23069 | VTemp: 1.0
  Train -> TL: 4.69401 | ATL: 4.59702 | ITPPL: 109.291 | ATPPL: 99.1879 | ENT: 6.16374b | CERT: 11.1366%
  Val   -> VL: 5.17098 | AVL: 5.17414 | IVPPL: 176.088 | AVPPL: 176.644 | VENT: 6.70321b | VCERT: 12.3792%

[GeoMind CAUSAL CE Stream] Ep 1.0/Inf | Mixed Stream | Last: D[9.0: test/geomind/trainingdata/mined_expanded_corpus_cloze_part05.txt]
  Progress -> 6.24263% (7738.6 / 123964 KB) | LR: 0.00139914 | TTemp: 1.23349 | VTemp: 1.0
  Train -> TL: 4.5679 | ATL: 4.57584 | ITPPL: 96.3413 | ATPPL: 97.1096 | ENT: 6.13976b | CERT: 11.3552%
  Val   -> VL: 5.17547 | AVL: 5.17454 | IVPPL: 176.88 | AVPPL: 176.715 | VENT: 6.68116b | VCERT: 12.3352%

[GeoMind CAUSAL CE Stream] Ep 1.0/Inf | Mixed Stream | Last: D[9.0: test/geomind/trainingdata/mined_expanded_corpus_cloze_part05.txt]
  Progress -> 6.25072% (7748.62 / 123964 KB) | LR: 0.00139617 | TTemp: 1.23611 | VTemp: 1.0
  Train -> TL: 4.56273 | ATL: 4.56864 | ITPPL: 95.8452 | ATPPL: 96.413 | ENT: 6.05073b | CERT: 11.8792%
  Val   -> VL: 5.16148 | AVL: 5.17062 | IVPPL: 174.423 | AVPPL: 176.024 | VENT: 6.62061b | VCERT: 13.0113%

[GeoMind CAUSAL CE Stream] Ep 1.0/Inf | Mixed Stream | Last: D[9.0: test/geomind/trainingdata/mined_expanded_corpus_cloze_part05.txt]
  Progress -> 6.25941% (7759.4 / 123964 KB) | LR: 0.00139342 | TTemp: 1.23832 | VTemp: 1.0
  Train -> TL: 4.59066 | ATL: 4.56762 | ITPPL: 98.5594 | ATPPL: 96.3145 | ENT: 6.01068b | CERT: 12.7891%
  Val   -> VL: 5.166 | AVL: 5.16924 | IVPPL: 175.213 | AVPPL: 175.781 | VENT: 6.64284b | VCERT: 12.72%

[GeoMind CAUSAL CE Stream] Ep 1.0/Inf | Mixed Stream | Last: D[9.0: test/geomind/trainingdata/mined_expanded_corpus_cloze_part05.txt]
  Progress -> 6.26546% (7766.9 / 123964 KB) | LR: 0.00139003 | TTemp: 1.2412 | VTemp: 1.0
  Train -> TL: 4.51317 | ATL: 4.55489 | ITPPL: 91.2101 | ATPPL: 95.0964 | ENT: 6.02586b | CERT: 12.5035%
  Val   -> VL: 5.17142 | AVL: 5.16989 | IVPPL: 176.164 | AVPPL: 175.896 | VENT: 6.62094b | VCERT: 12.9187%

[GeoMind CAUSAL CE Stream] Ep 1.0/Inf | Mixed Stream | Last: D[9.0: test/geomind/trainingdata/mined_expanded_corpus_cloze_part05.txt]
  Progress -> 6.27451% (7778.11 / 123964 KB) | LR: 0.00138677 | TTemp: 1.24421 | VTemp: 1.0
  Train -> TL: 4.66552 | ATL: 4.55195 | ITPPL: 106.221 | ATPPL: 94.8172 | ENT: 5.92642b | CERT: 13.1419%
  Val   -> VL: 5.18546 | AVL: 5.17456 | IVPPL: 178.655 | AVPPL: 176.719 | VENT: 6.63551b | VCERT: 12.8076%

[GeoMind CAUSAL CE Stream] Ep 1.0/Inf | Mixed Stream | Last: D[9.0: test/geomind/trainingdata/mined_expanded_corpus_cloze_part05.txt]
  Progress -> 6.28326% (7788.96 / 123964 KB) | LR: 0.00138505 | TTemp: 1.24562 | VTemp: 1.0
  Train -> TL: 4.76827 | ATL: 4.56886 | ITPPL: 117.716 | ATPPL: 96.4337 | ENT: 6.14895b | CERT: 12.2809%
  Val   -> VL: 5.17962 | AVL: 5.17608 | IVPPL: 177.615 | AVPPL: 176.987 | VENT: 6.67144b | VCERT: 12.5556%

[GeoMind CAUSAL CE Stream] Ep 1.0/Inf | Mixed Stream | Last: D[9.0: test/geomind/trainingdata/mined_expanded_corpus_cloze_part05.txt]
  Progress -> 6.29145% (7799.11 / 123964 KB) | LR: 0.00138523 | TTemp: 1.24517 | VTemp: 1.0
  Train -> TL: 4.6505 | ATL: 4.59291 | ITPPL: 104.637 | ATPPL: 98.781 | ENT: 5.97473b | CERT: 12.8857%
  Val   -> VL: 5.18302 | AVL: 5.17816 | IVPPL: 178.221 | AVPPL: 177.356 | VENT: 6.66523b | VCERT: 12.8037%

[GeoMind CAUSAL CE Stream] Ep 1.0/Inf | Mixed Stream | Last: D[9.0: test/geomind/trainingdata/mined_expanded_corpus_cloze_part05.txt]
  Progress -> 6.30203% (7812.23 / 123964 KB) | LR: 0.00138621 | TTemp: 1.24373 | VTemp: 1.0
  Train -> TL: 4.7299 | ATL: 4.60416 | ITPPL: 113.284 | ATPPL: 99.8987 | ENT: 6.14706b | CERT: 11.3311%
  Val   -> VL: 5.16861 | AVL: 5.1753 | IVPPL: 175.67 | AVPPL: 176.849 | VENT: 6.72478b | VCERT: 12.4002%

[GeoMind CAUSAL CE Stream] Ep 1.0/Inf | Mixed Stream | Last: D[9.0: test/geomind/trainingdata/mined_expanded_corpus_cloze_part05.txt]
  Progress -> 6.30883% (7820.66 / 123964 KB) | LR: 0.00138711 | TTemp: 1.24205 | VTemp: 1.0
  Train -> TL: 4.69306 | ATL: 4.60451 | ITPPL: 109.186 | ATPPL: 99.9337 | ENT: 6.13925b | CERT: 11.7391%
  Val   -> VL: 5.15633 | AVL: 5.16961 | IVPPL: 173.526 | AVPPL: 175.845 | VENT: 6.76412b | VCERT: 12.2749%

[GeoMind CAUSAL CE Stream] Ep 1.0/Inf | Mixed Stream | Last: D[9.0: test/geomind/trainingdata/mined_expanded_corpus_cloze_part05.txt]
  Progress -> 6.31795% (7831.97 / 123964 KB) | LR: 0.00138644 | TTemp: 1.24163 | VTemp: 1.0
  Train -> TL: 4.52115 | ATL: 4.5839 | ITPPL: 91.9411 | ATPPL: 97.8955 | ENT: 6.14828b | CERT: 11.7099%
  Val   -> VL: 5.14546 | AVL: 5.16236 | IVPPL: 171.65 | AVPPL: 174.576 | VENT: 6.78084b | VCERT: 12.0658%

[GeoMind CAUSAL CE Stream] Ep 1.0/Inf | Mixed Stream | Last: D[9.0: test/geomind/trainingdata/mined_expanded_corpus_cloze_part05.txt]
  Progress -> 6.326% (7841.94 / 123964 KB) | LR: 0.00138612 | TTemp: 1.24052 | VTemp: 1.0
  Train -> TL: 4.73818 | ATL: 4.58777 | ITPPL: 114.226 | ATPPL: 98.2747 | ENT: 6.28151b | CERT: 11.3834%
  Val   -> VL: 5.14202 | AVL: 5.15626 | IVPPL: 171.06 | AVPPL: 173.514 | VENT: 6.78871b | VCERT: 11.9438%

[GeoMind CAUSAL CE Stream] Ep 1.0/Inf | Mixed Stream | Last: D[9.0: test/geomind/trainingdata/mined_expanded_corpus_cloze_part05.txt]
  Progress -> 6.33486% (7852.93 / 123964 KB) | LR: 0.00138597 | TTemp: 1.23942 | VTemp: 1.0
  Train -> TL: 4.64252 | ATL: 4.58977 | ITPPL: 103.805 | ATPPL: 98.4713 | ENT: 6.29875b | CERT: 11.0198%
  Val   -> VL: 5.15595 | AVL: 5.15616 | IVPPL: 173.46 | AVPPL: 173.498 | VENT: 6.79731b | VCERT: 11.6347%

[GeoMind CAUSAL CE Stream] Ep 1.0/Inf | Mixed Stream | Last: D[9.0: test/geomind/trainingdata/mined_expanded_corpus_cloze_part05.txt]
  Progress -> 6.34479% (7865.24 / 123964 KB) | LR: 0.00138747 | TTemp: 1.23707 | VTemp: 1.0
  Train -> TL: 4.74174 | ATL: 4.61247 | ITPPL: 114.634 | ATPPL: 100.733 | ENT: 6.28231b | CERT: 12.1398%
  Val   -> VL: 5.16867 | AVL: 5.15992 | IVPPL: 175.681 | AVPPL: 174.15 | VENT: 6.75567b | VCERT: 11.9357%

[GeoMind CAUSAL CE Stream] Ep 1.0/Inf | Mixed Stream | Last: D[9.0: test/geomind/trainingdata/mined_expanded_corpus_cloze_part05.txt]
  Progress -> 6.35685% (7880.19 / 123964 KB) | LR: 0.00138997 | TTemp: 1.2426 | VTemp: 1.0
  Train -> TL: 4.56421 | ATL: 4.62849 | ITPPL: 95.9863 | ATPPL: 102.36 | ENT: 5.91637b | CERT: 17.371%
  Val   -> VL: 5.21469 | AVL: 5.17635 | IVPPL: 183.955 | AVPPL: 177.035 | VENT: 6.68612b | VCERT: 12.4472%

[GeoMind CAUSAL CE Stream] Ep 1.0/Inf | Mixed Stream | Last: D[9.0: test/geomind/trainingdata/mined_expanded_corpus_cloze_part05.txt]
  Progress -> 6.36521% (7890.55 / 123964 KB) | LR: 0.00139316 | TTemp: 1.23878 | VTemp: 1.0
  Train -> TL: 4.69559 | ATL: 4.64148 | ITPPL: 109.464 | ATPPL: 103.697 | ENT: 6.29667b | CERT: 10.9012%
  Val   -> VL: 5.17432 | AVL: 5.17574 | IVPPL: 176.677 | AVPPL: 176.927 | VENT: 6.75502b | VCERT: 11.7227%

[GeoMind CAUSAL CE Stream] Ep 1.0/Inf | Mixed Stream | Last: D[9.0: test/geomind/trainingdata/mined_expanded_corpus_cloze_part05.txt]
  Progress -> 6.37287% (7900.04 / 123964 KB) | LR: 0.00139732 | TTemp: 1.23381 | VTemp: 1.0
  Train -> TL: 4.65416 | ATL: 4.65936 | ITPPL: 105.021 | ATPPL: 105.568 | ENT: 6.16261b | CERT: 11.0431%
  Val   -> VL: 5.1588 | AVL: 5.17066 | IVPPL: 173.956 | AVPPL: 176.031 | VENT: 6.78375b | VCERT: 11.8007%

[GeoMind CAUSAL CE Stream] Ep 1.0/Inf | Mixed Stream | Last: D[9.0: test/geomind/trainingdata/mined_expanded_corpus_cloze_part05.txt]
  Progress -> 6.37896% (7907.59 / 123964 KB) | LR: 0.00140122 | TTemp: 1.22939 | VTemp: 1.0
  Train -> TL: 4.69366 | ATL: 4.66152 | ITPPL: 109.252 | ATPPL: 105.797 | ENT: 6.23883b | CERT: 11.7838%
  Val   -> VL: 5.16909 | AVL: 5.17019 | IVPPL: 175.754 | AVPPL: 175.948 | VENT: 6.78347b | VCERT: 11.9387%

[GeoMind CAUSAL CE Stream] Ep 1.0/Inf | Mixed Stream | Last: D[9.0: test/geomind/trainingdata/mined_expanded_corpus_cloze_part05.txt]
  Progress -> 6.38605% (7916.38 / 123964 KB) | LR: 0.00140521 | TTemp: 1.2253 | VTemp: 1.0
  Train -> TL: 4.69346 | ATL: 4.66826 | ITPPL: 109.23 | ATPPL: 106.512 | ENT: 6.28713b | CERT: 10.8549%
  Val   -> VL: 5.17806 | AVL: 5.17255 | IVPPL: 177.339 | AVPPL: 176.364 | VENT: 6.82895b | VCERT: 11.3776%

[GeoMind CAUSAL CE Stream] Ep 1.0/Inf | Mixed Stream | Last: D[9.0: test/geomind/trainingdata/mined_expanded_corpus_cloze_part05.txt]
  Progress -> 6.39327% (7925.33 / 123964 KB) | LR: 0.00140941 | TTemp: 1.22135 | VTemp: 1.0
  Train -> TL: 4.67801 | ATL: 4.67665 | ITPPL: 107.556 | ATPPL: 107.409 | ENT: 6.25167b | CERT: 10.7349%
  Val   -> VL: 5.17947 | AVL: 5.17462 | IVPPL: 177.588 | AVPPL: 176.73 | VENT: 6.84081b | VCERT: 11.4095%

[GeoMind CAUSAL CE Stream] Ep 1.0/Inf | Mixed Stream | Last: D[9.0: test/geomind/trainingdata/mined_expanded_corpus_cloze_part05.txt]
  Progress -> 6.40074% (7934.59 / 123964 KB) | LR: 0.0014124 | TTemp: 1.21889 | VTemp: 1.0
  Train -> TL: 4.57801 | ATL: 4.66576 | ITPPL: 97.3205 | ATPPL: 106.247 | ENT: 6.28326b | CERT: 10.075%
  Val   -> VL: 5.17808 | AVL: 5.17566 | IVPPL: 177.341 | AVPPL: 176.913 | VENT: 6.80454b | VCERT: 11.8024%

[GeoMind CAUSAL CE Stream] Ep 1.0/Inf | Mixed Stream | Last: D[9.0: test/geomind/trainingdata/mined_expanded_corpus_cloze_part05.txt]
  Progress -> 6.40907% (7944.92 / 123964 KB) | LR: 0.00141523 | TTemp: 1.21645 | VTemp: 1.0
  Train -> TL: 4.75603 | ATL: 4.66764 | ITPPL: 116.284 | ATPPL: 106.447 | ENT: 6.45886b | CERT: 9.36038%
  Val   -> VL: 5.16619 | AVL: 5.17282 | IVPPL: 175.246 | AVPPL: 176.411 | VENT: 6.82588b | VCERT: 11.6776%

[GeoMind CAUSAL CE Stream] Ep 1.0/Inf | Mixed Stream | Last: D[9.0: test/geomind/trainingdata/mined_expanded_corpus_cloze_part05.txt]
  Progress -> 6.41786% (7955.81 / 123964 KB) | LR: 0.00141718 | TTemp: 1.21443 | VTemp: 1.0
  Train -> TL: 4.61229 | ATL: 4.65925 | ITPPL: 100.715 | ATPPL: 105.557 | ENT: 6.3741b | CERT: 9.94088%
  Val   -> VL: 5.14746 | AVL: 5.16521 | IVPPL: 171.994 | AVPPL: 175.074 | VENT: 6.80374b | VCERT: 11.9341%

[GeoMind CAUSAL CE Stream] Ep 1.0/Inf | Mixed Stream | Last: D[9.0: test/geomind/trainingdata/mined_expanded_corpus_cloze_part05.txt]
  Progress -> 6.42527% (7965 / 123964 KB) | LR: 0.0014187 | TTemp: 1.21259 | VTemp: 1.0
  Train -> TL: 4.66925 | ATL: 4.65612 | ITPPL: 106.618 | ATPPL: 105.227 | ENT: 6.33872b | CERT: 10.3066%
  Val   -> VL: 5.14949 | AVL: 5.16049 | IVPPL: 172.344 | AVPPL: 174.251 | VENT: 6.80258b | VCERT: 11.9961%

[GeoMind CAUSAL CE Stream] Ep 1.0/Inf | Mixed Stream | Last: D[9.0: test/geomind/trainingdata/mined_expanded_corpus_cloze_part05.txt]
  Progress -> 6.43254% (7974.01 / 123964 KB) | LR: 0.00142023 | TTemp: 1.21111 | VTemp: 1.0
  Train -> TL: 4.54721 | ATL: 4.65832 | ITPPL: 94.3692 | ATPPL: 105.458 | ENT: 6.39306b | CERT: 10.4566%
  Val   -> VL: 5.1714 | AVL: 5.16376 | IVPPL: 176.16 | AVPPL: 174.821 | VENT: 6.79339b | VCERT: 11.8788%

[GeoMind CAUSAL CE Stream] Ep 1.0/Inf | Mixed Stream | Last: D[9.0: test/geomind/trainingdata/mined_expanded_corpus_cloze_part05.txt]
  Progress -> 6.43934% (7982.44 / 123964 KB) | LR: 0.00142075 | TTemp: 1.21109 | VTemp: 1.0
  Train -> TL: 4.60107 | ATL: 4.64642 | ITPPL: 99.5909 | ATPPL: 104.211 | ENT: 6.33106b | CERT: 10.4028%
  Val   -> VL: 5.17888 | AVL: 5.1683 | IVPPL: 177.484 | AVPPL: 175.616 | VENT: 6.78074b | VCERT: 12.1388%

[GeoMind CAUSAL CE Stream] Ep 1.0/Inf | Mixed Stream | Last: D[9.0: test/geomind/trainingdata/mined_expanded_corpus_cloze_part05.txt]
  Progress -> 6.44495% (7989.4 / 123964 KB) | LR: 0.00142026 | TTemp: 1.21242 | VTemp: 1.0
  Train -> TL: 4.69919 | ATL: 4.63316 | ITPPL: 109.859 | ATPPL: 102.838 | ENT: 6.33172b | CERT: 9.94458%
  Val   -> VL: 5.18421 | AVL: 5.17307 | IVPPL: 178.433 | AVPPL: 176.456 | VENT: 6.78967b | VCERT: 11.9861%

[GeoMind CAUSAL CE Stream] Ep 1.0/Inf | Mixed Stream | Last: D[9.0: test/geomind/trainingdata/mined_expanded_corpus_cloze_part05.txt]
  Progress -> 6.45302% (7999.4 / 123964 KB) | LR: 0.0014197 | TTemp: 1.2136 | VTemp: 1.0
  Train -> TL: 4.61411 | ATL: 4.63151 | ITPPL: 100.898 | ATPPL: 102.669 | ENT: 6.2265b | CERT: 10.423%
  Val   -> VL: 5.16986 | AVL: 5.17211 | IVPPL: 175.891 | AVPPL: 176.286 | VENT: 6.81089b | VCERT: 11.6848%

[GeoMind CAUSAL CE Stream] Ep 1.0/Inf | Mixed Stream | Last: D[9.0: test/geomind/trainingdata/mined_expanded_corpus_cloze_part05.txt]
  Progress -> 6.46084% (8009.1 / 123964 KB) | LR: 0.00141869 | TTemp: 1.21515 | VTemp: 1.0
  Train -> TL: 4.57012 | ATL: 4.62439 | ITPPL: 96.5557 | ATPPL: 101.94 | ENT: 6.15602b | CERT: 10.5398%
  Val   -> VL: 5.17268 | AVL: 5.17228 | IVPPL: 176.388 | AVPPL: 176.317 | VENT: 6.81699b | VCERT: 11.6702%

[GeoMind CAUSAL CE Stream] Ep 1.0/Inf | Mixed Stream | Last: D[9.0: test/geomind/trainingdata/mined_expanded_corpus_cloze_part05.txt]
  Progress -> 6.47183% (8022.71 / 123964 KB) | LR: 0.00141677 | TTemp: 1.21733 | VTemp: 1.0
  Train -> TL: 4.51918 | ATL: 4.61038 | ITPPL: 91.7605 | ATPPL: 100.522 | ENT: 6.12208b | CERT: 11.1245%
  Val   -> VL: 5.16392 | AVL: 5.16977 | IVPPL: 174.849 | AVPPL: 175.875 | VENT: 6.76495b | VCERT: 11.8793%

[GeoMind CAUSAL CE Stream] Ep 1.0/Inf | Mixed Stream | Last: D[9.0: test/geomind/trainingdata/mined_expanded_corpus_cloze_part05.txt]
  Progress -> 6.48124% (8034.39 / 123964 KB) | LR: 0.00141462 | TTemp: 1.21969 | VTemp: 1.0
  Train -> TL: 4.61274 | ATL: 4.6046 | ITPPL: 100.76 | ATPPL: 99.9429 | ENT: 6.14518b | CERT: 11.3267%
  Val   -> VL: 5.17277 | AVL: 5.17067 | IVPPL: 176.403 | AVPPL: 176.033 | VENT: 6.77561b | VCERT: 11.8094%

[GeoMind CAUSAL CE Stream] Ep 1.0/Inf | Mixed Stream | Last: D[9.0: test/geomind/trainingdata/mined_expanded_corpus_cloze_part05.txt]
  Progress -> 6.49032% (8045.64 / 123964 KB) | LR: 0.00141305 | TTemp: 1.22129 | VTemp: 1.0
  Train -> TL: 4.44009 | ATL: 4.60957 | ITPPL: 84.7824 | ATPPL: 100.441 | ENT: 5.95583b | CERT: 12.5037%
  Val   -> VL: 5.16957 | AVL: 5.17034 | IVPPL: 175.84 | AVPPL: 175.975 | VENT: 6.75331b | VCERT: 11.9194%

[GeoMind CAUSAL CE Stream] Ep 1.0/Inf | Mixed Stream | Last: D[9.0: test/geomind/trainingdata/mined_expanded_corpus_cloze_part05.txt]
  Progress -> 6.49754% (8054.59 / 123964 KB) | LR: 0.00141106 | TTemp: 1.22312 | VTemp: 1.0
  Train -> TL: 4.55095 | ATL: 4.60156 | ITPPL: 94.7224 | ATPPL: 99.64 | ENT: 6.01986b | CERT: 12.191%
  Val   -> VL: 5.16416 | AVL: 5.16849 | IVPPL: 174.891 | AVPPL: 175.649 | VENT: 6.76681b | VCERT: 11.9603%

[GeoMind CAUSAL CE Stream] Ep 1.0/Inf | Mixed Stream | Last: D[9.0: test/geomind/trainingdata/mined_expanded_corpus_cloze_part05.txt]
  Progress -> 6.50733% (8066.72 / 123964 KB) | LR: 0.00140912 | TTemp: 1.22468 | VTemp: 1.0
  Train -> TL: 4.63401 | ATL: 4.5996 | ITPPL: 102.926 | ATPPL: 99.4446 | ENT: 6.2588b | CERT: 10.9091%
  Val   -> VL: 5.16226 | AVL: 5.16662 | IVPPL: 174.558 | AVPPL: 175.321 | VENT: 6.79895b | VCERT: 12.115%

[GeoMind CAUSAL CE Stream] Ep 1.0/Inf | Mixed Stream | Last: D[9.0: test/geomind/trainingdata/mined_expanded_corpus_cloze_part05.txt]
  Progress -> 6.51815% (8080.13 / 123964 KB) | LR: 0.00140845 | TTemp: 1.22476 | VTemp: 1.0
  Train -> TL: 4.7789 | ATL: 4.61443 | ITPPL: 118.973 | ATPPL: 100.93 | ENT: 6.40369b | CERT: 10.4457%
  Val   -> VL: 5.16089 | AVL: 5.1649 | IVPPL: 174.319 | AVPPL: 175.02 | VENT: 6.81394b | VCERT: 11.8815%

[GeoMind CAUSAL CE Stream] Ep 1.0/Inf | Mixed Stream | Last: D[9.0: test/geomind/trainingdata/mined_expanded_corpus_cloze_part05.txt]
  Progress -> 6.52973% (8094.5 / 123964 KB) | LR: 0.00140706 | TTemp: 1.22563 | VTemp: 1.0
  Train -> TL: 4.7428 | ATL: 4.60358 | ITPPL: 114.756 | ATPPL: 99.8411 | ENT: 6.32588b | CERT: 11.6804%
  Val   -> VL: 5.16438 | AVL: 5.16474 | IVPPL: 174.929 | AVPPL: 174.993 | VENT: 6.77617b | VCERT: 11.8034%

[GeoMind CAUSAL CE Stream] Ep 1.0/Inf | Mixed Stream | Last: D[9.0: test/geomind/trainingdata/mined_expanded_corpus_cloze_part05.txt]
  Progress -> 6.53906% (8106.05 / 123964 KB) | LR: 0.00140782 | TTemp: 1.22433 | VTemp: 1.0
  Train -> TL: 4.83949 | ATL: 4.63149 | ITPPL: 126.404 | ATPPL: 102.667 | ENT: 6.42396b | CERT: 9.99294%
  Val   -> VL: 5.16705 | AVL: 5.16543 | IVPPL: 175.396 | AVPPL: 175.114 | VENT: 6.79433b | VCERT: 11.938%

[GeoMind CAUSAL CE Stream] Ep 1.0/Inf | Mixed Stream | Last: D[9.0: test/geomind/trainingdata/mined_expanded_corpus_cloze_part05.txt]
  Progress -> 6.55066% (8120.44 / 123964 KB) | LR: 0.00140988 | TTemp: 1.22205 | VTemp: 1.0
  Train -> TL: 4.6633 | ATL: 4.65056 | ITPPL: 105.986 | ATPPL: 104.644 | ENT: 6.28067b | CERT: 10.991%
  Val   -> VL: 5.17634 | AVL: 5.16871 | IVPPL: 177.034 | AVPPL: 175.687 | VENT: 6.77801b | VCERT: 12.2372%

[GeoMind CAUSAL CE Stream] Ep 1.0/Inf | Mixed Stream | Last: D[9.0: test/geomind/trainingdata/mined_expanded_corpus_cloze_part05.txt]
  Progress -> 6.55811% (8129.67 / 123964 KB) | LR: 0.00141294 | TTemp: 1.21916 | VTemp: 1.0
  Train -> TL: 4.7029 | ATL: 4.66729 | ITPPL: 110.266 | ATPPL: 106.409 | ENT: 6.36533b | CERT: 10.1498%
  Val   -> VL: 5.18294 | AVL: 5.17298 | IVPPL: 178.207 | AVPPL: 176.439 | VENT: 6.78805b | VCERT: 12.2706%

[GeoMind CAUSAL CE Stream] Ep 1.0/Inf | Mixed Stream | Last: D[9.0: test/geomind/trainingdata/mined_expanded_corpus_cloze_part05.txt]
  Progress -> 6.56656% (8140.14 / 123964 KB) | LR: 0.00141606 | TTemp: 1.22437 | VTemp: 1.0
  Train -> TL: 4.48387 | ATL: 4.6725 | ITPPL: 88.5765 | ATPPL: 106.964 | ENT: 6.33081b | CERT: 10.1333%
  Val   -> VL: 5.19707 | AVL: 5.18021 | IVPPL: 180.742 | AVPPL: 177.719 | VENT: 6.76754b | VCERT: 12.2829%

[GeoMind CAUSAL CE Stream] Ep 1.0/Inf | Mixed Stream | Last: D[9.0: test/geomind/trainingdata/mined_expanded_corpus_cloze_part05.txt]
  Progress -> 6.57436% (8149.81 / 123964 KB) | LR: 0.00141854 | TTemp: 1.22185 | VTemp: 1.0
  Train -> TL: 4.5705 | ATL: 4.66785 | ITPPL: 96.5922 | ATPPL: 106.468 | ENT: 6.37876b | CERT: 9.7025%
  Val   -> VL: 5.1897 | AVL: 5.18306 | IVPPL: 179.415 | AVPPL: 178.227 | VENT: 6.73167b | VCERT: 12.3241%

[GeoMind CAUSAL CE Stream] Ep 1.0/Inf | Mixed Stream | Last: D[9.0: test/geomind/trainingdata/mined_expanded_corpus_cloze_part05.txt]
  Progress -> 6.58216% (8159.49 / 123964 KB) | LR: 0.0014198 | TTemp: 1.22883 | VTemp: 1.0
  Train -> TL: 4.37562 | ATL: 4.65437 | ITPPL: 79.4889 | ATPPL: 105.043 | ENT: 6.06011b | CERT: 11.7624%
  Val   -> VL: 5.2098 | AVL: 5.19108 | IVPPL: 183.057 | AVPPL: 179.662 | VENT: 6.70404b | VCERT: 12.5582%

[GeoMind CAUSAL CE Stream] Ep 1.0/Inf | Mixed Stream | Last: D[9.0: test/geomind/trainingdata/mined_expanded_corpus_cloze_part05.txt]
  Progress -> 6.59278% (8172.66 / 123964 KB) | LR: 0.00142077 | TTemp: 1.22724 | VTemp: 1.0
  Train -> TL: 4.49245 | ATL: 4.65206 | ITPPL: 89.3399 | ATPPL: 104.8 | ENT: 5.84806b | CERT: 12.8335%
  Val   -> VL: 5.18265 | AVL: 5.18855 | IVPPL: 178.155 | AVPPL: 179.209 | VENT: 6.68759b | VCERT: 12.3427%

[GeoMind CAUSAL CE Stream] Ep 1.0/Inf | Mixed Stream | Last: D[9.0: test/geomind/trainingdata/mined_expanded_corpus_cloze_part05.txt]
  Progress -> 6.60167% (8183.67 / 123964 KB) | LR: 0.00142195 | TTemp: 1.2257 | VTemp: 1.0
  Train -> TL: 4.56129 | ATL: 4.65629 | ITPPL: 95.7071 | ATPPL: 105.245 | ENT: 5.94584b | CERT: 12.5648%
  Val   -> VL: 5.19393 | AVL: 5.19017 | IVPPL: 180.175 | AVPPL: 179.498 | VENT: 6.69419b | VCERT: 12.3644%

[GeoMind CAUSAL CE Stream] Ep 1.0/Inf | Mixed Stream | Last: D[9.0: test/geomind/trainingdata/mined_expanded_corpus_cloze_part05.txt]
  Progress -> 6.61163% (8196.02 / 123964 KB) | LR: 0.00142382 | TTemp: 1.22332 | VTemp: 1.0
  Train -> TL: 4.70634 | ATL: 4.66761 | ITPPL: 110.647 | ATPPL: 106.443 | ENT: 6.01547b | CERT: 13.3859%
  Val   -> VL: 5.18059 | AVL: 5.18729 | IVPPL: 177.788 | AVPPL: 178.983 | VENT: 6.71914b | VCERT: 12.5116%

[GeoMind CAUSAL CE Stream] Ep 1.0/Inf | Mixed Stream | Last: D[9.0: test/geomind/trainingdata/mined_expanded_corpus_cloze_part05.txt]
  Progress -> 6.62047% (8206.97 / 123964 KB) | LR: 0.00142678 | TTemp: 1.21979 | VTemp: 1.0
  Train -> TL: 4.72635 | ATL: 4.68528 | ITPPL: 112.883 | ATPPL: 108.341 | ENT: 6.11271b | CERT: 11.9447%
  Val   -> VL: 5.17939 | AVL: 5.18492 | IVPPL: 177.575 | AVPPL: 178.56 | VENT: 6.72384b | VCERT: 12.7002%

[GeoMind CAUSAL CE Stream] Ep 1.0/Inf | Mixed Stream | Last: D[9.0: test/geomind/trainingdata/mined_expanded_corpus_cloze_part05.txt]
  Progress -> 6.62854% (8216.98 / 123964 KB) | LR: 0.00142907 | TTemp: 1.21723 | VTemp: 1.0
  Train -> TL: 4.65952 | ATL: 4.68015 | ITPPL: 105.586 | ATPPL: 107.787 | ENT: 6.16378b | CERT: 11.4785%
  Val   -> VL: 5.18686 | AVL: 5.1855 | IVPPL: 178.906 | AVPPL: 178.664 | VENT: 6.76321b | VCERT: 12.4673%

[GeoMind CAUSAL CE Stream] Ep 1.0/Inf | Mixed Stream | Last: D[9.0: test/geomind/trainingdata/mined_expanded_corpus_cloze_part05.txt]
  Progress -> 6.63687% (8227.3 / 123964 KB) | LR: 0.00143143 | TTemp: 1.21452 | VTemp: 1.0
  Train -> TL: 4.62794 | ATL: 4.68425 | ITPPL: 102.303 | ATPPL: 108.229 | ENT: 6.24551b | CERT: 11.2514%
  Val   -> VL: 5.17569 | AVL: 5.18256 | IVPPL: 176.918 | AVPPL: 178.138 | VENT: 6.78443b | VCERT: 12.1808%

[GeoMind CAUSAL CE Stream] Ep 1.0/Inf | Mixed Stream | Last: D[9.0: test/geomind/trainingdata/mined_expanded_corpus_cloze_part05.txt]
  Progress -> 6.64541% (8237.89 / 123964 KB) | LR: 0.00143384 | TTemp: 1.21179 | VTemp: 1.0
  Train -> TL: 4.70674 | ATL: 4.6882 | ITPPL: 110.691 | ATPPL: 108.658 | ENT: 6.20575b | CERT: 11.3245%
  Val   -> VL: 5.17702 | AVL: 5.1809 | IVPPL: 177.154 | AVPPL: 177.842 | VENT: 6.80432b | VCERT: 11.7392%

[GeoMind CAUSAL CE Stream] Ep 1.0/Inf | Mixed Stream | Last: D[9.0: test/geomind/trainingdata/mined_expanded_corpus_cloze_part05.txt]
  Progress -> 6.65381% (8248.3 / 123964 KB) | LR: 0.00143567 | TTemp: 1.20933 | VTemp: 1.0
  Train -> TL: 4.64423 | ATL: 4.68354 | ITPPL: 103.984 | ATPPL: 108.152 | ENT: 6.27622b | CERT: 11.3846%
  Val   -> VL: 5.1589 | AVL: 5.1743 | IVPPL: 173.974 | AVPPL: 176.673 | VENT: 6.82054b | VCERT: 11.4171%

[GeoMind CAUSAL CE Stream] Ep 1.0/Inf | Mixed Stream | Last: D[9.0: test/geomind/trainingdata/mined_expanded_corpus_cloze_part05.txt]
  Progress -> 6.66141% (8257.72 / 123964 KB) | LR: 0.00143562 | TTemp: 1.2089 | VTemp: 1.0
  Train -> TL: 4.54072 | ATL: 4.65994 | ITPPL: 93.7578 | ATPPL: 105.63 | ENT: 6.26504b | CERT: 10.8882%
  Val   -> VL: 5.16948 | AVL: 5.17285 | IVPPL: 175.824 | AVPPL: 176.418 | VENT: 6.81328b | VCERT: 11.5146%

[GeoMind CAUSAL CE Stream] Ep 1.0/Inf | Mixed Stream | Last: D[9.0: test/geomind/trainingdata/mined_expanded_corpus_cloze_part05.txt]
  Progress -> 6.66878% (8266.86 / 123964 KB) | LR: 0.00143657 | TTemp: 1.20773 | VTemp: 1.0
  Train -> TL: 4.84242 | ATL: 4.67383 | ITPPL: 126.776 | ATPPL: 107.107 | ENT: 6.42302b | CERT: 10.1535%
  Val   -> VL: 5.1836 | AVL: 5.17608 | IVPPL: 178.323 | AVPPL: 176.987 | VENT: 6.84651b | VCERT: 11.893%

[GeoMind CAUSAL CE Stream] Ep 1.0/Inf | Mixed Stream | Last: D[9.0: test/geomind/trainingdata/mined_expanded_corpus_cloze_part05.txt]
  Progress -> 6.67977% (8280.48 / 123964 KB) | LR: 0.0014378 | TTemp: 1.20645 | VTemp: 1.0
  Train -> TL: 4.67692 | ATL: 4.6789 | ITPPL: 107.439 | ATPPL: 107.651 | ENT: 6.4463b | CERT: 10.5788%
  Val   -> VL: 5.18023 | AVL: 5.17732 | IVPPL: 177.723 | AVPPL: 177.208 | VENT: 6.83116b | VCERT: 12.1972%

[GeoMind CAUSAL CE Stream] Ep 1.0/Inf | Mixed Stream | Last: D[9.0: test/geomind/trainingdata/mined_expanded_corpus_cloze_part05.txt]
  Progress -> 6.68948% (8292.52 / 123964 KB) | LR: 0.00143917 | TTemp: 1.2052 | VTemp: 1.0
  Train -> TL: 4.64225 | ATL: 4.68272 | ITPPL: 103.777 | ATPPL: 108.064 | ENT: 6.24878b | CERT: 12.0612%
  Val   -> VL: 5.18265 | AVL: 5.17892 | IVPPL: 178.154 | AVPPL: 177.491 | VENT: 6.83392b | VCERT: 11.8223%

[GeoMind CAUSAL CE Stream] Ep 1.0/Inf | Mixed Stream | Last: D[9.0: test/geomind/trainingdata/mined_expanded_corpus_cloze_part05.txt]
  Progress -> 6.69778% (8302.81 / 123964 KB) | LR: 0.00144106 | TTemp: 1.20327 | VTemp: 1.0
  Train -> TL: 4.75959 | ATL: 4.69179 | ITPPL: 116.698 | ATPPL: 109.048 | ENT: 6.31782b | CERT: 11.2207%
  Val   -> VL: 5.17064 | AVL: 5.17644 | IVPPL: 176.027 | AVPPL: 177.051 | VENT: 6.85126b | VCERT: 11.8023%

[GeoMind CAUSAL CE Stream] Ep 1.0/Inf | Mixed Stream | Last: D[9.0: test/geomind/trainingdata/mined_expanded_corpus_cloze_part05.txt]
  Progress -> 6.70574% (8312.68 / 123964 KB) | LR: 0.00144369 | TTemp: 1.20043 | VTemp: 1.0
  Train -> TL: 4.53273 | ATL: 4.70463 | ITPPL: 93.0119 | ATPPL: 110.457 | ENT: 6.21539b | CERT: 11.8033%
  Val   -> VL: 5.16615 | AVL: 5.17335 | IVPPL: 175.238 | AVPPL: 176.505 | VENT: 6.85614b | VCERT: 11.4702%

[GeoMind CAUSAL CE Stream] Ep 1.0/Inf | Mixed Stream | Last: D[9.0: test/geomind/trainingdata/mined_expanded_corpus_cloze_part05.txt]
  Progress -> 6.71167% (8320.03 / 123964 KB) | LR: 0.00144651 | TTemp: 1.19754 | VTemp: 1.0
  Train -> TL: 4.77273 | ATL: 4.71091 | ITPPL: 118.241 | ATPPL: 111.153 | ENT: 6.32098b | CERT: 11.1653%
  Val   -> VL: 5.17281 | AVL: 5.17319 | IVPPL: 176.409 | AVPPL: 176.476 | VENT: 6.83799b | VCERT: 11.6942%

[GeoMind CAUSAL CE Stream] Ep 1.0/Inf | Mixed Stream | Last: D[9.0: test/geomind/trainingdata/mined_expanded_corpus_cloze_part05.txt]
  Progress -> 6.71736% (8327.09 / 123964 KB) | LR: 0.00145194 | TTemp: 1.19214 | VTemp: 1.0
  Train -> TL: 4.84951 | ATL: 4.75117 | ITPPL: 127.678 | ATPPL: 115.719 | ENT: 6.39691b | CERT: 10.3538%
  Val   -> VL: 5.17679 | AVL: 5.17427 | IVPPL: 177.113 | AVPPL: 176.667 | VENT: 6.87631b | VCERT: 11.5071%

[GeoMind CAUSAL CE Stream] Ep 1.0/Inf | Mixed Stream | Last: D[9.0: test/geomind/trainingdata/mined_expanded_corpus_cloze_part05.txt]
  Progress -> 6.72435% (8335.76 / 123964 KB) | LR: 0.00145731 | TTemp: 1.18688 | VTemp: 1.0
  Train -> TL: 4.63681 | ATL: 4.7579 | ITPPL: 103.215 | ATPPL: 116.501 | ENT: 6.4032b | CERT: 10.3924%
  Val   -> VL: 5.16678 | AVL: 5.17202 | IVPPL: 175.349 | AVPPL: 176.271 | VENT: 6.87898b | VCERT: 11.6653%

[GeoMind CAUSAL CE Stream] Ep 1.0/Inf | Mixed Stream | Last: D[9.0: test/geomind/trainingdata/mined_expanded_corpus_cloze_part05.txt]
  Progress -> 6.73125% (8344.3 / 123964 KB) | LR: 0.00146224 | TTemp: 1.18182 | VTemp: 1.0
  Train -> TL: 4.68657 | ATL: 4.75909 | ITPPL: 108.48 | ATPPL: 116.64 | ENT: 6.461b | CERT: 10.1674%
  Val   -> VL: 5.14977 | AVL: 5.16535 | IVPPL: 172.392 | AVPPL: 175.098 | VENT: 6.88657b | VCERT: 11.6021%

[GeoMind CAUSAL CE Stream] Ep 1.0/Inf | Mixed Stream | Last: D[9.0: test/geomind/trainingdata/mined_expanded_corpus_cloze_part05.txt]
  Progress -> 6.73899% (8353.9 / 123964 KB) | LR: 0.00146625 | TTemp: 1.17781 | VTemp: 1.0
  Train -> TL: 4.64425 | ATL: 4.75327 | ITPPL: 103.985 | ATPPL: 115.962 | ENT: 6.37106b | CERT: 10.2113%
  Val   -> VL: 5.15903 | AVL: 5.16345 | IVPPL: 173.995 | AVPPL: 174.767 | VENT: 6.89523b | VCERT: 11.7602%

[GeoMind CAUSAL CE Stream] Ep 1.0/Inf | Mixed Stream | Last: D[9.0: test/geomind/trainingdata/mined_expanded_corpus_cloze_part05.txt]
  Progress -> 6.74657% (8363.29 / 123964 KB) | LR: 0.00146913 | TTemp: 1.17514 | VTemp: 1.0
  Train -> TL: 4.68701 | ATL: 4.74311 | ITPPL: 108.528 | ATPPL: 114.791 | ENT: 6.46159b | CERT: 10.0519%
  Val   -> VL: 5.16229 | AVL: 5.1631 | IVPPL: 174.563 | AVPPL: 174.706 | VENT: 6.95328b | VCERT: 11.1135%

[GeoMind CAUSAL CE Stream] Ep 1.0/Inf | Mixed Stream | Last: D[9.0: test/geomind/trainingdata/mined_expanded_corpus_cloze_part05.txt]
  Progress -> 6.75321% (8371.52 / 123964 KB) | LR: 0.00147131 | TTemp: 1.1734 | VTemp: 1.0
  Train -> TL: 4.6745 | ATL: 4.7374 | ITPPL: 107.179 | ATPPL: 114.137 | ENT: 6.4288b | CERT: 9.91201%
  Val   -> VL: 5.16775 | AVL: 5.1645 | IVPPL: 175.52 | AVPPL: 174.949 | VENT: 6.92326b | VCERT: 11.4089%

[GeoMind CAUSAL CE Stream] Ep 1.0/Inf | Mixed Stream | Last: D[9.0: test/geomind/trainingdata/mined_expanded_corpus_cloze_part05.txt]
  Progress -> 6.76084% (8380.99 / 123964 KB) | LR: 0.00147158 | TTemp: 1.18172 | VTemp: 1.0
  Train -> TL: 4.44824 | ATL: 4.71396 | ITPPL: 85.4761 | ATPPL: 111.493 | ENT: 6.23031b | CERT: 11.0344%
  Val   -> VL: 5.18856 | AVL: 5.17172 | IVPPL: 179.211 | AVPPL: 176.217 | VENT: 6.95137b | VCERT: 11.0208%

[GeoMind CAUSAL CE Stream] Ep 1.0/Inf | Mixed Stream | Last: D[9.0: test/geomind/trainingdata/mined_expanded_corpus_cloze_part05.txt]
  Progress -> 6.7682% (8390.11 / 123964 KB) | LR: 0.0014719 | TTemp: 1.1815 | VTemp: 1.0
  Train -> TL: 4.64439 | ATL: 4.71494 | ITPPL: 104 | ATPPL: 111.602 | ENT: 6.20497b | CERT: 12.5202%
  Val   -> VL: 5.18431 | AVL: 5.1755 | IVPPL: 178.451 | AVPPL: 176.884 | VENT: 6.9391b | VCERT: 11.5763%

[GeoMind CAUSAL CE Stream] Ep 1.0/Inf | Mixed Stream | Last: D[9.0: test/geomind/trainingdata/mined_expanded_corpus_cloze_part05.txt]
  Progress -> 6.78109% (8406.08 / 123964 KB) | LR: 0.00147272 | TTemp: 1.18021 | VTemp: 1.0
  Train -> TL: 4.7264 | ATL: 4.72238 | ITPPL: 112.889 | ATPPL: 112.435 | ENT: 6.44119b | CERT: 10.1758%
  Val   -> VL: 5.15088 | AVL: 5.16811 | IVPPL: 172.582 | AVPPL: 175.583 | VENT: 6.93229b | VCERT: 11.7058%

[GeoMind CAUSAL CE Stream] Ep 1.0/Inf | Mixed Stream | Last: D[9.0: test/geomind/trainingdata/mined_expanded_corpus_cloze_part05.txt]
  Progress -> 6.79694% (8425.74 / 123964 KB) | LR: 0.00147447 | TTemp: 1.17712 | VTemp: 1.0
  Train -> TL: 4.74113 | ATL: 4.73634 | ITPPL: 114.564 | ATPPL: 114.016 | ENT: 6.53006b | CERT: 11.4673%
  Val   -> VL: 5.12646 | AVL: 5.15561 | IVPPL: 168.42 | AVPPL: 173.402 | VENT: 6.97996b | VCERT: 11.4803%

[GeoMind CAUSAL CE Stream] Ep 1.0/Inf | Mixed Stream | Last: D[9.0: test/geomind/trainingdata/mined_expanded_corpus_cloze_part05.txt]
  Progress -> 6.80812% (8439.6 / 123964 KB) | LR: 0.00147647 | TTemp: 1.17316 | VTemp: 1.0
  Train -> TL: 4.59946 | ATL: 4.74233 | ITPPL: 99.431 | ATPPL: 114.701 | ENT: 6.4315b | CERT: 11.6433%
  Val   -> VL: 5.11583 | AVL: 5.14368 | IVPPL: 166.639 | AVPPL: 171.345 | VENT: 6.98648b | VCERT: 11.3996%

[GeoMind CAUSAL CE Stream] Ep 1.0/Inf | Mixed Stream | Last: D[9.0: test/geomind/trainingdata/mined_expanded_corpus_cloze_part05.txt]
  Progress -> 6.81733% (8451.01 / 123964 KB) | LR: 0.0014789 | TTemp: 1.16876 | VTemp: 1.0
  Train -> TL: 4.6579 | ATL: 4.75115 | ITPPL: 105.414 | ATPPL: 115.717 | ENT: 6.40347b | CERT: 12.1168%
  Val   -> VL: 5.12763 | AVL: 5.13886 | IVPPL: 168.617 | AVPPL: 170.522 | VENT: 7.01223b | VCERT: 11.2879%

[GeoMind CAUSAL CE Stream] Ep 1.0/Inf | Mixed Stream | Last: D[9.0: test/geomind/trainingdata/mined_expanded_corpus_cloze_part05.txt]
  Progress -> 6.82689% (8462.87 / 123964 KB) | LR: 0.0014811 | TTemp: 1.16507 | VTemp: 1.0
  Train -> TL: 4.76126 | ATL: 4.75121 | ITPPL: 116.893 | ATPPL: 115.724 | ENT: 6.59494b | CERT: 10.3656%
  Val   -> VL: 5.14119 | AVL: 5.13956 | IVPPL: 170.918 | AVPPL: 170.641 | VENT: 7.02852b | VCERT: 11.1906%

[GeoMind CAUSAL CE Stream] Ep 1.0/Inf | Mixed Stream | Last: D[9.0: test/geomind/trainingdata/mined_expanded_corpus_cloze_part05.txt]
  Progress -> 6.83511% (8473.05 / 123964 KB) | LR: 0.00148247 | TTemp: 1.17068 | VTemp: 1.0
  Train -> TL: 4.53493 | ATL: 4.74276 | ITPPL: 93.2175 | ATPPL: 114.751 | ENT: 6.50278b | CERT: 9.69506%
  Val   -> VL: 5.16653 | AVL: 5.14765 | IVPPL: 175.306 | AVPPL: 172.027 | VENT: 6.99821b | VCERT: 11.1539%

[GeoMind CAUSAL CE Stream] Ep 1.0/Inf | Mixed Stream | Last: D[9.0: test/geomind/trainingdata/mined_expanded_corpus_cloze_part05.txt]
  Progress -> 6.84357% (8483.54 / 123964 KB) | LR: 0.00148261 | TTemp: 1.16916 | VTemp: 1.0
  Train -> TL: 4.6071 | ATL: 4.72755 | ITPPL: 100.193 | ATPPL: 113.019 | ENT: 6.51008b | CERT: 10.4633%
  Val   -> VL: 5.15085 | AVL: 5.14861 | IVPPL: 172.579 | AVPPL: 172.192 | VENT: 7.00291b | VCERT: 11.1469%

[GeoMind CAUSAL CE Stream] Ep 1.0/Inf | Mixed Stream | Last: D[9.0: test/geomind/trainingdata/mined_expanded_corpus_cloze_part05.txt]
  Progress -> 6.85144% (8493.29 / 123964 KB) | LR: 0.00148262 | TTemp: 1.16808 | VTemp: 1.0
  Train -> TL: 4.64758 | ATL: 4.72608 | ITPPL: 104.332 | ATPPL: 112.853 | ENT: 6.5279b | CERT: 10.4454%
  Val   -> VL: 5.15346 | AVL: 5.15007 | IVPPL: 173.029 | AVPPL: 172.443 | VENT: 7.00778b | VCERT: 11.2454%

[GeoMind CAUSAL CE Stream] Ep 1.0/Inf | Mixed Stream | Last: D[9.0: test/geomind/trainingdata/mined_expanded_corpus_cloze_part05.txt]
  Progress -> 6.86002% (8503.94 / 123964 KB) | LR: 0.00148091 | TTemp: 1.16915 | VTemp: 1.0
  Train -> TL: 4.59948 | ATL: 4.70211 | ITPPL: 99.4323 | ATPPL: 110.18 | ENT: 6.56847b | CERT: 10.4167%
  Val   -> VL: 5.15802 | AVL: 5.15245 | IVPPL: 173.82 | AVPPL: 172.855 | VENT: 6.98949b | VCERT: 11.3166%

[GeoMind CAUSAL CE Stream] Ep 1.0/Inf | Mixed Stream | Last: D[9.0: test/geomind/trainingdata/mined_expanded_corpus_cloze_part05.txt]
  Progress -> 6.8672% (8512.83 / 123964 KB) | LR: 0.00147881 | TTemp: 1.17079 | VTemp: 1.0
  Train -> TL: 4.79068 | ATL: 4.69424 | ITPPL: 120.384 | ATPPL: 109.315 | ENT: 6.5992b | CERT: 9.51695%
  Val   -> VL: 5.15911 | AVL: 5.15445 | IVPPL: 174.009 | AVPPL: 173.2 | VENT: 6.99549b | VCERT: 11.2977%

[GeoMind CAUSAL CE Stream] Ep 1.0/Inf | Mixed Stream | Last: D[9.0: test/geomind/trainingdata/mined_expanded_corpus_cloze_part05.txt]
  Progress -> 6.87425% (8521.57 / 123964 KB) | LR: 0.00147711 | TTemp: 1.17986 | VTemp: 1.0
  Train -> TL: 4.66115 | ATL: 4.69705 | ITPPL: 105.758 | ATPPL: 109.624 | ENT: 6.67216b | CERT: 9.29857%
  Val   -> VL: 5.17158 | AVL: 5.15959 | IVPPL: 176.193 | AVPPL: 174.093 | VENT: 6.97604b | VCERT: 11.5715%

[GeoMind CAUSAL CE Stream] Ep 1.0/Inf | Mixed Stream | Last: D[9.0: test/geomind/trainingdata/mined_expanded_corpus_cloze_part05.txt]
  Progress -> 6.88234% (8531.61 / 123964 KB) | LR: 0.00147547 | TTemp: 1.18044 | VTemp: 1.0
  Train -> TL: 4.65997 | ATL: 4.69543 | ITPPL: 105.633 | ATPPL: 109.445 | ENT: 6.59491b | CERT: 10.0356%
  Val   -> VL: 5.1704 | AVL: 5.16283 | IVPPL: 175.985 | AVPPL: 174.658 | VENT: 6.98437b | VCERT: 11.3018%

[GeoMind CAUSAL CE Stream] Ep 1.0/Inf | Mixed Stream | Last: D[9.0: test/geomind/trainingdata/mined_expanded_corpus_cloze_part05.txt]
  Progress -> 6.88997% (8541.06 / 123964 KB) | LR: 0.00147283 | TTemp: 1.19011 | VTemp: 1.0
  Train -> TL: 4.56566 | ATL: 4.67926 | ITPPL: 96.1259 | ATPPL: 107.69 | ENT: 6.42477b | CERT: 10.7385%
  Val   -> VL: 5.18377 | AVL: 5.16911 | IVPPL: 178.355 | AVPPL: 175.759 | VENT: 6.95115b | VCERT: 11.4858%

[GeoMind CAUSAL CE Stream] Ep 1.0/Inf | Mixed Stream | Last: D[9.0: test/geomind/trainingdata/mined_expanded_corpus_cloze_part05.txt]
  Progress -> 6.89905% (8552.31 / 123964 KB) | LR: 0.00146946 | TTemp: 1.19992 | VTemp: 1.0
  Train -> TL: 4.61836 | ATL: 4.66546 | ITPPL: 101.328 | ATPPL: 106.214 | ENT: 6.47339b | CERT: 10.1235%
  Val   -> VL: 5.19348 | AVL: 5.17642 | IVPPL: 180.094 | AVPPL: 177.049 | VENT: 6.90987b | VCERT: 11.7494%

[GeoMind CAUSAL CE Stream] Ep 1.0/Inf | Mixed Stream | Last: D[9.0: test/geomind/trainingdata/mined_expanded_corpus_cloze_part05.txt]
  Progress -> 6.9073% (8562.54 / 123964 KB) | LR: 0.00146594 | TTemp: 1.20927 | VTemp: 1.0
  Train -> TL: 4.68098 | ATL: 4.65862 | ITPPL: 107.876 | ATPPL: 105.49 | ENT: 6.48421b | CERT: 10.0312%
  Val   -> VL: 5.19867 | AVL: 5.1831 | IVPPL: 181.032 | AVPPL: 178.234 | VENT: 6.91203b | VCERT: 11.5693%

[GeoMind CAUSAL CE Stream] Ep 1.0/Inf | Mixed Stream | Last: D[9.0: test/geomind/trainingdata/mined_expanded_corpus_cloze_part05.txt]
  Progress -> 6.91477% (8571.8 / 123964 KB) | LR: 0.00146351 | TTemp: 1.20922 | VTemp: 1.0
  Train -> TL: 4.73727 | ATL: 4.66904 | ITPPL: 114.123 | ATPPL: 106.595 | ENT: 6.55082b | CERT: 9.49628%
  Val   -> VL: 5.1961 | AVL: 5.187 | IVPPL: 180.566 | AVPPL: 178.931 | VENT: 6.90381b | VCERT: 11.631%

[GeoMind CAUSAL CE Stream] Ep 1.0/Inf | Mixed Stream | Last: D[9.0: test/geomind/trainingdata/mined_expanded_corpus_cloze_part05.txt]
  Progress -> 6.9235% (8582.62 / 123964 KB) | LR: 0.00146126 | TTemp: 1.20945 | VTemp: 1.0
  Train -> TL: 4.8615 | ATL: 4.66799 | ITPPL: 129.217 | ATPPL: 106.483 | ENT: 6.66319b | CERT: 9.07874%
  Val   -> VL: 5.19536 | AVL: 5.18951 | IVPPL: 180.434 | AVPPL: 179.38 | VENT: 6.89722b | VCERT: 11.8737%

[GeoMind CAUSAL CE Stream] Ep 1.0/Inf | Mixed Stream | Last: D[9.0: test/geomind/trainingdata/mined_expanded_corpus_cloze_part05.txt]
  Progress -> 6.93258% (8593.88 / 123964 KB) | LR: 0.0014607 | TTemp: 1.20796 | VTemp: 1.0
  Train -> TL: 4.83777 | ATL: 4.68844 | ITPPL: 126.187 | ATPPL: 108.684 | ENT: 6.57638b | CERT: 9.22845%
  Val   -> VL: 5.18241 | AVL: 5.18738 | IVPPL: 178.111 | AVPPL: 178.999 | VENT: 6.90348b | VCERT: 11.9183%

[GeoMind CAUSAL CE Stream] Ep 1.0/Inf | Mixed Stream | Last: D[9.0: test/geomind/trainingdata/mined_expanded_corpus_cloze_part05.txt]
  Progress -> 6.94102% (8604.35 / 123964 KB) | LR: 0.00145884 | TTemp: 1.20786 | VTemp: 1.0
  Train -> TL: 4.64297 | ATL: 4.66952 | ITPPL: 103.852 | ATPPL: 106.647 | ENT: 6.43413b | CERT: 9.94032%
  Val   -> VL: 5.17666 | AVL: 5.18416 | IVPPL: 177.091 | AVPPL: 178.424 | VENT: 6.90798b | VCERT: 11.9654%

[GeoMind CAUSAL CE Stream] Ep 1.0/Inf | Mixed Stream | Last: D[9.0: test/geomind/trainingdata/mined_expanded_corpus_cloze_part05.txt]
  Progress -> 6.95065% (8616.28 / 123964 KB) | LR: 0.00145428 | TTemp: 1.21034 | VTemp: 1.0
  Train -> TL: 4.71937 | ATL: 4.62951 | ITPPL: 112.097 | ATPPL: 102.464 | ENT: 6.41962b | CERT: 10.714%
  Val   -> VL: 5.16444 | AVL: 5.17825 | IVPPL: 174.939 | AVPPL: 177.371 | VENT: 6.92582b | VCERT: 11.7385%

[GeoMind CAUSAL CE Stream] Ep 1.0/Inf | Mixed Stream | Last: D[9.0: test/geomind/trainingdata/mined_expanded_corpus_cloze_part05.txt]
  Progress -> 6.95814% (8625.57 / 123964 KB) | LR: 0.00144911 | TTemp: 1.21351 | VTemp: 1.0
  Train -> TL: 4.79271 | ATL: 4.61469 | ITPPL: 120.628 | ATPPL: 100.957 | ENT: 6.53105b | CERT: 9.95543%
  Val   -> VL: 5.17628 | AVL: 5.17766 | IVPPL: 177.023 | AVPPL: 177.267 | VENT: 6.95049b | VCERT: 11.3532%

[GeoMind CAUSAL CE Stream] Ep 1.0/Inf | Mixed Stream | Last: D[9.0: test/geomind/trainingdata/mined_expanded_corpus_cloze_part05.txt]
  Progress -> 6.9638% (8632.59 / 123964 KB) | LR: 0.00144504 | TTemp: 1.21578 | VTemp: 1.0
  Train -> TL: 4.77393 | ATL: 4.6228 | ITPPL: 118.383 | ATPPL: 101.779 | ENT: 6.48571b | CERT: 10.3462%
  Val   -> VL: 5.18577 | AVL: 5.18009 | IVPPL: 178.711 | AVPPL: 177.699 | VENT: 6.91666b | VCERT: 11.6686%

[GeoMind CAUSAL CE Stream] Ep 1.0/Inf | Mixed Stream | Last: D[9.0: test/geomind/trainingdata/mined_expanded_corpus_cloze_part05.txt]
  Progress -> 6.97011% (8640.4 / 123964 KB) | LR: 0.0014429 | TTemp: 1.21611 | VTemp: 1.0
  Train -> TL: 4.75426 | ATL: 4.64395 | ITPPL: 116.078 | ATPPL: 103.954 | ENT: 6.49653b | CERT: 9.83486%
  Val   -> VL: 5.1797 | AVL: 5.17997 | IVPPL: 177.63 | AVPPL: 177.678 | VENT: 6.90942b | VCERT: 11.5894%

[GeoMind CAUSAL CE Stream] Ep 1.0/Inf | Mixed Stream | Last: D[9.0: test/geomind/trainingdata/mined_expanded_corpus_cloze_part05.txt]
  Progress -> 6.97977% (8652.39 / 123964 KB) | LR: 0.0014435 | TTemp: 1.21357 | VTemp: 1.0
  Train -> TL: 4.76177 | ATL: 4.67904 | ITPPL: 116.952 | ATPPL: 107.666 | ENT: 6.40107b | CERT: 10.1028%
  Val   -> VL: 5.1712 | AVL: 5.17734 | IVPPL: 176.126 | AVPPL: 177.211 | VENT: 6.91204b | VCERT: 11.5527%

[GeoMind CAUSAL CE Stream] Ep 1.0/Inf | Mixed Stream | Last: D[9.0: test/geomind/trainingdata/mined_expanded_corpus_cloze_part05.txt]
  Progress -> 6.98677% (8661.05 / 123964 KB) | LR: 0.00144485 | TTemp: 1.21022 | VTemp: 1.0
  Train -> TL: 4.74162 | ATL: 4.69028 | ITPPL: 114.62 | ATPPL: 108.884 | ENT: 6.49757b | CERT: 10.0497%
  Val   -> VL: 5.16195 | AVL: 5.17273 | IVPPL: 174.505 | AVPPL: 176.395 | VENT: 6.8852b | VCERT: 11.8859%

[GeoMind CAUSAL CE Stream] Ep 1.0/Inf | Mixed Stream | Last: D[9.0: test/geomind/trainingdata/mined_expanded_corpus_cloze_part05.txt]
  Progress -> 6.99337% (8669.24 / 123964 KB) | LR: 0.00144443 | TTemp: 1.20886 | VTemp: 1.0
  Train -> TL: 4.66244 | ATL: 4.66753 | ITPPL: 105.894 | ATPPL: 106.434 | ENT: 6.42713b | CERT: 10.3753%
  Val   -> VL: 5.16333 | AVL: 5.16991 | IVPPL: 174.746 | AVPPL: 175.899 | VENT: 6.87668b | VCERT: 11.8188%

[GeoMind CAUSAL CE Stream] Ep 1.0/Inf | Mixed Stream | Last: D[9.0: test/geomind/trainingdata/mined_expanded_corpus_cloze_part05.txt]
  Progress -> 7.00474% (8683.33 / 123964 KB) | LR: 0.00144517 | TTemp: 1.20678 | VTemp: 1.0
  Train -> TL: 4.65146 | ATL: 4.68317 | ITPPL: 104.738 | ATPPL: 108.113 | ENT: 6.30304b | CERT: 10.4832%
  Val   -> VL: 5.18069 | AVL: 5.17314 | IVPPL: 177.805 | AVPPL: 176.468 | VENT: 6.93027b | VCERT: 10.8133%

[GeoMind CAUSAL CE Stream] Ep 1.0/Inf | Mixed Stream | Last: D[9.0: test/geomind/trainingdata/mined_expanded_corpus_cloze_part05.txt]
  Progress -> 7.01463% (8695.6 / 123964 KB) | LR: 0.00144735 | TTemp: 1.20338 | VTemp: 1.0
  Train -> TL: 4.70305 | ATL: 4.70408 | ITPPL: 110.283 | ATPPL: 110.396 | ENT: 6.43102b | CERT: 9.48247%
  Val   -> VL: 5.17049 | AVL: 5.17234 | IVPPL: 176 | AVPPL: 176.328 | VENT: 6.9025b | VCERT: 11.2307%

[GeoMind CAUSAL CE Stream] Ep 1.0/Inf | Mixed Stream | Last: D[9.0: test/geomind/trainingdata/mined_expanded_corpus_cloze_part05.txt]
  Progress -> 7.02322% (8706.24 / 123964 KB) | LR: 0.00145024 | TTemp: 1.19968 | VTemp: 1.0
  Train -> TL: 4.39975 | ATL: 4.71705 | ITPPL: 81.4301 | ATPPL: 111.838 | ENT: 6.09748b | CERT: 12.1726%
  Val   -> VL: 5.17942 | AVL: 5.17447 | IVPPL: 177.58 | AVPPL: 176.702 | VENT: 6.89381b | VCERT: 11.2982%

[GeoMind CAUSAL CE Stream] Ep 1.0/Inf | Mixed Stream | Last: D[9.0: test/geomind/trainingdata/mined_expanded_corpus_cloze_part05.txt]
  Progress -> 7.03104% (8715.94 / 123964 KB) | LR: 0.00145159 | TTemp: 1.19763 | VTemp: 1.0
  Train -> TL: 4.42856 | ATL: 4.69968 | ITPPL: 83.8104 | ATPPL: 109.912 | ENT: 6.15466b | CERT: 12.052%
  Val   -> VL: 5.16525 | AVL: 5.1717 | IVPPL: 175.081 | AVPPL: 176.215 | VENT: 6.89976b | VCERT: 11.2414%

[GeoMind CAUSAL CE Stream] Ep 1.0/Inf | Mixed Stream | Last: D[9.0: test/geomind/trainingdata/mined_expanded_corpus_cloze_part05.txt]
  Progress -> 7.04017% (8727.25 / 123964 KB) | LR: 0.0014511 | TTemp: 1.19728 | VTemp: 1.0
  Train -> TL: 4.65029 | ATL: 4.67589 | ITPPL: 104.615 | ATPPL: 107.328 | ENT: 6.32887b | CERT: 10.8777%
  Val   -> VL: 5.15405 | AVL: 5.16641 | IVPPL: 173.131 | AVPPL: 175.284 | VENT: 6.91442b | VCERT: 11.1957%

[GeoMind CAUSAL CE Stream] Ep 1.0/Inf | Mixed Stream | Last: D[9.0: test/geomind/trainingdata/mined_expanded_corpus_cloze_part05.txt]
  Progress -> 7.04848% (8737.56 / 123964 KB) | LR: 0.00144961 | TTemp: 1.1983 | VTemp: 1.0
  Train -> TL: 4.51495 | ATL: 4.66133 | ITPPL: 91.3732 | ATPPL: 105.777 | ENT: 6.32043b | CERT: 10.6432%
  Val   -> VL: 5.17699 | AVL: 5.16958 | IVPPL: 177.149 | AVPPL: 175.841 | VENT: 6.8955b | VCERT: 11.5535%

[GeoMind CAUSAL CE Stream] Ep 1.0/Inf | Mixed Stream | Last: D[9.0: test/geomind/trainingdata/mined_expanded_corpus_cloze_part05.txt]
  Progress -> 7.05372% (8744.04 / 123964 KB) | LR: 0.00144778 | TTemp: 1.19998 | VTemp: 1.0
  Train -> TL: 4.48427 | ATL: 4.65469 | ITPPL: 88.6126 | ATPPL: 105.077 | ENT: 5.99118b | CERT: 12.2442%
  Val   -> VL: 5.18314 | AVL: 5.17365 | IVPPL: 178.241 | AVPPL: 176.558 | VENT: 6.84477b | VCERT: 11.9902%

[GeoMind CAUSAL CE Stream] Ep 1.0/Inf | Mixed Stream | Last: D[9.0: test/geomind/trainingdata/mined_expanded_corpus_cloze_part05.txt]
  Progress -> 7.06198% (8754.29 / 123964 KB) | LR: 0.00144582 | TTemp: 1.20146 | VTemp: 1.0
  Train -> TL: 4.59694 | ATL: 4.65023 | ITPPL: 99.1799 | ATPPL: 104.609 | ENT: 6.31398b | CERT: 10.7857%
  Val   -> VL: 5.16139 | AVL: 5.16997 | IVPPL: 174.407 | AVPPL: 175.91 | VENT: 6.8717b | VCERT: 11.7651%

[GeoMind CAUSAL CE Stream] Ep 1.0/Inf | Mixed Stream | Last: D[9.0: test/geomind/trainingdata/mined_expanded_corpus_cloze_part05.txt]
  Progress -> 7.07074% (8765.14 / 123964 KB) | LR: 0.00144391 | TTemp: 1.20231 | VTemp: 1.0
  Train -> TL: 4.77519 | ATL: 4.64828 | ITPPL: 118.532 | ATPPL: 104.405 | ENT: 6.57027b | CERT: 9.27463%
  Val   -> VL: 5.14525 | AVL: 5.16256 | IVPPL: 171.615 | AVPPL: 174.61 | VENT: 6.86164b | VCERT: 11.7928%

[GeoMind CAUSAL CE Stream] Ep 1.0/Inf | Mixed Stream | Last: D[9.0: test/geomind/trainingdata/mined_expanded_corpus_cloze_part05.txt]
  Progress -> 7.07839% (8774.64 / 123964 KB) | LR: 0.00144206 | TTemp: 1.20224 | VTemp: 1.0
  Train -> TL: 4.66636 | ATL: 4.64639 | ITPPL: 106.311 | ATPPL: 104.208 | ENT: 6.52671b | CERT: 9.84888%
  Val   -> VL: 5.12061 | AVL: 5.14997 | IVPPL: 167.438 | AVPPL: 172.427 | VENT: 6.84793b | VCERT: 11.8965%

[GeoMind CAUSAL CE Stream] Ep 1.0/Inf | Mixed Stream | Last: D[9.0: test/geomind/trainingdata/mined_expanded_corpus_cloze_part05.txt]
  Progress -> 7.08709% (8785.42 / 123964 KB) | LR: 0.00143949 | TTemp: 1.20264 | VTemp: 1.0
  Train -> TL: 4.48665 | ATL: 4.63382 | ITPPL: 88.8235 | ATPPL: 102.907 | ENT: 6.33061b | CERT: 10.5141%
  Val   -> VL: 5.12913 | AVL: 5.14372 | IVPPL: 168.871 | AVPPL: 171.352 | VENT: 6.81866b | VCERT: 12.5467%

[GeoMind CAUSAL CE Stream] Ep 1.0/Inf | Mixed Stream | Last: D[9.0: test/geomind/trainingdata/mined_expanded_corpus_cloze_part05.txt]
  Progress -> 7.09396% (8793.93 / 123964 KB) | LR: 0.00143837 | TTemp: 1.20138 | VTemp: 1.0
  Train -> TL: 4.65013 | ATL: 4.65036 | ITPPL: 104.599 | ATPPL: 104.623 | ENT: 6.2893b | CERT: 10.1195%
  Val   -> VL: 5.12727 | AVL: 5.13879 | IVPPL: 168.556 | AVPPL: 170.509 | VENT: 6.81239b | VCERT: 12.4837%

[GeoMind CAUSAL CE Stream] Ep 1.0/Inf | Mixed Stream | Last: D[9.0: test/geomind/trainingdata/mined_expanded_corpus_cloze_part05.txt]
  Progress -> 7.10171% (8803.55 / 123964 KB) | LR: 0.00143712 | TTemp: 1.20038 | VTemp: 1.0
  Train -> TL: 4.62347 | ATL: 4.64711 | ITPPL: 101.847 | ATPPL: 104.283 | ENT: 6.34774b | CERT: 9.80458%
  Val   -> VL: 5.13124 | AVL: 5.13652 | IVPPL: 169.227 | AVPPL: 170.123 | VENT: 6.81276b | VCERT: 12.2806%

[GeoMind CAUSAL CE Stream] Ep 1.0/Inf | Mixed Stream | Last: D[9.0: test/geomind/trainingdata/mined_expanded_corpus_cloze_part05.txt]
  Progress -> 7.10825% (8811.64 / 123964 KB) | LR: 0.00143652 | TTemp: 1.20694 | VTemp: 1.0
  Train -> TL: 4.69302 | ATL: 4.65431 | ITPPL: 109.182 | ATPPL: 105.037 | ENT: 6.36589b | CERT: 10.9762%
  Val   -> VL: 5.15653 | AVL: 5.14252 | IVPPL: 173.561 | AVPPL: 171.147 | VENT: 6.80923b | VCERT: 11.9401%

[GeoMind CAUSAL CE Stream] Ep 1.0/Inf | Mixed Stream | Last: D[9.0: test/geomind/trainingdata/mined_expanded_corpus_cloze_part05.txt]
  Progress -> 7.11486% (8819.84 / 123964 KB) | LR: 0.00143602 | TTemp: 1.20529 | VTemp: 1.0
  Train -> TL: 4.72348 | ATL: 4.65485 | ITPPL: 112.559 | ATPPL: 105.093 | ENT: 6.34124b | CERT: 10.7247%
  Val   -> VL: 5.1565 | AVL: 5.14672 | IVPPL: 173.557 | AVPPL: 171.866 | VENT: 6.84835b | VCERT: 11.7436%

[GeoMind CAUSAL CE Stream] Ep 1.0/Inf | Mixed Stream | Last: D[9.0: test/geomind/trainingdata/mined_expanded_corpus_cloze_part05.txt]
  Progress -> 7.12175% (8828.39 / 123964 KB) | LR: 0.00143485 | TTemp: 1.20478 | VTemp: 1.0
  Train -> TL: 4.52475 | ATL: 4.64484 | ITPPL: 92.2726 | ATPPL: 104.047 | ENT: 6.38457b | CERT: 10.4954%
  Val   -> VL: 5.15325 | AVL: 5.14868 | IVPPL: 172.993 | AVPPL: 172.204 | VENT: 6.83416b | VCERT: 11.9582%

[GeoMind CAUSAL CE Stream] Ep 1.0/Inf | Mixed Stream | Last: D[9.0: test/geomind/trainingdata/mined_expanded_corpus_cloze_part05.txt]
  Progress -> 7.12806% (8836.2 / 123964 KB) | LR: 0.00143353 | TTemp: 1.2125 | VTemp: 1.0
  Train -> TL: 4.67444 | ATL: 4.64124 | ITPPL: 107.173 | ATPPL: 103.673 | ENT: 6.383b | CERT: 10.624%
  Val   -> VL: 5.16551 | AVL: 5.15373 | IVPPL: 175.127 | AVPPL: 173.075 | VENT: 6.84065b | VCERT: 11.8363%

[GeoMind CAUSAL CE Stream] Ep 1.0/Inf | Mixed Stream | Last: D[9.0: test/geomind/trainingdata/mined_expanded_corpus_cloze_part05.txt]
  Progress -> 7.13767% (8848.11 / 123964 KB) | LR: 0.00143054 | TTemp: 1.21338 | VTemp: 1.0
  Train -> TL: 4.64772 | ATL: 4.61616 | ITPPL: 104.347 | ATPPL: 101.105 | ENT: 6.4491b | CERT: 10.4849%
  Val   -> VL: 5.15089 | AVL: 5.15288 | IVPPL: 172.586 | AVPPL: 172.928 | VENT: 6.82884b | VCERT: 12.1073%

[GeoMind CAUSAL CE Stream] Ep 1.0/Inf | Mixed Stream | Last: D[9.0: test/geomind/trainingdata/mined_expanded_corpus_cloze_part05.txt]
  Progress -> 7.14758% (8860.41 / 123964 KB) | LR: 0.00142817 | TTemp: 1.21356 | VTemp: 1.0
  Train -> TL: 4.70496 | ATL: 4.62054 | ITPPL: 110.494 | ATPPL: 101.549 | ENT: 6.43864b | CERT: 10.6947%
  Val   -> VL: 5.14221 | AVL: 5.14968 | IVPPL: 171.094 | AVPPL: 172.376 | VENT: 6.86629b | VCERT: 11.5728%

[GeoMind CAUSAL CE Stream] Ep 1.0/Inf | Mixed Stream | Last: D[9.0: test/geomind/trainingdata/mined_expanded_corpus_cloze_part05.txt]
  Progress -> 7.15493% (8869.52 / 123964 KB) | LR: 0.00142551 | TTemp: 1.21404 | VTemp: 1.0
  Train -> TL: 4.50483 | ATL: 4.61337 | ITPPL: 90.4533 | ATPPL: 100.824 | ENT: 6.4548b | CERT: 10.5069%
  Val   -> VL: 5.14068 | AVL: 5.14698 | IVPPL: 170.832 | AVPPL: 171.911 | VENT: 6.8205b | VCERT: 11.8278%

[GeoMind CAUSAL CE Stream] Ep 1.0/Inf | Mixed Stream | Last: D[9.0: test/geomind/trainingdata/mined_expanded_corpus_cloze_part05.txt]
  Progress -> 7.16297% (8879.48 / 123964 KB) | LR: 0.0014233 | TTemp: 1.2139 | VTemp: 1.0
  Train -> TL: 4.67725 | ATL: 4.61586 | ITPPL: 107.475 | ATPPL: 101.075 | ENT: 6.42618b | CERT: 10.4433%
  Val   -> VL: 5.13025 | AVL: 5.14196 | IVPPL: 169.06 | AVPPL: 171.051 | VENT: 6.84508b | VCERT: 11.6052%

[GeoMind CAUSAL CE Stream] Ep 1.0/Inf | Mixed Stream | Last: D[9.0: test/geomind/trainingdata/mined_expanded_corpus_cloze_part05.txt]
  Progress -> 7.16936% (8887.4 / 123964 KB) | LR: 0.00141951 | TTemp: 1.21548 | VTemp: 1.0
  Train -> TL: 4.61724 | ATL: 4.59077 | ITPPL: 101.214 | ATPPL: 98.5699 | ENT: 6.43055b | CERT: 10.6379%
  Val   -> VL: 5.13431 | AVL: 5.13967 | IVPPL: 169.747 | AVPPL: 170.659 | VENT: 6.84101b | VCERT: 11.4584%

[GeoMind CAUSAL CE Stream] Ep 1.0/Inf | Mixed Stream | Last: D[9.0: test/geomind/trainingdata/mined_expanded_corpus_cloze_part05.txt]
  Progress -> 7.17792% (8898.01 / 123964 KB) | LR: 0.00141526 | TTemp: 1.21786 | VTemp: 1.0
  Train -> TL: 4.55802 | ATL: 4.57926 | ITPPL: 95.394 | ATPPL: 97.442 | ENT: 6.33518b | CERT: 10.5093%
  Val   -> VL: 5.14747 | AVL: 5.14201 | IVPPL: 171.996 | AVPPL: 171.059 | VENT: 6.82664b | VCERT: 11.3688%

[GeoMind CAUSAL CE Stream] Ep 1.0/Inf | Mixed Stream | Last: D[9.0: test/geomind/trainingdata/mined_expanded_corpus_cloze_part05.txt]
  Progress -> 7.18619% (8908.27 / 123964 KB) | LR: 0.00141129 | TTemp: 1.22019 | VTemp: 1.0
  Train -> TL: 4.70656 | ATL: 4.57716 | ITPPL: 110.671 | ATPPL: 97.238 | ENT: 6.36423b | CERT: 10.0486%
  Val   -> VL: 5.14825 | AVL: 5.14388 | IVPPL: 172.13 | AVPPL: 171.38 | VENT: 6.83661b | VCERT: 11.467%

[GeoMind CAUSAL CE Stream] Ep 1.0/Inf | Mixed Stream | Last: D[9.0: test/geomind/trainingdata/mined_expanded_corpus_cloze_part05.txt]
  Progress -> 7.19299% (8916.7 / 123964 KB) | LR: 0.00140847 | TTemp: 1.22152 | VTemp: 1.0
  Train -> TL: 4.67303 | ATL: 4.58756 | ITPPL: 107.021 | ATPPL: 98.2546 | ENT: 6.43681b | CERT: 9.57334%
  Val   -> VL: 5.15001 | AVL: 5.14572 | IVPPL: 172.433 | AVPPL: 171.695 | VENT: 6.85788b | VCERT: 11.4494%

[GeoMind CAUSAL CE Stream] Ep 1.0/Inf | Mixed Stream | Last: D[9.0: test/geomind/trainingdata/mined_expanded_corpus_cloze_part05.txt]
  Progress -> 7.19921% (8924.4 / 123964 KB) | LR: 0.00140858 | TTemp: 1.21999 | VTemp: 1.0
  Train -> TL: 4.78562 | ATL: 4.6244 | ITPPL: 119.775 | ATPPL: 101.942 | ENT: 6.49874b | CERT: 9.15552%
  Val   -> VL: 5.15004 | AVL: 5.14702 | IVPPL: 172.439 | AVPPL: 171.918 | VENT: 6.87297b | VCERT: 11.4441%

[GeoMind CAUSAL CE Stream] Ep 1.0/Inf | Mixed Stream | Last: D[9.0: test/geomind/trainingdata/mined_expanded_corpus_cloze_part05.txt]
  Progress -> 7.20755% (8934.75 / 123964 KB) | LR: 0.00141143 | TTemp: 1.22381 | VTemp: 1.0
  Train -> TL: 4.67472 | ATL: 4.66257 | ITPPL: 107.202 | ATPPL: 105.908 | ENT: 6.47307b | CERT: 9.09258%
  Val   -> VL: 5.16874 | AVL: 5.15353 | IVPPL: 175.694 | AVPPL: 173.042 | VENT: 6.87797b | VCERT: 11.0388%

[GeoMind CAUSAL CE Stream] Ep 1.0/Inf | Mixed Stream | Last: D[9.0: test/geomind/trainingdata/mined_expanded_corpus_cloze_part05.txt]
  Progress -> 7.21635% (8945.65 / 123964 KB) | LR: 0.00141553 | TTemp: 1.22587 | VTemp: 1.0
  Train -> TL: 4.70246 | ATL: 4.68394 | ITPPL: 110.218 | ATPPL: 108.195 | ENT: 6.40583b | CERT: 9.94208%
  Val   -> VL: 5.1719 | AVL: 5.15905 | IVPPL: 176.25 | AVPPL: 173.998 | VENT: 6.8749b | VCERT: 11.1357%

[GeoMind CAUSAL CE Stream] Ep 1.0/Inf | Mixed Stream | Last: D[9.0: test/geomind/trainingdata/mined_expanded_corpus_cloze_part05.txt]
  Progress -> 7.22452% (8955.78 / 123964 KB) | LR: 0.00142056 | TTemp: 1.21885 | VTemp: 1.0
  Train -> TL: 4.66445 | ATL: 4.70265 | ITPPL: 106.108 | ATPPL: 110.239 | ENT: 6.42638b | CERT: 10.1316%
  Val   -> VL: 5.16472 | AVL: 5.16075 | IVPPL: 174.989 | AVPPL: 174.295 | VENT: 6.86718b | VCERT: 11.1742%

[GeoMind CAUSAL CE Stream] Ep 1.0/Inf | Mixed Stream | Last: D[9.0: test/geomind/trainingdata/mined_expanded_corpus_cloze_part05.txt]
  Progress -> 7.23144% (8964.36 / 123964 KB) | LR: 0.00142626 | TTemp: 1.21163 | VTemp: 1.0
  Train -> TL: 4.68109 | ATL: 4.71884 | ITPPL: 107.887 | ATPPL: 112.038 | ENT: 6.43544b | CERT: 10.3255%
  Val   -> VL: 5.15898 | AVL: 5.16022 | IVPPL: 173.987 | AVPPL: 174.203 | VENT: 6.8626b | VCERT: 11.185%

[GeoMind CAUSAL CE Stream] Ep 1.0/Inf | Mixed Stream | Last: D[9.0: test/geomind/trainingdata/mined_expanded_corpus_cloze_part05.txt]
  Progress -> 7.23959% (8974.46 / 123964 KB) | LR: 0.0014319 | TTemp: 1.20493 | VTemp: 1.0
  Train -> TL: 4.63065 | ATL: 4.72593 | ITPPL: 102.581 | ATPPL: 112.836 | ENT: 6.42042b | CERT: 10.2972%
  Val   -> VL: 5.15897 | AVL: 5.15984 | IVPPL: 173.985 | AVPPL: 174.137 | VENT: 6.85406b | VCERT: 11.2486%

[GeoMind CAUSAL CE Stream] Ep 1.0/Inf | Mixed Stream | Last: D[9.0: test/geomind/trainingdata/mined_expanded_corpus_cloze_part05.txt]
  Progress -> 7.24789% (8984.75 / 123964 KB) | LR: 0.00143667 | TTemp: 1.19985 | VTemp: 1.0
  Train -> TL: 4.76631 | ATL: 4.72159 | ITPPL: 117.485 | ATPPL: 112.346 | ENT: 6.51739b | CERT: 9.39606%
  Val   -> VL: 5.1727 | AVL: 5.1637 | IVPPL: 176.391 | AVPPL: 174.81 | VENT: 6.83488b | VCERT: 11.6473%

[GeoMind CAUSAL CE Stream] Ep 1.0/Inf | Mixed Stream | Last: D[9.0: test/geomind/trainingdata/mined_expanded_corpus_cloze_part05.txt]
  Progress -> 7.25529% (8993.92 / 123964 KB) | LR: 0.00143995 | TTemp: 1.1969 | VTemp: 1.0
  Train -> TL: 4.68731 | ATL: 4.70756 | ITPPL: 108.561 | ATPPL: 110.781 | ENT: 6.52149b | CERT: 8.56538%
  Val   -> VL: 5.17789 | AVL: 5.16796 | IVPPL: 177.308 | AVPPL: 175.556 | VENT: 6.82399b | VCERT: 11.5105%

[GeoMind CAUSAL CE Stream] Ep 1.0/Inf | Mixed Stream | Last: D[9.0: test/geomind/trainingdata/mined_expanded_corpus_cloze_part05.txt]
  Progress -> 7.26262% (9003.01 / 123964 KB) | LR: 0.00144204 | TTemp: 1.1956 | VTemp: 1.0
  Train -> TL: 4.70629 | ATL: 4.69563 | ITPPL: 110.641 | ATPPL: 109.468 | ENT: 6.50369b | CERT: 8.65383%
  Val   -> VL: 5.18178 | AVL: 5.1721 | IVPPL: 177.999 | AVPPL: 176.285 | VENT: 6.78616b | VCERT: 11.7168%

[GeoMind CAUSAL CE Stream] Ep 1.0/Inf | Mixed Stream | Last: D[9.0: test/geomind/trainingdata/mined_expanded_corpus_cloze_part05.txt]
  Progress -> 7.27174% (9014.32 / 123964 KB) | LR: 0.001443 | TTemp: 1.19527 | VTemp: 1.0
  Train -> TL: 4.59145 | ATL: 4.68291 | ITPPL: 98.6372 | ATPPL: 108.085 | ENT: 6.40886b | CERT: 8.78912%
  Val   -> VL: 5.16415 | AVL: 5.16972 | IVPPL: 174.889 | AVPPL: 175.865 | VENT: 6.79219b | VCERT: 11.7641%

[GeoMind CAUSAL CE Stream] Ep 1.0/Inf | Mixed Stream | Last: D[9.0: test/geomind/trainingdata/mined_expanded_corpus_cloze_part05.txt]
  Progress -> 7.27946% (9023.89 / 123964 KB) | LR: 0.0014432 | TTemp: 1.19563 | VTemp: 1.0
  Train -> TL: 4.51621 | ATL: 4.67362 | ITPPL: 91.4879 | ATPPL: 107.084 | ENT: 6.20069b | CERT: 10.3395%
  Val   -> VL: 5.16718 | AVL: 5.16896 | IVPPL: 175.419 | AVPPL: 175.731 | VENT: 6.78839b | VCERT: 11.9589%

[GeoMind CAUSAL CE Stream] Ep 1.0/Inf | Mixed Stream | Last: D[9.0: test/geomind/trainingdata/mined_expanded_corpus_cloze_part05.txt]
  Progress -> 7.2889% (9035.59 / 123964 KB) | LR: 0.00144455 | TTemp: 1.19508 | VTemp: 1.0
  Train -> TL: 4.79836 | ATL: 4.68988 | ITPPL: 121.312 | ATPPL: 108.84 | ENT: 6.42339b | CERT: 9.52506%
  Val   -> VL: 5.18501 | AVL: 5.17377 | IVPPL: 178.574 | AVPPL: 176.579 | VENT: 6.87634b | VCERT: 11.1892%

[GeoMind CAUSAL CE Stream] Ep 1.0/Inf | Mixed Stream | Last: D[9.0: test/geomind/trainingdata/mined_expanded_corpus_cloze_part05.txt]
  Progress -> 7.29602% (9044.42 / 123964 KB) | LR: 0.00144701 | TTemp: 1.20158 | VTemp: 1.0
  Train -> TL: 4.53774 | ATL: 4.70705 | ITPPL: 93.4797 | ATPPL: 110.725 | ENT: 6.29912b | CERT: 10.5164%
  Val   -> VL: 5.20763 | AVL: 5.18393 | IVPPL: 182.661 | AVPPL: 178.382 | VENT: 6.8647b | VCERT: 11.4211%

[GeoMind CAUSAL CE Stream] Ep 1.0/Inf | Mixed Stream | Last: D[9.0: test/geomind/trainingdata/mined_expanded_corpus_cloze_part05.txt]
  Progress -> 7.30288% (9052.92 / 123964 KB) | LR: 0.00144858 | TTemp: 1.20031 | VTemp: 1.0
  Train -> TL: 4.52942 | ATL: 4.69821 | ITPPL: 92.7052 | ATPPL: 109.751 | ENT: 6.23628b | CERT: 9.97109%
  Val   -> VL: 5.18576 | AVL: 5.18448 | IVPPL: 178.709 | AVPPL: 178.48 | VENT: 6.83817b | VCERT: 11.6202%

[GeoMind CAUSAL CE Stream] Ep 1.0/Inf | Mixed Stream | Last: D[9.0: test/geomind/trainingdata/mined_expanded_corpus_cloze_part05.txt]
  Progress -> 7.31021% (9062 / 123964 KB) | LR: 0.001448 | TTemp: 1.2012 | VTemp: 1.0
  Train -> TL: 4.58368 | ATL: 4.6706 | ITPPL: 97.8737 | ATPPL: 106.762 | ENT: 6.13289b | CERT: 11.0334%
  Val   -> VL: 5.17966 | AVL: 5.18303 | IVPPL: 177.623 | AVPPL: 178.223 | VENT: 6.81616b | VCERT: 11.7335%

[GeoMind CAUSAL CE Stream] Ep 1.0/Inf | Mixed Stream | Last: D[9.0: test/geomind/trainingdata/mined_expanded_corpus_cloze_part05.txt]
  Progress -> 7.31725% (9070.73 / 123964 KB) | LR: 0.00144738 | TTemp: 1.20203 | VTemp: 1.0
  Train -> TL: 4.66694 | ATL: 4.66918 | ITPPL: 106.372 | ATPPL: 106.61 | ENT: 6.24242b | CERT: 10.7292%
  Val   -> VL: 5.18168 | AVL: 5.18263 | IVPPL: 177.982 | AVPPL: 178.151 | VENT: 6.82667b | VCERT: 11.7001%

[GeoMind CAUSAL CE Stream] Ep 1.0/Inf | Mixed Stream | Last: D[9.0: test/geomind/trainingdata/mined_expanded_corpus_cloze_part05.txt]
  Progress -> 7.32453% (9079.76 / 123964 KB) | LR: 0.00144602 | TTemp: 1.20352 | VTemp: 1.0
  Train -> TL: 4.6032 | ATL: 4.65804 | ITPPL: 99.8033 | ATPPL: 105.43 | ENT: 6.36076b | CERT: 9.42786%
  Val   -> VL: 5.18038 | AVL: 5.18195 | IVPPL: 177.749 | AVPPL: 178.03 | VENT: 6.83043b | VCERT: 11.835%

[GeoMind CAUSAL CE Stream] Ep 1.0/Inf | Mixed Stream | Last: D[9.0: test/geomind/trainingdata/mined_expanded_corpus_cloze_part05.txt]
  Progress -> 7.33095% (9087.72 / 123964 KB) | LR: 0.00144451 | TTemp: 1.20495 | VTemp: 1.0
  Train -> TL: 4.65623 | ATL: 4.65401 | ITPPL: 105.239 | ATPPL: 105.005 | ENT: 6.42345b | CERT: 9.36778%
  Val   -> VL: 5.1757 | AVL: 5.18008 | IVPPL: 176.92 | AVPPL: 177.696 | VENT: 6.82038b | VCERT: 11.8908%

[GeoMind CAUSAL CE Stream] Ep 1.0/Inf | Mixed Stream | Last: D[9.0: test/geomind/trainingdata/mined_expanded_corpus_cloze_part05.txt]
  Progress -> 7.33872% (9097.35 / 123964 KB) | LR: 0.0014437 | TTemp: 1.20566 | VTemp: 1.0
  Train -> TL: 4.5754 | ATL: 4.66167 | ITPPL: 97.0671 | ATPPL: 105.813 | ENT: 6.38628b | CERT: 9.45745%
  Val   -> VL: 5.18338 | AVL: 5.18107 | IVPPL: 178.285 | AVPPL: 177.873 | VENT: 6.81232b | VCERT: 11.8825%

[GeoMind CAUSAL CE Stream] Ep 1.0/Inf | Mixed Stream | Last: D[9.0: test/geomind/trainingdata/mined_expanded_corpus_cloze_part05.txt]
  Progress -> 7.34445% (9104.44 / 123964 KB) | LR: 0.00144396 | TTemp: 1.20558 | VTemp: 1.0
  Train -> TL: 4.47327 | ATL: 4.67546 | ITPPL: 87.6428 | ATPPL: 107.282 | ENT: 6.13845b | CERT: 10.1804%
  Val   -> VL: 5.19645 | AVL: 5.18568 | IVPPL: 180.63 | AVPPL: 178.696 | VENT: 6.78899b | VCERT: 11.9457%

[GeoMind CAUSAL CE Stream] Ep 1.0/Inf | Mixed Stream | Last: D[9.0: test/geomind/trainingdata/mined_expanded_corpus_cloze_part05.txt]
  Progress -> 7.34981% (9111.1 / 123964 KB) | LR: 0.00144516 | TTemp: 1.21257 | VTemp: 1.0
  Train -> TL: 4.68059 | ATL: 4.68877 | ITPPL: 107.834 | ATPPL: 108.72 | ENT: 6.0521b | CERT: 11.5028%
  Val   -> VL: 5.21061 | AVL: 5.19316 | IVPPL: 183.205 | AVPPL: 180.037 | VENT: 6.77269b | VCERT: 12.1149%

[GeoMind CAUSAL CE Stream] Ep 1.0/Inf | Mixed Stream | Last: D[9.0: test/geomind/trainingdata/mined_expanded_corpus_cloze_part05.txt]
  Progress -> 7.35753% (9120.67 / 123964 KB) | LR: 0.00144598 | TTemp: 1.21132 | VTemp: 1.0
  Train -> TL: 4.4197 | ATL: 4.68528 | ITPPL: 83.0717 | ATPPL: 108.34 | ENT: 6.02591b | CERT: 12.1395%
  Val   -> VL: 5.19497 | AVL: 5.1937 | IVPPL: 180.363 | AVPPL: 180.134 | VENT: 6.74834b | VCERT: 12.2963%

[GeoMind CAUSAL CE Stream] Ep 1.0/Inf | Mixed Stream | Last: D[9.0: test/geomind/trainingdata/mined_expanded_corpus_cloze_part05.txt]
  Progress -> 7.36679% (9132.14 / 123964 KB) | LR: 0.00144551 | TTemp: 1.2117 | VTemp: 1.0
  Train -> TL: 4.38136 | ATL: 4.66837 | ITPPL: 79.9467 | ATPPL: 106.523 | ENT: 5.84531b | CERT: 14.4772%
  Val   -> VL: 5.20186 | AVL: 5.19615 | IVPPL: 181.609 | AVPPL: 180.576 | VENT: 6.76132b | VCERT: 12.1399%

[GeoMind CAUSAL CE Stream] Ep 1.0/Inf | Mixed Stream | Last: D[9.0: test/geomind/trainingdata/mined_expanded_corpus_cloze_part05.txt]
  Progress -> 7.37574% (9143.24 / 123964 KB) | LR: 0.00144398 | TTemp: 1.21315 | VTemp: 1.0
  Train -> TL: 4.371 | ATL: 4.65311 | ITPPL: 79.1231 | ATPPL: 104.911 | ENT: 5.75983b | CERT: 14.2214%
  Val   -> VL: 5.19504 | AVL: 5.19582 | IVPPL: 180.376 | AVPPL: 180.516 | VENT: 6.74257b | VCERT: 12.4%

[GeoMind CAUSAL CE Stream] Ep 1.0/Inf | Mixed Stream | Last: D[9.0: test/geomind/trainingdata/mined_expanded_corpus_cloze_part05.txt]
  Progress -> 7.38518% (9154.95 / 123964 KB) | LR: 0.00144004 | TTemp: 1.21709 | VTemp: 1.0
  Train -> TL: 4.29846 | ATL: 4.61753 | ITPPL: 73.5862 | ATPPL: 101.244 | ENT: 5.85086b | CERT: 13.2907%
  Val   -> VL: 5.19754 | AVL: 5.19634 | IVPPL: 180.827 | AVPPL: 180.609 | VENT: 6.7226b | VCERT: 12.5935%

[GeoMind CAUSAL CE Stream] Ep 1.0/Inf | Mixed Stream | Last: D[9.0: test/geomind/trainingdata/mined_expanded_corpus_cloze_part05.txt]
  Progress -> 7.39608% (9168.46 / 123964 KB) | LR: 0.00143554 | TTemp: 1.22107 | VTemp: 1.0
  Train -> TL: 4.53621 | ATL: 4.60411 | ITPPL: 93.3368 | ATPPL: 99.8938 | ENT: 5.95739b | CERT: 12.6635%
  Val   -> VL: 5.17992 | AVL: 5.19141 | IVPPL: 177.668 | AVPPL: 179.722 | VENT: 6.74991b | VCERT: 12.529%

[GeoMind CAUSAL CE Stream] Ep 1.0/Inf | Mixed Stream | Last: D[9.0: test/geomind/trainingdata/mined_expanded_corpus_cloze_part05.txt]
  Progress -> 7.40519% (9179.75 / 123964 KB) | LR: 0.00143067 | TTemp: 1.23319 | VTemp: 1.0
  Train -> TL: 4.4229 | ATL: 4.59289 | ITPPL: 83.3379 | ATPPL: 98.7791 | ENT: 5.96624b | CERT: 13.353%
  Val   -> VL: 5.20872 | AVL: 5.1966 | IVPPL: 182.86 | AVPPL: 180.658 | VENT: 6.71253b | VCERT: 12.8156%

[GeoMind CAUSAL CE Stream] Ep 1.0/Inf | Mixed Stream | Last: D[9.0: test/geomind/trainingdata/mined_expanded_corpus_cloze_part05.txt]
  Progress -> 7.41363% (9190.21 / 123964 KB) | LR: 0.00142731 | TTemp: 1.23502 | VTemp: 1.0
  Train -> TL: 4.48284 | ATL: 4.60705 | ITPPL: 88.4854 | ATPPL: 100.188 | ENT: 5.94905b | CERT: 12.5131%
  Val   -> VL: 5.20067 | AVL: 5.19782 | IVPPL: 181.395 | AVPPL: 180.878 | VENT: 6.70287b | VCERT: 13.0208%

[GeoMind CAUSAL CE Stream] Ep 1.0/Inf | Mixed Stream | Last: D[9.0: test/geomind/trainingdata/mined_expanded_corpus_cloze_part05.txt]
  Progress -> 7.42149% (9199.95 / 123964 KB) | LR: 0.00142558 | TTemp: 1.23556 | VTemp: 1.0
  Train -> TL: 4.78573 | ATL: 4.62498 | ITPPL: 119.789 | ATPPL: 102.001 | ENT: 6.35527b | CERT: 10.5331%
  Val   -> VL: 5.2127 | AVL: 5.20229 | IVPPL: 183.59 | AVPPL: 181.688 | VENT: 6.75481b | VCERT: 12.5718%

[GeoMind CAUSAL CE Stream] Ep 1.0/Inf | Mixed Stream | Last: D[9.0: test/geomind/trainingdata/mined_expanded_corpus_cloze_part05.txt]
  Progress -> 7.42928% (9209.6 / 123964 KB) | LR: 0.00142495 | TTemp: 1.23527 | VTemp: 1.0
  Train -> TL: 4.73422 | ATL: 4.63793 | ITPPL: 113.775 | ATPPL: 103.33 | ENT: 6.47587b | CERT: 9.58344%
  Val   -> VL: 5.2117 | AVL: 5.20511 | IVPPL: 183.405 | AVPPL: 182.201 | VENT: 6.77065b | VCERT: 12.1567%

[GeoMind CAUSAL CE Stream] Ep 1.0/Inf | Mixed Stream | Last: D[9.0: test/geomind/trainingdata/mined_expanded_corpus_cloze_part05.txt]
  Progress -> 7.43763% (9219.96 / 123964 KB) | LR: 0.00142565 | TTemp: 1.23332 | VTemp: 1.0
  Train -> TL: 4.76254 | ATL: 4.65545 | ITPPL: 117.043 | ATPPL: 105.157 | ENT: 6.4056b | CERT: 10.136%
  Val   -> VL: 5.18831 | AVL: 5.20007 | IVPPL: 179.166 | AVPPL: 181.285 | VENT: 6.79959b | VCERT: 12.0678%

[GeoMind CAUSAL CE Stream] Ep 1.0/Inf | Mixed Stream | Last: D[9.0: test/geomind/trainingdata/mined_expanded_corpus_cloze_part05.txt]
  Progress -> 7.44507% (9229.18 / 123964 KB) | LR: 0.00142698 | TTemp: 1.2305 | VTemp: 1.0
  Train -> TL: 4.70441 | ATL: 4.66522 | ITPPL: 110.433 | ATPPL: 106.189 | ENT: 6.48693b | CERT: 9.86283%
  Val   -> VL: 5.18051 | AVL: 5.1942 | IVPPL: 177.773 | AVPPL: 180.224 | VENT: 6.78223b | VCERT: 12.4512%

[GeoMind CAUSAL CE Stream] Ep 1.0/Inf | Mixed Stream | Last: D[9.0: test/geomind/trainingdata/mined_expanded_corpus_cloze_part05.txt]
  Progress -> 7.45328% (9239.36 / 123964 KB) | LR: 0.00142781 | TTemp: 1.22807 | VTemp: 1.0
  Train -> TL: 4.62958 | ATL: 4.66007 | ITPPL: 102.471 | ATPPL: 105.643 | ENT: 6.41612b | CERT: 9.96177%
  Val   -> VL: 5.1757 | AVL: 5.18865 | IVPPL: 176.921 | AVPPL: 179.227 | VENT: 6.79043b | VCERT: 11.8864%

[GeoMind CAUSAL CE Stream] Ep 1.0/Inf | Mixed Stream | Last: D[9.0: test/geomind/trainingdata/mined_expanded_corpus_cloze_part05.txt]
  Progress -> 7.4597% (9247.32 / 123964 KB) | LR: 0.00142825 | TTemp: 1.2262 | VTemp: 1.0
  Train -> TL: 4.72513 | ATL: 4.65585 | ITPPL: 112.745 | ATPPL: 105.198 | ENT: 6.41573b | CERT: 9.82568%
  Val   -> VL: 5.18317 | AVL: 5.18701 | IVPPL: 178.247 | AVPPL: 178.932 | VENT: 6.77961b | VCERT: 11.87%

[GeoMind CAUSAL CE Stream] Ep 1.0/Inf | Mixed Stream | Last: D[9.0: test/geomind/trainingdata/mined_expanded_corpus_cloze_part05.txt]
  Progress -> 7.46584% (9254.93 / 123964 KB) | LR: 0.00142777 | TTemp: 1.22578 | VTemp: 1.0
  Train -> TL: 4.61173 | ATL: 4.64375 | ITPPL: 100.658 | ATPPL: 103.933 | ENT: 6.38667b | CERT: 9.86927%
  Val   -> VL: 5.19898 | AVL: 5.1906 | IVPPL: 181.087 | AVPPL: 179.576 | VENT: 6.73723b | VCERT: 12.2248%

[GeoMind CAUSAL CE Stream] Ep 1.0/Inf | Mixed Stream | Last: D[9.0: test/geomind/trainingdata/mined_expanded_corpus_cloze_part05.txt]
  Progress -> 7.47373% (9264.71 / 123964 KB) | LR: 0.00142579 | TTemp: 1.22688 | VTemp: 1.0
  Train -> TL: 4.58113 | ATL: 4.62216 | ITPPL: 97.6251 | ATPPL: 101.713 | ENT: 6.2336b | CERT: 11.0181%
  Val   -> VL: 5.1833 | AVL: 5.18841 | IVPPL: 178.271 | AVPPL: 179.184 | VENT: 6.74326b | VCERT: 12.4487%

[GeoMind CAUSAL CE Stream] Ep 1.0/Inf | Mixed Stream | Last: D[9.0: test/geomind/trainingdata/mined_expanded_corpus_cloze_part05.txt]
  Progress -> 7.48234% (9275.38 / 123964 KB) | LR: 0.00142552 | TTemp: 1.22573 | VTemp: 1.0
  Train -> TL: 4.72489 | ATL: 4.64321 | ITPPL: 112.718 | ATPPL: 103.877 | ENT: 6.2932b | CERT: 10.7703%
  Val   -> VL: 5.16573 | AVL: 5.18161 | IVPPL: 175.166 | AVPPL: 177.969 | VENT: 6.75241b | VCERT: 12.4619%

[GeoMind CAUSAL CE Stream] Ep 1.0/Inf | Mixed Stream | Last: D[9.0: test/geomind/trainingdata/mined_expanded_corpus_cloze_part05.txt]
  Progress -> 7.49011% (9285.01 / 123964 KB) | LR: 0.00142662 | TTemp: 1.22293 | VTemp: 1.0
  Train -> TL: 4.68218 | ATL: 4.66178 | ITPPL: 108.005 | ATPPL: 105.824 | ENT: 6.34063b | CERT: 11.288%
  Val   -> VL: 5.16282 | AVL: 5.17597 | IVPPL: 174.656 | AVPPL: 176.968 | VENT: 6.74935b | VCERT: 12.4889%

[GeoMind CAUSAL CE Stream] Ep 1.0/Inf | Mixed Stream | Last: D[9.0: test/geomind/trainingdata/mined_expanded_corpus_cloze_part05.txt]
  Progress -> 7.49851% (9295.43 / 123964 KB) | LR: 0.0014269 | TTemp: 1.22094 | VTemp: 1.0
  Train -> TL: 4.61964 | ATL: 4.65203 | ITPPL: 101.457 | ATPPL: 104.798 | ENT: 6.28014b | CERT: 12.0085%
  Val   -> VL: 5.16037 | AVL: 5.17129 | IVPPL: 174.229 | AVPPL: 176.142 | VENT: 6.74726b | VCERT: 12.2156%

[GeoMind CAUSAL CE Stream] Ep 1.0/Inf | Mixed Stream | Last: D[9.0: test/geomind/trainingdata/mined_expanded_corpus_cloze_part05.txt]
  Progress -> 7.5076% (9306.7 / 123964 KB) | LR: 0.00142608 | TTemp: 1.22034 | VTemp: 1.0
  Train -> TL: 4.61623 | ATL: 4.63701 | ITPPL: 101.113 | ATPPL: 103.235 | ENT: 6.28835b | CERT: 12.1327%
  Val   -> VL: 5.16994 | AVL: 5.17089 | IVPPL: 175.905 | AVPPL: 176.071 | VENT: 6.75767b | VCERT: 12.2907%

[GeoMind CAUSAL CE Stream] Ep 1.0/Inf | Mixed Stream | Last: D[9.0: test/geomind/trainingdata/mined_expanded_corpus_cloze_part05.txt]
  Progress -> 7.51653% (9317.77 / 123964 KB) | LR: 0.00142588 | TTemp: 1.21907 | VTemp: 1.0
  Train -> TL: 4.78291 | ATL: 4.64464 | ITPPL: 119.452 | ATPPL: 104.026 | ENT: 6.41689b | CERT: 10.7782%
  Val   -> VL: 5.16282 | AVL: 5.16847 | IVPPL: 174.657 | AVPPL: 175.645 | VENT: 6.76148b | VCERT: 12.6023%

[GeoMind CAUSAL CE Stream] Ep 1.0/Inf | Mixed Stream | Last: D[9.0: test/geomind/trainingdata/mined_expanded_corpus_cloze_part05.txt]
  Progress -> 7.52796% (9331.94 / 123964 KB) | LR: 0.00142685 | TTemp: 1.21653 | VTemp: 1.0
  Train -> TL: 4.72635 | ATL: 4.6605 | ITPPL: 112.882 | ATPPL: 105.689 | ENT: 6.45271b | CERT: 9.95752%
  Val   -> VL: 5.15609 | AVL: 5.16475 | IVPPL: 173.484 | AVPPL: 174.994 | VENT: 6.80562b | VCERT: 12.0814%

[GeoMind CAUSAL CE Stream] Ep 1.0/Inf | Mixed Stream | Last: D[9.0: test/geomind/trainingdata/mined_expanded_corpus_cloze_part05.txt]
  Progress -> 7.53788% (9344.24 / 123964 KB) | LR: 0.00142768 | TTemp: 1.21433 | VTemp: 1.0
  Train -> TL: 4.52651 | ATL: 4.65991 | ITPPL: 92.4357 | ATPPL: 105.626 | ENT: 6.32082b | CERT: 10.6484%
  Val   -> VL: 5.16092 | AVL: 5.1636 | IVPPL: 174.325 | AVPPL: 174.793 | VENT: 6.81215b | VCERT: 11.782%

[GeoMind CAUSAL CE Stream] Ep 1.0/Inf | Mixed Stream | Last: D[9.0: test/geomind/trainingdata/mined_expanded_corpus_cloze_part05.txt]
  Progress -> 7.55062% (9360.03 / 123964 KB) | LR: 0.00142907 | TTemp: 1.21145 | VTemp: 1.0
  Train -> TL: 4.7392 | ATL: 4.66887 | ITPPL: 114.342 | ATPPL: 106.577 | ENT: 6.45782b | CERT: 10.2933%
  Val   -> VL: 5.1485 | AVL: 5.15907 | IVPPL: 172.174 | AVPPL: 174.003 | VENT: 6.77835b | VCERT: 12.2856%

[GeoMind CAUSAL CE Stream] Ep 1.0/Inf | Mixed Stream | Last: D[9.0: test/geomind/trainingdata/mined_expanded_corpus_cloze_part05.txt]
  Progress -> 7.56173% (9373.8 / 123964 KB) | LR: 0.00143015 | TTemp: 1.20897 | VTemp: 1.0
  Train -> TL: 4.72191 | ATL: 4.66654 | ITPPL: 112.383 | ATPPL: 106.329 | ENT: 6.53506b | CERT: 10.0805%
  Val   -> VL: 5.15006 | AVL: 5.15637 | IVPPL: 172.441 | AVPPL: 173.533 | VENT: 6.81369b | VCERT: 11.7641%

[GeoMind CAUSAL CE Stream] Ep 1.0/Inf | Mixed Stream | Last: D[9.0: test/geomind/trainingdata/mined_expanded_corpus_cloze_part05.txt]
  Progress -> 7.56867% (9382.4 / 123964 KB) | LR: 0.00142996 | TTemp: 1.20771 | VTemp: 1.0
  Train -> TL: 4.68249 | ATL: 4.65027 | ITPPL: 108.039 | ATPPL: 104.614 | ENT: 6.46298b | CERT: 10.9265%
  Val   -> VL: 5.13999 | AVL: 5.15145 | IVPPL: 170.714 | AVPPL: 172.682 | VENT: 6.75753b | VCERT: 12.1914%

[GeoMind CAUSAL CE Stream] Ep 1.0/Inf | Mixed Stream | Last: D[9.0: test/geomind/trainingdata/mined_expanded_corpus_cloze_part05.txt]
  Progress -> 7.57711% (9392.86 / 123964 KB) | LR: 0.00143015 | TTemp: 1.20622 | VTemp: 1.0
  Train -> TL: 4.83672 | ATL: 4.65538 | ITPPL: 126.055 | ATPPL: 105.149 | ENT: 6.41985b | CERT: 11.4987%
  Val   -> VL: 5.14963 | AVL: 5.15091 | IVPPL: 172.368 | AVPPL: 172.588 | VENT: 6.7954b | VCERT: 12.0882%

[GeoMind CAUSAL CE Stream] Ep 1.0/Inf | Mixed Stream | Last: D[9.0: test/geomind/trainingdata/mined_expanded_corpus_cloze_part05.txt]
  Progress -> 7.58637% (9404.35 / 123964 KB) | LR: 0.00143025 | TTemp: 1.20515 | VTemp: 1.0
  Train -> TL: 4.70567 | ATL: 4.65433 | ITPPL: 110.573 | ATPPL: 105.039 | ENT: 6.39068b | CERT: 11.8684%
  Val   -> VL: 5.15627 | AVL: 5.15252 | IVPPL: 173.516 | AVPPL: 172.866 | VENT: 6.84114b | VCERT: 11.8672%

[GeoMind CAUSAL CE Stream] Ep 1.0/Inf | Mixed Stream | Last: D[9.0: test/geomind/trainingdata/mined_expanded_corpus_cloze_part05.txt]
  Progress -> 7.59646% (9416.85 / 123964 KB) | LR: 0.00143057 | TTemp: 1.20405 | VTemp: 1.0
  Train -> TL: 4.71057 | ATL: 4.65758 | ITPPL: 111.115 | ATPPL: 105.381 | ENT: 6.30912b | CERT: 11.6652%
  Val   -> VL: 5.15509 | AVL: 5.15329 | IVPPL: 173.312 | AVPPL: 173 | VENT: 6.86355b | VCERT: 11.6981%

[GeoMind CAUSAL CE Stream] Ep 1.0/Inf | Mixed Stream | Last: D[9.0: test/geomind/trainingdata/mined_expanded_corpus_cloze_part05.txt]
  Progress -> 7.60666% (9429.5 / 123964 KB) | LR: 0.00143053 | TTemp: 1.21148 | VTemp: 1.0
  Train -> TL: 4.74112 | ATL: 4.65297 | ITPPL: 114.563 | ATPPL: 104.896 | ENT: 6.43278b | CERT: 10.1439%
  Val   -> VL: 5.17616 | AVL: 5.16015 | IVPPL: 177.002 | AVPPL: 174.191 | VENT: 6.90115b | VCERT: 11.4557%

[GeoMind CAUSAL CE Stream] Ep 1.0/Inf | Mixed Stream | Last: D[9.0: test/geomind/trainingdata/mined_expanded_corpus_cloze_part05.txt]
  Progress -> 7.61425% (9438.9 / 123964 KB) | LR: 0.00143072 | TTemp: 1.21812 | VTemp: 1.0
  Train -> TL: 4.70241 | ATL: 4.65625 | ITPPL: 110.212 | ATPPL: 105.241 | ENT: 6.50253b | CERT: 9.45569%
  Val   -> VL: 5.18549 | AVL: 5.16775 | IVPPL: 178.66 | AVPPL: 175.52 | VENT: 6.90159b | VCERT: 11.402%

[GeoMind CAUSAL CE Stream] Ep 1.0/Inf | Mixed Stream | Last: D[9.0: test/geomind/trainingdata/mined_expanded_corpus_cloze_part05.txt]
  Progress -> 7.62227% (9448.85 / 123964 KB) | LR: 0.00143072 | TTemp: 1.21672 | VTemp: 1.0
  Train -> TL: 4.60164 | ATL: 4.6537 | ITPPL: 99.6476 | ATPPL: 104.972 | ENT: 6.35711b | CERT: 10.1%
  Val   -> VL: 5.17919 | AVL: 5.17118 | IVPPL: 177.539 | AVPPL: 176.123 | VENT: 6.85625b | VCERT: 11.7555%

[GeoMind CAUSAL CE Stream] Ep 1.0/Inf | Mixed Stream | Last: D[9.0: test/geomind/trainingdata/mined_expanded_corpus_cloze_part05.txt]
  Progress -> 7.6284% (9456.45 / 123964 KB) | LR: 0.00143272 | TTemp: 1.21378 | VTemp: 1.0
  Train -> TL: 4.77564 | ATL: 4.68158 | ITPPL: 118.586 | ATPPL: 107.94 | ENT: 6.44745b | CERT: 10.2299%
  Val   -> VL: 5.18662 | AVL: 5.17581 | IVPPL: 178.863 | AVPPL: 176.941 | VENT: 6.85477b | VCERT: 11.6341%

[GeoMind CAUSAL CE Stream] Ep 1.0/Inf | Mixed Stream | Last: D[9.0: test/geomind/trainingdata/mined_expanded_corpus_cloze_part05.txt]
  Progress -> 7.63643% (9466.4 / 123964 KB) | LR: 0.00143552 | TTemp: 1.21814 | VTemp: 1.0
  Train -> TL: 4.68994 | ATL: 4.6955 | ITPPL: 108.847 | ATPPL: 109.453 | ENT: 6.46246b | CERT: 10.1514%
  Val   -> VL: 5.19397 | AVL: 5.18126 | IVPPL: 180.183 | AVPPL: 177.907 | VENT: 6.81935b | VCERT: 11.7386%

[GeoMind CAUSAL CE Stream] Ep 1.0/Inf | Mixed Stream | Last: D[9.0: test/geomind/trainingdata/mined_expanded_corpus_cloze_part05.txt]
  Progress -> 7.64337% (9475 / 123964 KB) | LR: 0.00143805 | TTemp: 1.21464 | VTemp: 1.0
  Train -> TL: 4.4345 | ATL: 4.6955 | ITPPL: 84.3099 | ATPPL: 109.454 | ENT: 6.27717b | CERT: 11.7033%
  Val   -> VL: 5.19422 | AVL: 5.18515 | IVPPL: 180.227 | AVPPL: 178.6 | VENT: 6.7764b | VCERT: 11.9992%

[GeoMind CAUSAL CE Stream] Ep 1.0/Inf | Mixed Stream | Last: D[9.0: test/geomind/trainingdata/mined_expanded_corpus_cloze_part05.txt]
  Progress -> 7.65247% (9486.29 / 123964 KB) | LR: 0.00143981 | TTemp: 1.2124 | VTemp: 1.0
  Train -> TL: 4.55398 | ATL: 4.68841 | ITPPL: 95.0097 | ATPPL: 108.68 | ENT: 6.21182b | CERT: 11.3779%
  Val   -> VL: 5.19378 | AVL: 5.18774 | IVPPL: 180.148 | AVPPL: 179.063 | VENT: 6.74264b | VCERT: 12.2324%

[GeoMind CAUSAL CE Stream] Ep 1.0/Inf | Mixed Stream | Last: D[9.0: test/geomind/trainingdata/mined_expanded_corpus_cloze_part05.txt]
  Progress -> 7.66143% (9497.39 / 123964 KB) | LR: 0.00144057 | TTemp: 1.21115 | VTemp: 1.0
  Train -> TL: 4.55417 | ATL: 4.67701 | ITPPL: 95.0277 | ATPPL: 107.448 | ENT: 6.24761b | CERT: 11.1565%
  Val   -> VL: 5.17937 | AVL: 5.18523 | IVPPL: 177.571 | AVPPL: 178.614 | VENT: 6.74138b | VCERT: 12.3124%

[GeoMind CAUSAL CE Stream] Ep 1.0/Inf | Mixed Stream | Last: D[9.0: test/geomind/trainingdata/mined_expanded_corpus_cloze_part05.txt]
  Progress -> 7.6683% (9505.91 / 123964 KB) | LR: 0.0014395 | TTemp: 1.2116 | VTemp: 1.0
  Train -> TL: 4.54761 | ATL: 4.65262 | ITPPL: 94.4064 | ATPPL: 104.859 | ENT: 6.18967b | CERT: 11.1463%
  Val   -> VL: 5.17058 | AVL: 5.18083 | IVPPL: 176.016 | AVPPL: 177.831 | VENT: 6.72449b | VCERT: 12.7297%

[GeoMind CAUSAL CE Stream] Ep 1.0/Inf | Mixed Stream | Last: D[9.0: test/geomind/trainingdata/mined_expanded_corpus_cloze_part05.txt]
  Progress -> 7.67838% (9518.4 / 123964 KB) | LR: 0.00143773 | TTemp: 1.21269 | VTemp: 1.0
  Train -> TL: 4.64195 | ATL: 4.64131 | ITPPL: 103.746 | ATPPL: 103.681 | ENT: 6.1899b | CERT: 11.8703%
  Val   -> VL: 5.17512 | AVL: 5.17912 | IVPPL: 176.817 | AVPPL: 177.526 | VENT: 6.73885b | VCERT: 12.3984%

[GeoMind CAUSAL CE Stream] Ep 1.0/Inf | Mixed Stream | Last: D[9.0: test/geomind/trainingdata/mined_expanded_corpus_cloze_part05.txt]
  Progress -> 7.68624% (9528.15 / 123964 KB) | LR: 0.00143618 | TTemp: 1.21388 | VTemp: 1.0
  Train -> TL: 4.55676 | ATL: 4.64205 | ITPPL: 95.2745 | ATPPL: 103.756 | ENT: 6.11779b | CERT: 11.7015%
  Val   -> VL: 5.19299 | AVL: 5.18328 | IVPPL: 180.005 | AVPPL: 178.266 | VENT: 6.7312b | VCERT: 12.5191%

[GeoMind CAUSAL CE Stream] Ep 1.0/Inf | Mixed Stream | Last: D[9.0: test/geomind/trainingdata/mined_expanded_corpus_cloze_part05.txt]
  Progress -> 7.69615% (9540.44 / 123964 KB) | LR: 0.00143511 | TTemp: 1.21445 | VTemp: 1.0
  Train -> TL: 4.65052 | ATL: 4.64641 | ITPPL: 104.64 | ATPPL: 104.21 | ENT: 6.23613b | CERT: 11.4566%
  Val   -> VL: 5.17835 | AVL: 5.1818 | IVPPL: 177.39 | AVPPL: 178.003 | VENT: 6.78513b | VCERT: 12.2167%

[GeoMind CAUSAL CE Stream] Ep 1.0/Inf | Mixed Stream | Last: D[9.0: test/geomind/trainingdata/mined_expanded_corpus_cloze_part05.txt]
  Progress -> 7.70285% (9548.74 / 123964 KB) | LR: 0.00143352 | TTemp: 1.21518 | VTemp: 1.0
  Train -> TL: 4.47211 | ATL: 4.63784 | ITPPL: 87.5416 | ATPPL: 103.321 | ENT: 6.19805b | CERT: 10.8996%
  Val   -> VL: 5.16371 | AVL: 5.17637 | IVPPL: 174.811 | AVPPL: 177.039 | VENT: 6.77821b | VCERT: 12.158%

[GeoMind CAUSAL CE Stream] Ep 1.0/Inf | Mixed Stream | Last: D[9.0: test/geomind/trainingdata/mined_expanded_corpus_cloze_part05.txt]
  Progress -> 7.71085% (9558.65 / 123964 KB) | LR: 0.00143028 | TTemp: 1.21744 | VTemp: 1.0
  Train -> TL: 4.45647 | ATL: 4.61271 | ITPPL: 86.183 | ATPPL: 100.756 | ENT: 6.16557b | CERT: 11.4601%
  Val   -> VL: 5.16598 | AVL: 5.17325 | IVPPL: 175.209 | AVPPL: 176.488 | VENT: 6.72358b | VCERT: 12.6119%

[GeoMind CAUSAL CE Stream] Ep 1.0/Inf | Mixed Stream | Last: D[9.0: test/geomind/trainingdata/mined_expanded_corpus_cloze_part05.txt]
  Progress -> 7.71958% (9569.48 / 123964 KB) | LR: 0.00142627 | TTemp: 1.2203 | VTemp: 1.0
  Train -> TL: 4.7251 | ATL: 4.59748 | ITPPL: 112.742 | ATPPL: 99.2339 | ENT: 6.27968b | CERT: 10.6408%
  Val   -> VL: 5.16387 | AVL: 5.17044 | IVPPL: 174.839 | AVPPL: 175.992 | VENT: 6.74416b | VCERT: 12.5838%

[GeoMind CAUSAL CE Stream] Ep 1.0/Inf | Mixed Stream | Last: D[9.0: test/geomind/trainingdata/mined_expanded_corpus_cloze_part05.txt]
  Progress -> 7.72807% (9580 / 123964 KB) | LR: 0.00142218 | TTemp: 1.22304 | VTemp: 1.0
  Train -> TL: 4.6024 | ATL: 4.59081 | ITPPL: 99.7236 | ATPPL: 98.5743 | ENT: 6.25106b | CERT: 11.3674%
  Val   -> VL: 5.16228 | AVL: 5.16799 | IVPPL: 174.563 | AVPPL: 175.562 | VENT: 6.71175b | VCERT: 12.8945%

[GeoMind CAUSAL CE Stream] Ep 1.0/Inf | Mixed Stream | Last: D[9.0: test/geomind/trainingdata/mined_expanded_corpus_cloze_part05.txt]
  Progress -> 7.73657% (9590.53 / 123964 KB) | LR: 0.00141808 | TTemp: 1.22584 | VTemp: 1.0
  Train -> TL: 4.58055 | ATL: 4.58492 | ITPPL: 97.568 | ATPPL: 97.9957 | ENT: 6.23474b | CERT: 11.7965%
  Val   -> VL: 5.16905 | AVL: 5.16831 | IVPPL: 175.748 | AVPPL: 175.618 | VENT: 6.7229b | VCERT: 12.6978%

[GeoMind CAUSAL CE Stream] Ep 1.0/Inf | Mixed Stream | Last: D[9.0: test/geomind/trainingdata/mined_expanded_corpus_cloze_part05.txt]
  Progress -> 7.74454% (9600.42 / 123964 KB) | LR: 0.00141369 | TTemp: 1.22922 | VTemp: 1.0
  Train -> TL: 4.60074 | ATL: 4.57527 | ITPPL: 99.5575 | ATPPL: 97.0539 | ENT: 6.35262b | CERT: 10.3306%
  Val   -> VL: 5.18076 | AVL: 5.17204 | IVPPL: 177.817 | AVPPL: 176.275 | VENT: 6.71905b | VCERT: 12.4844%

[GeoMind CAUSAL CE Stream] Ep 1.0/Inf | Mixed Stream | Last: D[9.0: test/geomind/trainingdata/mined_expanded_corpus_cloze_part05.txt]
  Progress -> 7.75233% (9610.07 / 123964 KB) | LR: 0.00140965 | TTemp: 1.23247 | VTemp: 1.0
  Train -> TL: 4.66018 | ATL: 4.57401 | ITPPL: 105.655 | ATPPL: 96.9319 | ENT: 6.31436b | CERT: 10.0476%
  Val   -> VL: 5.18457 | AVL: 5.1758 | IVPPL: 178.497 | AVPPL: 176.938 | VENT: 6.68292b | VCERT: 13.174%

[GeoMind CAUSAL CE Stream] Ep 1.0/Inf | Mixed Stream | Last: D[9.0: test/geomind/trainingdata/mined_expanded_corpus_cloze_part05.txt]
  Progress -> 7.75989% (9619.44 / 123964 KB) | LR: 0.0014074 | TTemp: 1.23389 | VTemp: 1.0
  Train -> TL: 4.45187 | ATL: 4.59331 | ITPPL: 85.7872 | ATPPL: 98.8214 | ENT: 6.18375b | CERT: 10.8296%
  Val   -> VL: 5.18043 | AVL: 5.17719 | IVPPL: 177.759 | AVPPL: 177.184 | VENT: 6.67657b | VCERT: 13.1317%

[GeoMind CAUSAL CE Stream] Ep 1.0/Inf | Mixed Stream | Last: D[9.0: test/geomind/trainingdata/mined_expanded_corpus_cloze_part05.txt]
  Progress -> 7.76709% (9628.37 / 123964 KB) | LR: 0.00140543 | TTemp: 1.23486 | VTemp: 1.0
  Train -> TL: 4.54193 | ATL: 4.59392 | ITPPL: 93.8719 | ATPPL: 98.8808 | ENT: 6.12574b | CERT: 10.2373%
  Val   -> VL: 5.16867 | AVL: 5.17463 | IVPPL: 175.68 | AVPPL: 176.732 | VENT: 6.68564b | VCERT: 12.939%

[GeoMind CAUSAL CE Stream] Ep 1.0/Inf | Mixed Stream | Last: D[9.0: test/geomind/trainingdata/mined_expanded_corpus_cloze_part05.txt]
  Progress -> 7.77601% (9639.43 / 123964 KB) | LR: 0.00140343 | TTemp: 1.2355 | VTemp: 1.0
  Train -> TL: 4.68483 | ATL: 4.591 | ITPPL: 108.292 | ATPPL: 98.5929 | ENT: 6.14597b | CERT: 11.0585%
  Val   -> VL: 5.15675 | AVL: 5.16927 | IVPPL: 173.599 | AVPPL: 175.786 | VENT: 6.67168b | VCERT: 13.2599%

[GeoMind CAUSAL CE Stream] Ep 1.0/Inf | Mixed Stream | Last: D[9.0: test/geomind/trainingdata/mined_expanded_corpus_cloze_part05.txt]
  Progress -> 7.78418% (9649.55 / 123964 KB) | LR: 0.00140269 | TTemp: 1.23482 | VTemp: 1.0
  Train -> TL: 4.59426 | ATL: 4.60554 | ITPPL: 98.9152 | ATPPL: 100.037 | ENT: 6.11836b | CERT: 11.5385%
  Val   -> VL: 5.16311 | AVL: 5.16742 | IVPPL: 174.706 | AVPPL: 175.461 | VENT: 6.68986b | VCERT: 12.9706%

[GeoMind CAUSAL CE Stream] Ep 1.0/Inf | Mixed Stream | Last: D[9.0: test/geomind/trainingdata/mined_expanded_corpus_cloze_part05.txt]
  Progress -> 7.79056% (9657.47 / 123964 KB) | LR: 0.00140198 | TTemp: 1.23426 | VTemp: 1.0
  Train -> TL: 4.54672 | ATL: 4.60503 | ITPPL: 94.3222 | ATPPL: 99.9858 | ENT: 6.05433b | CERT: 11.4695%
  Val   -> VL: 5.16686 | AVL: 5.16725 | IVPPL: 175.363 | AVPPL: 175.432 | VENT: 6.66314b | VCERT: 13.0607%

[GeoMind CAUSAL CE Stream] Ep 1.0/Inf | Mixed Stream | Last: D[9.0: test/geomind/trainingdata/mined_expanded_corpus_cloze_part05.txt]
  Progress -> 7.79875% (9667.62 / 123964 KB) | LR: 0.00140212 | TTemp: 1.23273 | VTemp: 1.0
  Train -> TL: 4.68178 | ATL: 4.61581 | ITPPL: 107.962 | ATPPL: 101.069 | ENT: 6.08826b | CERT: 10.9139%
  Val   -> VL: 5.1563 | AVL: 5.16396 | IVPPL: 173.521 | AVPPL: 174.856 | VENT: 6.65961b | VCERT: 13.2144%

[GeoMind CAUSAL CE Stream] Ep 1.0/Inf | Mixed Stream | Last: D[9.0: test/geomind/trainingdata/mined_expanded_corpus_cloze_part05.txt]
  Progress -> 7.80701% (9677.86 / 123964 KB) | LR: 0.0014027 | TTemp: 1.23066 | VTemp: 1.0
  Train -> TL: 4.71745 | ATL: 4.6221 | ITPPL: 111.883 | ATPPL: 101.707 | ENT: 6.23521b | CERT: 10.5246%
  Val   -> VL: 5.15042 | AVL: 5.1599 | IVPPL: 172.503 | AVPPL: 174.147 | VENT: 6.7132b | VCERT: 12.4242%

[GeoMind CAUSAL CE Stream] Ep 1.0/Inf | Mixed Stream | Last: D[9.0: test/geomind/trainingdata/mined_expanded_corpus_cloze_part05.txt]
  Progress -> 7.81467% (9687.36 / 123964 KB) | LR: 0.00140255 | TTemp: 1.22949 | VTemp: 1.0
  Train -> TL: 4.58496 | ATL: 4.6128 | ITPPL: 97.9995 | ATPPL: 100.766 | ENT: 6.17961b | CERT: 11.1718%
  Val   -> VL: 5.15551 | AVL: 5.15858 | IVPPL: 173.384 | AVPPL: 173.918 | VENT: 6.71686b | VCERT: 12.7941%

[GeoMind CAUSAL CE Stream] Ep 1.0/Inf | Mixed Stream | Last: D[9.0: test/geomind/trainingdata/mined_expanded_corpus_cloze_part05.txt]
  Progress -> 7.82409% (9699.03 / 123964 KB) | LR: 0.00140169 | TTemp: 1.22907 | VTemp: 1.0
  Train -> TL: 4.74317 | ATL: 4.60269 | ITPPL: 114.798 | ATPPL: 99.7527 | ENT: 6.20085b | CERT: 10.9541%
  Val   -> VL: 5.14999 | AVL: 5.15601 | IVPPL: 172.43 | AVPPL: 173.47 | VENT: 6.77097b | VCERT: 12.1915%

[GeoMind CAUSAL CE Stream] Ep 1.0/Inf | Mixed Stream | Last: D[9.0: test/geomind/trainingdata/mined_expanded_corpus_cloze_part05.txt]
  Progress -> 7.83151% (9708.22 / 123964 KB) | LR: 0.00140042 | TTemp: 1.22918 | VTemp: 1.0
  Train -> TL: 4.60878 | ATL: 4.59578 | ITPPL: 100.362 | ATPPL: 99.0655 | ENT: 6.24731b | CERT: 10.3294%
  Val   -> VL: 5.15402 | AVL: 5.15541 | IVPPL: 173.127 | AVPPL: 173.367 | VENT: 6.74437b | VCERT: 12.4407%

[GeoMind CAUSAL CE Stream] Ep 1.0/Inf | Mixed Stream | Last: D[9.0: test/geomind/trainingdata/mined_expanded_corpus_cloze_part05.txt]
  Progress -> 7.83967% (9718.34 / 123964 KB) | LR: 0.00139929 | TTemp: 1.22928 | VTemp: 1.0
  Train -> TL: 4.68524 | ATL: 4.59596 | ITPPL: 108.336 | ATPPL: 99.0836 | ENT: 6.33174b | CERT: 10.3314%
  Val   -> VL: 5.15623 | AVL: 5.15566 | IVPPL: 173.508 | AVPPL: 173.41 | VENT: 6.71862b | VCERT: 12.809%

[GeoMind CAUSAL CE Stream] Ep 1.0/Inf | Mixed Stream | Last: D[9.0: test/geomind/trainingdata/mined_expanded_corpus_cloze_part05.txt]
  Progress -> 7.84732% (9727.83 / 123964 KB) | LR: 0.00139832 | TTemp: 1.22927 | VTemp: 1.0
  Train -> TL: 4.70359 | ATL: 4.59671 | ITPPL: 110.343 | ATPPL: 99.1574 | ENT: 6.23453b | CERT: 11.0786%
  Val   -> VL: 5.15371 | AVL: 5.15507 | IVPPL: 173.073 | AVPPL: 173.308 | VENT: 6.75765b | VCERT: 12.4223%

[GeoMind CAUSAL CE Stream] Ep 1.0/Inf | Mixed Stream | Last: D[9.0: test/geomind/trainingdata/mined_expanded_corpus_cloze_part05.txt]
  Progress -> 7.8558% (9738.33 / 123964 KB) | LR: 0.0013971 | TTemp: 1.22961 | VTemp: 1.0
  Train -> TL: 4.63834 | ATL: 4.59177 | ITPPL: 103.372 | ATPPL: 98.6687 | ENT: 6.29235b | CERT: 10.6046%
  Val   -> VL: 5.15439 | AVL: 5.15487 | IVPPL: 173.19 | AVPPL: 173.273 | VENT: 6.74274b | VCERT: 12.1919%

[GeoMind CAUSAL CE Stream] Ep 1.0/Inf | Mixed Stream | Last: D[9.0: test/geomind/trainingdata/mined_expanded_corpus_cloze_part05.txt]
  Progress -> 7.86267% (9746.85 / 123964 KB) | LR: 0.00139769 | TTemp: 1.22794 | VTemp: 1.0
  Train -> TL: 4.73813 | ATL: 4.61534 | ITPPL: 114.221 | ATPPL: 101.023 | ENT: 6.3069b | CERT: 11.1464%
  Val   -> VL: 5.14616 | AVL: 5.15226 | IVPPL: 171.771 | AVPPL: 172.821 | VENT: 6.77575b | VCERT: 11.9628%

[GeoMind CAUSAL CE Stream] Ep 1.0/Inf | Mixed Stream | Last: D[9.0: test/geomind/trainingdata/mined_expanded_corpus_cloze_part05.txt]
  Progress -> 7.86804% (9753.51 / 123964 KB) | LR: 0.00139831 | TTemp: 1.22634 | VTemp: 1.0
  Train -> TL: 4.56227 | ATL: 4.61643 | ITPPL: 95.8004 | ATPPL: 101.133 | ENT: 6.273b | CERT: 11.3405%
  Val   -> VL: 5.14798 | AVL: 5.15097 | IVPPL: 172.084 | AVPPL: 172.6 | VENT: 6.7556b | VCERT: 12.2171%

[GeoMind CAUSAL CE Stream] Ep 1.0/Inf | Mixed Stream | Last: D[9.0: test/geomind/trainingdata/mined_expanded_corpus_cloze_part05.txt]
  Progress -> 7.87258% (9759.14 / 123964 KB) | LR: 0.00140202 | TTemp: 1.22185 | VTemp: 1.0
  Train -> TL: 4.78121 | ATL: 4.66033 | ITPPL: 119.249 | ATPPL: 105.671 | ENT: 6.32844b | CERT: 10.5213%
  Val   -> VL: 5.15823 | AVL: 5.15315 | IVPPL: 173.857 | AVPPL: 172.976 | VENT: 6.76289b | VCERT: 12.1868%

[GeoMind CAUSAL CE Stream] Ep 1.0/Inf | Mixed Stream | Last: D[9.0: test/geomind/trainingdata/mined_expanded_corpus_cloze_part05.txt]
  Progress -> 7.88091% (9769.46 / 123964 KB) | LR: 0.0014064 | TTemp: 1.21693 | VTemp: 1.0
  Train -> TL: 4.53416 | ATL: 4.67475 | ITPPL: 93.1451 | ATPPL: 107.206 | ENT: 6.20913b | CERT: 11.64%
  Val   -> VL: 5.15207 | AVL: 5.15283 | IVPPL: 172.789 | AVPPL: 172.92 | VENT: 6.7804b | VCERT: 11.9975%

[GeoMind CAUSAL CE Stream] Ep 1.0/Inf | Mixed Stream | Last: D[9.0: test/geomind/trainingdata/mined_expanded_corpus_cloze_part05.txt]
  Progress -> 7.88959% (9780.23 / 123964 KB) | LR: 0.00140986 | TTemp: 1.22114 | VTemp: 1.0
  Train -> TL: 4.49713 | ATL: 4.66814 | ITPPL: 89.7589 | ATPPL: 106.499 | ENT: 6.274b | CERT: 10.5385%
  Val   -> VL: 5.17081 | AVL: 5.15822 | IVPPL: 176.057 | AVPPL: 173.855 | VENT: 6.77281b | VCERT: 11.9894%

[GeoMind CAUSAL CE Stream] Ep 1.0/Inf | Mixed Stream | Last: D[9.0: test/geomind/trainingdata/mined_expanded_corpus_cloze_part05.txt]
  Progress -> 7.89846% (9791.22 / 123964 KB) | LR: 0.00141188 | TTemp: 1.21847 | VTemp: 1.0
  Train -> TL: 4.57322 | ATL: 4.65276 | ITPPL: 96.855 | ATPPL: 104.874 | ENT: 6.22989b | CERT: 11.1794%
  Val   -> VL: 5.16235 | AVL: 5.15946 | IVPPL: 174.574 | AVPPL: 174.07 | VENT: 6.79873b | VCERT: 11.8006%

[GeoMind CAUSAL CE Stream] Ep 1.0/Inf | Mixed Stream | Last: D[9.0: test/geomind/trainingdata/mined_expanded_corpus_cloze_part05.txt]
  Progress -> 7.90568% (9800.17 / 123964 KB) | LR: 0.0014128 | TTemp: 1.22502 | VTemp: 1.0
  Train -> TL: 4.60902 | ATL: 4.64042 | ITPPL: 100.386 | ATPPL: 103.587 | ENT: 6.23826b | CERT: 10.9034%
  Val   -> VL: 5.17667 | AVL: 5.16462 | IVPPL: 177.093 | AVPPL: 174.972 | VENT: 6.78245b | VCERT: 11.9434%

[GeoMind CAUSAL CE Stream] Ep 1.0/Inf | Mixed Stream | Last: D[9.0: test/geomind/trainingdata/mined_expanded_corpus_cloze_part05.txt]
  Progress -> 7.91312% (9809.4 / 123964 KB) | LR: 0.00141318 | TTemp: 1.2238 | VTemp: 1.0
  Train -> TL: 4.45068 | ATL: 4.63412 | ITPPL: 85.6848 | ATPPL: 102.937 | ENT: 6.01701b | CERT: 12.5283%
  Val   -> VL: 5.17571 | AVL: 5.16795 | IVPPL: 176.922 | AVPPL: 175.554 | VENT: 6.75629b | VCERT: 12.0279%

[GeoMind CAUSAL CE Stream] Ep 1.0/Inf | Mixed Stream | Last: D[9.0: test/geomind/trainingdata/mined_expanded_corpus_cloze_part05.txt]
  Progress -> 7.91907% (9816.77 / 123964 KB) | LR: 0.00141315 | TTemp: 1.2233 | VTemp: 1.0
  Train -> TL: 4.50356 | ATL: 4.62907 | ITPPL: 90.3379 | ATPPL: 102.418 | ENT: 6.05847b | CERT: 11.9921%
  Val   -> VL: 5.17466 | AVL: 5.16996 | IVPPL: 176.736 | AVPPL: 175.908 | VENT: 6.71156b | VCERT: 12.4365%

[GeoMind CAUSAL CE Stream] Ep 1.0/Inf | Mixed Stream | Last: D[9.0: test/geomind/trainingdata/mined_expanded_corpus_cloze_part05.txt]
  Progress -> 7.92613% (9825.52 / 123964 KB) | LR: 0.00141287 | TTemp: 1.22329 | VTemp: 1.0
  Train -> TL: 4.49875 | ATL: 4.62542 | ITPPL: 89.9046 | ATPPL: 102.046 | ENT: 6.05154b | CERT: 12.5847%
  Val   -> VL: 5.17654 | AVL: 5.17194 | IVPPL: 177.07 | AVPPL: 176.256 | VENT: 6.71707b | VCERT: 12.3674%

[GeoMind CAUSAL CE Stream] Ep 1.0/Inf | Mixed Stream | Last: D[9.0: test/geomind/trainingdata/mined_expanded_corpus_cloze_part05.txt]
  Progress -> 7.93412% (9835.42 / 123964 KB) | LR: 0.00141199 | TTemp: 1.22385 | VTemp: 1.0
  Train -> TL: 4.51078 | ATL: 4.61678 | ITPPL: 90.9923 | ATPPL: 101.168 | ENT: 6.13119b | CERT: 11.4433%
  Val   -> VL: 5.16807 | AVL: 5.17078 | IVPPL: 175.576 | AVPPL: 176.051 | VENT: 6.72966b | VCERT: 12.1646%

[GeoMind CAUSAL CE Stream] Ep 1.0/Inf | Mixed Stream | Last: D[9.0: test/geomind/trainingdata/mined_expanded_corpus_cloze_part05.txt]
  Progress -> 7.94108% (9844.06 / 123964 KB) | LR: 0.00141128 | TTemp: 1.22416 | VTemp: 1.0
  Train -> TL: 4.56843 | ATL: 4.6179 | ITPPL: 96.3925 | ATPPL: 101.282 | ENT: 6.03364b | CERT: 12.0071%
  Val   -> VL: 5.16733 | AVL: 5.16974 | IVPPL: 175.446 | AVPPL: 175.87 | VENT: 6.74073b | VCERT: 12.2072%

[GeoMind CAUSAL CE Stream] Ep 1.0/Inf | Mixed Stream | Last: D[9.0: test/geomind/trainingdata/mined_expanded_corpus_cloze_part05.txt]
  Progress -> 7.9518% (9857.34 / 123964 KB) | LR: 0.00141145 | TTemp: 1.2236 | VTemp: 1.0
  Train -> TL: 4.4854 | ATL: 4.62922 | ITPPL: 88.7126 | ATPPL: 102.434 | ENT: 6.05502b | CERT: 11.82%
  Val   -> VL: 5.17103 | AVL: 5.17013 | IVPPL: 176.096 | AVPPL: 175.937 | VENT: 6.74217b | VCERT: 12.0267%

[GeoMind CAUSAL CE Stream] Ep 1.0/Inf | Mixed Stream | Last: D[9.0: test/geomind/trainingdata/mined_expanded_corpus_cloze_part05.txt]
  Progress -> 7.95927% (9866.6 / 123964 KB) | LR: 0.0014122 | TTemp: 1.22221 | VTemp: 1.0
  Train -> TL: 4.65237 | ATL: 4.63735 | ITPPL: 104.833 | ATPPL: 103.27 | ENT: 6.2219b | CERT: 10.6047%
  Val   -> VL: 5.15623 | AVL: 5.16596 | IVPPL: 173.509 | AVPPL: 175.205 | VENT: 6.76155b | VCERT: 12.2094%

[GeoMind CAUSAL CE Stream] Ep 1.0/Inf | Mixed Stream | Last: D[9.0: test/geomind/trainingdata/mined_expanded_corpus_cloze_part05.txt]
  Progress -> 7.96863% (9878.21 / 123964 KB) | LR: 0.00141392 | TTemp: 1.21949 | VTemp: 1.0
  Train -> TL: 4.70624 | ATL: 4.65195 | ITPPL: 110.635 | ATPPL: 104.789 | ENT: 6.19502b | CERT: 10.8908%
  Val   -> VL: 5.14652 | AVL: 5.16013 | IVPPL: 171.832 | AVPPL: 174.187 | VENT: 6.78035b | VCERT: 12.1946%

[GeoMind CAUSAL CE Stream] Ep 1.0/Inf | Mixed Stream | Last: D[9.0: test/geomind/trainingdata/mined_expanded_corpus_cloze_part05.txt]
  Progress -> 7.97683% (9888.37 / 123964 KB) | LR: 0.00141603 | TTemp: 1.21661 | VTemp: 1.0
  Train -> TL: 4.60935 | ATL: 4.65975 | ITPPL: 100.419 | ATPPL: 105.61 | ENT: 6.19417b | CERT: 10.4623%
  Val   -> VL: 5.16073 | AVL: 5.16031 | IVPPL: 174.291 | AVPPL: 174.218 | VENT: 6.76268b | VCERT: 12.5819%

[GeoMind CAUSAL CE Stream] Ep 1.0/Inf | Mixed Stream | Last: D[9.0: test/geomind/trainingdata/mined_expanded_corpus_cloze_part05.txt]
  Progress -> 7.9861% (9899.86 / 123964 KB) | LR: 0.00141957 | TTemp: 1.21238 | VTemp: 1.0
  Train -> TL: 4.59437 | ATL: 4.68253 | ITPPL: 98.9256 | ATPPL: 108.044 | ENT: 6.20291b | CERT: 10.4055%
  Val   -> VL: 5.15705 | AVL: 5.15933 | IVPPL: 173.652 | AVPPL: 174.048 | VENT: 6.76846b | VCERT: 12.6094%

[GeoMind CAUSAL CE Stream] Ep 1.0/Inf | Mixed Stream | Last: D[9.0: test/geomind/trainingdata/mined_expanded_corpus_cloze_part05.txt]
  Progress -> 7.99273% (9908.08 / 123964 KB) | LR: 0.00142186 | TTemp: 1.21001 | VTemp: 1.0
  Train -> TL: 4.36256 | ATL: 4.6701 | ITPPL: 78.4575 | ATPPL: 106.708 | ENT: 5.95075b | CERT: 12.9749%
  Val   -> VL: 5.17266 | AVL: 5.16333 | IVPPL: 176.384 | AVPPL: 174.745 | VENT: 6.77454b | VCERT: 12.4597%

[GeoMind CAUSAL CE Stream] Ep 1.0/Inf | Mixed Stream | Last: D[9.0: test/geomind/trainingdata/mined_expanded_corpus_cloze_part05.txt]
  Progress -> 8.00043% (9917.63 / 123964 KB) | LR: 0.00142433 | TTemp: 1.20755 | VTemp: 1.0
  Train -> TL: 4.68876 | ATL: 4.67576 | ITPPL: 108.718 | ATPPL: 107.314 | ENT: 6.12125b | CERT: 10.9613%
  Val   -> VL: 5.16212 | AVL: 5.16297 | IVPPL: 174.533 | AVPPL: 174.682 | VENT: 6.83665b | VCERT: 12.2376%

[GeoMind CAUSAL CE Stream] Ep 1.0/Inf | Mixed Stream | Last: D[9.0: test/geomind/trainingdata/mined_expanded_corpus_cloze_part05.txt]
  Progress -> 8.00939% (9928.74 / 123964 KB) | LR: 0.00142492 | TTemp: 1.20716 | VTemp: 1.0
  Train -> TL: 4.52487 | ATL: 4.65318 | ITPPL: 92.2839 | ATPPL: 104.918 | ENT: 6.25187b | CERT: 10.467%
  Val   -> VL: 5.16343 | AVL: 5.16311 | IVPPL: 174.763 | AVPPL: 174.706 | VENT: 6.82535b | VCERT: 12.3929%

[GeoMind CAUSAL CE Stream] Ep 1.0/Inf | Mixed Stream | Last: D[9.0: test/geomind/trainingdata/mined_expanded_corpus_cloze_part05.txt]
  Progress -> 8.01945% (9941.2 / 123964 KB) | LR: 0.0014245 | TTemp: 1.208 | VTemp: 1.0
  Train -> TL: 4.57377 | ATL: 4.63989 | ITPPL: 96.9092 | ATPPL: 103.533 | ENT: 6.22864b | CERT: 11.1447%
  Val   -> VL: 5.17069 | AVL: 5.16538 | IVPPL: 176.037 | AVPPL: 175.104 | VENT: 6.83335b | VCERT: 12.1732%

[GeoMind CAUSAL CE Stream] Ep 1.0/Inf | Mixed Stream | Last: D[9.0: test/geomind/trainingdata/mined_expanded_corpus_cloze_part05.txt]
  Progress -> 8.02676% (9950.27 / 123964 KB) | LR: 0.00142259 | TTemp: 1.2102 | VTemp: 1.0
  Train -> TL: 4.46072 | ATL: 4.61852 | ITPPL: 86.5494 | ATPPL: 101.344 | ENT: 6.15075b | CERT: 12.1143%
  Val   -> VL: 5.16021 | AVL: 5.16383 | IVPPL: 174.2 | AVPPL: 174.833 | VENT: 6.7951b | VCERT: 12.733%

[GeoMind CAUSAL CE Stream] Ep 1.0/Inf | Mixed Stream | Last: D[9.0: test/geomind/trainingdata/mined_expanded_corpus_cloze_part05.txt]
  Progress -> 8.03664% (9962.51 / 123964 KB) | LR: 0.00142019 | TTemp: 1.21277 | VTemp: 1.0
  Train -> TL: 4.66924 | ATL: 4.60924 | ITPPL: 106.617 | ATPPL: 100.408 | ENT: 6.23054b | CERT: 11.5556%
  Val   -> VL: 5.16435 | AVL: 5.16398 | IVPPL: 174.923 | AVPPL: 174.86 | VENT: 6.83434b | VCERT: 12.5812%

[GeoMind CAUSAL CE Stream] Ep 1.0/Inf | Mixed Stream | Last: D[9.0: test/geomind/trainingdata/mined_expanded_corpus_cloze_part05.txt]
  Progress -> 8.04433% (9972.05 / 123964 KB) | LR: 0.00141811 | TTemp: 1.21492 | VTemp: 1.0
  Train -> TL: 4.49279 | ATL: 4.61024 | ITPPL: 89.3703 | ATPPL: 100.508 | ENT: 6.17713b | CERT: 11.6018%
  Val   -> VL: 5.16529 | AVL: 5.16437 | IVPPL: 175.087 | AVPPL: 174.928 | VENT: 6.80967b | VCERT: 12.6197%

[GeoMind CAUSAL CE Stream] Ep 1.0/Inf | Mixed Stream | Last: D[9.0: test/geomind/trainingdata/mined_expanded_corpus_cloze_part05.txt]
  Progress -> 8.05138% (9980.78 / 123964 KB) | LR: 0.00141723 | TTemp: 1.21563 | VTemp: 1.0
  Train -> TL: 4.53864 | ATL: 4.62401 | ITPPL: 93.5639 | ATPPL: 101.902 | ENT: 6.04592b | CERT: 13.5132%
  Val   -> VL: 5.16105 | AVL: 5.16338 | IVPPL: 174.348 | AVPPL: 174.754 | VENT: 6.79099b | VCERT: 12.8174%

[GeoMind CAUSAL CE Stream] Ep 1.0/Inf | Mixed Stream | Last: D[9.0: test/geomind/trainingdata/mined_expanded_corpus_cloze_part05.txt]
  Progress -> 8.06069% (9992.33 / 123964 KB) | LR: 0.00141776 | TTemp: 1.21472 | VTemp: 1.0
  Train -> TL: 4.65621 | ATL: 4.64237 | ITPPL: 105.236 | ATPPL: 103.79 | ENT: 6.11778b | CERT: 12.7971%
  Val   -> VL: 5.15719 | AVL: 5.16152 | IVPPL: 173.676 | AVPPL: 174.43 | VENT: 6.80627b | VCERT: 12.5762%

[GeoMind CAUSAL CE Stream] Ep 1.0/Inf | Mixed Stream | Last: D[9.0: test/geomind/trainingdata/mined_expanded_corpus_cloze_part05.txt]
  Progress -> 8.06877% (10002.3 / 123964 KB) | LR: 0.00142055 | TTemp: 1.21166 | VTemp: 1.0
  Train -> TL: 4.5045 | ATL: 4.67451 | ITPPL: 90.4231 | ATPPL: 107.18 | ENT: 6.0852b | CERT: 13.4269%
  Val   -> VL: 5.16692 | AVL: 5.16314 | IVPPL: 175.374 | AVPPL: 174.712 | VENT: 6.77374b | VCERT: 12.7777%

[GeoMind CAUSAL CE Stream] Ep 1.0/Inf | Mixed Stream | Last: D[9.0: test/geomind/trainingdata/mined_expanded_corpus_cloze_part05.txt]
  Progress -> 8.08361% (10020.7 / 123964 KB) | LR: 0.00142439 | TTemp: 1.20783 | VTemp: 1.0
  Train -> TL: 4.64215 | ATL: 4.69302 | ITPPL: 103.767 | ATPPL: 109.182 | ENT: 6.28899b | CERT: 11.8225%
  Val   -> VL: 5.16998 | AVL: 5.16519 | IVPPL: 175.912 | AVPPL: 175.071 | VENT: 6.82247b | VCERT: 12.3033%

[GeoMind CAUSAL CE Stream] Ep 1.0/Inf | Mixed Stream | Last: D[9.0: test/geomind/trainingdata/mined_expanded_corpus_cloze_part05.txt]
  Progress -> 8.09499% (10034.8 / 123964 KB) | LR: 0.00142862 | TTemp: 1.20388 | VTemp: 1.0
  Train -> TL: 4.62471 | ATL: 4.70375 | ITPPL: 101.973 | ATPPL: 110.36 | ENT: 6.39452b | CERT: 10.6647%
  Val   -> VL: 5.17066 | AVL: 5.16683 | IVPPL: 176.032 | AVPPL: 175.359 | VENT: 6.819b | VCERT: 12.0984%

[GeoMind CAUSAL CE Stream] Ep 1.0/Inf | Mixed Stream | Last: D[9.0: test/geomind/trainingdata/mined_expanded_corpus_cloze_part05.txt]
  Progress -> 8.10448% (10046.6 / 123964 KB) | LR: 0.00143192 | TTemp: 1.20103 | VTemp: 1.0
  Train -> TL: 4.71063 | ATL: 4.69676 | ITPPL: 111.123 | ATPPL: 109.592 | ENT: 6.32531b | CERT: 11.3623%
  Val   -> VL: 5.16573 | AVL: 5.1665 | IVPPL: 175.165 | AVPPL: 175.301 | VENT: 6.85831b | VCERT: 12.0696%

[GeoMind CAUSAL CE Stream] Ep 1.0/Inf | Mixed Stream | Last: D[9.0: test/geomind/trainingdata/mined_expanded_corpus_cloze_part05.txt]
  Progress -> 8.11295% (10057.1 / 123964 KB) | LR: 0.00143458 | TTemp: 1.1993 | VTemp: 1.0
  Train -> TL: 4.70052 | ATL: 4.69237 | ITPPL: 110.005 | ATPPL: 109.111 | ENT: 6.44814b | CERT: 10.6324%
  Val   -> VL: 5.18241 | AVL: 5.17127 | IVPPL: 178.112 | AVPPL: 176.139 | VENT: 6.86703b | VCERT: 11.8749%

[GeoMind CAUSAL CE Stream] Ep 1.0/Inf | Mixed Stream | Last: D[9.0: test/geomind/trainingdata/mined_expanded_corpus_cloze_part05.txt]
  Progress -> 8.12194% (10068.3 / 123964 KB) | LR: 0.0014375 | TTemp: 1.19748 | VTemp: 1.0
  Train -> TL: 4.91587 | ATL: 4.6996 | ITPPL: 136.438 | ATPPL: 109.903 | ENT: 6.50976b | CERT: 9.88084%
  Val   -> VL: 5.1801 | AVL: 5.17392 | IVPPL: 177.701 | AVPPL: 176.606 | VENT: 6.91508b | VCERT: 11.803%

[GeoMind CAUSAL CE Stream] Ep 1.0/Inf | Mixed Stream | Last: D[9.0: test/geomind/trainingdata/mined_expanded_corpus_cloze_part05.txt]
  Progress -> 8.1305% (10078.9 / 123964 KB) | LR: 0.00144018 | TTemp: 1.19607 | VTemp: 1.0
  Train -> TL: 4.65408 | ATL: 4.70049 | ITPPL: 105.012 | ATPPL: 110.002 | ENT: 6.48325b | CERT: 9.84045%
  Val   -> VL: 5.18319 | AVL: 5.1767 | IVPPL: 178.25 | AVPPL: 177.098 | VENT: 6.89326b | VCERT: 12.0132%

[GeoMind CAUSAL CE Stream] Ep 1.0/Inf | Mixed Stream | Last: D[9.0: test/geomind/trainingdata/mined_expanded_corpus_cloze_part05.txt]
  Progress -> 8.13814% (10088.3 / 123964 KB) | LR: 0.00144144 | TTemp: 1.1962 | VTemp: 1.0
  Train -> TL: 4.43588 | ATL: 4.68444 | ITPPL: 84.4266 | ATPPL: 108.249 | ENT: 6.24562b | CERT: 10.9428%
  Val   -> VL: 5.18216 | AVL: 5.17834 | IVPPL: 178.067 | AVPPL: 177.388 | VENT: 6.87686b | VCERT: 12.0201%

[GeoMind CAUSAL CE Stream] Ep 1.0/Inf | Mixed Stream | Last: D[9.0: test/geomind/trainingdata/mined_expanded_corpus_cloze_part05.txt]
  Progress -> 8.14641% (10098.6 / 123964 KB) | LR: 0.00144052 | TTemp: 1.19834 | VTemp: 1.0
  Train -> TL: 4.52362 | ATL: 4.65593 | ITPPL: 92.1682 | ATPPL: 105.207 | ENT: 6.41899b | CERT: 10.1056%
  Val   -> VL: 5.17315 | AVL: 5.17678 | IVPPL: 176.47 | AVPPL: 177.112 | VENT: 6.85887b | VCERT: 12.4435%

[GeoMind CAUSAL CE Stream] Ep 1.0/Inf | Mixed Stream | Last: D[9.0: test/geomind/trainingdata/mined_expanded_corpus_cloze_part05.txt]
  Progress -> 8.15668% (10111.3 / 123964 KB) | LR: 0.00143789 | TTemp: 1.20153 | VTemp: 1.0
  Train -> TL: 4.53051 | ATL: 4.63077 | ITPPL: 92.806 | ATPPL: 102.593 | ENT: 6.38401b | CERT: 10.6545%
  Val   -> VL: 5.15416 | AVL: 5.17 | IVPPL: 173.151 | AVPPL: 175.915 | VENT: 6.90248b | VCERT: 11.797%

[GeoMind CAUSAL CE Stream] Ep 1.0/Inf | Mixed Stream | Last: D[9.0: test/geomind/trainingdata/mined_expanded_corpus_cloze_part05.txt]
  Progress -> 8.16379% (10120.1 / 123964 KB) | LR: 0.00143457 | TTemp: 1.20486 | VTemp: 1.0
  Train -> TL: 4.57098 | ATL: 4.61764 | ITPPL: 96.6383 | ATPPL: 101.254 | ENT: 6.37823b | CERT: 10.2869%
  Val   -> VL: 5.15365 | AVL: 5.16509 | IVPPL: 173.061 | AVPPL: 175.054 | VENT: 6.89325b | VCERT: 11.9162%

[GeoMind CAUSAL CE Stream] Ep 1.0/Inf | Mixed Stream | Last: D[9.0: test/geomind/trainingdata/mined_expanded_corpus_cloze_part05.txt]
  Progress -> 8.17428% (10133.1 / 123964 KB) | LR: 0.00143089 | TTemp: 1.20841 | VTemp: 1.0
  Train -> TL: 4.49247 | ATL: 4.60797 | ITPPL: 89.342 | ATPPL: 100.281 | ENT: 6.4023b | CERT: 10.7686%
  Val   -> VL: 5.16481 | AVL: 5.16501 | IVPPL: 175.003 | AVPPL: 175.039 | VENT: 6.85197b | VCERT: 12.3475%

[GeoMind CAUSAL CE Stream] Ep 1.0/Inf | Mixed Stream | Last: D[9.0: test/geomind/trainingdata/mined_expanded_corpus_cloze_part05.txt]
  Progress -> 8.18351% (10144.6 / 123964 KB) | LR: 0.00142569 | TTemp: 1.21345 | VTemp: 1.0
  Train -> TL: 4.47757 | ATL: 4.58184 | ITPPL: 88.0203 | ATPPL: 97.6943 | ENT: 6.34408b | CERT: 10.761%
  Val   -> VL: 5.16804 | AVL: 5.16592 | IVPPL: 175.571 | AVPPL: 175.198 | VENT: 6.84541b | VCERT: 12.0029%

[GeoMind CAUSAL CE Stream] Ep 1.0/Inf | Mixed Stream | Last: D[9.0: test/geomind/trainingdata/mined_expanded_corpus_cloze_part05.txt]
  Progress -> 8.1905% (10153.2 / 123964 KB) | LR: 0.00141987 | TTemp: 1.21912 | VTemp: 1.0
  Train -> TL: 4.49719 | ATL: 4.566 | ITPPL: 89.7646 | ATPPL: 96.1588 | ENT: 6.21512b | CERT: 10.8365%
  Val   -> VL: 5.17469 | AVL: 5.16855 | IVPPL: 176.743 | AVPPL: 175.66 | VENT: 6.81076b | VCERT: 12.2359%

[GeoMind CAUSAL CE Stream] Ep 1.0/Inf | Mixed Stream | Last: D[9.0: test/geomind/trainingdata/mined_expanded_corpus_cloze_part05.txt]
  Progress -> 8.19669% (10160.9 / 123964 KB) | LR: 0.00141541 | TTemp: 1.22323 | VTemp: 1.0
  Train -> TL: 4.47671 | ATL: 4.57678 | ITPPL: 87.9451 | ATPPL: 97.2013 | ENT: 6.02475b | CERT: 11.5938%
  Val   -> VL: 5.17267 | AVL: 5.16979 | IVPPL: 176.385 | AVPPL: 175.877 | VENT: 6.78492b | VCERT: 12.4698%

[GeoMind CAUSAL CE Stream] Ep 1.0/Inf | Mixed Stream | Last: D[9.0: test/geomind/trainingdata/mined_expanded_corpus_cloze_part05.txt]
  Progress -> 8.20222% (10167.8 / 123964 KB) | LR: 0.00141297 | TTemp: 1.22499 | VTemp: 1.0
  Train -> TL: 4.69718 | ATL: 4.59856 | ITPPL: 109.638 | ATPPL: 99.3413 | ENT: 6.33562b | CERT: 9.89245%
  Val   -> VL: 5.1656 | AVL: 5.16853 | IVPPL: 175.143 | AVPPL: 175.656 | VENT: 6.80332b | VCERT: 12.1033%

[GeoMind CAUSAL CE Stream] Ep 1.0/Inf | Mixed Stream | Last: D[9.0: test/geomind/trainingdata/mined_expanded_corpus_cloze_part05.txt]
  Progress -> 8.20862% (10175.7 / 123964 KB) | LR: 0.0014119 | TTemp: 1.22497 | VTemp: 1.0
  Train -> TL: 4.629 | ATL: 4.61433 | ITPPL: 102.412 | ATPPL: 100.92 | ENT: 6.22206b | CERT: 10.617%
  Val   -> VL: 5.15343 | AVL: 5.164 | IVPPL: 173.024 | AVPPL: 174.863 | VENT: 6.81831b | VCERT: 11.6921%

[GeoMind CAUSAL CE Stream] Ep 1.0/Inf | Mixed Stream | Last: D[9.0: test/geomind/trainingdata/mined_expanded_corpus_cloze_part05.txt]
  Progress -> 8.21597% (10184.8 / 123964 KB) | LR: 0.0014113 | TTemp: 1.22434 | VTemp: 1.0
  Train -> TL: 4.61193 | ATL: 4.61931 | ITPPL: 100.678 | ATPPL: 101.424 | ENT: 6.32431b | CERT: 10.0982%
  Val   -> VL: 5.1537 | AVL: 5.16091 | IVPPL: 173.071 | AVPPL: 174.323 | VENT: 6.81793b | VCERT: 11.7551%

[GeoMind CAUSAL CE Stream] Ep 1.0/Inf | Mixed Stream | Last: D[9.0: test/geomind/trainingdata/mined_expanded_corpus_cloze_part05.txt]
  Progress -> 8.22322% (10193.8 / 123964 KB) | LR: 0.00141318 | TTemp: 1.2213 | VTemp: 1.0
  Train -> TL: 4.70672 | ATL: 4.65287 | ITPPL: 110.688 | ATPPL: 104.885 | ENT: 6.40433b | CERT: 9.93084%
  Val   -> VL: 5.16103 | AVL: 5.16095 | IVPPL: 174.344 | AVPPL: 174.329 | VENT: 6.84166b | VCERT: 11.6382%

[GeoMind CAUSAL CE Stream] Ep 1.0/Inf | Mixed Stream | Last: D[9.0: test/geomind/trainingdata/mined_expanded_corpus_cloze_part05.txt]
  Progress -> 8.23352% (10206.6 / 123964 KB) | LR: 0.00141607 | TTemp: 1.2172 | VTemp: 1.0
  Train -> TL: 4.63838 | ATL: 4.6696 | ITPPL: 103.377 | ATPPL: 106.655 | ENT: 6.33408b | CERT: 10.2893%
  Val   -> VL: 5.14954 | AVL: 5.15752 | IVPPL: 172.352 | AVPPL: 173.734 | VENT: 6.84947b | VCERT: 11.6937%

[GeoMind CAUSAL CE Stream] Ep 1.0/Inf | Mixed Stream | Last: D[9.0: test/geomind/trainingdata/mined_expanded_corpus_cloze_part05.txt]
  Progress -> 8.24279% (10218.1 / 123964 KB) | LR: 0.00142079 | TTemp: 1.21165 | VTemp: 1.0
  Train -> TL: 4.58426 | ATL: 4.69888 | ITPPL: 97.9304 | ATPPL: 109.824 | ENT: 6.2118b | CERT: 11.1717%
  Val   -> VL: 5.16333 | AVL: 5.15927 | IVPPL: 174.746 | AVPPL: 174.037 | VENT: 6.8251b | VCERT: 11.9297%

[GeoMind CAUSAL CE Stream] Ep 1.0/Inf | Mixed Stream | Last: D[9.0: test/geomind/trainingdata/mined_expanded_corpus_cloze_part05.txt]
  Progress -> 8.25087% (10228.1 / 123964 KB) | LR: 0.0014246 | TTemp: 1.20749 | VTemp: 1.0
  Train -> TL: 4.51124 | ATL: 4.69295 | ITPPL: 91.0346 | ATPPL: 109.175 | ENT: 6.27969b | CERT: 10.4325%
  Val   -> VL: 5.16435 | AVL: 5.16079 | IVPPL: 174.923 | AVPPL: 174.302 | VENT: 6.83305b | VCERT: 11.8902%

[GeoMind CAUSAL CE Stream] Ep 1.0/Inf | Mixed Stream | Last: D[9.0: test/geomind/trainingdata/mined_expanded_corpus_cloze_part05.txt]
  Progress -> 8.25915% (10238.3 / 123964 KB) | LR: 0.00142713 | TTemp: 1.20489 | VTemp: 1.0
  Train -> TL: 4.4359 | ATL: 4.68045 | ITPPL: 84.4284 | ATPPL: 107.818 | ENT: 6.24062b | CERT: 10.8811%
  Val   -> VL: 5.16071 | AVL: 5.16077 | IVPPL: 174.289 | AVPPL: 174.298 | VENT: 6.82631b | VCERT: 11.5683%

[GeoMind CAUSAL CE Stream] Ep 1.0/Inf | Mixed Stream | Last: D[9.0: test/geomind/trainingdata/mined_expanded_corpus_cloze_part05.txt]
  Progress -> 8.2675% (10248.7 / 123964 KB) | LR: 0.00142817 | TTemp: 1.2119 | VTemp: 1.0
  Train -> TL: 4.49412 | ATL: 4.66322 | ITPPL: 89.4894 | ATPPL: 105.977 | ENT: 6.13778b | CERT: 11.7646%
  Val   -> VL: 5.17988 | AVL: 5.1665 | IVPPL: 177.661 | AVPPL: 175.3 | VENT: 6.79966b | VCERT: 11.9046%

[GeoMind CAUSAL CE Stream] Ep 1.0/Inf | Mixed Stream | Last: D[9.0: test/geomind/trainingdata/mined_expanded_corpus_cloze_part05.txt]
  Progress -> 8.27646% (10259.8 / 123964 KB) | LR: 0.00142744 | TTemp: 1.21217 | VTemp: 1.0
  Train -> TL: 4.50209 | ATL: 4.64016 | ITPPL: 90.2052 | ATPPL: 103.56 | ENT: 6.16409b | CERT: 11.3722%
  Val   -> VL: 5.17009 | AVL: 5.16758 | IVPPL: 175.931 | AVPPL: 175.489 | VENT: 6.82674b | VCERT: 11.6583%

[GeoMind CAUSAL CE Stream] Ep 1.0/Inf | Mixed Stream | Last: D[9.0: test/geomind/trainingdata/mined_expanded_corpus_cloze_part05.txt]
  Progress -> 8.28624% (10271.9 / 123964 KB) | LR: 0.00142598 | TTemp: 1.21298 | VTemp: 1.0
  Train -> TL: 4.50739 | ATL: 4.62883 | ITPPL: 90.685 | ATPPL: 102.394 | ENT: 6.2006b | CERT: 10.9616%
  Val   -> VL: 5.1554 | AVL: 5.16392 | IVPPL: 173.365 | AVPPL: 174.849 | VENT: 6.84731b | VCERT: 11.5471%

[GeoMind CAUSAL CE Stream] Ep 1.0/Inf | Mixed Stream | Last: D[9.0: test/geomind/trainingdata/mined_expanded_corpus_cloze_part05.txt]
  Progress -> 8.29805% (10286.6 / 123964 KB) | LR: 0.00142375 | TTemp: 1.21455 | VTemp: 1.0
  Train -> TL: 4.55464 | ATL: 4.61626 | ITPPL: 95.073 | ATPPL: 101.115 | ENT: 6.25061b | CERT: 11.4361%
  Val   -> VL: 5.16126 | AVL: 5.16312 | IVPPL: 174.383 | AVPPL: 174.709 | VENT: 6.8458b | VCERT: 11.6201%

[GeoMind CAUSAL CE Stream] Ep 1.0/Inf | Mixed Stream | Last: D[9.0: test/geomind/trainingdata/mined_expanded_corpus_cloze_part05.txt]
  Progress -> 8.30499% (10295.2 / 123964 KB) | LR: 0.00142175 | TTemp: 1.2161 | VTemp: 1.0
  Train -> TL: 4.55234 | ATL: 4.61628 | ITPPL: 94.8546 | ATPPL: 101.117 | ENT: 6.20921b | CERT: 11.4733%
  Val   -> VL: 5.17279 | AVL: 5.16602 | IVPPL: 176.406 | AVPPL: 175.216 | VENT: 6.81801b | VCERT: 11.6266%

[GeoMind CAUSAL CE Stream] Ep 1.0/Inf | Mixed Stream | Last: D[9.0: test/geomind/trainingdata/mined_expanded_corpus_cloze_part05.txt]
  Progress -> 8.31134% (10303 / 123964 KB) | LR: 0.00142123 | TTemp: 1.21641 | VTemp: 1.0
  Train -> TL: 4.69484 | ATL: 4.63418 | ITPPL: 109.381 | ATPPL: 102.943 | ENT: 6.26145b | CERT: 11.3977%
  Val   -> VL: 5.18105 | AVL: 5.17053 | IVPPL: 177.869 | AVPPL: 176.008 | VENT: 6.7969b | VCERT: 12.1336%

[GeoMind CAUSAL CE Stream] Ep 1.0/Inf | Mixed Stream | Last: D[9.0: test/geomind/trainingdata/mined_expanded_corpus_cloze_part05.txt]
  Progress -> 8.31885% (10312.4 / 123964 KB) | LR: 0.00142086 | TTemp: 1.21627 | VTemp: 1.0
  Train -> TL: 4.62384 | ATL: 4.63543 | ITPPL: 101.884 | ATPPL: 103.072 | ENT: 6.22936b | CERT: 12.2665%
  Val   -> VL: 5.15699 | AVL: 5.16647 | IVPPL: 173.641 | AVPPL: 175.294 | VENT: 6.78732b | VCERT: 12.2817%

[GeoMind CAUSAL CE Stream] Ep 1.0/Inf | Mixed Stream | Last: D[9.0: test/geomind/trainingdata/mined_expanded_corpus_cloze_part05.txt]
  Progress -> 8.32735% (10322.9 / 123964 KB) | LR: 0.00141958 | TTemp: 1.21682 | VTemp: 1.0
  Train -> TL: 4.67066 | ATL: 4.62236 | ITPPL: 106.769 | ATPPL: 101.733 | ENT: 6.37087b | CERT: 12.2595%
  Val   -> VL: 5.15212 | AVL: 5.16216 | IVPPL: 172.797 | AVPPL: 174.541 | VENT: 6.79417b | VCERT: 12.5158%

[GeoMind CAUSAL CE Stream] Ep 1.0/Inf | Mixed Stream | Last: D[9.0: test/geomind/trainingdata/mined_expanded_corpus_cloze_part05.txt]
  Progress -> 8.33494% (10332.3 / 123964 KB) | LR: 0.00141875 | TTemp: 1.21697 | VTemp: 1.0
  Train -> TL: 4.6966 | ATL: 4.62673 | ITPPL: 109.574 | ATPPL: 102.18 | ENT: 6.42441b | CERT: 12.4621%
  Val   -> VL: 5.16293 | AVL: 5.16239 | IVPPL: 174.676 | AVPPL: 174.582 | VENT: 6.74575b | VCERT: 12.9531%

[GeoMind CAUSAL CE Stream] Ep 1.0/Inf | Mixed Stream | Last: D[9.0: test/geomind/trainingdata/mined_expanded_corpus_cloze_part05.txt]
  Progress -> 8.34262% (10341.8 / 123964 KB) | LR: 0.00141891 | TTemp: 1.21592 | VTemp: 1.0
  Train -> TL: 4.70198 | ATL: 4.63933 | ITPPL: 110.165 | ATPPL: 103.475 | ENT: 6.32329b | CERT: 12.6486%
  Val   -> VL: 5.15199 | AVL: 5.15927 | IVPPL: 172.774 | AVPPL: 174.038 | VENT: 6.77851b | VCERT: 12.5525%

[GeoMind CAUSAL CE Stream] Ep 1.0/Inf | Mixed Stream | Last: D[9.0: test/geomind/trainingdata/mined_expanded_corpus_cloze_part05.txt]
  Progress -> 8.34914% (10349.9 / 123964 KB) | LR: 0.00142026 | TTemp: 1.21401 | VTemp: 1.0
  Train -> TL: 4.65396 | ATL: 4.65612 | ITPPL: 105 | ATPPL: 105.227 | ENT: 6.27289b | CERT: 12.6531%
  Val   -> VL: 5.17003 | AVL: 5.1625 | IVPPL: 175.92 | AVPPL: 174.6 | VENT: 6.7863b | VCERT: 12.2596%

[GeoMind CAUSAL CE Stream] Ep 1.0/Inf | Mixed Stream | Last: D[9.0: test/geomind/trainingdata/mined_expanded_corpus_cloze_part05.txt]
  Progress -> 8.35729% (10360 / 123964 KB) | LR: 0.0014214 | TTemp: 1.21272 | VTemp: 1.0
  Train -> TL: 4.46327 | ATL: 4.65518 | ITPPL: 86.771 | ATPPL: 105.128 | ENT: 6.28861b | CERT: 10.8546%
  Val   -> VL: 5.1741 | AVL: 5.16598 | IVPPL: 176.638 | AVPPL: 175.209 | VENT: 6.79571b | VCERT: 12.1267%

[GeoMind CAUSAL CE Stream] Ep 1.0/Inf | Mixed Stream | Last: D[9.0: test/geomind/trainingdata/mined_expanded_corpus_cloze_part05.txt]
  Progress -> 8.36403% (10368.4 / 123964 KB) | LR: 0.00142083 | TTemp: 1.2133 | VTemp: 1.0
  Train -> TL: 4.3701 | ATL: 4.63282 | ITPPL: 79.0515 | ATPPL: 102.804 | ENT: 6.06897b | CERT: 12.2726%
  Val   -> VL: 5.16609 | AVL: 5.16601 | IVPPL: 175.229 | AVPPL: 175.215 | VENT: 6.75112b | VCERT: 12.2258%

[GeoMind CAUSAL CE Stream] Ep 1.0/Inf | Mixed Stream | Last: D[9.0: test/geomind/trainingdata/mined_expanded_corpus_cloze_part05.txt]
  Progress -> 8.37288% (10379.3 / 123964 KB) | LR: 0.00141854 | TTemp: 1.21527 | VTemp: 1.0
  Train -> TL: 4.3821 | ATL: 4.60827 | ITPPL: 80.0059 | ATPPL: 100.311 | ENT: 5.91384b | CERT: 13.7897%
  Val   -> VL: 5.14965 | AVL: 5.1611 | IVPPL: 172.371 | AVPPL: 174.357 | VENT: 6.71434b | VCERT: 12.473%

[GeoMind CAUSAL CE Stream] Ep 1.0/Inf | Mixed Stream | Last: D[9.0: test/geomind/trainingdata/mined_expanded_corpus_cloze_part05.txt]
  Progress -> 8.3815% (10390 / 123964 KB) | LR: 0.0014166 | TTemp: 1.21675 | VTemp: 1.0
  Train -> TL: 4.48274 | ATL: 4.60993 | ITPPL: 88.4769 | ATPPL: 100.478 | ENT: 5.91338b | CERT: 14.6364%
  Val   -> VL: 5.15824 | AVL: 5.16025 | IVPPL: 173.859 | AVPPL: 174.207 | VENT: 6.71043b | VCERT: 12.5306%

[GeoMind CAUSAL CE Stream] Ep 1.0/Inf | Mixed Stream | Last: D[9.0: test/geomind/trainingdata/mined_expanded_corpus_cloze_part05.txt]
  Progress -> 8.39002% (10400.6 / 123964 KB) | LR: 0.001415 | TTemp: 1.21783 | VTemp: 1.0
  Train -> TL: 4.43648 | ATL: 4.61196 | ITPPL: 84.4772 | ATPPL: 100.681 | ENT: 5.88719b | CERT: 13.9629%
  Val   -> VL: 5.15879 | AVL: 5.15981 | IVPPL: 173.954 | AVPPL: 174.131 | VENT: 6.73732b | VCERT: 12.2439%

[GeoMind CAUSAL CE Stream] Ep 1.0/Inf | Mixed Stream | Last: D[9.0: test/geomind/trainingdata/mined_expanded_corpus_cloze_part05.txt]
  Progress -> 8.40043% (10413.5 / 123964 KB) | LR: 0.00141317 | TTemp: 1.21917 | VTemp: 1.0
  Train -> TL: 4.52053 | ATL: 4.60656 | ITPPL: 91.8846 | ATPPL: 100.139 | ENT: 6.17613b | CERT: 11.5294%
  Val   -> VL: 5.16077 | AVL: 5.1601 | IVPPL: 174.299 | AVPPL: 174.182 | VENT: 6.77626b | VCERT: 11.8548%

[GeoMind CAUSAL CE Stream] Ep 1.0/Inf | Mixed Stream | Last: D[9.0: test/geomind/trainingdata/mined_expanded_corpus_cloze_part05.txt]
  Progress -> 8.41021% (10425.6 / 123964 KB) | LR: 0.00141107 | TTemp: 1.22058 | VTemp: 1.0
  Train -> TL: 4.53317 | ATL: 4.60016 | ITPPL: 93.0531 | ATPPL: 99.5002 | ENT: 6.05665b | CERT: 12.5805%
  Val   -> VL: 5.15084 | AVL: 5.15732 | IVPPL: 172.576 | AVPPL: 173.698 | VENT: 6.77224b | VCERT: 11.7974%

[GeoMind CAUSAL CE Stream] Ep 1.0/Inf | Mixed Stream | Last: D[9.0: test/geomind/trainingdata/mined_expanded_corpus_cloze_part05.txt]
  Progress -> 8.41804% (10435.3 / 123964 KB) | LR: 0.00140959 | TTemp: 1.22132 | VTemp: 1.0
  Train -> TL: 4.54939 | ATL: 4.6059 | ITPPL: 94.5744 | ATPPL: 100.073 | ENT: 6.09992b | CERT: 12.7957%
  Val   -> VL: 5.15596 | AVL: 5.15691 | IVPPL: 173.462 | AVPPL: 173.627 | VENT: 6.78029b | VCERT: 11.7694%

[GeoMind CAUSAL CE Stream] Ep 1.0/Inf | Mixed Stream | Last: D[9.0: test/geomind/trainingdata/mined_expanded_corpus_cloze_part05.txt]
  Progress -> 8.42648% (10445.8 / 123964 KB) | LR: 0.00140999 | TTemp: 1.21987 | VTemp: 1.0
  Train -> TL: 4.85908 | ATL: 4.63008 | ITPPL: 128.906 | ATPPL: 102.522 | ENT: 6.3714b | CERT: 10.4293%
  Val   -> VL: 5.14498 | AVL: 5.15333 | IVPPL: 171.569 | AVPPL: 173.007 | VENT: 6.79469b | VCERT: 11.7839%

[GeoMind CAUSAL CE Stream] Ep 1.0/Inf | Mixed Stream | Last: D[9.0: test/geomind/trainingdata/mined_expanded_corpus_cloze_part05.txt]
  Progress -> 8.43401% (10455.1 / 123964 KB) | LR: 0.0014103 | TTemp: 1.21876 | VTemp: 1.0
  Train -> TL: 4.78044 | ATL: 4.62932 | ITPPL: 119.157 | ATPPL: 102.444 | ENT: 6.51777b | CERT: 9.88604%
  Val   -> VL: 5.15672 | AVL: 5.15435 | IVPPL: 173.594 | AVPPL: 173.183 | VENT: 6.79018b | VCERT: 11.8705%

[GeoMind CAUSAL CE Stream] Ep 1.0/Inf | Mixed Stream | Last: D[9.0: test/geomind/trainingdata/mined_expanded_corpus_cloze_part05.txt]
  Progress -> 8.44383% (10467.3 / 123964 KB) | LR: 0.00140925 | TTemp: 1.21932 | VTemp: 1.0
  Train -> TL: 4.5719 | ATL: 4.61082 | ITPPL: 96.7278 | ATPPL: 100.567 | ENT: 6.3731b | CERT: 10.3675%
  Val   -> VL: 5.15896 | AVL: 5.15573 | IVPPL: 173.983 | AVPPL: 173.423 | VENT: 6.77979b | VCERT: 11.8075%

[GeoMind CAUSAL CE Stream] Ep 1.0/Inf | Mixed Stream | Last: D[9.0: test/geomind/trainingdata/mined_expanded_corpus_cloze_part05.txt]
  Progress -> 8.45052% (10475.6 / 123964 KB) | LR: 0.00140846 | TTemp: 1.21987 | VTemp: 1.0
  Train -> TL: 4.72397 | ATL: 4.61292 | ITPPL: 112.615 | ATPPL: 100.778 | ENT: 6.30731b | CERT: 10.5725%
  Val   -> VL: 5.16648 | AVL: 5.15895 | IVPPL: 175.296 | AVPPL: 173.983 | VENT: 6.76587b | VCERT: 12.3182%

[GeoMind CAUSAL CE Stream] Ep 1.0/Inf | Mixed Stream | Last: D[9.0: test/geomind/trainingdata/mined_expanded_corpus_cloze_part05.txt]
  Progress -> 8.4587% (10485.7 / 123964 KB) | LR: 0.00140827 | TTemp: 1.21994 | VTemp: 1.0
  Train -> TL: 4.65847 | ATL: 4.62023 | ITPPL: 105.475 | ATPPL: 101.518 | ENT: 6.34329b | CERT: 10.2224%
  Val   -> VL: 5.16541 | AVL: 5.16089 | IVPPL: 175.11 | AVPPL: 174.32 | VENT: 6.80253b | VCERT: 12.0103%

[GeoMind CAUSAL CE Stream] Ep 1.0/Inf | Mixed Stream | Last: D[9.0: test/geomind/trainingdata/mined_expanded_corpus_cloze_part05.txt]
  Progress -> 8.46462% (10493.1 / 123964 KB) | LR: 0.0014091 | TTemp: 1.2191 | VTemp: 1.0
  Train -> TL: 4.62773 | ATL: 4.63407 | ITPPL: 102.282 | ATPPL: 102.932 | ENT: 6.31199b | CERT: 10.7735%
  Val   -> VL: 5.16693 | AVL: 5.1627 | IVPPL: 175.376 | AVPPL: 174.636 | VENT: 6.78616b | VCERT: 12.2351%

[GeoMind CAUSAL CE Stream] Ep 1.0/Inf | Mixed Stream | Last: D[9.0: test/geomind/trainingdata/mined_expanded_corpus_cloze_part05.txt]
  Progress -> 8.47118% (10501.2 / 123964 KB) | LR: 0.00140963 | TTemp: 1.21892 | VTemp: 1.0
  Train -> TL: 4.52805 | ATL: 4.63111 | ITPPL: 92.578 | ATPPL: 102.628 | ENT: 6.26464b | CERT: 11.448%
  Val   -> VL: 5.17687 | AVL: 5.16695 | IVPPL: 177.127 | AVPPL: 175.38 | VENT: 6.7733b | VCERT: 12.4151%

[GeoMind CAUSAL CE Stream] Ep 1.0/Inf | Mixed Stream | Last: D[9.0: test/geomind/trainingdata/mined_expanded_corpus_cloze_part05.txt]
  Progress -> 8.47805% (10509.7 / 123964 KB) | LR: 0.00141019 | TTemp: 1.21889 | VTemp: 1.0
  Train -> TL: 4.6946 | ATL: 4.63227 | ITPPL: 109.355 | ATPPL: 102.747 | ENT: 6.25906b | CERT: 10.9637%
  Val   -> VL: 5.17624 | AVL: 5.16974 | IVPPL: 177.016 | AVPPL: 175.869 | VENT: 6.79484b | VCERT: 12.188%

[GeoMind CAUSAL CE Stream] Ep 1.0/Inf | Mixed Stream | Last: D[9.0: test/geomind/trainingdata/mined_expanded_corpus_cloze_part05.txt]
  Progress -> 8.48633% (10520 / 123964 KB) | LR: 0.00140941 | TTemp: 1.22016 | VTemp: 1.0
  Train -> TL: 4.52899 | ATL: 4.61446 | ITPPL: 92.6646 | ATPPL: 100.933 | ENT: 6.26758b | CERT: 11.0246%
  Val   -> VL: 5.1679 | AVL: 5.16919 | IVPPL: 175.546 | AVPPL: 175.772 | VENT: 6.81791b | VCERT: 11.837%

[GeoMind CAUSAL CE Stream] Ep 1.0/Inf | Mixed Stream | Last: D[9.0: test/geomind/trainingdata/mined_expanded_corpus_cloze_part05.txt]
  Progress -> 8.49597% (10531.9 / 123964 KB) | LR: 0.00140857 | TTemp: 1.22145 | VTemp: 1.0
  Train -> TL: 4.44442 | ATL: 4.61257 | ITPPL: 85.1507 | ATPPL: 100.743 | ENT: 6.13887b | CERT: 12.6931%
  Val   -> VL: 5.17193 | AVL: 5.17001 | IVPPL: 176.254 | AVPPL: 175.917 | VENT: 6.84616b | VCERT: 11.6738%

[GeoMind CAUSAL CE Stream] Ep 1.0/Inf | Mixed Stream | Last: D[9.0: test/geomind/trainingdata/mined_expanded_corpus_cloze_part05.txt]
  Progress -> 8.5056% (10543.9 / 123964 KB) | LR: 0.00140916 | TTemp: 1.22088 | VTemp: 1.0
  Train -> TL: 4.7732 | ATL: 4.63115 | ITPPL: 118.297 | ATPPL: 102.632 | ENT: 6.35643b | CERT: 11.098%
  Val   -> VL: 5.1583 | AVL: 5.1665 | IVPPL: 173.869 | AVPPL: 175.3 | VENT: 6.85047b | VCERT: 11.8399%

[GeoMind CAUSAL CE Stream] Ep 1.0/Inf | Mixed Stream | Last: D[9.0: test/geomind/trainingdata/mined_expanded_corpus_cloze_part05.txt]
  Progress -> 8.51535% (10555.9 / 123964 KB) | LR: 0.00140984 | TTemp: 1.21956 | VTemp: 1.0
  Train -> TL: 4.61287 | ATL: 4.63328 | ITPPL: 100.773 | ATPPL: 102.851 | ENT: 6.45018b | CERT: 11.1857%
  Val   -> VL: 5.13615 | AVL: 5.15739 | IVPPL: 170.06 | AVPPL: 173.711 | VENT: 6.82395b | VCERT: 12.1826%

[GeoMind CAUSAL CE Stream] Ep 1.0/Inf | Mixed Stream | Last: D[9.0: test/geomind/trainingdata/mined_expanded_corpus_cloze_part05.txt]
  Progress -> 8.52658% (10569.9 / 123964 KB) | LR: 0.00140954 | TTemp: 1.21913 | VTemp: 1.0
  Train -> TL: 4.52972 | ATL: 4.62056 | ITPPL: 92.7322 | ATPPL: 101.551 | ENT: 6.36284b | CERT: 11.1903%
  Val   -> VL: 5.14618 | AVL: 5.15403 | IVPPL: 171.775 | AVPPL: 173.128 | VENT: 6.78722b | VCERT: 12.3042%

[GeoMind CAUSAL CE Stream] Ep 1.0/Inf | Mixed Stream | Last: D[9.0: test/geomind/trainingdata/mined_expanded_corpus_cloze_part05.txt]
  Progress -> 8.53677% (10582.5 / 123964 KB) | LR: 0.00140775 | TTemp: 1.22027 | VTemp: 1.0
  Train -> TL: 4.59703 | ATL: 4.59953 | ITPPL: 99.1892 | ATPPL: 99.4376 | ENT: 6.32059b | CERT: 11.2914%
  Val   -> VL: 5.15037 | AVL: 5.15293 | IVPPL: 172.495 | AVPPL: 172.938 | VENT: 6.79409b | VCERT: 12.0522%

[GeoMind CAUSAL CE Stream] Ep 1.0/Inf | Mixed Stream | Last: D[9.0: test/geomind/trainingdata/mined_expanded_corpus_cloze_part05.txt]
  Progress -> 8.54816% (10596.6 / 123964 KB) | LR: 0.00140509 | TTemp: 1.22257 | VTemp: 1.0
  Train -> TL: 4.65137 | ATL: 4.5849 | ITPPL: 104.729 | ATPPL: 97.9933 | ENT: 6.37127b | CERT: 10.7105%
  Val   -> VL: 5.16355 | AVL: 5.15612 | IVPPL: 174.783 | AVPPL: 173.489 | VENT: 6.76798b | VCERT: 12.1041%

[GeoMind CAUSAL CE Stream] Ep 1.0/Inf | Mixed Stream | Last: D[9.0: test/geomind/trainingdata/mined_expanded_corpus_cloze_part05.txt]
  Progress -> 8.55741% (10608.1 / 123964 KB) | LR: 0.00140384 | TTemp: 1.23133 | VTemp: 1.0
  Train -> TL: 5.10455 | ATL: 4.60084 | ITPPL: 164.769 | ATPPL: 99.5684 | ENT: 6.40961b | CERT: 10.2031%
  Val   -> VL: 5.17825 | AVL: 5.16276 | IVPPL: 177.372 | AVPPL: 174.645 | VENT: 6.80232b | VCERT: 12.1849%

[GeoMind CAUSAL CE Stream] Ep 1.0/Inf | Mixed Stream | Last: D[9.0: test/geomind/trainingdata/mined_expanded_corpus_cloze_part05.txt]
  Progress -> 8.5644% (10616.7 / 123964 KB) | LR: 0.00140597 | TTemp: 1.23619 | VTemp: 1.0
  Train -> TL: 5.30013 | ATL: 4.64601 | ITPPL: 200.362 | ATPPL: 104.168 | ENT: 6.61208b | CERT: 9.22898%
  Val   -> VL: 5.19858 | AVL: 5.1735 | IVPPL: 181.015 | AVPPL: 176.532 | VENT: 6.79824b | VCERT: 12.1102%

[GeoMind CAUSAL CE Stream] Ep 1.0/Inf | Mixed Stream | Last: D[9.0: test/geomind/trainingdata/mined_expanded_corpus_cloze_part05.txt]
  Progress -> 8.57143% (10625.5 / 123964 KB) | LR: 0.00140903 | TTemp: 1.23961 | VTemp: 1.0
  Train -> TL: 4.9866 | ATL: 4.66197 | ITPPL: 146.438 | ATPPL: 105.844 | ENT: 6.41424b | CERT: 10.315%
  Val   -> VL: 5.19502 | AVL: 5.17996 | IVPPL: 180.372 | AVPPL: 177.676 | VENT: 6.80953b | VCERT: 11.9033%

[GeoMind CAUSAL CE Stream] Ep 1.0/Inf | Mixed Stream | Last: D[9.0: test/geomind/trainingdata/mined_expanded_corpus_cloze_part05.txt]
  Progress -> 8.57771% (10633.2 / 123964 KB) | LR: 0.00141338 | TTemp: 1.2334 | VTemp: 1.0
  Train -> TL: 5.02553 | ATL: 4.68408 | ITPPL: 152.251 | ATPPL: 108.211 | ENT: 6.38388b | CERT: 10.8054%
  Val   -> VL: 5.1819 | AVL: 5.18054 | IVPPL: 178.02 | AVPPL: 177.779 | VENT: 6.84403b | VCERT: 11.7261%

[GeoMind CAUSAL CE Stream] Ep 1.0/Inf | Mixed Stream | Last: D[9.0: test/geomind/trainingdata/mined_expanded_corpus_cloze_part05.txt]
  Progress -> 8.58678% (10644.5 / 123964 KB) | LR: 0.00141902 | TTemp: 1.22633 | VTemp: 1.0
  Train -> TL: 4.8247 | ATL: 4.70794 | ITPPL: 124.55 | ATPPL: 110.824 | ENT: 6.38624b | CERT: 9.87644%
  Val   -> VL: 5.18019 | AVL: 5.18043 | IVPPL: 177.716 | AVPPL: 177.76 | VENT: 6.88983b | VCERT: 11.5824%

[GeoMind CAUSAL CE Stream] Ep 1.0/Inf | Mixed Stream | Last: D[9.0: test/geomind/trainingdata/mined_expanded_corpus_cloze_part05.txt]
  Progress -> 8.59613% (10656.1 / 123964 KB) | LR: 0.00142581 | TTemp: 1.21807 | VTemp: 1.0
  Train -> TL: 4.64851 | ATL: 4.73181 | ITPPL: 104.429 | ATPPL: 113.501 | ENT: 6.48979b | CERT: 9.28249%
  Val   -> VL: 5.16013 | AVL: 5.17434 | IVPPL: 174.187 | AVPPL: 176.681 | VENT: 6.89612b | VCERT: 11.4329%

[GeoMind CAUSAL CE Stream] Ep 1.0/Inf | Mixed Stream | Last: D[9.0: test/geomind/trainingdata/mined_expanded_corpus_cloze_part05.txt]
  Progress -> 8.60548% (10667.7 / 123964 KB) | LR: 0.00143125 | TTemp: 1.21118 | VTemp: 1.0
  Train -> TL: 4.60605 | ATL: 4.72262 | ITPPL: 100.088 | ATPPL: 112.462 | ENT: 6.44138b | CERT: 9.63825%
  Val   -> VL: 5.14957 | AVL: 5.16691 | IVPPL: 172.358 | AVPPL: 175.372 | VENT: 6.86755b | VCERT: 11.8021%

[GeoMind CAUSAL CE Stream] Ep 1.0/Inf | Mixed Stream | Last: D[9.0: test/geomind/trainingdata/mined_expanded_corpus_cloze_part05.txt]
  Progress -> 8.61505% (10679.5 / 123964 KB) | LR: 0.00143546 | TTemp: 1.20553 | VTemp: 1.0
  Train -> TL: 4.65609 | ATL: 4.71291 | ITPPL: 105.224 | ATPPL: 111.376 | ENT: 6.44368b | CERT: 10.2685%
  Val   -> VL: 5.1436 | AVL: 5.15992 | IVPPL: 171.331 | AVPPL: 174.15 | VENT: 6.87494b | VCERT: 11.7871%

[GeoMind CAUSAL CE Stream] Ep 1.0/Inf | Mixed Stream | Last: D[9.0: test/geomind/trainingdata/mined_expanded_corpus_cloze_part05.txt]
  Progress -> 8.62474% (10691.5 / 123964 KB) | LR: 0.00143762 | TTemp: 1.20203 | VTemp: 1.0
  Train -> TL: 4.57662 | ATL: 4.69041 | ITPPL: 97.1855 | ATPPL: 108.897 | ENT: 6.39358b | CERT: 10.9677%
  Val   -> VL: 5.14291 | AVL: 5.15482 | IVPPL: 171.214 | AVPPL: 173.264 | VENT: 6.85658b | VCERT: 11.8773%

[GeoMind CAUSAL CE Stream] Ep 1.0/Inf | Mixed Stream | Last: D[9.0: test/geomind/trainingdata/mined_expanded_corpus_cloze_part05.txt]
  Progress -> 8.63352% (10702.4 / 123964 KB) | LR: 0.00143909 | TTemp: 1.19947 | VTemp: 1.0
  Train -> TL: 4.55331 | ATL: 4.68383 | ITPPL: 94.9462 | ATPPL: 108.184 | ENT: 6.25952b | CERT: 11.0947%
  Val   -> VL: 5.1511 | AVL: 5.1537 | IVPPL: 172.62 | AVPPL: 173.071 | VENT: 6.83798b | VCERT: 12.0592%

[GeoMind CAUSAL CE Stream] Ep 1.0/Inf | Mixed Stream | Last: D[9.0: test/geomind/trainingdata/mined_expanded_corpus_cloze_part05.txt]
  Progress -> 8.6404% (10711 / 123964 KB) | LR: 0.00143965 | TTemp: 1.19833 | VTemp: 1.0
  Train -> TL: 4.54888 | ATL: 4.67308 | ITPPL: 94.5269 | ATPPL: 107.027 | ENT: 6.21061b | CERT: 10.8694%
  Val   -> VL: 5.16433 | AVL: 5.15689 | IVPPL: 174.919 | AVPPL: 173.623 | VENT: 6.81408b | VCERT: 12.4815%

[GeoMind CAUSAL CE Stream] Ep 1.0/Inf | Mixed Stream | Last: D[9.0: test/geomind/trainingdata/mined_expanded_corpus_cloze_part05.txt]
  Progress -> 8.64726% (10719.5 / 123964 KB) | LR: 0.00144046 | TTemp: 1.1972 | VTemp: 1.0
  Train -> TL: 4.66859 | ATL: 4.67753 | ITPPL: 106.547 | ATPPL: 107.505 | ENT: 6.31757b | CERT: 11.1383%
  Val   -> VL: 5.16412 | AVL: 5.15906 | IVPPL: 174.884 | AVPPL: 174.001 | VENT: 6.84551b | VCERT: 12.261%

[GeoMind CAUSAL CE Stream] Ep 1.0/Inf | Mixed Stream | Last: D[9.0: test/geomind/trainingdata/mined_expanded_corpus_cloze_part05.txt]
  Progress -> 8.65444% (10728.4 / 123964 KB) | LR: 0.00144128 | TTemp: 1.19621 | VTemp: 1.0
  Train -> TL: 4.56598 | ATL: 4.67865 | ITPPL: 96.1572 | ATPPL: 107.624 | ENT: 6.30999b | CERT: 11.0795%
  Val   -> VL: 5.16174 | AVL: 5.15986 | IVPPL: 174.469 | AVPPL: 174.141 | VENT: 6.8631b | VCERT: 12.2537%

[GeoMind CAUSAL CE Stream] Ep 1.0/Inf | Mixed Stream | Last: D[9.0: test/geomind/trainingdata/mined_expanded_corpus_cloze_part05.txt]
  Progress -> 8.66364% (10739.8 / 123964 KB) | LR: 0.00144101 | TTemp: 1.19631 | VTemp: 1.0
  Train -> TL: 4.58256 | ATL: 4.66474 | ITPPL: 97.7641 | ATPPL: 106.138 | ENT: 6.4093b | CERT: 10.8894%
  Val   -> VL: 5.15554 | AVL: 5.15857 | IVPPL: 173.389 | AVPPL: 173.915 | VENT: 6.8912b | VCERT: 11.891%

[GeoMind CAUSAL CE Stream] Ep 1.0/Inf | Mixed Stream | Last: D[9.0: test/geomind/trainingdata/mined_expanded_corpus_cloze_part05.txt]
  Progress -> 8.67284% (10751.2 / 123964 KB) | LR: 0.00144042 | TTemp: 1.19679 | VTemp: 1.0
  Train -> TL: 4.54832 | ATL: 4.65982 | ITPPL: 94.4735 | ATPPL: 105.617 | ENT: 6.2864b | CERT: 13.0118%
  Val   -> VL: 5.1592 | AVL: 5.15876 | IVPPL: 174.026 | AVPPL: 173.948 | VENT: 6.8599b | VCERT: 12.0645%

[GeoMind CAUSAL CE Stream] Ep 1.0/Inf | Mixed Stream | Last: D[9.0: test/geomind/trainingdata/mined_expanded_corpus_cloze_part05.txt]
  Progress -> 8.68151% (10761.9 / 123964 KB) | LR: 0.00143953 | TTemp: 1.19754 | VTemp: 1.0
  Train -> TL: 4.67359 | ATL: 4.65491 | ITPPL: 107.082 | ATPPL: 105.1 | ENT: 6.38916b | CERT: 11.9048%
  Val   -> VL: 5.15786 | AVL: 5.15849 | IVPPL: 173.792 | AVPPL: 173.901 | VENT: 6.8698b | VCERT: 12.267%

[GeoMind CAUSAL CE Stream] Ep 1.0/Inf | Mixed Stream | Last: D[9.0: test/geomind/trainingdata/mined_expanded_corpus_cloze_part05.txt]
  Progress -> 8.6898% (10772.2 / 123964 KB) | LR: 0.00143749 | TTemp: 1.20746 | VTemp: 1.0
  Train -> TL: 4.44024 | ATL: 4.63761 | ITPPL: 84.7956 | ATPPL: 103.297 | ENT: 6.2505b | CERT: 12.025%
  Val   -> VL: 5.18013 | AVL: 5.16498 | IVPPL: 177.706 | AVPPL: 175.034 | VENT: 6.8318b | VCERT: 12.514%

[GeoMind CAUSAL CE Stream] Ep 1.0/Inf | Mixed Stream | Last: D[9.0: test/geomind/trainingdata/mined_expanded_corpus_cloze_part05.txt]
  Progress -> 8.69951% (10784.2 / 123964 KB) | LR: 0.00143377 | TTemp: 1.21835 | VTemp: 1.0
  Train -> TL: 4.56584 | ATL: 4.61155 | ITPPL: 96.1435 | ATPPL: 100.64 | ENT: 6.32066b | CERT: 11.3162%
  Val   -> VL: 5.18725 | AVL: 5.17166 | IVPPL: 178.975 | AVPPL: 176.207 | VENT: 6.8262b | VCERT: 12.2784%

[GeoMind CAUSAL CE Stream] Ep 1.0/Inf | Mixed Stream | Last: D[9.0: test/geomind/trainingdata/mined_expanded_corpus_cloze_part05.txt]
  Progress -> 8.71186% (10799.5 / 123964 KB) | LR: 0.00143 | TTemp: 1.22068 | VTemp: 1.0
  Train -> TL: 4.66288 | ATL: 4.60572 | ITPPL: 105.941 | ATPPL: 100.055 | ENT: 6.39365b | CERT: 10.2818%
  Val   -> VL: 5.17791 | AVL: 5.17354 | IVPPL: 177.313 | AVPPL: 176.538 | VENT: 6.84161b | VCERT: 11.9707%

[GeoMind CAUSAL CE Stream] Ep 1.0/Inf | Mixed Stream | Last: D[9.0: test/geomind/trainingdata/mined_expanded_corpus_cloze_part05.txt]
  Progress -> 8.71951% (10809 / 123964 KB) | LR: 0.00142703 | TTemp: 1.22234 | VTemp: 1.0
  Train -> TL: 4.50966 | ATL: 4.61151 | ITPPL: 90.8912 | ATPPL: 100.636 | ENT: 6.27055b | CERT: 11.0594%
  Val   -> VL: 5.17841 | AVL: 5.175 | IVPPL: 177.4 | AVPPL: 176.796 | VENT: 6.80928b | VCERT: 12.1326%

[GeoMind CAUSAL CE Stream] Ep 1.0/Inf | Mixed Stream | Last: D[9.0: test/geomind/trainingdata/mined_expanded_corpus_cloze_part05.txt]
  Progress -> 8.72652% (10817.7 / 123964 KB) | LR: 0.0014237 | TTemp: 1.22463 | VTemp: 1.0
  Train -> TL: 4.55208 | ATL: 4.60232 | ITPPL: 94.8291 | ATPPL: 99.7153 | ENT: 6.26488b | CERT: 10.9432%
  Val   -> VL: 5.18333 | AVL: 5.1775 | IVPPL: 178.276 | AVPPL: 177.239 | VENT: 6.808b | VCERT: 11.9449%

[GeoMind CAUSAL CE Stream] Ep 1.0/Inf | Mixed Stream | Last: D[9.0: test/geomind/trainingdata/mined_expanded_corpus_cloze_part05.txt]
  Progress -> 8.73551% (10828.9 / 123964 KB) | LR: 0.00142012 | TTemp: 1.22708 | VTemp: 1.0
  Train -> TL: 4.61515 | ATL: 4.59435 | ITPPL: 101.003 | ATPPL: 98.924 | ENT: 6.31359b | CERT: 11.1148%
  Val   -> VL: 5.17352 | AVL: 5.1763 | IVPPL: 176.535 | AVPPL: 177.027 | VENT: 6.78486b | VCERT: 12.054%

[GeoMind CAUSAL CE Stream] Ep 1.0/Inf | Mixed Stream | Last: D[9.0: test/geomind/trainingdata/mined_expanded_corpus_cloze_part05.txt]
  Progress -> 8.74264% (10837.7 / 123964 KB) | LR: 0.00141607 | TTemp: 1.23038 | VTemp: 1.0
  Train -> TL: 4.48951 | ATL: 4.58274 | ITPPL: 89.0778 | ATPPL: 97.7822 | ENT: 6.24584b | CERT: 11.176%
  Val   -> VL: 5.19159 | AVL: 5.18089 | IVPPL: 179.754 | AVPPL: 177.841 | VENT: 6.76339b | VCERT: 12.1053%

[GeoMind CAUSAL CE Stream] Ep 1.0/Inf | Mixed Stream | Last: D[9.0: test/geomind/trainingdata/mined_expanded_corpus_cloze_part05.txt]
  Progress -> 8.75169% (10848.9 / 123964 KB) | LR: 0.0014116 | TTemp: 1.23384 | VTemp: 1.0
  Train -> TL: 4.54751 | ATL: 4.57141 | ITPPL: 94.3975 | ATPPL: 96.6804 | ENT: 6.11375b | CERT: 10.7014%
  Val   -> VL: 5.17224 | AVL: 5.17829 | IVPPL: 176.309 | AVPPL: 177.38 | VENT: 6.76383b | VCERT: 11.5904%

[GeoMind CAUSAL CE Stream] Ep 1.0/Inf | Mixed Stream | Last: D[9.0: test/geomind/trainingdata/mined_expanded_corpus_cloze_part05.txt]
  Progress -> 8.76132% (10860.8 / 123964 KB) | LR: 0.00140765 | TTemp: 1.23648 | VTemp: 1.0
  Train -> TL: 4.54866 | ATL: 4.57241 | ITPPL: 94.5057 | ATPPL: 96.7771 | ENT: 6.12003b | CERT: 12.0403%
  Val   -> VL: 5.16847 | AVL: 5.17535 | IVPPL: 175.646 | AVPPL: 176.858 | VENT: 6.75887b | VCERT: 11.8671%

[GeoMind CAUSAL CE Stream] Ep 1.0/Inf | Mixed Stream | Last: D[9.0: test/geomind/trainingdata/mined_expanded_corpus_cloze_part05.txt]
  Progress -> 8.76879% (10870.1 / 123964 KB) | LR: 0.00140362 | TTemp: 1.23902 | VTemp: 1.0
  Train -> TL: 4.68871 | ATL: 4.56567 | ITPPL: 108.713 | ATPPL: 96.1268 | ENT: 6.32469b | CERT: 11.2087%
  Val   -> VL: 5.16563 | AVL: 5.17243 | IVPPL: 175.147 | AVPPL: 176.343 | VENT: 6.72512b | VCERT: 12.5502%

[GeoMind CAUSAL CE Stream] Ep 1.0/Inf | Mixed Stream | Last: D[9.0: test/geomind/trainingdata/mined_expanded_corpus_cloze_part05.txt]
  Progress -> 8.77715% (10880.5 / 123964 KB) | LR: 0.00139793 | TTemp: 1.24294 | VTemp: 1.0
  Train -> TL: 4.36232 | ATL: 4.53715 | ITPPL: 78.4389 | ATPPL: 93.4242 | ENT: 6.05208b | CERT: 12.9191%
  Val   -> VL: 5.15599 | AVL: 5.1675 | IVPPL: 173.467 | AVPPL: 175.475 | VENT: 6.69802b | VCERT: 12.8345%

[GeoMind CAUSAL CE Stream] Ep 1.0/Inf | Mixed Stream | Last: D[9.0: test/geomind/trainingdata/mined_expanded_corpus_cloze_part05.txt]
  Progress -> 8.78439% (10889.5 / 123964 KB) | LR: 0.00139199 | TTemp: 1.24705 | VTemp: 1.0
  Train -> TL: 4.46848 | ATL: 4.52577 | ITPPL: 87.2237 | ATPPL: 92.3666 | ENT: 6.02329b | CERT: 12.445%
  Val   -> VL: 5.16396 | AVL: 5.16643 | IVPPL: 174.855 | AVPPL: 175.289 | VENT: 6.70503b | VCERT: 12.5741%

[GeoMind CAUSAL CE Stream] Ep 1.0/Inf | Mixed Stream | Last: D[9.0: test/geomind/trainingdata/mined_expanded_corpus_cloze_part05.txt]
  Progress -> 8.79208% (10899 / 123964 KB) | LR: 0.00138635 | TTemp: 1.25109 | VTemp: 1.0
  Train -> TL: 4.44758 | ATL: 4.5217 | ITPPL: 85.4201 | ATPPL: 91.9914 | ENT: 5.99608b | CERT: 13.2719%
  Val   -> VL: 5.17736 | AVL: 5.16971 | IVPPL: 177.215 | AVPPL: 175.864 | VENT: 6.71894b | VCERT: 12.1144%

[GeoMind CAUSAL CE Stream] Ep 1.0/Inf | Mixed Stream | Last: D[9.0: test/geomind/trainingdata/mined_expanded_corpus_cloze_part05.txt]
  Progress -> 8.79979% (10908.5 / 123964 KB) | LR: 0.0013832 | TTemp: 1.25261 | VTemp: 1.0
  Train -> TL: 4.57977 | ATL: 4.54831 | ITPPL: 97.4918 | ATPPL: 94.4729 | ENT: 6.1537b | CERT: 11.819%
  Val   -> VL: 5.17306 | AVL: 5.17072 | IVPPL: 176.454 | AVPPL: 176.041 | VENT: 6.70867b | VCERT: 12.3892%

[GeoMind CAUSAL CE Stream] Ep 1.0/Inf | Mixed Stream | Last: D[9.0: test/geomind/trainingdata/mined_expanded_corpus_cloze_part05.txt]
  Progress -> 8.80684% (10917.3 / 123964 KB) | LR: 0.00138113 | TTemp: 1.25288 | VTemp: 1.0
  Train -> TL: 4.64294 | ATL: 4.55908 | ITPPL: 103.849 | ATPPL: 95.4952 | ENT: 6.25121b | CERT: 11.7336%
  Val   -> VL: 5.16135 | AVL: 5.16791 | IVPPL: 174.4 | AVPPL: 175.547 | VENT: 6.71941b | VCERT: 12.3882%

[GeoMind CAUSAL CE Stream] Ep 1.0/Inf | Mixed Stream | Last: D[9.0: test/geomind/trainingdata/mined_expanded_corpus_cloze_part05.txt]
  Progress -> 8.81496% (10927.3 / 123964 KB) | LR: 0.0013816 | TTemp: 1.25076 | VTemp: 1.0
  Train -> TL: 4.75871 | ATL: 4.59138 | ITPPL: 116.595 | ATPPL: 98.6307 | ENT: 6.26534b | CERT: 11.145%
  Val   -> VL: 5.17111 | AVL: 5.16887 | IVPPL: 176.109 | AVPPL: 175.716 | VENT: 6.75562b | VCERT: 12.0998%

[GeoMind CAUSAL CE Stream] Ep 1.0/Inf | Mixed Stream | Last: D[9.0: test/geomind/trainingdata/mined_expanded_corpus_cloze_part05.txt]
  Progress -> 8.82327% (10937.7 / 123964 KB) | LR: 0.00138264 | TTemp: 1.2486 | VTemp: 1.0
  Train -> TL: 4.72809 | ATL: 4.60002 | ITPPL: 113.079 | ATPPL: 99.4866 | ENT: 6.32265b | CERT: 10.6797%
  Val   -> VL: 5.1816 | AVL: 5.17269 | IVPPL: 177.967 | AVPPL: 176.388 | VENT: 6.75591b | VCERT: 12.0264%

[GeoMind CAUSAL CE Stream] Ep 1.0/Inf | Mixed Stream | Last: D[9.0: test/geomind/trainingdata/mined_expanded_corpus_cloze_part05.txt]
  Progress -> 8.8319% (10948.3 / 123964 KB) | LR: 0.001384 | TTemp: 1.25438 | VTemp: 1.0
  Train -> TL: 4.59592 | ATL: 4.60594 | ITPPL: 99.0796 | ATPPL: 100.077 | ENT: 6.27461b | CERT: 10.539%
  Val   -> VL: 5.19782 | AVL: 5.18023 | IVPPL: 180.878 | AVPPL: 177.723 | VENT: 6.75138b | VCERT: 11.8948%

[GeoMind CAUSAL CE Stream] Ep 1.0/Inf | Mixed Stream | Last: D[9.0: test/geomind/trainingdata/mined_expanded_corpus_cloze_part05.txt]
  Progress -> 8.84177% (10960.6 / 123964 KB) | LR: 0.00138559 | TTemp: 1.25152 | VTemp: 1.0
  Train -> TL: 4.59081 | ATL: 4.61095 | ITPPL: 98.574 | ATPPL: 100.58 | ENT: 5.99586b | CERT: 12.8081%
  Val   -> VL: 5.18472 | AVL: 5.18157 | IVPPL: 178.523 | AVPPL: 177.963 | VENT: 6.73527b | VCERT: 12.1249%

[GeoMind CAUSAL CE Stream] Ep 1.0/Inf | Mixed Stream | Last: D[9.0: test/geomind/trainingdata/mined_expanded_corpus_cloze_part05.txt]
  Progress -> 8.85148% (10972.6 / 123964 KB) | LR: 0.00138819 | TTemp: 1.24735 | VTemp: 1.0
  Train -> TL: 4.61896 | ATL: 4.62716 | ITPPL: 101.389 | ATPPL: 102.223 | ENT: 6.03684b | CERT: 12.4647%
  Val   -> VL: 5.15854 | AVL: 5.17466 | IVPPL: 173.911 | AVPPL: 176.737 | VENT: 6.74523b | VCERT: 12.0238%

[GeoMind CAUSAL CE Stream] Ep 1.0/Inf | Mixed Stream | Last: D[9.0: test/geomind/trainingdata/mined_expanded_corpus_cloze_part05.txt]
  Progress -> 8.85937% (10982.4 / 123964 KB) | LR: 0.00139159 | TTemp: 1.2426 | VTemp: 1.0
  Train -> TL: 4.41646 | ATL: 4.64193 | ITPPL: 82.8025 | ATPPL: 103.745 | ENT: 5.91051b | CERT: 12.3399%
  Val   -> VL: 5.17005 | AVL: 5.17328 | IVPPL: 175.923 | AVPPL: 176.493 | VENT: 6.72582b | VCERT: 11.8296%

[GeoMind CAUSAL CE Stream] Ep 1.0/Inf | Mixed Stream | Last: D[9.0: test/geomind/trainingdata/mined_expanded_corpus_cloze_part05.txt]
  Progress -> 8.87035% (10996 / 123964 KB) | LR: 0.00139557 | TTemp: 1.23753 | VTemp: 1.0
  Train -> TL: 4.64234 | ATL: 4.65469 | ITPPL: 103.786 | ATPPL: 105.077 | ENT: 6.16542b | CERT: 11.1142%
  Val   -> VL: 5.17009 | AVL: 5.17232 | IVPPL: 175.93 | AVPPL: 176.324 | VENT: 6.71917b | VCERT: 12.1704%

[GeoMind CAUSAL CE Stream] Ep 1.0/Inf | Mixed Stream | Last: D[9.0: test/geomind/trainingdata/mined_expanded_corpus_cloze_part05.txt]
  Progress -> 8.8794% (11007.2 / 123964 KB) | LR: 0.00139914 | TTemp: 1.23331 | VTemp: 1.0
  Train -> TL: 4.64231 | ATL: 4.65461 | ITPPL: 103.784 | ATPPL: 105.068 | ENT: 6.20289b | CERT: 10.4058%
  Val   -> VL: 5.17558 | AVL: 5.1733 | IVPPL: 176.9 | AVPPL: 176.496 | VENT: 6.75166b | VCERT: 12.0128%

[GeoMind CAUSAL CE Stream] Ep 1.0/Inf | Mixed Stream | Last: D[9.0: test/geomind/trainingdata/mined_expanded_corpus_cloze_part05.txt]
  Progress -> 8.88669% (11016.3 / 123964 KB) | LR: 0.00140276 | TTemp: 1.2291 | VTemp: 1.0
  Train -> TL: 4.74981 | ATL: 4.66023 | ITPPL: 115.563 | ATPPL: 105.661 | ENT: 6.25063b | CERT: 10.8523%
  Val   -> VL: 5.16482 | AVL: 5.17076 | IVPPL: 175.006 | AVPPL: 176.048 | VENT: 6.7951b | VCERT: 11.8716%

[GeoMind CAUSAL CE Stream] Ep 1.0/Inf | Mixed Stream | Last: D[9.0: test/geomind/trainingdata/mined_expanded_corpus_cloze_part05.txt]
  Progress -> 8.8942% (11025.6 / 123964 KB) | LR: 0.00140672 | TTemp: 1.22459 | VTemp: 1.0
  Train -> TL: 4.6388 | ATL: 4.66987 | ITPPL: 103.42 | ATPPL: 106.684 | ENT: 6.23305b | CERT: 11.3964%
  Val   -> VL: 5.16161 | AVL: 5.16801 | IVPPL: 174.444 | AVPPL: 175.565 | VENT: 6.80398b | VCERT: 11.9255%

[GeoMind CAUSAL CE Stream] Ep 1.0/Inf | Mixed Stream | Last: D[9.0: test/geomind/trainingdata/mined_expanded_corpus_cloze_part05.txt]
  Progress -> 8.90409% (11037.8 / 123964 KB) | LR: 0.00141073 | TTemp: 1.22005 | VTemp: 1.0
  Train -> TL: 4.72956 | ATL: 4.67619 | ITPPL: 113.245 | ATPPL: 107.361 | ENT: 6.34818b | CERT: 10.7099%
  Val   -> VL: 5.15737 | AVL: 5.16482 | IVPPL: 173.707 | AVPPL: 175.006 | VENT: 6.84606b | VCERT: 11.5405%

[GeoMind CAUSAL CE Stream] Ep 1.0/Inf | Mixed Stream | Last: D[9.0: test/geomind/trainingdata/mined_expanded_corpus_cloze_part05.txt]
  Progress -> 8.91496% (11051.3 / 123964 KB) | LR: 0.00141371 | TTemp: 1.21671 | VTemp: 1.0
  Train -> TL: 4.6155 | ATL: 4.66742 | ITPPL: 101.039 | ATPPL: 106.423 | ENT: 6.44979b | CERT: 10.3646%
  Val   -> VL: 5.1587 | AVL: 5.16298 | IVPPL: 173.937 | AVPPL: 174.685 | VENT: 6.84746b | VCERT: 11.4302%

[GeoMind CAUSAL CE Stream] Ep 1.0/Inf | Mixed Stream | Last: D[9.0: test/geomind/trainingdata/mined_expanded_corpus_cloze_part05.txt]
  Progress -> 8.92322% (11061.6 / 123964 KB) | LR: 0.00141554 | TTemp: 1.21484 | VTemp: 1.0
  Train -> TL: 4.64496 | ATL: 4.65548 | ITPPL: 104.059 | ATPPL: 105.159 | ENT: 6.41738b | CERT: 10.5831%
  Val   -> VL: 5.16641 | AVL: 5.16401 | IVPPL: 175.284 | AVPPL: 174.864 | VENT: 6.85176b | VCERT: 11.4002%

[GeoMind CAUSAL CE Stream] Ep 1.0/Inf | Mixed Stream | Last: D[9.0: test/geomind/trainingdata/mined_expanded_corpus_cloze_part05.txt]
  Progress -> 8.9311% (11071.3 / 123964 KB) | LR: 0.00141527 | TTemp: 1.21543 | VTemp: 1.0
  Train -> TL: 4.36852 | ATL: 4.62904 | ITPPL: 78.9264 | ATPPL: 102.416 | ENT: 6.22227b | CERT: 11.76%
  Val   -> VL: 5.17262 | AVL: 5.16659 | IVPPL: 176.376 | AVPPL: 175.316 | VENT: 6.81535b | VCERT: 11.3959%

[GeoMind CAUSAL CE Stream] Ep 1.0/Inf | Mixed Stream | Last: D[9.0: test/geomind/trainingdata/mined_expanded_corpus_cloze_part05.txt]
  Progress -> 8.93975% (11082 / 123964 KB) | LR: 0.00141492 | TTemp: 1.2161 | VTemp: 1.0
  Train -> TL: 4.71412 | ATL: 4.62736 | ITPPL: 111.51 | ATPPL: 102.244 | ENT: 6.28356b | CERT: 10.7478%
  Val   -> VL: 5.16841 | AVL: 5.16714 | IVPPL: 175.636 | AVPPL: 175.412 | VENT: 6.77353b | VCERT: 11.8029%

[GeoMind CAUSAL CE Stream] Ep 1.0/Inf | Mixed Stream | Last: D[9.0: test/geomind/trainingdata/mined_expanded_corpus_cloze_part05.txt]
  Progress -> 8.94825% (11092.6 / 123964 KB) | LR: 0.00141308 | TTemp: 1.21825 | VTemp: 1.0
  Train -> TL: 4.52466 | ATL: 4.60632 | ITPPL: 92.2645 | ATPPL: 100.115 | ENT: 6.15377b | CERT: 12.1215%
  Val   -> VL: 5.16736 | AVL: 5.1672 | IVPPL: 175.45 | AVPPL: 175.424 | VENT: 6.7584b | VCERT: 11.9596%

[GeoMind CAUSAL CE Stream] Ep 1.0/Inf | Mixed Stream | Last: D[9.0: test/geomind/trainingdata/mined_expanded_corpus_cloze_part05.txt]
  Progress -> 8.95701% (11103.4 / 123964 KB) | LR: 0.00141182 | TTemp: 1.21991 | VTemp: 1.0
  Train -> TL: 4.60401 | ATL: 4.61171 | ITPPL: 99.8838 | ATPPL: 100.656 | ENT: 6.21224b | CERT: 11.4072%
  Val   -> VL: 5.17755 | AVL: 5.17031 | IVPPL: 177.248 | AVPPL: 175.969 | VENT: 6.79294b | VCERT: 11.7614%

[GeoMind CAUSAL CE Stream] Ep 1.0/Inf | Mixed Stream | Last: D[9.0: test/geomind/trainingdata/mined_expanded_corpus_cloze_part05.txt]
  Progress -> 8.96655% (11115.3 / 123964 KB) | LR: 0.00141072 | TTemp: 1.22165 | VTemp: 1.0
  Train -> TL: 4.55325 | ATL: 4.61227 | ITPPL: 94.9401 | ATPPL: 100.713 | ENT: 6.20877b | CERT: 11.5321%
  Val   -> VL: 5.18696 | AVL: 5.1753 | IVPPL: 178.924 | AVPPL: 176.85 | VENT: 6.80392b | VCERT: 11.6984%

[GeoMind CAUSAL CE Stream] Ep 1.0/Inf | Mixed Stream | Last: D[9.0: test/geomind/trainingdata/mined_expanded_corpus_cloze_part05.txt]
  Progress -> 8.97707% (11128.3 / 123964 KB) | LR: 0.00140957 | TTemp: 1.22351 | VTemp: 1.0
  Train -> TL: 4.58 | ATL: 4.61 | ITPPL: 97.5147 | ATPPL: 100.484 | ENT: 6.21573b | CERT: 10.9775%
  Val   -> VL: 5.18461 | AVL: 5.17809 | IVPPL: 178.503 | AVPPL: 177.345 | VENT: 6.805b | VCERT: 11.5916%

[GeoMind CAUSAL CE Stream] Ep 1.0/Inf | Mixed Stream | Last: D[9.0: test/geomind/trainingdata/mined_expanded_corpus_cloze_part05.txt]
  Progress -> 8.98473% (11137.8 / 123964 KB) | LR: 0.00140906 | TTemp: 1.22481 | VTemp: 1.0
  Train -> TL: 4.55625 | ATL: 4.61734 | ITPPL: 95.2259 | ATPPL: 101.225 | ENT: 6.23852b | CERT: 10.3122%
  Val   -> VL: 5.18992 | AVL: 5.18164 | IVPPL: 179.455 | AVPPL: 177.975 | VENT: 6.78063b | VCERT: 11.7333%

[GeoMind CAUSAL CE Stream] Ep 1.0/Inf | Mixed Stream | Last: D[9.0: test/geomind/trainingdata/mined_expanded_corpus_cloze_part05.txt]
  Progress -> 8.99307% (11148.1 / 123964 KB) | LR: 0.00141005 | TTemp: 1.22451 | VTemp: 1.0
  Train -> TL: 4.66989 | ATL: 4.6375 | ITPPL: 106.686 | ATPPL: 103.286 | ENT: 6.25442b | CERT: 10.6178%
  Val   -> VL: 5.18651 | AVL: 5.1831 | IVPPL: 178.843 | AVPPL: 178.235 | VENT: 6.78855b | VCERT: 11.9838%

[GeoMind CAUSAL CE Stream] Ep 1.0/Inf | Mixed Stream | Last: D[9.0: test/geomind/trainingdata/mined_expanded_corpus_cloze_part05.txt]
  Progress -> 9.00004% (11156.8 / 123964 KB) | LR: 0.00141098 | TTemp: 1.22394 | VTemp: 1.0
  Train -> TL: 4.5245 | ATL: 4.63791 | ITPPL: 92.2502 | ATPPL: 103.329 | ENT: 6.26551b | CERT: 10.9968%
  Val   -> VL: 5.17065 | AVL: 5.17937 | IVPPL: 176.029 | AVPPL: 177.57 | VENT: 6.75218b | VCERT: 12.2205%

[GeoMind CAUSAL CE Stream] Ep 1.0/Inf | Mixed Stream | Last: D[9.0: test/geomind/trainingdata/mined_expanded_corpus_cloze_part05.txt]
  Progress -> 9.00758% (11166.1 / 123964 KB) | LR: 0.00141174 | TTemp: 1.22344 | VTemp: 1.0
  Train -> TL: 4.47535 | ATL: 4.63692 | ITPPL: 87.8255 | ATPPL: 103.226 | ENT: 6.21988b | CERT: 10.8954%
  Val   -> VL: 5.17526 | AVL: 5.17814 | IVPPL: 176.843 | AVPPL: 177.352 | VENT: 6.74227b | VCERT: 12.323%

[GeoMind CAUSAL CE Stream] Ep 1.0/Inf | Mixed Stream | Last: D[9.0: test/geomind/trainingdata/mined_expanded_corpus_cloze_part05.txt]
  Progress -> 9.01594% (11176.5 / 123964 KB) | LR: 0.00141298 | TTemp: 1.22239 | VTemp: 1.0
  Train -> TL: 4.61782 | ATL: 4.64469 | ITPPL: 101.273 | ATPPL: 104.031 | ENT: 6.26507b | CERT: 10.848%
  Val   -> VL: 5.17624 | AVL: 5.17757 | IVPPL: 177.016 | AVPPL: 177.251 | VENT: 6.75587b | VCERT: 12.4759%

[GeoMind CAUSAL CE Stream] Ep 1.0/Inf | Mixed Stream | Last: D[9.0: test/geomind/trainingdata/mined_expanded_corpus_cloze_part05.txt]
  Progress -> 9.02553% (11188.4 / 123964 KB) | LR: 0.00141312 | TTemp: 1.22234 | VTemp: 1.0
  Train -> TL: 4.55092 | ATL: 4.63112 | ITPPL: 94.7199 | ATPPL: 102.629 | ENT: 6.30081b | CERT: 10.8828%
  Val   -> VL: 5.17002 | AVL: 5.1753 | IVPPL: 175.918 | AVPPL: 176.85 | VENT: 6.73615b | VCERT: 12.7101%

[GeoMind CAUSAL CE Stream] Ep 1.0/Inf | Mixed Stream | Last: D[9.0: test/geomind/trainingdata/mined_expanded_corpus_cloze_part05.txt]
  Progress -> 9.03556% (11200.8 / 123964 KB) | LR: 0.00141245 | TTemp: 1.22312 | VTemp: 1.0
  Train -> TL: 4.64306 | ATL: 4.61993 | ITPPL: 103.862 | ATPPL: 101.487 | ENT: 6.26452b | CERT: 11.7905%
  Val   -> VL: 5.17404 | AVL: 5.17492 | IVPPL: 176.628 | AVPPL: 176.783 | VENT: 6.75256b | VCERT: 12.6265%

[GeoMind CAUSAL CE Stream] Ep 1.0/Inf | Mixed Stream | Last: D[9.0: test/geomind/trainingdata/mined_expanded_corpus_cloze_part05.txt]
  Progress -> 9.04427% (11211.6 / 123964 KB) | LR: 0.00141087 | TTemp: 1.22494 | VTemp: 1.0
  Train -> TL: 4.43709 | ATL: 4.60656 | ITPPL: 84.5289 | ATPPL: 100.139 | ENT: 6.09562b | CERT: 13.4852%
  Val   -> VL: 5.18232 | AVL: 5.17714 | IVPPL: 178.095 | AVPPL: 177.176 | VENT: 6.77865b | VCERT: 12.3012%

[GeoMind CAUSAL CE Stream] Ep 1.0/Inf | Mixed Stream | Last: D[9.0: test/geomind/trainingdata/mined_expanded_corpus_cloze_part05.txt]
  Progress -> 9.0524% (11221.7 / 123964 KB) | LR: 0.00140905 | TTemp: 1.22719 | VTemp: 1.0
  Train -> TL: 4.69714 | ATL: 4.60083 | ITPPL: 109.633 | ATPPL: 99.5669 | ENT: 6.20681b | CERT: 11.9287%
  Val   -> VL: 5.1889 | AVL: 5.18067 | IVPPL: 179.271 | AVPPL: 177.802 | VENT: 6.76762b | VCERT: 12.1884%

[GeoMind CAUSAL CE Stream] Ep 1.0/Inf | Mixed Stream | Last: D[9.0: test/geomind/trainingdata/mined_expanded_corpus_cloze_part05.txt]
  Progress -> 9.05884% (11229.7 / 123964 KB) | LR: 0.00140703 | TTemp: 1.22981 | VTemp: 1.0
  Train -> TL: 4.70246 | ATL: 4.59567 | ITPPL: 110.218 | ATPPL: 99.055 | ENT: 6.28526b | CERT: 11.1708%
  Val   -> VL: 5.19504 | AVL: 5.18498 | IVPPL: 180.375 | AVPPL: 178.57 | VENT: 6.74502b | VCERT: 12.28%

[GeoMind CAUSAL CE Stream] Ep 1.0/Inf | Mixed Stream | Last: D[9.0: test/geomind/trainingdata/mined_expanded_corpus_cloze_part05.txt]
  Progress -> 9.06694% (11239.7 / 123964 KB) | LR: 0.00140511 | TTemp: 1.24007 | VTemp: 1.0
  Train -> TL: 4.67141 | ATL: 4.59421 | ITPPL: 106.848 | ATPPL: 98.9096 | ENT: 6.26202b | CERT: 10.9867%
  Val   -> VL: 5.20401 | AVL: 5.19069 | IVPPL: 182.001 | AVPPL: 179.592 | VENT: 6.77456b | VCERT: 11.8397%

[GeoMind CAUSAL CE Stream] Ep 1.0/Inf | Mixed Stream | Last: D[9.0: test/geomind/trainingdata/mined_expanded_corpus_cloze_part05.txt]
  Progress -> 9.07597% (11250.9 / 123964 KB) | LR: 0.00140257 | TTemp: 1.25055 | VTemp: 1.0
  Train -> TL: 4.56838 | ATL: 4.58289 | ITPPL: 96.388 | ATPPL: 97.7967 | ENT: 6.30008b | CERT: 10.2209%
  Val   -> VL: 5.23074 | AVL: 5.2027 | IVPPL: 186.93 | AVPPL: 181.763 | VENT: 6.74744b | VCERT: 11.9579%

[GeoMind CAUSAL CE Stream] Ep 1.0/Inf | Mixed Stream | Last: D[9.0: test/geomind/trainingdata/mined_expanded_corpus_cloze_part05.txt]
  Progress -> 9.08398% (11260.8 / 123964 KB) | LR: 0.00139845 | TTemp: 1.2619 | VTemp: 1.0
  Train -> TL: 4.63211 | ATL: 4.55749 | ITPPL: 102.73 | ATPPL: 95.3439 | ENT: 6.22132b | CERT: 11.2152%
  Val   -> VL: 5.22697 | AVL: 5.20998 | IVPPL: 186.227 | AVPPL: 183.091 | VENT: 6.68952b | VCERT: 12.7106%

[GeoMind CAUSAL CE Stream] Ep 1.0/Inf | Mixed Stream | Last: D[9.0: test/geomind/trainingdata/mined_expanded_corpus_cloze_part05.txt]
  Progress -> 9.09232% (11271.2 / 123964 KB) | LR: 0.0013935 | TTemp: 1.2653 | VTemp: 1.0
  Train -> TL: 4.66784 | ATL: 4.54019 | ITPPL: 106.468 | ATPPL: 93.709 | ENT: 6.20378b | CERT: 12.0152%
  Val   -> VL: 5.20779 | AVL: 5.20933 | IVPPL: 182.691 | AVPPL: 182.971 | VENT: 6.66621b | VCERT: 13.1528%

[GeoMind CAUSAL CE Stream] Ep 1.0/Inf | Mixed Stream | Last: D[9.0: test/geomind/trainingdata/mined_expanded_corpus_cloze_part05.txt]
  Progress -> 9.10076% (11281.6 / 123964 KB) | LR: 0.00138906 | TTemp: 1.26764 | VTemp: 1.0
  Train -> TL: 4.5374 | ATL: 4.54048 | ITPPL: 93.4472 | ATPPL: 93.7361 | ENT: 6.04574b | CERT: 14.4967%
  Val   -> VL: 5.18596 | AVL: 5.20232 | IVPPL: 178.744 | AVPPL: 181.692 | VENT: 6.65101b | VCERT: 13.3197%

[GeoMind CAUSAL CE Stream] Ep 1.0/Inf | Mixed Stream | Last: D[9.0: test/geomind/trainingdata/mined_expanded_corpus_cloze_part05.txt]
  Progress -> 9.11013% (11293.3 / 123964 KB) | LR: 0.00138648 | TTemp: 1.26806 | VTemp: 1.0
  Train -> TL: 4.67747 | ATL: 4.56004 | ITPPL: 107.498 | ATPPL: 95.5876 | ENT: 6.06873b | CERT: 14.1341%
  Val   -> VL: 5.19768 | AVL: 5.20092 | IVPPL: 180.852 | AVPPL: 181.44 | VENT: 6.65842b | VCERT: 13.1801%

[GeoMind CAUSAL CE Stream] Ep 1.0/Inf | Mixed Stream | Last: D[9.0: test/geomind/trainingdata/mined_expanded_corpus_cloze_part05.txt]
  Progress -> 9.12166% (11307.5 / 123964 KB) | LR: 0.00138411 | TTemp: 1.2685 | VTemp: 1.0
  Train -> TL: 4.57541 | ATL: 4.5594 | ITPPL: 97.0678 | ATPPL: 95.5259 | ENT: 6.14435b | CERT: 12.4048%
  Val   -> VL: 5.20242 | AVL: 5.20137 | IVPPL: 181.712 | AVPPL: 181.521 | VENT: 6.68082b | VCERT: 12.6943%

[GeoMind CAUSAL CE Stream] Ep 1.0/Inf | Mixed Stream | Last: D[9.0: test/geomind/trainingdata/mined_expanded_corpus_cloze_part05.txt]
  Progress -> 9.13147% (11319.7 / 123964 KB) | LR: 0.00138092 | TTemp: 1.26997 | VTemp: 1.0
  Train -> TL: 4.47767 | ATL: 4.54477 | ITPPL: 88.0296 | ATPPL: 94.1391 | ENT: 6.16844b | CERT: 11.583%
  Val   -> VL: 5.20116 | AVL: 5.20131 | IVPPL: 181.482 | AVPPL: 181.51 | VENT: 6.66693b | VCERT: 12.7899%

[GeoMind CAUSAL CE Stream] Ep 1.0/Inf | Mixed Stream | Last: D[9.0: test/geomind/trainingdata/mined_expanded_corpus_cloze_part05.txt]
  Progress -> 9.14108% (11331.6 / 123964 KB) | LR: 0.00137765 | TTemp: 1.27172 | VTemp: 1.0
  Train -> TL: 4.61998 | ATL: 4.53913 | ITPPL: 101.492 | ATPPL: 93.6091 | ENT: 6.24956b | CERT: 11.0423%
  Val   -> VL: 5.20513 | AVL: 5.20246 | IVPPL: 182.205 | AVPPL: 181.718 | VENT: 6.67399b | VCERT: 12.3961%

[GeoMind CAUSAL CE Stream] Ep 1.0/Inf | Mixed Stream | Last: D[9.0: test/geomind/trainingdata/mined_expanded_corpus_cloze_part05.txt]
  Progress -> 9.14945% (11342 / 123964 KB) | LR: 0.00137462 | TTemp: 1.27336 | VTemp: 1.0
  Train -> TL: 4.41041 | ATL: 4.53802 | ITPPL: 82.3031 | ATPPL: 93.5055 | ENT: 6.07602b | CERT: 11.4897%
  Val   -> VL: 5.20514 | AVL: 5.20326 | IVPPL: 182.206 | AVPPL: 181.864 | VENT: 6.64843b | VCERT: 12.5612%

[GeoMind CAUSAL CE Stream] Ep 1.0/Inf | Mixed Stream | Last: D[9.0: test/geomind/trainingdata/mined_expanded_corpus_cloze_part05.txt]
  Progress -> 9.15696% (11351.3 / 123964 KB) | LR: 0.00137203 | TTemp: 1.27498 | VTemp: 1.0
  Train -> TL: 4.47919 | ATL: 4.5399 | ITPPL: 88.1636 | ATPPL: 93.6811 | ENT: 6.06034b | CERT: 12.0409%
  Val   -> VL: 5.21977 | AVL: 5.20821 | IVPPL: 184.892 | AVPPL: 182.767 | VENT: 6.6209b | VCERT: 12.6914%

[GeoMind CAUSAL CE Stream] Ep 1.0/Inf | Mixed Stream | Last: D[9.0: test/geomind/trainingdata/mined_expanded_corpus_cloze_part05.txt]
  Progress -> 9.16531% (11361.6 / 123964 KB) | LR: 0.0013703 | TTemp: 1.27555 | VTemp: 1.0
  Train -> TL: 4.62366 | ATL: 4.54829 | ITPPL: 101.866 | ATPPL: 94.4704 | ENT: 6.08496b | CERT: 12.1215%
  Val   -> VL: 5.20028 | AVL: 5.20583 | IVPPL: 181.324 | AVPPL: 182.333 | VENT: 6.6472b | VCERT: 12.7503%

[GeoMind CAUSAL CE Stream] Ep 1.0/Inf | Mixed Stream | Last: D[9.0: test/geomind/trainingdata/mined_expanded_corpus_cloze_part05.txt]
  Progress -> 9.17413% (11372.6 / 123964 KB) | LR: 0.00136982 | TTemp: 1.27479 | VTemp: 1.0
  Train -> TL: 4.91385 | ATL: 4.56312 | ITPPL: 136.162 | ATPPL: 95.8825 | ENT: 6.11681b | CERT: 11.6141%
  Val   -> VL: 5.19998 | AVL: 5.20408 | IVPPL: 181.269 | AVPPL: 182.013 | VENT: 6.7023b | VCERT: 12.181%

[GeoMind CAUSAL CE Stream] Ep 1.0/Inf | Mixed Stream | Last: D[9.0: test/geomind/trainingdata/mined_expanded_corpus_cloze_part05.txt]
  Progress -> 9.18126% (11381.4 / 123964 KB) | LR: 0.00137105 | TTemp: 1.27251 | VTemp: 1.0
  Train -> TL: 4.94759 | ATL: 4.58625 | ITPPL: 140.835 | ATPPL: 98.1258 | ENT: 6.24158b | CERT: 10.4179%
  Val   -> VL: 5.20886 | AVL: 5.20551 | IVPPL: 182.886 | AVPPL: 182.274 | VENT: 6.70079b | VCERT: 12.4951%

[GeoMind CAUSAL CE Stream] Ep 1.0/Inf | Mixed Stream | Last: D[9.0: test/geomind/trainingdata/mined_expanded_corpus_cloze_part05.txt]
  Progress -> 9.18849% (11390.4 / 123964 KB) | LR: 0.00137257 | TTemp: 1.26998 | VTemp: 1.0
  Train -> TL: 4.69699 | ATL: 4.59206 | ITPPL: 109.616 | ATPPL: 98.6976 | ENT: 6.12789b | CERT: 11.358%
  Val   -> VL: 5.19822 | AVL: 5.20333 | IVPPL: 180.95 | AVPPL: 181.876 | VENT: 6.6849b | VCERT: 12.8469%

[GeoMind CAUSAL CE Stream] Ep 1.0/Inf | Mixed Stream | Last: D[9.0: test/geomind/trainingdata/mined_expanded_corpus_cloze_part05.txt]
  Progress -> 9.19552% (11399.1 / 123964 KB) | LR: 0.00137361 | TTemp: 1.26808 | VTemp: 1.0
  Train -> TL: 4.53938 | ATL: 4.58743 | ITPPL: 93.6325 | ATPPL: 98.2419 | ENT: 6.06612b | CERT: 12.273%
  Val   -> VL: 5.19907 | AVL: 5.20205 | IVPPL: 181.103 | AVPPL: 181.644 | VENT: 6.64285b | VCERT: 13.38%

[GeoMind CAUSAL CE Stream] Ep 1.0/Inf | Mixed Stream | Last: D[9.0: test/geomind/trainingdata/mined_expanded_corpus_cloze_part05.txt]
  Progress -> 9.20294% (11408.3 / 123964 KB) | LR: 0.00137464 | TTemp: 1.26608 | VTemp: 1.0
  Train -> TL: 4.6469 | ATL: 4.58875 | ITPPL: 104.261 | ATPPL: 98.3709 | ENT: 6.09259b | CERT: 11.4929%
  Val   -> VL: 5.18946 | AVL: 5.19827 | IVPPL: 179.371 | AVPPL: 180.959 | VENT: 6.63993b | VCERT: 12.9346%

[GeoMind CAUSAL CE Stream] Ep 1.0/Inf | Mixed Stream | Last: D[9.0: test/geomind/trainingdata/mined_expanded_corpus_cloze_part05.txt]
  Progress -> 9.21194% (11419.5 / 123964 KB) | LR: 0.00137492 | TTemp: 1.26493 | VTemp: 1.0
  Train -> TL: 4.68048 | ATL: 4.57985 | ITPPL: 107.822 | ATPPL: 97.4995 | ENT: 6.0833b | CERT: 11.8547%
  Val   -> VL: 5.19284 | AVL: 5.19664 | IVPPL: 179.98 | AVPPL: 180.665 | VENT: 6.63634b | VCERT: 12.8258%

[GeoMind CAUSAL CE Stream] Ep 1.0/Inf | Mixed Stream | Last: D[9.0: test/geomind/trainingdata/mined_expanded_corpus_cloze_part05.txt]
  Progress -> 9.22073% (11430.4 / 123964 KB) | LR: 0.00137505 | TTemp: 1.26419 | VTemp: 1.0
  Train -> TL: 4.54182 | ATL: 4.57809 | ITPPL: 93.8619 | ATPPL: 97.3281 | ENT: 6.02818b | CERT: 12.5139%
  Val   -> VL: 5.20158 | AVL: 5.19812 | IVPPL: 181.56 | AVPPL: 180.933 | VENT: 6.65006b | VCERT: 12.7589%

[GeoMind CAUSAL CE Stream] Ep 1.0/Inf | Mixed Stream | Last: D[9.0: test/geomind/trainingdata/mined_expanded_corpus_cloze_part05.txt]
  Progress -> 9.23147% (11443.7 / 123964 KB) | LR: 0.00137668 | TTemp: 1.2617 | VTemp: 1.0
  Train -> TL: 4.72712 | ATL: 4.59908 | ITPPL: 112.969 | ATPPL: 99.3932 | ENT: 6.04168b | CERT: 12.0206%
  Val   -> VL: 5.18519 | AVL: 5.19424 | IVPPL: 178.608 | AVPPL: 180.232 | VENT: 6.68053b | VCERT: 12.7173%

[GeoMind CAUSAL CE Stream] Ep 1.0/Inf | Mixed Stream | Last: D[9.0: test/geomind/trainingdata/mined_expanded_corpus_cloze_part05.txt]
  Progress -> 9.24315% (11458.1 / 123964 KB) | LR: 0.00137902 | TTemp: 1.25864 | VTemp: 1.0
  Train -> TL: 4.78292 | ATL: 4.61115 | ITPPL: 119.452 | ATPPL: 100.599 | ENT: 6.1851b | CERT: 11.593%
  Val   -> VL: 5.19233 | AVL: 5.19367 | IVPPL: 179.888 | AVPPL: 180.129 | VENT: 6.71862b | VCERT: 12.1799%

[GeoMind CAUSAL CE Stream] Ep 1.0/Inf | Mixed Stream | Last: D[9.0: test/geomind/trainingdata/mined_expanded_corpus_cloze_part05.txt]
  Progress -> 9.25124% (11468.2 / 123964 KB) | LR: 0.0013822 | TTemp: 1.25479 | VTemp: 1.0
  Train -> TL: 4.61155 | ATL: 4.62618 | ITPPL: 100.64 | ATPPL: 102.123 | ENT: 6.2286b | CERT: 10.8863%
  Val   -> VL: 5.18856 | AVL: 5.19214 | IVPPL: 179.211 | AVPPL: 179.853 | VENT: 6.72811b | VCERT: 11.8693%

[GeoMind CAUSAL CE Stream] Ep 1.0/Inf | Mixed Stream | Last: D[9.0: test/geomind/trainingdata/mined_expanded_corpus_cloze_part05.txt]
  Progress -> 9.25863% (11477.3 / 123964 KB) | LR: 0.00138686 | TTemp: 1.24952 | VTemp: 1.0
  Train -> TL: 4.76684 | ATL: 4.65119 | ITPPL: 117.547 | ATPPL: 104.709 | ENT: 6.20479b | CERT: 10.2014%
  Val   -> VL: 5.187 | AVL: 5.1906 | IVPPL: 178.93 | AVPPL: 179.576 | VENT: 6.73473b | VCERT: 11.7971%

[GeoMind CAUSAL CE Stream] Ep 1.0/Inf | Mixed Stream | Last: D[9.0: test/geomind/trainingdata/mined_expanded_corpus_cloze_part05.txt]
  Progress -> 9.26607% (11486.6 / 123964 KB) | LR: 0.00139189 | TTemp: 1.24386 | VTemp: 1.0
  Train -> TL: 4.62395 | ATL: 4.66265 | ITPPL: 101.896 | ATPPL: 105.917 | ENT: 6.13305b | CERT: 11.3745%
  Val   -> VL: 5.17573 | AVL: 5.18614 | IVPPL: 176.926 | AVPPL: 178.777 | VENT: 6.7535b | VCERT: 11.8568%

[GeoMind CAUSAL CE Stream] Ep 1.0/Inf | Mixed Stream | Last: D[9.0: test/geomind/trainingdata/mined_expanded_corpus_cloze_part05.txt]
  Progress -> 9.27305% (11495.2 / 123964 KB) | LR: 0.00139696 | TTemp: 1.23806 | VTemp: 1.0
  Train -> TL: 4.54635 | ATL: 4.67028 | ITPPL: 94.2876 | ATPPL: 106.728 | ENT: 6.11317b | CERT: 11.0139%
  Val   -> VL: 5.16803 | AVL: 5.18071 | IVPPL: 175.569 | AVPPL: 177.808 | VENT: 6.75176b | VCERT: 12.23%

[GeoMind CAUSAL CE Stream] Ep 1.0/Inf | Mixed Stream | Last: D[9.0: test/geomind/trainingdata/mined_expanded_corpus_cloze_part05.txt]
  Progress -> 9.28256% (11507 / 123964 KB) | LR: 0.00140112 | TTemp: 1.23299 | VTemp: 1.0
  Train -> TL: 4.58895 | ATL: 4.66468 | ITPPL: 98.391 | ATPPL: 106.132 | ENT: 6.16292b | CERT: 11.107%
  Val   -> VL: 5.15589 | AVL: 5.17326 | IVPPL: 173.45 | AVPPL: 176.489 | VENT: 6.74903b | VCERT: 12.3192%

[GeoMind CAUSAL CE Stream] Ep 1.0/Inf | Mixed Stream | Last: D[9.0: test/geomind/trainingdata/mined_expanded_corpus_cloze_part05.txt]
  Progress -> 9.29027% (11516.6 / 123964 KB) | LR: 0.0014045 | TTemp: 1.22857 | VTemp: 1.0
  Train -> TL: 4.61325 | ATL: 4.65966 | ITPPL: 100.811 | ATPPL: 105.6 | ENT: 6.19263b | CERT: 11.5791%
  Val   -> VL: 5.15132 | AVL: 5.16668 | IVPPL: 172.659 | AVPPL: 175.332 | VENT: 6.77196b | VCERT: 12.126%

[GeoMind CAUSAL CE Stream] Ep 1.0/Inf | Mixed Stream | Last: D[9.0: test/geomind/trainingdata/mined_expanded_corpus_cloze_part05.txt]
  Progress -> 9.29754% (11525.6 / 123964 KB) | LR: 0.00140681 | TTemp: 1.22526 | VTemp: 1.0
  Train -> TL: 4.67801 | ATL: 4.6494 | ITPPL: 107.555 | ATPPL: 104.522 | ENT: 6.29182b | CERT: 10.5217%
  Val   -> VL: 5.1522 | AVL: 5.16233 | IVPPL: 172.811 | AVPPL: 174.572 | VENT: 6.77701b | VCERT: 12.193%

[GeoMind CAUSAL CE Stream] Ep 1.0/Inf | Mixed Stream | Last: D[9.0: test/geomind/trainingdata/mined_expanded_corpus_cloze_part05.txt]
  Progress -> 9.30468% (11534.4 / 123964 KB) | LR: 0.00141003 | TTemp: 1.22108 | VTemp: 1.0
  Train -> TL: 4.66031 | ATL: 4.6653 | ITPPL: 105.669 | ATPPL: 106.197 | ENT: 6.25016b | CERT: 11.2336%
  Val   -> VL: 5.15476 | AVL: 5.16006 | IVPPL: 173.254 | AVPPL: 174.175 | VENT: 6.78054b | VCERT: 12.1046%

[GeoMind CAUSAL CE Stream] Ep 1.0/Inf | Mixed Stream | Last: D[9.0: test/geomind/trainingdata/mined_expanded_corpus_cloze_part05.txt]
  Progress -> 9.31245% (11544.1 / 123964 KB) | LR: 0.00141302 | TTemp: 1.21774 | VTemp: 1.0
  Train -> TL: 4.49014 | ATL: 4.66661 | ITPPL: 89.1335 | ATPPL: 106.337 | ENT: 6.11659b | CERT: 12.4841%
  Val   -> VL: 5.1741 | AVL: 5.16427 | IVPPL: 176.637 | AVPPL: 174.91 | VENT: 6.765b | VCERT: 11.9367%

[GeoMind CAUSAL CE Stream] Ep 1.0/Inf | Mixed Stream | Last: D[9.0: test/geomind/trainingdata/mined_expanded_corpus_cloze_part05.txt]
  Progress -> 9.3224% (11556.4 / 123964 KB) | LR: 0.00141694 | TTemp: 1.21388 | VTemp: 1.0
  Train -> TL: 4.5743 | ATL: 4.68352 | ITPPL: 96.9604 | ATPPL: 108.151 | ENT: 6.24641b | CERT: 11.2821%
  Val   -> VL: 5.1753 | AVL: 5.16758 | IVPPL: 176.849 | AVPPL: 175.49 | VENT: 6.70608b | VCERT: 12.9486%

[GeoMind CAUSAL CE Stream] Ep 1.0/Inf | Mixed Stream | Last: D[9.0: test/geomind/trainingdata/mined_expanded_corpus_cloze_part05.txt]
  Progress -> 9.33121% (11567.3 / 123964 KB) | LR: 0.00142014 | TTemp: 1.21112 | VTemp: 1.0
  Train -> TL: 4.65298 | ATL: 4.67908 | ITPPL: 104.897 | ATPPL: 107.671 | ENT: 6.29902b | CERT: 10.6289%
  Val   -> VL: 5.17571 | AVL: 5.17002 | IVPPL: 176.923 | AVPPL: 175.918 | VENT: 6.70826b | VCERT: 12.6911%

[GeoMind CAUSAL CE Stream] Ep 1.0/Inf | Mixed Stream | Last: D[9.0: test/geomind/trainingdata/mined_expanded_corpus_cloze_part05.txt]
  Progress -> 9.34184% (11580.5 / 123964 KB) | LR: 0.00142192 | TTemp: 1.21004 | VTemp: 1.0
  Train -> TL: 4.68336 | ATL: 4.66385 | ITPPL: 108.132 | ATPPL: 106.044 | ENT: 6.32864b | CERT: 10.9491%
  Val   -> VL: 5.17541 | AVL: 5.17164 | IVPPL: 176.869 | AVPPL: 176.203 | VENT: 6.73111b | VCERT: 12.649%

[GeoMind CAUSAL CE Stream] Ep 1.0/Inf | Mixed Stream | Last: D[9.0: test/geomind/trainingdata/mined_expanded_corpus_cloze_part05.txt]
  Progress -> 9.35007% (11590.7 / 123964 KB) | LR: 0.00142207 | TTemp: 1.21852 | VTemp: 1.0
  Train -> TL: 4.59435 | ATL: 4.64369 | ITPPL: 98.9237 | ATPPL: 103.928 | ENT: 6.2582b | CERT: 11.2648%
  Val   -> VL: 5.18932 | AVL: 5.17694 | IVPPL: 179.346 | AVPPL: 177.14 | VENT: 6.73367b | VCERT: 12.6416%

[GeoMind CAUSAL CE Stream] Ep 1.0/Inf | Mixed Stream | Last: D[9.0: test/geomind/trainingdata/mined_expanded_corpus_cloze_part05.txt]
  Progress -> 9.3587% (11601.4 / 123964 KB) | LR: 0.0014216 | TTemp: 1.22692 | VTemp: 1.0
  Train -> TL: 4.74589 | ATL: 4.63514 | ITPPL: 115.11 | ATPPL: 103.042 | ENT: 6.35957b | CERT: 10.5935%
  Val   -> VL: 5.20075 | AVL: 5.18408 | IVPPL: 181.409 | AVPPL: 178.41 | VENT: 6.73258b | VCERT: 12.7372%

[GeoMind CAUSAL CE Stream] Ep 1.0/Inf | Mixed Stream | Last: D[9.0: test/geomind/trainingdata/mined_expanded_corpus_cloze_part05.txt]
  Progress -> 9.36517% (11609.4 / 123964 KB) | LR: 0.00142105 | TTemp: 1.22699 | VTemp: 1.0
  Train -> TL: 4.63231 | ATL: 4.63352 | ITPPL: 102.751 | ATPPL: 102.876 | ENT: 6.36192b | CERT: 10.1189%
  Val   -> VL: 5.19816 | AVL: 5.18831 | IVPPL: 180.938 | AVPPL: 179.165 | VENT: 6.71598b | VCERT: 12.8439%

[GeoMind CAUSAL CE Stream] Ep 1.0/Inf | Mixed Stream | Last: D[9.0: test/geomind/trainingdata/mined_expanded_corpus_cloze_part05.txt]
  Progress -> 9.37262% (11618.6 / 123964 KB) | LR: 0.00142133 | TTemp: 1.23444 | VTemp: 1.0
  Train -> TL: 4.67425 | ATL: 4.64425 | ITPPL: 107.153 | ATPPL: 103.986 | ENT: 6.3752b | CERT: 10.6594%
  Val   -> VL: 5.21909 | AVL: 5.19754 | IVPPL: 184.766 | AVPPL: 180.827 | VENT: 6.63411b | VCERT: 13.605%

[GeoMind CAUSAL CE Stream] Ep 1.0/Inf | Mixed Stream | Last: D[9.0: test/geomind/trainingdata/mined_expanded_corpus_cloze_part05.txt]
  Progress -> 9.37885% (11626.4 / 123964 KB) | LR: 0.00142288 | TTemp: 1.23215 | VTemp: 1.0
  Train -> TL: 4.76416 | ATL: 4.6623 | ITPPL: 117.232 | ATPPL: 105.88 | ENT: 6.35894b | CERT: 10.5675%
  Val   -> VL: 5.20817 | AVL: 5.20073 | IVPPL: 182.759 | AVPPL: 181.405 | VENT: 6.65964b | VCERT: 13.2936%

[GeoMind CAUSAL CE Stream] Ep 1.0/Inf | Mixed Stream | Last: D[9.0: test/geomind/trainingdata/mined_expanded_corpus_cloze_part05.txt]
  Progress -> 9.38742% (11637 / 123964 KB) | LR: 0.00142459 | TTemp: 1.22998 | VTemp: 1.0
  Train -> TL: 4.77857 | ATL: 4.66664 | ITPPL: 118.935 | ATPPL: 106.34 | ENT: 6.38619b | CERT: 10.4724%
  Val   -> VL: 5.20494 | AVL: 5.20199 | IVPPL: 182.17 | AVPPL: 181.634 | VENT: 6.72245b | VCERT: 12.6007%

[GeoMind CAUSAL CE Stream] Ep 1.0/Inf | Mixed Stream | Last: D[9.0: test/geomind/trainingdata/mined_expanded_corpus_cloze_part05.txt]
  Progress -> 9.39512% (11646.5 / 123964 KB) | LR: 0.00142588 | TTemp: 1.22809 | VTemp: 1.0
  Train -> TL: 4.63582 | ATL: 4.66315 | ITPPL: 103.112 | ATPPL: 105.97 | ENT: 6.34215b | CERT: 10.2679%
  Val   -> VL: 5.18838 | AVL: 5.19791 | IVPPL: 179.179 | AVPPL: 180.894 | VENT: 6.73536b | VCERT: 12.6357%

[GeoMind CAUSAL CE Stream] Ep 1.0/Inf | Mixed Stream | Last: D[9.0: test/geomind/trainingdata/mined_expanded_corpus_cloze_part05.txt]
  Progress -> 9.40502% (11658.8 / 123964 KB) | LR: 0.00142619 | TTemp: 1.2266 | VTemp: 1.0
  Train -> TL: 4.622 | ATL: 4.65134 | ITPPL: 101.698 | ATPPL: 104.725 | ENT: 6.32537b | CERT: 10.3611%
  Val   -> VL: 5.16372 | AVL: 5.18765 | IVPPL: 174.814 | AVPPL: 179.048 | VENT: 6.76629b | VCERT: 12.4246%

[GeoMind CAUSAL CE Stream] Ep 1.0/Inf | Mixed Stream | Last: D[9.0: test/geomind/trainingdata/mined_expanded_corpus_cloze_part05.txt]
  Progress -> 9.41499% (11671.2 / 123964 KB) | LR: 0.00142505 | TTemp: 1.22634 | VTemp: 1.0
  Train -> TL: 4.56517 | ATL: 4.63159 | ITPPL: 96.0787 | ATPPL: 102.677 | ENT: 6.26012b | CERT: 11.1493%
  Val   -> VL: 5.16642 | AVL: 5.18128 | IVPPL: 175.287 | AVPPL: 177.911 | VENT: 6.76995b | VCERT: 12.4163%

[GeoMind CAUSAL CE Stream] Ep 1.0/Inf | Mixed Stream | Last: D[9.0: test/geomind/trainingdata/mined_expanded_corpus_cloze_part05.txt]
  Progress -> 9.42396% (11682.3 / 123964 KB) | LR: 0.00142352 | TTemp: 1.22591 | VTemp: 1.0
  Train -> TL: 4.48725 | ATL: 4.62477 | ITPPL: 88.877 | ATPPL: 101.979 | ENT: 6.21866b | CERT: 11.3879%
  Val   -> VL: 5.14939 | AVL: 5.17172 | IVPPL: 172.327 | AVPPL: 176.217 | VENT: 6.78546b | VCERT: 12.2169%

[GeoMind CAUSAL CE Stream] Ep 1.0/Inf | Mixed Stream | Last: D[9.0: test/geomind/trainingdata/mined_expanded_corpus_cloze_part05.txt]
  Progress -> 9.43114% (11691.2 / 123964 KB) | LR: 0.00142241 | TTemp: 1.22516 | VTemp: 1.0
  Train -> TL: 4.44301 | ATL: 4.62828 | ITPPL: 85.0306 | ATPPL: 102.338 | ENT: 6.07795b | CERT: 12.6108%
  Val   -> VL: 5.16635 | AVL: 5.17011 | IVPPL: 175.273 | AVPPL: 175.934 | VENT: 6.79062b | VCERT: 11.9269%

[GeoMind CAUSAL CE Stream] Ep 1.0/Inf | Mixed Stream | Last: D[9.0: test/geomind/trainingdata/mined_expanded_corpus_cloze_part05.txt]
  Progress -> 9.43894% (11700.9 / 123964 KB) | LR: 0.00142349 | TTemp: 1.22189 | VTemp: 1.0
  Train -> TL: 4.63211 | ATL: 4.65724 | ITPPL: 102.731 | ATPPL: 105.344 | ENT: 6.0862b | CERT: 11.8612%
  Val   -> VL: 5.14945 | AVL: 5.16391 | IVPPL: 172.337 | AVPPL: 174.847 | VENT: 6.77174b | VCERT: 12.2332%

[GeoMind CAUSAL CE Stream] Ep 1.0/Inf | Mixed Stream | Last: D[9.0: test/geomind/trainingdata/mined_expanded_corpus_cloze_part05.txt]
  Progress -> 9.44813% (11712.2 / 123964 KB) | LR: 0.00142379 | TTemp: 1.21951 | VTemp: 1.0
  Train -> TL: 4.48122 | ATL: 4.64789 | ITPPL: 88.3425 | ATPPL: 104.365 | ENT: 6.14754b | CERT: 11.6773%
  Val   -> VL: 5.15093 | AVL: 5.16002 | IVPPL: 172.592 | AVPPL: 174.167 | VENT: 6.76595b | VCERT: 12.2857%

[GeoMind CAUSAL CE Stream] Ep 1.0/Inf | Mixed Stream | Last: D[9.0: test/geomind/trainingdata/mined_expanded_corpus_cloze_part05.txt]
  Progress -> 9.45541% (11721.3 / 123964 KB) | LR: 0.00142236 | TTemp: 1.21914 | VTemp: 1.0
  Train -> TL: 4.37612 | ATL: 4.62428 | ITPPL: 79.5289 | ATPPL: 101.929 | ENT: 6.07446b | CERT: 13.0493%
  Val   -> VL: 5.1543 | AVL: 5.1583 | IVPPL: 173.175 | AVPPL: 173.869 | VENT: 6.74522b | VCERT: 12.7335%

[GeoMind CAUSAL CE Stream] Ep 1.0/Inf | Mixed Stream | Last: D[9.0: test/geomind/trainingdata/mined_expanded_corpus_cloze_part05.txt]
  Progress -> 9.46473% (11732.8 / 123964 KB) | LR: 0.00141992 | TTemp: 1.22024 | VTemp: 1.0
  Train -> TL: 4.55071 | ATL: 4.6083 | ITPPL: 94.6996 | ATPPL: 100.313 | ENT: 6.10069b | CERT: 12.424%
  Val   -> VL: 5.16812 | AVL: 5.16125 | IVPPL: 175.585 | AVPPL: 174.382 | VENT: 6.7996b | VCERT: 12.2514%

[GeoMind CAUSAL CE Stream] Ep 1.0/Inf | Mixed Stream | Last: D[9.0: test/geomind/trainingdata/mined_expanded_corpus_cloze_part05.txt]
  Progress -> 9.47006% (11739.4 / 123964 KB) | LR: 0.00141691 | TTemp: 1.2222 | VTemp: 1.0
  Train -> TL: 4.53593 | ATL: 4.59695 | ITPPL: 93.3098 | ATPPL: 99.1813 | ENT: 6.15051b | CERT: 11.9654%
  Val   -> VL: 5.16909 | AVL: 5.1636 | IVPPL: 175.754 | AVPPL: 174.792 | VENT: 6.77698b | VCERT: 12.4429%

[GeoMind CAUSAL CE Stream] Ep 1.0/Inf | Mixed Stream | Last: D[9.0: test/geomind/trainingdata/mined_expanded_corpus_cloze_part05.txt]
  Progress -> 9.47792% (11749.2 / 123964 KB) | LR: 0.00141296 | TTemp: 1.22527 | VTemp: 1.0
  Train -> TL: 4.56808 | ATL: 4.57984 | ITPPL: 96.3592 | ATPPL: 97.4987 | ENT: 6.17617b | CERT: 12.0448%
  Val   -> VL: 5.16863 | AVL: 5.16511 | IVPPL: 175.674 | AVPPL: 175.056 | VENT: 6.77236b | VCERT: 12.5649%

[GeoMind CAUSAL CE Stream] Ep 1.0/Inf | Mixed Stream | Last: D[9.0: test/geomind/trainingdata/mined_expanded_corpus_cloze_part05.txt]
  Progress -> 9.48615% (11759.4 / 123964 KB) | LR: 0.00140992 | TTemp: 1.22769 | VTemp: 1.0
  Train -> TL: 4.5058 | ATL: 4.5869 | ITPPL: 90.5411 | ATPPL: 98.1892 | ENT: 6.14075b | CERT: 11.8521%
  Val   -> VL: 5.18077 | AVL: 5.16981 | IVPPL: 177.82 | AVPPL: 175.881 | VENT: 6.75181b | VCERT: 12.5584%

[GeoMind CAUSAL CE Stream] Ep 1.0/Inf | Mixed Stream | Last: D[9.0: test/geomind/trainingdata/mined_expanded_corpus_cloze_part05.txt]
  Progress -> 9.49371% (11768.8 / 123964 KB) | LR: 0.00140822 | TTemp: 1.22885 | VTemp: 1.0
  Train -> TL: 4.4984 | ATL: 4.60121 | ITPPL: 89.8733 | ATPPL: 99.6049 | ENT: 6.18359b | CERT: 11.4634%
  Val   -> VL: 5.17731 | AVL: 5.17206 | IVPPL: 177.205 | AVPPL: 176.277 | VENT: 6.76689b | VCERT: 12.312%

[GeoMind CAUSAL CE Stream] Ep 1.0/Inf | Mixed Stream | Last: D[9.0: test/geomind/trainingdata/mined_expanded_corpus_cloze_part05.txt]
  Progress -> 9.50202% (11779.1 / 123964 KB) | LR: 0.0014083 | TTemp: 1.22836 | VTemp: 1.0
  Train -> TL: 4.71014 | ATL: 4.62364 | ITPPL: 111.068 | ATPPL: 101.864 | ENT: 6.30769b | CERT: 11.6265%
  Val   -> VL: 5.18118 | AVL: 5.1748 | IVPPL: 177.893 | AVPPL: 176.761 | VENT: 6.76882b | VCERT: 12.2957%

[GeoMind CAUSAL CE Stream] Ep 1.0/Inf | Mixed Stream | Last: D[9.0: test/geomind/trainingdata/mined_expanded_corpus_cloze_part05.txt]
  Progress -> 9.52077% (11802.3 / 123964 KB) | LR: 0.00140977 | TTemp: 1.22675 | VTemp: 1.0
  Train -> TL: 4.72187 | ATL: 4.64306 | ITPPL: 112.378 | ATPPL: 103.862 | ENT: 6.354b | CERT: 11.8118%
  Val   -> VL: 5.18629 | AVL: 5.17824 | IVPPL: 178.804 | AVPPL: 177.371 | VENT: 6.7482b | VCERT: 12.689%

[GeoMind CAUSAL CE Stream] Ep 1.0/Inf | Mixed Stream | Last: D[9.0: test/geomind/trainingdata/mined_expanded_corpus_cloze_part05.txt]
  Progress -> 9.527% (11810 / 123964 KB) | LR: 0.00141177 | TTemp: 1.22481 | VTemp: 1.0
  Train -> TL: 4.72422 | ATL: 4.6524 | ITPPL: 112.643 | ATPPL: 104.836 | ENT: 6.2729b | CERT: 12.3729%
  Val   -> VL: 5.1841 | AVL: 5.18 | IVPPL: 178.413 | AVPPL: 177.683 | VENT: 6.7838b | VCERT: 12.2293%

[GeoMind CAUSAL CE Stream] Ep 1.0/Inf | Mixed Stream | Last: D[9.0: test/geomind/trainingdata/mined_expanded_corpus_cloze_part05.txt]
  Progress -> 9.53446% (11819.3 / 123964 KB) | LR: 0.00141247 | TTemp: 1.22403 | VTemp: 1.0
  Train -> TL: 4.43057 | ATL: 4.63721 | ITPPL: 83.9793 | ATPPL: 103.256 | ENT: 6.08694b | CERT: 12.1707%
  Val   -> VL: 5.16812 | AVL: 5.17644 | IVPPL: 175.585 | AVPPL: 177.051 | VENT: 6.74808b | VCERT: 12.0034%

[GeoMind CAUSAL CE Stream] Ep 1.0/Inf | Mixed Stream | Last: D[9.0: test/geomind/trainingdata/mined_expanded_corpus_cloze_part05.txt]
  Progress -> 9.54242% (11829.1 / 123964 KB) | LR: 0.00141264 | TTemp: 1.22365 | VTemp: 1.0
  Train -> TL: 4.52116 | ATL: 4.63088 | ITPPL: 91.942 | ATPPL: 102.605 | ENT: 5.96962b | CERT: 13.5499%
  Val   -> VL: 5.16793 | AVL: 5.17389 | IVPPL: 175.552 | AVPPL: 176.6 | VENT: 6.7593b | VCERT: 11.9113%

[GeoMind CAUSAL CE Stream] Ep 1.0/Inf | Mixed Stream | Last: D[9.0: test/geomind/trainingdata/mined_expanded_corpus_cloze_part05.txt]
  Progress -> 9.54965% (11838.1 / 123964 KB) | LR: 0.00141178 | TTemp: 1.22424 | VTemp: 1.0
  Train -> TL: 4.53963 | ATL: 4.61672 | ITPPL: 93.6559 | ATPPL: 101.162 | ENT: 6.0098b | CERT: 12.7839%
  Val   -> VL: 5.1673 | AVL: 5.17191 | IVPPL: 175.441 | AVPPL: 176.251 | VENT: 6.7807b | VCERT: 12.0033%

[GeoMind CAUSAL CE Stream] Ep 1.0/Inf | Mixed Stream | Last: D[9.0: test/geomind/trainingdata/mined_expanded_corpus_cloze_part05.txt]
  Progress -> 9.55603% (11846 / 123964 KB) | LR: 0.0014112 | TTemp: 1.22442 | VTemp: 1.0
  Train -> TL: 4.73977 | ATL: 4.61941 | ITPPL: 114.408 | ATPPL: 101.435 | ENT: 6.21276b | CERT: 11.4522%
  Val   -> VL: 5.16676 | AVL: 5.17037 | IVPPL: 175.346 | AVPPL: 175.979 | VENT: 6.80384b | VCERT: 11.8941%

[GeoMind CAUSAL CE Stream] Ep 1.0/Inf | Mixed Stream | Last: D[9.0: test/geomind/trainingdata/mined_expanded_corpus_cloze_part05.txt]
  Progress -> 9.5632% (11854.9 / 123964 KB) | LR: 0.001412 | TTemp: 1.22313 | VTemp: 1.0
  Train -> TL: 4.62914 | ATL: 4.63779 | ITPPL: 102.426 | ATPPL: 103.315 | ENT: 6.1639b | CERT: 12.3595%
  Val   -> VL: 5.16715 | AVL: 5.1694 | IVPPL: 175.414 | AVPPL: 175.81 | VENT: 6.8301b | VCERT: 11.5468%

[GeoMind CAUSAL CE Stream] Ep 1.0/Inf | Mixed Stream | Last: D[9.0: test/geomind/trainingdata/mined_expanded_corpus_cloze_part05.txt]
  Progress -> 9.57048% (11863.9 / 123964 KB) | LR: 0.00141372 | TTemp: 1.22117 | VTemp: 1.0
  Train -> TL: 4.68486 | ATL: 4.65157 | ITPPL: 108.295 | ATPPL: 104.75 | ENT: 6.34485b | CERT: 10.7809%
  Val   -> VL: 5.17693 | AVL: 5.17166 | IVPPL: 177.138 | AVPPL: 176.207 | VENT: 6.84422b | VCERT: 11.3394%

[GeoMind CAUSAL CE Stream] Ep 1.0/Inf | Mixed Stream | Last: D[9.0: test/geomind/trainingdata/mined_expanded_corpus_cloze_part05.txt]
  Progress -> 9.57873% (11874.1 / 123964 KB) | LR: 0.00141594 | TTemp: 1.22682 | VTemp: 1.0
  Train -> TL: 4.72291 | ATL: 4.6611 | ITPPL: 112.495 | ATPPL: 105.753 | ENT: 6.3814b | CERT: 10.4432%
  Val   -> VL: 5.19541 | AVL: 5.17878 | IVPPL: 180.442 | AVPPL: 177.467 | VENT: 6.87354b | VCERT: 11.0474%

[GeoMind CAUSAL CE Stream] Ep 1.0/Inf | Mixed Stream | Last: D[9.0: test/geomind/trainingdata/mined_expanded_corpus_cloze_part05.txt]
  Progress -> 9.58778% (11885.4 / 123964 KB) | LR: 0.00141824 | TTemp: 1.22417 | VTemp: 1.0
  Train -> TL: 4.44991 | ATL: 4.66508 | ITPPL: 85.619 | ATPPL: 106.174 | ENT: 6.18b | CERT: 11.6817%
  Val   -> VL: 5.19406 | AVL: 5.18337 | IVPPL: 180.199 | AVPPL: 178.282 | VENT: 6.84886b | VCERT: 11.1798%

[GeoMind CAUSAL CE Stream] Ep 1.0/Inf | Mixed Stream | Last: D[9.0: test/geomind/trainingdata/mined_expanded_corpus_cloze_part05.txt]
  Progress -> 9.5965% (11896.2 / 123964 KB) | LR: 0.00141979 | TTemp: 1.22232 | VTemp: 1.0
  Train -> TL: 4.47406 | ATL: 4.65804 | ITPPL: 87.7125 | ATPPL: 105.429 | ENT: 6.1522b | CERT: 11.7682%
  Val   -> VL: 5.17777 | AVL: 5.18169 | IVPPL: 177.288 | AVPPL: 177.983 | VENT: 6.83235b | VCERT: 11.3006%

[GeoMind CAUSAL CE Stream] Ep 1.0/Inf | Mixed Stream | Last: D[9.0: test/geomind/trainingdata/mined_expanded_corpus_cloze_part05.txt]
  Progress -> 9.60332% (11904.6 / 123964 KB) | LR: 0.00142014 | TTemp: 1.22188 | VTemp: 1.0
  Train -> TL: 4.46621 | ATL: 4.64343 | ITPPL: 87.0265 | ATPPL: 103.9 | ENT: 6.12724b | CERT: 12.1272%
  Val   -> VL: 5.18348 | AVL: 5.18223 | IVPPL: 178.302 | AVPPL: 178.079 | VENT: 6.80674b | VCERT: 11.6048%

[GeoMind CAUSAL CE Stream] Ep 1.0/Inf | Mixed Stream | Last: D[9.0: test/geomind/trainingdata/mined_expanded_corpus_cloze_part05.txt]
  Progress -> 9.61067% (11913.7 / 123964 KB) | LR: 0.00141917 | TTemp: 1.22297 | VTemp: 1.0
  Train -> TL: 4.53937 | ATL: 4.62566 | ITPPL: 93.6318 | ATPPL: 102.07 | ENT: 5.96289b | CERT: 12.9883%
  Val   -> VL: 5.1879 | AVL: 5.18393 | IVPPL: 179.091 | AVPPL: 178.382 | VENT: 6.81777b | VCERT: 11.4905%

[GeoMind CAUSAL CE Stream] Ep 1.0/Inf | Mixed Stream | Last: D[9.0: test/geomind/trainingdata/mined_expanded_corpus_cloze_part05.txt]
  Progress -> 9.61863% (11923.6 / 123964 KB) | LR: 0.0014169 | TTemp: 1.22545 | VTemp: 1.0
  Train -> TL: 4.6561 | ATL: 4.60622 | ITPPL: 105.224 | ATPPL: 100.105 | ENT: 6.31281b | CERT: 10.5979%
  Val   -> VL: 5.18815 | AVL: 5.18519 | IVPPL: 179.137 | AVPPL: 178.608 | VENT: 6.81422b | VCERT: 11.941%

[GeoMind CAUSAL CE Stream] Ep 1.0/Inf | Mixed Stream | Last: D[9.0: test/geomind/trainingdata/mined_expanded_corpus_cloze_part05.txt]
  Progress -> 9.6261% (11932.9 / 123964 KB) | LR: 0.00141268 | TTemp: 1.23 | VTemp: 1.0
  Train -> TL: 4.45364 | ATL: 4.57592 | ITPPL: 85.9389 | ATPPL: 97.1176 | ENT: 6.25809b | CERT: 11.4405%
  Val   -> VL: 5.19296 | AVL: 5.18752 | IVPPL: 180.001 | AVPPL: 179.025 | VENT: 6.7971b | VCERT: 12.0191%

[GeoMind CAUSAL CE Stream] Ep 1.0/Inf | Mixed Stream | Last: D[9.0: test/geomind/trainingdata/mined_expanded_corpus_cloze_part05.txt]
  Progress -> 9.63204% (11940.2 / 123964 KB) | LR: 0.00140778 | TTemp: 1.243 | VTemp: 1.0
  Train -> TL: 4.34787 | ATL: 4.56065 | ITPPL: 77.3133 | ATPPL: 95.646 | ENT: 5.96141b | CERT: 12.752%
  Val   -> VL: 5.20916 | AVL: 5.19402 | IVPPL: 182.941 | AVPPL: 180.191 | VENT: 6.76045b | VCERT: 12.1016%

[GeoMind CAUSAL CE Stream] Ep 1.0/Inf | Mixed Stream | Last: D[9.0: test/geomind/trainingdata/mined_expanded_corpus_cloze_part05.txt]
  Progress -> 9.63969% (11949.7 / 123964 KB) | LR: 0.00140421 | TTemp: 1.24602 | VTemp: 1.0
  Train -> TL: 4.79052 | ATL: 4.57242 | ITPPL: 120.364 | ATPPL: 96.778 | ENT: 6.24734b | CERT: 10.9498%
  Val   -> VL: 5.20943 | AVL: 5.19864 | IVPPL: 182.99 | AVPPL: 181.026 | VENT: 6.77084b | VCERT: 11.8934%

[GeoMind CAUSAL CE Stream] Ep 1.0/Inf | Mixed Stream | Last: D[9.0: test/geomind/trainingdata/mined_expanded_corpus_cloze_part05.txt]
  Progress -> 9.64638% (11958 / 123964 KB) | LR: 0.00140107 | TTemp: 1.24883 | VTemp: 1.0
  Train -> TL: 4.586 | ATL: 4.57326 | ITPPL: 98.1014 | ATPPL: 96.8591 | ENT: 6.17921b | CERT: 10.6899%
  Val   -> VL: 5.21248 | AVL: 5.20279 | IVPPL: 183.549 | AVPPL: 181.779 | VENT: 6.74919b | VCERT: 11.896%

[GeoMind CAUSAL CE Stream] Ep 1.0/Inf | Mixed Stream | Last: D[9.0: test/geomind/trainingdata/mined_expanded_corpus_cloze_part05.txt]
  Progress -> 9.65423% (11967.7 / 123964 KB) | LR: 0.00139899 | TTemp: 1.25032 | VTemp: 1.0
  Train -> TL: 4.39884 | ATL: 4.58373 | ITPPL: 81.356 | ATPPL: 97.8788 | ENT: 6.00035b | CERT: 12.0705%
  Val   -> VL: 5.19767 | AVL: 5.20125 | IVPPL: 180.85 | AVPPL: 181.5 | VENT: 6.742b | VCERT: 11.8851%

[GeoMind CAUSAL CE Stream] Ep 1.0/Inf | Mixed Stream | Last: D[9.0: test/geomind/trainingdata/mined_expanded_corpus_cloze_part05.txt]
  Progress -> 9.66239% (11977.9 / 123964 KB) | LR: 0.00139753 | TTemp: 1.25089 | VTemp: 1.0
  Train -> TL: 4.54693 | ATL: 4.58943 | ITPPL: 94.342 | ATPPL: 98.4381 | ENT: 6.09277b | CERT: 11.1478%
  Val   -> VL: 5.18951 | AVL: 5.19773 | IVPPL: 179.381 | AVPPL: 180.862 | VENT: 6.76601b | VCERT: 11.7421%

[GeoMind CAUSAL CE Stream] Ep 1.0/Inf | Mixed Stream | Last: D[9.0: test/geomind/trainingdata/mined_expanded_corpus_cloze_part05.txt]
  Progress -> 9.66912% (11986.2 / 123964 KB) | LR: 0.00139622 | TTemp: 1.25092 | VTemp: 1.0
  Train -> TL: 4.49118 | ATL: 4.58945 | ITPPL: 89.2271 | ATPPL: 98.4405 | ENT: 6.08696b | CERT: 11.2877%
  Val   -> VL: 5.17716 | AVL: 5.19156 | IVPPL: 177.18 | AVPPL: 179.749 | VENT: 6.75582b | VCERT: 11.8247%

[GeoMind CAUSAL CE Stream] Ep 1.0/Inf | Mixed Stream | Last: D[9.0: test/geomind/trainingdata/mined_expanded_corpus_cloze_part05.txt]
  Progress -> 9.67564% (11994.3 / 123964 KB) | LR: 0.00139566 | TTemp: 1.25008 | VTemp: 1.0
  Train -> TL: 4.5991 | ATL: 4.59807 | ITPPL: 99.3944 | ATPPL: 99.2927 | ENT: 6.17615b | CERT: 10.9478%
  Val   -> VL: 5.18199 | AVL: 5.18869 | IVPPL: 178.037 | AVPPL: 179.234 | VENT: 6.74819b | VCERT: 11.8452%

[GeoMind CAUSAL CE Stream] Ep 1.0/Inf | Mixed Stream | Last: D[9.0: test/geomind/trainingdata/mined_expanded_corpus_cloze_part05.txt]
  Progress -> 9.68379% (12004.4 / 123964 KB) | LR: 0.0013946 | TTemp: 1.24966 | VTemp: 1.0
  Train -> TL: 4.49843 | ATL: 4.59035 | ITPPL: 89.8759 | ATPPL: 98.5292 | ENT: 6.14922b | CERT: 11.0379%
  Val   -> VL: 5.17608 | AVL: 5.18491 | IVPPL: 176.987 | AVPPL: 178.557 | VENT: 6.74446b | VCERT: 11.6363%

[GeoMind CAUSAL CE Stream] Ep 1.0/Inf | Mixed Stream | Last: D[9.0: test/geomind/trainingdata/mined_expanded_corpus_cloze_part05.txt]
  Progress -> 9.69107% (12013.4 / 123964 KB) | LR: 0.00139407 | TTemp: 1.24904 | VTemp: 1.0
  Train -> TL: 4.57279 | ATL: 4.59628 | ITPPL: 96.8141 | ATPPL: 99.1148 | ENT: 6.10197b | CERT: 12.0256%
  Val   -> VL: 5.19303 | AVL: 5.18734 | IVPPL: 180.013 | AVPPL: 178.992 | VENT: 6.76921b | VCERT: 11.4118%

[GeoMind CAUSAL CE Stream] Ep 1.0/Inf | Mixed Stream | Last: D[9.0: test/geomind/trainingdata/mined_expanded_corpus_cloze_part05.txt]
  Progress -> 9.69728% (12021.1 / 123964 KB) | LR: 0.00139318 | TTemp: 1.24909 | VTemp: 1.0
  Train -> TL: 4.63556 | ATL: 4.59053 | ITPPL: 103.086 | ATPPL: 98.5466 | ENT: 6.20127b | CERT: 11.731%
  Val   -> VL: 5.19379 | AVL: 5.18928 | IVPPL: 180.15 | AVPPL: 179.339 | VENT: 6.7279b | VCERT: 11.8625%

[GeoMind CAUSAL CE Stream] Ep 1.0/Inf | Mixed Stream | Last: D[9.0: test/geomind/trainingdata/mined_expanded_corpus_cloze_part05.txt]
  Progress -> 9.70404% (12029.5 / 123964 KB) | LR: 0.00139149 | TTemp: 1.25795 | VTemp: 1.0
  Train -> TL: 4.43656 | ATL: 4.57813 | ITPPL: 84.4837 | ATPPL: 97.3318 | ENT: 6.00412b | CERT: 12.3289%
  Val   -> VL: 5.20647 | AVL: 5.19444 | IVPPL: 182.449 | AVPPL: 180.266 | VENT: 6.70011b | VCERT: 12.0508%

[GeoMind CAUSAL CE Stream] Ep 1.0/Inf | Mixed Stream | Last: D[9.0: test/geomind/trainingdata/mined_expanded_corpus_cloze_part05.txt]
  Progress -> 9.71127% (12038.5 / 123964 KB) | LR: 0.00139084 | TTemp: 1.25742 | VTemp: 1.0
  Train -> TL: 4.50856 | ATL: 4.59029 | ITPPL: 90.7913 | ATPPL: 98.5226 | ENT: 6.0211b | CERT: 12.9655%
  Val   -> VL: 5.21004 | AVL: 5.19912 | IVPPL: 183.102 | AVPPL: 181.112 | VENT: 6.70068b | VCERT: 12.023%

[GeoMind CAUSAL CE Stream] Ep 1.0/Inf | Mixed Stream | Last: D[9.0: test/geomind/trainingdata/mined_expanded_corpus_cloze_part05.txt]
  Progress -> 9.71748% (12046.1 / 123964 KB) | LR: 0.00139154 | TTemp: 1.25559 | VTemp: 1.0
  Train -> TL: 4.60585 | ATL: 4.6081 | ITPPL: 100.068 | ATPPL: 100.293 | ENT: 6.00271b | CERT: 12.3304%
  Val   -> VL: 5.19727 | AVL: 5.19856 | IVPPL: 180.778 | AVPPL: 181.012 | VENT: 6.70029b | VCERT: 12.1246%

[GeoMind CAUSAL CE Stream] Ep 1.0/Inf | Mixed Stream | Last: D[9.0: test/geomind/trainingdata/mined_expanded_corpus_cloze_part05.txt]
  Progress -> 9.72558% (12056.2 / 123964 KB) | LR: 0.00139251 | TTemp: 1.25385 | VTemp: 1.0
  Train -> TL: 4.66083 | ATL: 4.61289 | ITPPL: 105.724 | ATPPL: 100.775 | ENT: 6.16994b | CERT: 11.4301%
  Val   -> VL: 5.20644 | AVL: 5.20092 | IVPPL: 182.443 | AVPPL: 181.44 | VENT: 6.7051b | VCERT: 12.1009%

[GeoMind CAUSAL CE Stream] Ep 1.0/Inf | Mixed Stream | Last: D[9.0: test/geomind/trainingdata/mined_expanded_corpus_cloze_part05.txt]
  Progress -> 9.73458% (12067.3 / 123964 KB) | LR: 0.00139174 | TTemp: 1.25392 | VTemp: 1.0
  Train -> TL: 4.37594 | ATL: 4.58998 | ITPPL: 79.5149 | ATPPL: 98.4929 | ENT: 5.97939b | CERT: 12.5012%
  Val   -> VL: 5.19287 | AVL: 5.19851 | IVPPL: 179.985 | AVPPL: 181.002 | VENT: 6.67062b | VCERT: 12.4737%

[GeoMind CAUSAL CE Stream] Ep 1.0/Inf | Mixed Stream | Last: D[9.0: test/geomind/trainingdata/mined_expanded_corpus_cloze_part05.txt]
  Progress -> 9.74416% (12079.2 / 123964 KB) | LR: 0.001391 | TTemp: 1.25433 | VTemp: 1.0
  Train -> TL: 4.54597 | ATL: 4.58937 | ITPPL: 94.2513 | ATPPL: 98.4322 | ENT: 6.00133b | CERT: 12.341%
  Val   -> VL: 5.21245 | AVL: 5.20269 | IVPPL: 183.544 | AVPPL: 181.761 | VENT: 6.69181b | VCERT: 12.2651%

[GeoMind CAUSAL CE Stream] Ep 1.0/Inf | Mixed Stream | Last: D[9.0: test/geomind/trainingdata/mined_expanded_corpus_cloze_part05.txt]
  Progress -> 9.75533% (12093.1 / 123964 KB) | LR: 0.00139027 | TTemp: 1.25482 | VTemp: 1.0
  Train -> TL: 4.4639 | ATL: 4.58844 | ITPPL: 86.8254 | ATPPL: 98.3411 | ENT: 5.99609b | CERT: 12.1573%
  Val   -> VL: 5.20585 | AVL: 5.20364 | IVPPL: 182.336 | AVPPL: 181.933 | VENT: 6.65524b | VCERT: 13.2448%

[GeoMind CAUSAL CE Stream] Ep 1.0/Inf | Mixed Stream | Last: D[9.0: test/geomind/trainingdata/mined_expanded_corpus_cloze_part05.txt]
  Progress -> 9.76394% (12103.7 / 123964 KB) | LR: 0.00139113 | TTemp: 1.25354 | VTemp: 1.0
  Train -> TL: 4.45151 | ATL: 4.60951 | ITPPL: 85.7559 | ATPPL: 100.435 | ENT: 5.9339b | CERT: 13.7252%
  Val   -> VL: 5.19869 | AVL: 5.20215 | IVPPL: 181.034 | AVPPL: 181.663 | VENT: 6.66541b | VCERT: 12.7942%

[GeoMind CAUSAL CE Stream] Ep 1.0/Inf | Mixed Stream | Last: D[9.0: test/geomind/trainingdata/mined_expanded_corpus_cloze_part05.txt]
  Progress -> 9.77331% (12115.3 / 123964 KB) | LR: 0.00139235 | TTemp: 1.25166 | VTemp: 1.0
  Train -> TL: 4.45999 | ATL: 4.61581 | ITPPL: 86.4864 | ATPPL: 101.07 | ENT: 5.81618b | CERT: 14.1977%
  Val   -> VL: 5.18753 | AVL: 5.19777 | IVPPL: 179.026 | AVPPL: 180.868 | VENT: 6.67291b | VCERT: 12.2613%

[GeoMind CAUSAL CE Stream] Ep 1.0/Inf | Mixed Stream | Last: D[9.0: test/geomind/trainingdata/mined_expanded_corpus_cloze_part05.txt]
  Progress -> 9.78246% (12126.7 / 123964 KB) | LR: 0.00139375 | TTemp: 1.2492 | VTemp: 1.0
  Train -> TL: 4.72201 | ATL: 4.61995 | ITPPL: 112.394 | ATPPL: 101.489 | ENT: 6.17657b | CERT: 11.2151%
  Val   -> VL: 5.17357 | AVL: 5.19051 | IVPPL: 176.544 | AVPPL: 179.56 | VENT: 6.71536b | VCERT: 12.0435%

[GeoMind CAUSAL CE Stream] Ep 1.0/Inf | Mixed Stream | Last: D[9.0: test/geomind/trainingdata/mined_expanded_corpus_cloze_part05.txt]
  Progress -> 9.79173% (12138.2 / 123964 KB) | LR: 0.00139444 | TTemp: 1.24712 | VTemp: 1.0
  Train -> TL: 4.71798 | ATL: 4.61195 | ITPPL: 111.942 | ATPPL: 100.68 | ENT: 6.33457b | CERT: 10.9713%
  Val   -> VL: 5.16392 | AVL: 5.18253 | IVPPL: 174.848 | AVPPL: 178.133 | VENT: 6.72006b | VCERT: 11.9747%

[GeoMind CAUSAL CE Stream] Ep 1.0/Inf | Mixed Stream | Last: D[9.0: test/geomind/trainingdata/mined_expanded_corpus_cloze_part05.txt]
  Progress -> 9.80016% (12148.6 / 123964 KB) | LR: 0.0013936 | TTemp: 1.24654 | VTemp: 1.0
  Train -> TL: 4.38505 | ATL: 4.59177 | ITPPL: 80.2422 | ATPPL: 98.6687 | ENT: 6.01686b | CERT: 12.7221%
  Val   -> VL: 5.1687 | AVL: 5.17838 | IVPPL: 175.686 | AVPPL: 177.395 | VENT: 6.73798b | VCERT: 11.7263%

[GeoMind CAUSAL CE Stream] Ep 1.0/Inf | Mixed Stream | Last: D[9.0: test/geomind/trainingdata/mined_expanded_corpus_cloze_part05.txt]
  Progress -> 9.81012% (12161 / 123964 KB) | LR: 0.00139071 | TTemp: 1.24767 | VTemp: 1.0
  Train -> TL: 4.53425 | ATL: 4.5621 | ITPPL: 93.1537 | ATPPL: 95.7846 | ENT: 6.09536b | CERT: 12.8495%
  Val   -> VL: 5.15124 | AVL: 5.17024 | IVPPL: 172.646 | AVPPL: 175.957 | VENT: 6.69996b | VCERT: 12.3055%

[GeoMind CAUSAL CE Stream] Ep 1.0/Inf | Mixed Stream | Last: D[9.0: test/geomind/trainingdata/mined_expanded_corpus_cloze_part05.txt]
  Progress -> 9.82104% (12174.5 / 123964 KB) | LR: 0.00138826 | TTemp: 1.24846 | VTemp: 1.0
  Train -> TL: 4.52281 | ATL: 4.56411 | ITPPL: 92.0942 | ATPPL: 95.9767 | ENT: 6.0351b | CERT: 12.6736%
  Val   -> VL: 5.16936 | AVL: 5.16998 | IVPPL: 175.803 | AVPPL: 175.911 | VENT: 6.67775b | VCERT: 12.359%

[GeoMind CAUSAL CE Stream] Ep 1.0/Inf | Mixed Stream | Last: D[9.0: test/geomind/trainingdata/mined_expanded_corpus_cloze_part05.txt]
  Progress -> 9.83162% (12187.6 / 123964 KB) | LR: 0.00138524 | TTemp: 1.25031 | VTemp: 1.0
  Train -> TL: 4.2947 | ATL: 4.55286 | ITPPL: 73.3104 | ATPPL: 94.9039 | ENT: 5.80714b | CERT: 13.9784%
  Val   -> VL: 5.18495 | AVL: 5.17447 | IVPPL: 178.564 | AVPPL: 176.703 | VENT: 6.62677b | VCERT: 12.5938%

[GeoMind CAUSAL CE Stream] Ep 1.0/Inf | Mixed Stream | Last: D[9.0: test/geomind/trainingdata/mined_expanded_corpus_cloze_part05.txt]
  Progress -> 9.84064% (12198.8 / 123964 KB) | LR: 0.00138093 | TTemp: 1.2537 | VTemp: 1.0
  Train -> TL: 4.43017 | ATL: 4.53082 | ITPPL: 83.9455 | ATPPL: 92.8345 | ENT: 5.84993b | CERT: 13.6572%
  Val   -> VL: 5.18153 | AVL: 5.17659 | IVPPL: 177.955 | AVPPL: 177.077 | VENT: 6.57772b | VCERT: 12.9264%

[GeoMind CAUSAL CE Stream] Ep 1.0/Inf | Mixed Stream | Last: D[9.0: test/geomind/trainingdata/mined_expanded_corpus_cloze_part05.txt]
  Progress -> 9.84976% (12210.1 / 123964 KB) | LR: 0.00137698 | TTemp: 1.25687 | VTemp: 1.0
  Train -> TL: 4.58483 | ATL: 4.52978 | ITPPL: 97.9863 | ATPPL: 92.738 | ENT: 6.0239b | CERT: 12.0138%
  Val   -> VL: 5.18609 | AVL: 5.17944 | IVPPL: 178.768 | AVPPL: 177.583 | VENT: 6.5946b | VCERT: 13.0164%

[GeoMind CAUSAL CE Stream] Ep 1.0/Inf | Mixed Stream | Last: D[9.0: test/geomind/trainingdata/mined_expanded_corpus_cloze_part05.txt]
  Progress -> 9.85559% (12217.3 / 123964 KB) | LR: 0.00137376 | TTemp: 1.25938 | VTemp: 1.0
  Train -> TL: 4.60034 | ATL: 4.53436 | ITPPL: 99.5185 | ATPPL: 93.164 | ENT: 6.02296b | CERT: 11.876%
  Val   -> VL: 5.18646 | AVL: 5.18154 | IVPPL: 178.835 | AVPPL: 177.958 | VENT: 6.59898b | VCERT: 12.7526%

[GeoMind CAUSAL CE Stream] Ep 1.0/Inf | Mixed Stream | Last: D[9.0: test/geomind/trainingdata/mined_expanded_corpus_cloze_part05.txt]
  Progress -> 9.86561% (12229.8 / 123964 KB) | LR: 0.00137108 | TTemp: 1.26106 | VTemp: 1.0
  Train -> TL: 4.58837 | ATL: 4.53744 | ITPPL: 98.3337 | ATPPL: 93.451 | ENT: 6.06988b | CERT: 11.6144%
  Val   -> VL: 5.17171 | AVL: 5.17859 | IVPPL: 176.216 | AVPPL: 177.433 | VENT: 6.65642b | VCERT: 12.5374%

[GeoMind CAUSAL CE Stream] Ep 1.0/Inf | Mixed Stream | Last: D[9.0: test/geomind/trainingdata/mined_expanded_corpus_cloze_part05.txt]
  Progress -> 9.87579% (12242.4 / 123964 KB) | LR: 0.00136974 | TTemp: 1.26117 | VTemp: 1.0
  Train -> TL: 4.59173 | ATL: 4.55231 | ITPPL: 98.6647 | ATPPL: 94.8513 | ENT: 6.06329b | CERT: 12.0917%
  Val   -> VL: 5.16973 | AVL: 5.17593 | IVPPL: 175.867 | AVPPL: 176.962 | VENT: 6.68533b | VCERT: 12.0369%

[GeoMind CAUSAL CE Stream] Ep 1.0/Inf | Mixed Stream | Last: D[9.0: test/geomind/trainingdata/mined_expanded_corpus_cloze_part05.txt]
  Progress -> 9.88434% (12253 / 123964 KB) | LR: 0.00136992 | TTemp: 1.25974 | VTemp: 1.0
  Train -> TL: 4.50377 | ATL: 4.57156 | ITPPL: 90.357 | ATPPL: 96.6949 | ENT: 6.03445b | CERT: 13.088%
  Val   -> VL: 5.17204 | AVL: 5.17476 | IVPPL: 176.273 | AVPPL: 176.755 | VENT: 6.69641b | VCERT: 12.0199%

[GeoMind CAUSAL CE Stream] Ep 1.0/Inf | Mixed Stream | Last: D[9.0: test/geomind/trainingdata/mined_expanded_corpus_cloze_part05.txt]
  Progress -> 9.89135% (12261.7 / 123964 KB) | LR: 0.00137165 | TTemp: 1.25673 | VTemp: 1.0
  Train -> TL: 4.70489 | ATL: 4.59336 | ITPPL: 110.486 | ATPPL: 98.8263 | ENT: 6.12723b | CERT: 11.982%
  Val   -> VL: 5.16814 | AVL: 5.17278 | IVPPL: 175.589 | AVPPL: 176.404 | VENT: 6.70369b | VCERT: 12.006%

[GeoMind CAUSAL CE Stream] Ep 1.0/Inf | Mixed Stream | Last: D[9.0: test/geomind/trainingdata/mined_expanded_corpus_cloze_part05.txt]
  Progress -> 9.90045% (12273 / 123964 KB) | LR: 0.00137272 | TTemp: 1.25457 | VTemp: 1.0
  Train -> TL: 4.60158 | ATL: 4.58659 | ITPPL: 99.6419 | ATPPL: 98.1593 | ENT: 6.14763b | CERT: 12.3564%
  Val   -> VL: 5.16786 | AVL: 5.1713 | IVPPL: 175.539 | AVPPL: 176.144 | VENT: 6.70206b | VCERT: 11.8604%

[GeoMind CAUSAL CE Stream] Ep 1.0/Inf | Mixed Stream | Last: D[9.0: test/geomind/trainingdata/mined_expanded_corpus_cloze_part05.txt]
  Progress -> 9.90838% (12282.8 / 123964 KB) | LR: 0.00137417 | TTemp: 1.25214 | VTemp: 1.0
  Train -> TL: 4.69151 | ATL: 4.59343 | ITPPL: 109.018 | ATPPL: 98.8329 | ENT: 6.18662b | CERT: 11.9475%
  Val   -> VL: 5.16727 | AVL: 5.17009 | IVPPL: 175.435 | AVPPL: 175.931 | VENT: 6.72307b | VCERT: 11.7558%

[GeoMind CAUSAL CE Stream] Ep 1.0/Inf | Mixed Stream | Last: D[9.0: test/geomind/trainingdata/mined_expanded_corpus_cloze_part05.txt]
  Progress -> 9.91804% (12294.8 / 123964 KB) | LR: 0.001376 | TTemp: 1.24965 | VTemp: 1.0
  Train -> TL: 4.72782 | ATL: 4.60056 | ITPPL: 113.049 | ATPPL: 99.5403 | ENT: 6.26371b | CERT: 11.2445%
  Val   -> VL: 5.17513 | AVL: 5.17161 | IVPPL: 176.82 | AVPPL: 176.197 | VENT: 6.72454b | VCERT: 11.7172%

[GeoMind CAUSAL CE Stream] Ep 1.0/Inf | Mixed Stream | Last: D[9.0: test/geomind/trainingdata/mined_expanded_corpus_cloze_part05.txt]
  Progress -> 9.92547% (12304 / 123964 KB) | LR: 0.0013784 | TTemp: 1.24676 | VTemp: 1.0
  Train -> TL: 4.70972 | ATL: 4.61113 | ITPPL: 111.021 | ATPPL: 100.598 | ENT: 6.3067b | CERT: 10.6303%
  Val   -> VL: 5.17271 | AVL: 5.17194 | IVPPL: 176.392 | AVPPL: 176.256 | VENT: 6.71557b | VCERT: 12.1097%

[GeoMind CAUSAL CE Stream] Ep 1.0/Inf | Mixed Stream | Last: D[9.0: test/geomind/trainingdata/mined_expanded_corpus_cloze_part05.txt]
  Progress -> 9.93328% (12313.7 / 123964 KB) | LR: 0.00137963 | TTemp: 1.24468 | VTemp: 1.0
  Train -> TL: 4.69822 | ATL: 4.59818 | ITPPL: 109.752 | ATPPL: 99.3035 | ENT: 6.27533b | CERT: 12.1697%
  Val   -> VL: 5.14549 | AVL: 5.164 | IVPPL: 171.655 | AVPPL: 174.863 | VENT: 6.73452b | VCERT: 12.0891%

[GeoMind CAUSAL CE Stream] Ep 1.0/Inf | Mixed Stream | Last: D[9.0: test/geomind/trainingdata/mined_expanded_corpus_cloze_part05.txt]
  Progress -> 9.9427% (12325.3 / 123964 KB) | LR: 0.00138143 | TTemp: 1.24179 | VTemp: 1.0
  Train -> TL: 4.68808 | ATL: 4.60788 | ITPPL: 108.644 | ATPPL: 100.272 | ENT: 6.32771b | CERT: 10.9868%
  Val   -> VL: 5.14637 | AVL: 5.15871 | IVPPL: 171.806 | AVPPL: 173.94 | VENT: 6.71531b | VCERT: 12.3081%

[GeoMind CAUSAL CE Stream] Ep 1.0/Inf | Mixed Stream | Last: D[9.0: test/geomind/trainingdata/mined_expanded_corpus_cloze_part05.txt]
  Progress -> 9.95069% (12335.2 / 123964 KB) | LR: 0.00138412 | TTemp: 1.23764 | VTemp: 1.0
  Train -> TL: 4.60781 | ATL: 4.62261 | ITPPL: 100.264 | ATPPL: 101.759 | ENT: 6.33663b | CERT: 11.7315%
  Val   -> VL: 5.13245 | AVL: 5.15083 | IVPPL: 169.432 | AVPPL: 172.575 | VENT: 6.70108b | VCERT: 12.6009%

[GeoMind CAUSAL CE Stream] Ep 1.0/Inf | Mixed Stream | Last: D[9.0: test/geomind/trainingdata/mined_expanded_corpus_cloze_part05.txt]
  Progress -> 9.95845% (12344.9 / 123964 KB) | LR: 0.00138875 | TTemp: 1.23128 | VTemp: 1.0
  Train -> TL: 4.71623 | ATL: 4.65346 | ITPPL: 111.747 | ATPPL: 104.947 | ENT: 6.3597b | CERT: 11.8192%
  Val   -> VL: 5.12786 | AVL: 5.14394 | IVPPL: 168.655 | AVPPL: 171.39 | VENT: 6.72419b | VCERT: 12.4141%

[GeoMind CAUSAL CE Stream] Ep 1.0/Inf | Mixed Stream | Last: D[9.0: test/geomind/trainingdata/mined_expanded_corpus_cloze_part05.txt]
  Progress -> 9.96978% (12358.9 / 123964 KB) | LR: 0.00139374 | TTemp: 1.22483 | VTemp: 1.0
  Train -> TL: 4.66386 | ATL: 4.66474 | ITPPL: 106.045 | ATPPL: 106.138 | ENT: 6.42722b | CERT: 10.924%
  Val   -> VL: 5.13531 | AVL: 5.14135 | IVPPL: 169.916 | AVPPL: 170.946 | VENT: 6.72003b | VCERT: 12.2629%

[GeoMind CAUSAL CE Stream] Ep 1.0/Inf | Mixed Stream | Last: D[9.0: test/geomind/trainingdata/mined_expanded_corpus_cloze_part05.txt]
  Progress -> 9.98113% (12373 / 123964 KB) | LR: 0.00139813 | TTemp: 1.21932 | VTemp: 1.0
  Train -> TL: 4.55526 | ATL: 4.66339 | ITPPL: 95.1311 | ATPPL: 105.995 | ENT: 6.23657b | CERT: 11.9169%
  Val   -> VL: 5.1354 | AVL: 5.13956 | IVPPL: 169.932 | AVPPL: 170.641 | VENT: 6.7248b | VCERT: 12.1043%

[GeoMind CAUSAL CE Stream] Ep 1.0/Inf | Mixed Stream | Last: D[9.0: test/geomind/trainingdata/mined_expanded_corpus_cloze_part05.txt]
  Progress -> 9.99046% (12384.5 / 123964 KB) | LR: 0.00140165 | TTemp: 1.22297 | VTemp: 1.0
  Train -> TL: 4.53542 | ATL: 4.6574 | ITPPL: 93.2625 | ATPPL: 105.361 | ENT: 6.2405b | CERT: 11.9036%
  Val   -> VL: 5.15679 | AVL: 5.14473 | IVPPL: 173.607 | AVPPL: 171.526 | VENT: 6.70438b | VCERT: 12.285%

[GeoMind CAUSAL CE Stream] Ep 1.0/Inf | Mixed Stream | Last: D[9.0: test/geomind/trainingdata/mined_expanded_corpus_cloze_part05.txt]
  Progress -> 9.99804% (12393.9 / 123964 KB) | LR: 0.00140401 | TTemp: 1.21979 | VTemp: 1.0
  Train -> TL: 4.47712 | ATL: 4.64626 | ITPPL: 87.9809 | ATPPL: 104.194 | ENT: 6.18257b | CERT: 12.2853%
  Val   -> VL: 5.16131 | AVL: 5.1497 | IVPPL: 174.392 | AVPPL: 172.381 | VENT: 6.71131b | VCERT: 11.968%

[GeoMind CAUSAL CE Stream] Ep 1.0/Inf | Mixed Stream | Last: D[9.0: test/geomind/trainingdata/mined_expanded_corpus_cloze_part05.txt]
  Progress -> 10.0054% (12403.1 / 123964 KB) | LR: 0.00140728 | TTemp: 1.21615 | VTemp: 1.0
  Train -> TL: 4.75409 | ATL: 4.66203 | ITPPL: 116.058 | ATPPL: 105.851 | ENT: 6.32222b | CERT: 10.7072%
  Val   -> VL: 5.16103 | AVL: 5.1531 | IVPPL: 174.344 | AVPPL: 172.967 | VENT: 6.70576b | VCERT: 12.012%

[GeoMind CAUSAL CE Stream] Ep 1.0/Inf | Mixed Stream | Last: D[9.0: test/geomind/trainingdata/mined_expanded_corpus_cloze_part05.txt]
  Progress -> 10.0149% (12414.8 / 123964 KB) | LR: 0.00141135 | TTemp: 1.21988 | VTemp: 1.0
  Train -> TL: 4.65849 | ATL: 4.6778 | ITPPL: 105.477 | ATPPL: 107.534 | ENT: 6.33575b | CERT: 10.2059%
  Val   -> VL: 5.17574 | AVL: 5.1599 | IVPPL: 176.928 | AVPPL: 174.146 | VENT: 6.76414b | VCERT: 11.3523%

[GeoMind CAUSAL CE Stream] Ep 1.0/Inf | Mixed Stream | Last: D[9.0: test/geomind/trainingdata/mined_expanded_corpus_cloze_part05.txt]
  Progress -> 10.0198% (12421 / 123964 KB) | LR: 0.00141556 | TTemp: 1.22298 | VTemp: 1.0
  Train -> TL: 4.779 | ATL: 4.68536 | ITPPL: 118.985 | ATPPL: 108.349 | ENT: 6.45807b | CERT: 9.18824%
  Val   -> VL: 5.18177 | AVL: 5.16646 | IVPPL: 177.997 | AVPPL: 175.293 | VENT: 6.74195b | VCERT: 11.6827%

[GeoMind CAUSAL CE Stream] Ep 1.0/Inf | Mixed Stream | Last: D[9.0: test/geomind/trainingdata/mined_expanded_corpus_cloze_part05.txt]
  Progress -> 10.0256% (12428.1 / 123964 KB) | LR: 0.00141738 | TTemp: 1.22039 | VTemp: 1.0
  Train -> TL: 4.51689 | ATL: 4.65798 | ITPPL: 91.5508 | ATPPL: 105.423 | ENT: 6.27858b | CERT: 10.304%
  Val   -> VL: 5.17627 | AVL: 5.1694 | IVPPL: 177.021 | AVPPL: 175.809 | VENT: 6.70955b | VCERT: 12.0156%

[GeoMind CAUSAL CE Stream] Ep 1.0/Inf | Mixed Stream | Last: D[9.0: test/geomind/trainingdata/mined_expanded_corpus_cloze_part05.txt]
  Progress -> 10.0328% (12437.1 / 123964 KB) | LR: 0.00141994 | TTemp: 1.21741 | VTemp: 1.0
  Train -> TL: 4.76252 | ATL: 4.67084 | ITPPL: 117.041 | ATPPL: 106.787 | ENT: 6.29183b | CERT: 10.7216%
  Val   -> VL: 5.17744 | AVL: 5.17181 | IVPPL: 177.229 | AVPPL: 176.234 | VENT: 6.74298b | VCERT: 11.802%

[GeoMind CAUSAL CE Stream] Ep 1.0/Inf | Mixed Stream | Last: D[9.0: test/geomind/trainingdata/mined_expanded_corpus_cloze_part05.txt]
  Progress -> 10.0403% (12446.3 / 123964 KB) | LR: 0.0014203 | TTemp: 1.21673 | VTemp: 1.0
  Train -> TL: 4.46116 | ATL: 4.64377 | ITPPL: 86.588 | ATPPL: 103.935 | ENT: 6.23795b | CERT: 10.2513%
  Val   -> VL: 5.16417 | AVL: 5.16952 | IVPPL: 174.891 | AVPPL: 175.83 | VENT: 6.74474b | VCERT: 11.7807%

[GeoMind CAUSAL CE Stream] Ep 1.0/Inf | Mixed Stream | Last: D[9.0: test/geomind/trainingdata/mined_expanded_corpus_cloze_part05.txt]
  Progress -> 10.0474% (12455.2 / 123964 KB) | LR: 0.00141754 | TTemp: 1.2192 | VTemp: 1.0
  Train -> TL: 4.45428 | ATL: 4.60099 | ITPPL: 85.9939 | ATPPL: 99.5832 | ENT: 6.21106b | CERT: 11.202%
  Val   -> VL: 5.16241 | AVL: 5.16739 | IVPPL: 174.585 | AVPPL: 175.456 | VENT: 6.75013b | VCERT: 11.6392%

[GeoMind CAUSAL CE Stream] Ep 1.0/Inf | Mixed Stream | Last: D[9.0: test/geomind/trainingdata/mined_expanded_corpus_cloze_part05.txt]
  Progress -> 10.0552% (12464.8 / 123964 KB) | LR: 0.00141253 | TTemp: 1.22364 | VTemp: 1.0
  Train -> TL: 4.47727 | ATL: 4.56582 | ITPPL: 87.9937 | ATPPL: 96.1418 | ENT: 6.09183b | CERT: 11.8025%
  Val   -> VL: 5.15415 | AVL: 5.16341 | IVPPL: 173.148 | AVPPL: 174.76 | VENT: 6.7268b | VCERT: 11.8414%

[GeoMind CAUSAL CE Stream] Ep 1.0/Inf | Mixed Stream | Last: D[9.0: test/geomind/trainingdata/mined_expanded_corpus_cloze_part05.txt]
  Progress -> 10.0636% (12475.2 / 123964 KB) | LR: 0.00140682 | TTemp: 1.22844 | VTemp: 1.0
  Train -> TL: 4.38768 | ATL: 4.54925 | ITPPL: 80.4539 | ATPPL: 94.5615 | ENT: 5.85653b | CERT: 13.3844%
  Val   -> VL: 5.15386 | AVL: 5.16055 | IVPPL: 173.098 | AVPPL: 174.26 | VENT: 6.71701b | VCERT: 12.0346%

[GeoMind CAUSAL CE Stream] Ep 1.0/Inf | Mixed Stream | Last: D[9.0: test/geomind/trainingdata/mined_expanded_corpus_cloze_part05.txt]
  Progress -> 10.0747% (12489 / 123964 KB) | LR: 0.00140221 | TTemp: 1.23164 | VTemp: 1.0
  Train -> TL: 4.29278 | ATL: 4.5565 | ITPPL: 73.1693 | ATPPL: 95.2497 | ENT: 5.67285b | CERT: 15.3642%
  Val   -> VL: 5.14566 | AVL: 5.15608 | IVPPL: 171.684 | AVPPL: 173.483 | VENT: 6.67565b | VCERT: 12.6727%

[GeoMind CAUSAL CE Stream] Ep 1.0/Inf | Mixed Stream | Last: D[9.0: test/geomind/trainingdata/mined_expanded_corpus_cloze_part05.txt]
  Progress -> 10.0848% (12501.5 / 123964 KB) | LR: 0.00139705 | TTemp: 1.23555 | VTemp: 1.0
  Train -> TL: 4.35169 | ATL: 4.54261 | ITPPL: 77.6093 | ATPPL: 93.9357 | ENT: 5.82723b | CERT: 13.8746%
  Val   -> VL: 5.1623 | AVL: 5.15795 | IVPPL: 174.566 | AVPPL: 173.807 | VENT: 6.65501b | VCERT: 12.8816%

[GeoMind CAUSAL CE Stream] Ep 1.0/Inf | Mixed Stream | Last: D[9.0: test/geomind/trainingdata/mined_expanded_corpus_cloze_part05.txt]
  Progress -> 10.0966% (12516.1 / 123964 KB) | LR: 0.00139188 | TTemp: 1.23955 | VTemp: 1.0
  Train -> TL: 4.48198 | ATL: 4.53518 | ITPPL: 88.4098 | ATPPL: 93.2407 | ENT: 5.94879b | CERT: 13.6129%
  Val   -> VL: 5.16377 | AVL: 5.15969 | IVPPL: 174.822 | AVPPL: 174.111 | VENT: 6.68202b | VCERT: 12.6067%

[GeoMind CAUSAL CE Stream] Ep 1.0/Inf | Mixed Stream | Last: D[9.0: test/geomind/trainingdata/mined_expanded_corpus_cloze_part05.txt]
  Progress -> 10.1066% (12528.5 / 123964 KB) | LR: 0.00138776 | TTemp: 1.2503 | VTemp: 1.0
  Train -> TL: 4.49898 | ATL: 4.5426 | ITPPL: 89.9257 | ATPPL: 93.9346 | ENT: 5.92557b | CERT: 13.2935%
  Val   -> VL: 5.1773 | AVL: 5.16497 | IVPPL: 177.203 | AVPPL: 175.033 | VENT: 6.70396b | VCERT: 12.2103%

[GeoMind CAUSAL CE Stream] Ep 1.0/Inf | Mixed Stream | Last: D[9.0: test/geomind/trainingdata/mined_expanded_corpus_cloze_part05.txt]
  Progress -> 10.1144% (12538.2 / 123964 KB) | LR: 0.00138615 | TTemp: 1.24983 | VTemp: 1.0
  Train -> TL: 4.62779 | ATL: 4.57172 | ITPPL: 102.288 | ATPPL: 96.7099 | ENT: 5.87538b | CERT: 12.7144%
  Val   -> VL: 5.16856 | AVL: 5.16605 | IVPPL: 175.662 | AVPPL: 175.222 | VENT: 6.70761b | VCERT: 12.0416%

[GeoMind CAUSAL CE Stream] Ep 1.0/Inf | Mixed Stream | Last: D[9.0: test/geomind/trainingdata/mined_expanded_corpus_cloze_part05.txt]
  Progress -> 10.1216% (12547.1 / 123964 KB) | LR: 0.00138586 | TTemp: 1.24814 | VTemp: 1.0
  Train -> TL: 4.67443 | ATL: 4.58793 | ITPPL: 107.171 | ATPPL: 98.2904 | ENT: 6.26496b | CERT: 10.3994%
  Val   -> VL: 5.16285 | AVL: 5.16509 | IVPPL: 174.662 | AVPPL: 175.054 | VENT: 6.68706b | VCERT: 12.4096%

[GeoMind CAUSAL CE Stream] Ep 1.0/Inf | Mixed Stream | Last: D[9.0: test/geomind/trainingdata/mined_expanded_corpus_cloze_part05.txt]
  Progress -> 10.1297% (12557.2 / 123964 KB) | LR: 0.00138468 | TTemp: 1.24781 | VTemp: 1.0
  Train -> TL: 4.51801 | ATL: 4.57509 | ITPPL: 91.6533 | ATPPL: 97.0367 | ENT: 6.21631b | CERT: 11.1236%
  Val   -> VL: 5.17126 | AVL: 5.16694 | IVPPL: 176.137 | AVPPL: 175.378 | VENT: 6.65849b | VCERT: 12.7562%

[GeoMind CAUSAL CE Stream] Ep 1.0/Inf | Mixed Stream | Last: D[9.0: test/geomind/trainingdata/mined_expanded_corpus_cloze_part05.txt]
  Progress -> 10.139% (12568.7 / 123964 KB) | LR: 0.00138328 | TTemp: 1.24786 | VTemp: 1.0
  Train -> TL: 4.63939 | ATL: 4.57028 | ITPPL: 103.481 | ATPPL: 96.5708 | ENT: 6.2835b | CERT: 11.0325%
  Val   -> VL: 5.16581 | AVL: 5.1666 | IVPPL: 175.179 | AVPPL: 175.318 | VENT: 6.65754b | VCERT: 12.6589%

[GeoMind CAUSAL CE Stream] Ep 1.0/Inf | Mixed Stream | Last: D[9.0: test/geomind/trainingdata/mined_expanded_corpus_cloze_part05.txt]
  Progress -> 10.1482% (12580 / 123964 KB) | LR: 0.00138288 | TTemp: 1.24669 | VTemp: 1.0
  Train -> TL: 4.7729 | ATL: 4.58237 | ITPPL: 118.262 | ATPPL: 97.7454 | ENT: 6.33609b | CERT: 10.9015%
  Val   -> VL: 5.15266 | AVL: 5.16242 | IVPPL: 172.891 | AVPPL: 174.587 | VENT: 6.69585b | VCERT: 12.468%

[GeoMind CAUSAL CE Stream] Ep 1.0/Inf | Mixed Stream | Last: D[9.0: test/geomind/trainingdata/mined_expanded_corpus_cloze_part05.txt]
  Progress -> 10.1558% (12589.5 / 123964 KB) | LR: 0.00138498 | TTemp: 1.24307 | VTemp: 1.0
  Train -> TL: 4.82308 | ATL: 4.61646 | ITPPL: 124.347 | ATPPL: 101.135 | ENT: 6.37272b | CERT: 10.778%
  Val   -> VL: 5.15964 | AVL: 5.16159 | IVPPL: 174.101 | AVPPL: 174.441 | VENT: 6.70915b | VCERT: 12.37%

[GeoMind CAUSAL CE Stream] Ep 1.0/Inf | Mixed Stream | Last: D[9.0: test/geomind/trainingdata/mined_expanded_corpus_cloze_part05.txt]
  Progress -> 10.163% (12598.4 / 123964 KB) | LR: 0.00138747 | TTemp: 1.23937 | VTemp: 1.0
  Train -> TL: 4.66664 | ATL: 4.62488 | ITPPL: 106.34 | ATPPL: 101.991 | ENT: 6.43363b | CERT: 9.78898%
  Val   -> VL: 5.1621 | AVL: 5.16174 | IVPPL: 174.531 | AVPPL: 174.468 | VENT: 6.69666b | VCERT: 12.6191%

[GeoMind CAUSAL CE Stream] Ep 1.0/Inf | Mixed Stream | Last: D[9.0: test/geomind/trainingdata/mined_expanded_corpus_cloze_part05.txt]
  Progress -> 10.1706% (12607.9 / 123964 KB) | LR: 0.0013905 | TTemp: 1.23554 | VTemp: 1.0
  Train -> TL: 4.67358 | ATL: 4.63582 | ITPPL: 107.081 | ATPPL: 103.112 | ENT: 6.43139b | CERT: 10.0043%
  Val   -> VL: 5.16747 | AVL: 5.16346 | IVPPL: 175.47 | AVPPL: 174.768 | VENT: 6.68635b | VCERT: 12.586%

[GeoMind CAUSAL CE Stream] Ep 1.0/Inf | Mixed Stream | Last: D[9.0: test/geomind/trainingdata/mined_expanded_corpus_cloze_part05.txt]
  Progress -> 10.1784% (12617.6 / 123964 KB) | LR: 0.00139198 | TTemp: 1.23338 | VTemp: 1.0
  Train -> TL: 4.60112 | ATL: 4.61842 | ITPPL: 99.5959 | ATPPL: 101.334 | ENT: 6.34832b | CERT: 11.2684%
  Val   -> VL: 5.15427 | AVL: 5.1607 | IVPPL: 173.169 | AVPPL: 174.287 | VENT: 6.64343b | VCERT: 12.8412%

[GeoMind CAUSAL CE Stream] Ep 1.0/Inf | Mixed Stream | Last: D[9.0: test/geomind/trainingdata/mined_expanded_corpus_cloze_part05.txt]
  Progress -> 10.1868% (12628 / 123964 KB) | LR: 0.00139308 | TTemp: 1.23179 | VTemp: 1.0
  Train -> TL: 4.70048 | ATL: 4.61532 | ITPPL: 110 | ATPPL: 101.021 | ENT: 6.21547b | CERT: 11.3333%
  Val   -> VL: 5.16128 | AVL: 5.16088 | IVPPL: 174.388 | AVPPL: 174.317 | VENT: 6.65044b | VCERT: 12.8664%

[GeoMind CAUSAL CE Stream] Ep 1.0/Inf | Mixed Stream | Last: D[9.0: test/geomind/trainingdata/mined_expanded_corpus_cloze_part05.txt]
  Progress -> 10.1946% (12637.6 / 123964 KB) | LR: 0.00139405 | TTemp: 1.23071 | VTemp: 1.0
  Train -> TL: 4.68254 | ATL: 4.61495 | ITPPL: 108.044 | ATPPL: 100.983 | ENT: 6.21024b | CERT: 11.3063%
  Val   -> VL: 5.17192 | AVL: 5.16419 | IVPPL: 176.253 | AVPPL: 174.895 | VENT: 6.67203b | VCERT: 12.8556%

[GeoMind CAUSAL CE Stream] Ep 1.0/Inf | Mixed Stream | Last: D[9.0: test/geomind/trainingdata/mined_expanded_corpus_cloze_part05.txt]
  Progress -> 10.2039% (12649.1 / 123964 KB) | LR: 0.00139367 | TTemp: 1.2313 | VTemp: 1.0
  Train -> TL: 4.4908 | ATL: 4.59753 | ITPPL: 89.1927 | ATPPL: 99.2388 | ENT: 6.1472b | CERT: 11.6652%
  Val   -> VL: 5.17268 | AVL: 5.16674 | IVPPL: 176.387 | AVPPL: 175.342 | VENT: 6.6488b | VCERT: 12.7474%

[GeoMind CAUSAL CE Stream] Ep 1.0/Inf | Mixed Stream | Last: D[9.0: test/geomind/trainingdata/mined_expanded_corpus_cloze_part05.txt]
  Progress -> 10.2129% (12660.3 / 123964 KB) | LR: 0.00139227 | TTemp: 1.23323 | VTemp: 1.0
  Train -> TL: 4.6022 | ATL: 4.58285 | ITPPL: 99.703 | ATPPL: 97.7926 | ENT: 6.15529b | CERT: 11.2785%
  Val   -> VL: 5.18146 | AVL: 5.17115 | IVPPL: 177.943 | AVPPL: 176.118 | VENT: 6.64481b | VCERT: 12.6472%

[GeoMind CAUSAL CE Stream] Ep 1.0/Inf | Mixed Stream | Last: D[9.0: test/geomind/trainingdata/mined_expanded_corpus_cloze_part05.txt]
  Progress -> 10.2216% (12671 / 123964 KB) | LR: 0.00139045 | TTemp: 1.23576 | VTemp: 1.0
  Train -> TL: 4.56858 | ATL: 4.57509 | ITPPL: 96.4073 | ATPPL: 97.0364 | ENT: 6.08532b | CERT: 11.2753%
  Val   -> VL: 5.18519 | AVL: 5.17536 | IVPPL: 178.607 | AVPPL: 176.861 | VENT: 6.65792b | VCERT: 12.5157%

[GeoMind CAUSAL CE Stream] Ep 1.0/Inf | Mixed Stream | Last: D[9.0: test/geomind/trainingdata/mined_expanded_corpus_cloze_part05.txt]
  Progress -> 10.228% (12679.0 / 123964 KB) | LR: 0.00138981 | TTemp: 1.23694 | VTemp: 1.0
  Train -> TL: 4.56903 | ATL: 4.58898 | ITPPL: 96.4508 | ATPPL: 98.3937 | ENT: 6.05509b | CERT: 10.8685%
  Val   -> VL: 5.17819 | AVL: 5.17621 | IVPPL: 177.362 | AVPPL: 177.011 | VENT: 6.66609b | VCERT: 12.5514%

[GeoMind CAUSAL CE Stream] Ep 1.0/Inf | Mixed Stream | Last: D[9.0: test/geomind/trainingdata/mined_expanded_corpus_cloze_part05.txt]
  Progress -> 10.2506% (12707 / 123964 KB) | LR: 0.00138869 | TTemp: 1.23883 | VTemp: 1.0
  Train -> TL: 4.55397 | ATL: 4.5814 | ITPPL: 95.0092 | ATPPL: 97.6511 | ENT: 6.11095b | CERT: 11.5186%
  Val   -> VL: 5.19042 | AVL: 5.18048 | IVPPL: 179.545 | AVPPL: 177.767 | VENT: 6.64183b | VCERT: 13.1489%

[GeoMind CAUSAL CE Stream] Ep 1.0/Inf | Mixed Stream | Last: D[9.0: test/geomind/trainingdata/mined_expanded_corpus_cloze_part05.txt]
  Progress -> 10.2586% (12716.9 / 123964 KB) | LR: 0.00138722 | TTemp: 1.24089 | VTemp: 1.0
  Train -> TL: 4.56292 | ATL: 4.57502 | ITPPL: 95.8634 | ATPPL: 97.0298 | ENT: 6.09974b | CERT: 11.314%
  Val   -> VL: 5.17936 | AVL: 5.18014 | IVPPL: 177.569 | AVPPL: 177.708 | VENT: 6.65019b | VCERT: 12.8826%

[GeoMind CAUSAL CE Stream] Ep 1.0/Inf | Mixed Stream | Last: D[9.0: test/geomind/trainingdata/mined_expanded_corpus_cloze_part05.txt]
  Progress -> 10.2665% (12726.7 / 123964 KB) | LR: 0.0013855 | TTemp: 1.24293 | VTemp: 1.0
  Train -> TL: 4.54082 | ATL: 4.56947 | ITPPL: 93.768 | ATPPL: 96.4927 | ENT: 6.14127b | CERT: 11.8394%
  Val   -> VL: 5.17451 | AVL: 5.17845 | IVPPL: 176.71 | AVPPL: 177.408 | VENT: 6.66008b | VCERT: 12.9727%

[GeoMind CAUSAL CE Stream] Ep 1.0/Inf | Mixed Stream | Last: D[9.0: test/geomind/trainingdata/mined_expanded_corpus_cloze_part05.txt]
  Progress -> 10.2757% (12738.1 / 123964 KB) | LR: 0.00138444 | TTemp: 1.24385 | VTemp: 1.0
  Train -> TL: 4.6246 | ATL: 4.57628 | ITPPL: 101.962 | ATPPL: 97.1526 | ENT: 6.11144b | CERT: 12.4805%
  Val   -> VL: 5.16518 | AVL: 5.17447 | IVPPL: 175.069 | AVPPL: 176.703 | VENT: 6.66289b | VCERT: 12.8526%

[GeoMind CAUSAL CE Stream] Ep 1.0/Inf | Mixed Stream | Last: D[9.0: test/geomind/trainingdata/mined_expanded_corpus_cloze_part05.txt]
  Progress -> 10.2836% (12747.9 / 123964 KB) | LR: 0.00138378 | TTemp: 1.24396 | VTemp: 1.0
  Train -> TL: 4.66379 | ATL: 4.58036 | ITPPL: 106.037 | ATPPL: 97.5497 | ENT: 6.25905b | CERT: 11.9602%
  Val   -> VL: 5.15796 | AVL: 5.16952 | IVPPL: 173.809 | AVPPL: 175.83 | VENT: 6.65556b | VCERT: 12.9448%

[GeoMind CAUSAL CE Stream] Ep 1.0/Inf | Mixed Stream | Last: D[9.0: test/geomind/trainingdata/mined_expanded_corpus_cloze_part05.txt]
  Progress -> 10.2911% (12757.2 / 123964 KB) | LR: 0.00138332 | TTemp: 1.24357 | VTemp: 1.0
  Train -> TL: 4.57479 | ATL: 4.58208 | ITPPL: 97.0078 | ATPPL: 97.7174 | ENT: 6.14146b | CERT: 11.8978%
  Val   -> VL: 5.15348 | AVL: 5.16471 | IVPPL: 173.033 | AVPPL: 174.986 | VENT: 6.63677b | VCERT: 13.1755%

[GeoMind CAUSAL CE Stream] Ep 1.0/Inf | Mixed Stream | Last: D[9.0: test/geomind/trainingdata/mined_expanded_corpus_cloze_part05.txt]
  Progress -> 10.2983% (12766.1 / 123964 KB) | LR: 0.00138175 | TTemp: 1.24421 | VTemp: 1.0
  Train -> TL: 4.54095 | ATL: 4.56621 | ITPPL: 93.7801 | ATPPL: 96.1793 | ENT: 6.13533b | CERT: 13.2938%
  Val   -> VL: 5.15553 | AVL: 5.16195 | IVPPL: 173.387 | AVPPL: 174.505 | VENT: 6.66406b | VCERT: 12.6072%

[GeoMind CAUSAL CE Stream] Ep 1.0/Inf | Mixed Stream | Last: D[9.0: test/geomind/trainingdata/mined_expanded_corpus_cloze_part05.txt]
  Progress -> 10.3069% (12776.9 / 123964 KB) | LR: 0.00137949 | TTemp: 1.2457 | VTemp: 1.0
  Train -> TL: 4.5979 | ATL: 4.5543 | ITPPL: 99.2756 | ATPPL: 95.04 | ENT: 6.1889b | CERT: 11.7128%
  Val   -> VL: 5.16407 | AVL: 5.16259 | IVPPL: 174.875 | AVPPL: 174.616 | VENT: 6.66531b | VCERT: 12.6135%

[GeoMind CAUSAL CE Stream] Ep 1.0/Inf | Mixed Stream | Last: D[9.0: test/geomind/trainingdata/mined_expanded_corpus_cloze_part05.txt]
  Progress -> 10.3158% (12787.9 / 123964 KB) | LR: 0.00137815 | TTemp: 1.24618 | VTemp: 1.0
  Train -> TL: 4.67676 | ATL: 4.56413 | ITPPL: 107.422 | ATPPL: 95.9792 | ENT: 6.12074b | CERT: 11.3426%
  Val   -> VL: 5.16022 | AVL: 5.16188 | IVPPL: 174.203 | AVPPL: 174.492 | VENT: 6.70103b | VCERT: 12.0671%

[GeoMind CAUSAL CE Stream] Ep 1.0/Inf | Mixed Stream | Last: D[9.0: test/geomind/trainingdata/mined_expanded_corpus_cloze_part05.txt]
  Progress -> 10.3247% (12798.8 / 123964 KB) | LR: 0.00137726 | TTemp: 1.24634 | VTemp: 1.0
  Train -> TL: 4.59208 | ATL: 4.56838 | ITPPL: 98.6992 | ATPPL: 96.3874 | ENT: 6.16037b | CERT: 11.3219%
  Val   -> VL: 5.16543 | AVL: 5.16294 | IVPPL: 175.113 | AVPPL: 174.678 | VENT: 6.72794b | VCERT: 11.8473%

[GeoMind CAUSAL CE Stream] Ep 1.0/Inf | Mixed Stream | Last: D[9.0: test/geomind/trainingdata/mined_expanded_corpus_cloze_part05.txt]
  Progress -> 10.3307% (12806.3 / 123964 KB) | LR: 0.0013787 | TTemp: 1.2521 | VTemp: 1.0
  Train -> TL: 4.8981 | ATL: 4.59954 | ITPPL: 134.035 | ATPPL: 99.4382 | ENT: 6.21383b | CERT: 11.2468%
  Val   -> VL: 5.18305 | AVL: 5.16897 | IVPPL: 178.225 | AVPPL: 175.735 | VENT: 6.73232b | VCERT: 12.0021%

[GeoMind CAUSAL CE Stream] Ep 1.0/Inf | Mixed Stream | Last: D[9.0: test/geomind/trainingdata/mined_expanded_corpus_cloze_part05.txt]
  Progress -> 10.3479% (12827.6 / 123964 KB) | LR: 0.00138251 | TTemp: 1.24691 | VTemp: 1.0
  Train -> TL: 4.99165 | ATL: 4.6344 | ITPPL: 147.18 | ATPPL: 102.966 | ENT: 6.35396b | CERT: 10.8151%
  Val   -> VL: 5.17031 | AVL: 5.16937 | IVPPL: 175.969 | AVPPL: 175.805 | VENT: 6.73858b | VCERT: 12.153%

[GeoMind CAUSAL CE Stream] Ep 1.0/Inf | Mixed Stream | Last: D[9.0: test/geomind/trainingdata/mined_expanded_corpus_cloze_part05.txt]
  Progress -> 10.3563% (12838.1 / 123964 KB) | LR: 0.00138641 | TTemp: 1.24186 | VTemp: 1.0
  Train -> TL: 4.64478 | ATL: 4.64105 | ITPPL: 104.041 | ATPPL: 103.653 | ENT: 6.31492b | CERT: 11.7812%
  Val   -> VL: 5.16327 | AVL: 5.16754 | IVPPL: 174.736 | AVPPL: 175.483 | VENT: 6.72651b | VCERT: 12.433%

[GeoMind CAUSAL CE Stream] Ep 1.0/Inf | Mixed Stream | Last: D[9.0: test/geomind/trainingdata/mined_expanded_corpus_cloze_part05.txt]
  Progress -> 10.3642% (12847.9 / 123964 KB) | LR: 0.00138987 | TTemp: 1.23772 | VTemp: 1.0
  Train -> TL: 4.63057 | ATL: 4.64023 | ITPPL: 102.573 | ATPPL: 103.568 | ENT: 6.23485b | CERT: 12.5489%
  Val   -> VL: 5.17168 | AVL: 5.16878 | IVPPL: 176.21 | AVPPL: 175.701 | VENT: 6.74963b | VCERT: 12.0405%

[GeoMind CAUSAL CE Stream] Ep 1.0/Inf | Mixed Stream | Last: D[9.0: test/geomind/trainingdata/mined_expanded_corpus_cloze_part05.txt]
  Progress -> 10.3745% (12860.6 / 123964 KB) | LR: 0.00139339 | TTemp: 1.23379 | VTemp: 1.0
  Train -> TL: 4.68574 | ATL: 4.64598 | ITPPL: 108.391 | ATPPL: 104.166 | ENT: 6.2485b | CERT: 12.0405%
  Val   -> VL: 5.16937 | AVL: 5.16896 | IVPPL: 175.804 | AVPPL: 175.732 | VENT: 6.76555b | VCERT: 11.8108%

[GeoMind CAUSAL CE Stream] Ep 1.0/Inf | Mixed Stream | Last: D[9.0: test/geomind/trainingdata/mined_expanded_corpus_cloze_part05.txt]
  Progress -> 10.3846% (12873.2 / 123964 KB) | LR: 0.00139568 | TTemp: 1.23166 | VTemp: 1.0
  Train -> TL: 4.61549 | ATL: 4.63369 | ITPPL: 101.037 | ATPPL: 102.893 | ENT: 6.26268b | CERT: 11.1594%
  Val   -> VL: 5.18234 | AVL: 5.17297 | IVPPL: 178.098 | AVPPL: 176.438 | VENT: 6.76145b | VCERT: 11.9498%

[GeoMind CAUSAL CE Stream] Ep 1.0/Inf | Mixed Stream | Last: D[9.0: test/geomind/trainingdata/mined_expanded_corpus_cloze_part05.txt]
  Progress -> 10.3926% (12883 / 123964 KB) | LR: 0.00139708 | TTemp: 1.23863 | VTemp: 1.0
  Train -> TL: 4.72305 | ATL: 4.62456 | ITPPL: 112.51 | ATPPL: 101.958 | ENT: 6.40283b | CERT: 9.59718%
  Val   -> VL: 5.19898 | AVL: 5.18077 | IVPPL: 181.087 | AVPPL: 177.82 | VENT: 6.75948b | VCERT: 11.6454%

[GeoMind CAUSAL CE Stream] Ep 1.0/Inf | Mixed Stream | Last: D[10.0: test/geomind/trainingdata/mined_expanded_corpus_cloze_part06.txt]
  Progress -> 0.0123335% (15.2891 / 123964 KB) | LR: 0.00222 | TTemp: 1.0 | VTemp: 1.0
  Train -> TL: 7.92759 | ATL: 7.75619 | ITPPL: 2772.72 | ATPPL: 2336 | ENT: 9.82869b | CERT: 0.973028%
  Val   -> VL: 7.18439 | AVL: 7.71854 | IVPPL: 1318.69 | AVPPL: 2249.68 | VENT: 10.1621b | VCERT: 1.07327%

[GeoMind CAUSAL CE Stream] Ep 1.0/Inf | Mixed Stream | Last: D[10.0: test/geomind/trainingdata/mined_expanded_corpus_cloze_part06.txt]
  Progress -> 0.021716% (26.9199 / 123964 KB) | LR: 0.002238 | TTemp: 1.0 | VTemp: 1.0
  Train -> TL: 6.88234 | ATL: 7.63919 | ITPPL: 974.902 | ATPPL: 2078.06 | ENT: 9.93884b | CERT: 2.18315%
  Val   -> VL: 6.71798 | AVL: 7.41838 | IVPPL: 827.149 | AVPPL: 1666.33 | VENT: 9.99474b | VCERT: 2.70888%

[GeoMind CAUSAL CE Stream] Ep 1.0/Inf | Mixed Stream | Last: D[10.0: test/geomind/trainingdata/mined_expanded_corpus_cloze_part06.txt]
  Progress -> 0.0319666% (39.627 / 123964 KB) | LR: 0.0022542 | TTemp: 1.0 | VTemp: 1.0
  Train -> TL: 6.35784 | ATL: 7.44914 | ITPPL: 576.997 | ATPPL: 1718.38 | ENT: 9.67027b | CERT: 4.67271%
  Val   -> VL: 6.43901 | AVL: 7.12457 | IVPPL: 625.789 | AVPPL: 1242.11 | VENT: 9.68788b | VCERT: 4.37062%

[GeoMind CAUSAL CE Stream] Ep 1.0/Inf | Mixed Stream | Last: D[10.0: test/geomind/trainingdata/mined_expanded_corpus_cloze_part06.txt]
  Progress -> 0.0406385% (50.377 / 123964 KB) | LR: 0.00226878 | TTemp: 1.0 | VTemp: 1.0
  Train -> TL: 6.02691 | ATL: 7.21231 | ITPPL: 414.434 | ATPPL: 1356.02 | ENT: 9.18035b | CERT: 5.92973%
  Val   -> VL: 6.28352 | AVL: 6.87225 | IVPPL: 535.671 | AVPPL: 965.121 | VENT: 9.50328b | VCERT: 4.59834%

[GeoMind CAUSAL CE Stream] Ep 1.0/Inf | Mixed Stream | Last: D[10.0: test/geomind/trainingdata/mined_expanded_corpus_cloze_part06.txt]
  Progress -> 0.0499532% (61.9238 / 123964 KB) | LR: 0.0022819 | TTemp: 1.0 | VTemp: 1.0
  Train -> TL: 5.74384 | ATL: 6.96006 | ITPPL: 312.26 | ATPPL: 1053.7 | ENT: 9.07049b | CERT: 6.34368%
  Val   -> VL: 6.16446 | AVL: 6.65991 | IVPPL: 475.543 | AVPPL: 780.484 | VENT: 9.33112b | VCERT: 5.03371%

[GeoMind CAUSAL CE Stream] Ep 1.0/Inf | Mixed Stream | Last: D[10.0: test/geomind/trainingdata/mined_expanded_corpus_cloze_part06.txt]
  Progress -> 0.0587858% (72.873 / 123964 KB) | LR: 0.00229371 | TTemp: 1.0 | VTemp: 1.0
  Train -> TL: 5.54204 | ATL: 6.72356 | ITPPL: 255.198 | ATPPL: 831.774 | ENT: 8.84051b | CERT: 7.30258%
  Val   -> VL: 6.09681 | AVL: 6.49098 | IVPPL: 444.436 | AVPPL: 659.17 | VENT: 9.22577b | VCERT: 4.91357%

[GeoMind CAUSAL CE Stream] Ep 1.0/Inf | Mixed Stream | Last: D[10.0: test/geomind/trainingdata/mined_expanded_corpus_cloze_part06.txt]
  Progress -> 0.0662611% (82.1396 / 123964 KB) | LR: 0.00230434 | TTemp: 1.0 | VTemp: 1.0
  Train -> TL: 5.51783 | ATL: 6.49405 | ITPPL: 249.095 | ATPPL: 661.196 | ENT: 8.77714b | CERT: 6.40509%
  Val   -> VL: 6.05707 | AVL: 6.36081 | IVPPL: 427.12 | AVPPL: 578.713 | VENT: 9.15124b | VCERT: 5.00596%

[GeoMind CAUSAL CE Stream] Ep 1.0/Inf | Mixed Stream | Last: D[10.0: test/geomind/trainingdata/mined_expanded_corpus_cloze_part06.txt]
  Progress -> 0.0750346% (93.0156 / 123964 KB) | LR: 0.00231391 | TTemp: 1.0 | VTemp: 1.0
  Train -> TL: 5.49966 | ATL: 6.30405 | ITPPL: 244.609 | ATPPL: 546.783 | ENT: 8.59978b | CERT: 6.89936%
  Val   -> VL: 6.00023 | AVL: 6.25264 | IVPPL: 403.523 | AVPPL: 519.38 | VENT: 9.00162b | VCERT: 5.35505%

[GeoMind CAUSAL CE Stream] Ep 1.0/Inf | Mixed Stream | Last: D[10.0: test/geomind/trainingdata/mined_expanded_corpus_cloze_part06.txt]
  Progress -> 0.0830424% (102.942 / 123964 KB) | LR: 0.00232252 | TTemp: 1.0 | VTemp: 1.0
  Train -> TL: 5.34869 | ATL: 6.1305 | ITPPL: 210.332 | ATPPL: 459.668 | ENT: 8.50884b | CERT: 7.2852%
  Val   -> VL: 5.9786 | AVL: 6.17043 | IVPPL: 394.889 | AVPPL: 478.39 | VENT: 8.90608b | VCERT: 5.31817%

[GeoMind CAUSAL CE Stream] Ep 1.0/Inf | Mixed Stream | Last: D[10.0: test/geomind/trainingdata/mined_expanded_corpus_cloze_part06.txt]
  Progress -> 0.0908776% (112.655 / 123964 KB) | LR: 0.00232935 | TTemp: 1.00123 | VTemp: 1.0
  Train -> TL: 5.34478 | ATL: 5.98734 | ITPPL: 209.512 | ATPPL: 398.353 | ENT: 8.43639b | CERT: 6.61551%
  Val   -> VL: 5.94831 | AVL: 6.10379 | IVPPL: 383.105 | AVPPL: 447.551 | VENT: 8.86228b | VCERT: 5.31507%

[GeoMind CAUSAL CE Stream] Ep 1.0/Inf | Mixed Stream | Last: D[10.0: test/geomind/trainingdata/mined_expanded_corpus_cloze_part06.txt]
  Progress -> 0.096849% (120.058 / 123964 KB) | LR: 0.00232526 | TTemp: 1.009 | VTemp: 1.0
  Train -> TL: 5.21256 | ATL: 5.84503 | ITPPL: 183.564 | ATPPL: 345.514 | ENT: 8.33728b | CERT: 7.26456%
  Val   -> VL: 5.92785 | AVL: 6.05101 | IVPPL: 375.349 | AVPPL: 424.542 | VENT: 8.70018b | VCERT: 5.79416%

[GeoMind CAUSAL CE Stream] Ep 1.0/Inf | Mixed Stream | Last: D[10.0: test/geomind/trainingdata/mined_expanded_corpus_cloze_part06.txt]
  Progress -> 0.10416% (129.12 / 123964 KB) | LR: 0.00231363 | TTemp: 1.02051 | VTemp: 1.0
  Train -> TL: 5.17893 | ATL: 5.73472 | ITPPL: 177.493 | ATPPL: 309.426 | ENT: 8.14038b | CERT: 7.90888%
  Val   -> VL: 5.90191 | AVL: 6.00628 | IVPPL: 365.734 | AVPPL: 405.97 | VENT: 8.60768b | VCERT: 5.89147%

[GeoMind CAUSAL CE Stream] Ep 1.0/Inf | Mixed Stream | Last: D[10.0: test/geomind/trainingdata/mined_expanded_corpus_cloze_part06.txt]
  Progress -> 0.111146% (137.781 / 123964 KB) | LR: 0.00229587 | TTemp: 1.03527 | VTemp: 1.0
  Train -> TL: 5.3094 | ATL: 5.63327 | ITPPL: 202.228 | ATPPL: 279.575 | ENT: 8.1339b | CERT: 7.02278%
  Val   -> VL: 5.8889 | AVL: 5.97107 | IVPPL: 361.01 | AVPPL: 391.924 | VENT: 8.57647b | VCERT: 5.90928%

[GeoMind CAUSAL CE Stream] Ep 1.0/Inf | Mixed Stream | Last: D[10.0: test/geomind/trainingdata/mined_expanded_corpus_cloze_part06.txt]
  Progress -> 0.117037% (145.084 / 123964 KB) | LR: 0.0022746 | TTemp: 1.05115 | VTemp: 1.0
  Train -> TL: 5.31815 | ATL: 5.55997 | ITPPL: 204.007 | ATPPL: 259.816 | ENT: 8.08627b | CERT: 7.18665%
  Val   -> VL: 5.87474 | AVL: 5.94217 | IVPPL: 355.932 | AVPPL: 380.76 | VENT: 8.52268b | VCERT: 5.95585%

[GeoMind CAUSAL CE Stream] Ep 1.0/Inf | Mixed Stream | Last: D[10.0: test/geomind/trainingdata/mined_expanded_corpus_cloze_part06.txt]
  Progress -> 0.125251% (155.266 / 123964 KB) | LR: 0.00225091 | TTemp: 1.06726 | VTemp: 1.0
  Train -> TL: 5.3671 | ATL: 5.49688 | ITPPL: 214.241 | ATPPL: 243.931 | ENT: 8.07835b | CERT: 7.33386%
  Val   -> VL: 5.84822 | AVL: 5.91398 | IVPPL: 346.615 | AVPPL: 370.178 | VENT: 8.42054b | VCERT: 6.00172%

[GeoMind CAUSAL CE Stream] Ep 1.0/Inf | Mixed Stream | Last: D[10.0: test/geomind/trainingdata/mined_expanded_corpus_cloze_part06.txt]
  Progress -> 0.13248% (164.227 / 123964 KB) | LR: 0.0022254 | TTemp: 1.08351 | VTemp: 1.0
  Train -> TL: 5.18363 | ATL: 5.43854 | ITPPL: 178.329 | ATPPL: 230.105 | ENT: 7.89093b | CERT: 7.60038%
  Val   -> VL: 5.8332 | AVL: 5.88975 | IVPPL: 341.451 | AVPPL: 361.315 | VENT: 8.2981b | VCERT: 6.04934%

[GeoMind CAUSAL CE Stream] Ep 1.0/Inf | Mixed Stream | Last: D[10.0: test/geomind/trainingdata/mined_expanded_corpus_cloze_part06.txt]
  Progress -> 0.140056% (173.618 / 123964 KB) | LR: 0.00219825 | TTemp: 1.1001 | VTemp: 1.0
  Train -> TL: 5.13187 | ATL: 5.38048 | ITPPL: 169.333 | ATPPL: 217.126 | ENT: 7.75577b | CERT: 8.02841%
  Val   -> VL: 5.81963 | AVL: 5.86871 | IVPPL: 336.846 | AVPPL: 353.793 | VENT: 8.14587b | VCERT: 6.66182%

[GeoMind CAUSAL CE Stream] Ep 1.0/Inf | Mixed Stream | Last: D[10.0: test/geomind/trainingdata/mined_expanded_corpus_cloze_part06.txt]
  Progress -> 0.146896% (182.098 / 123964 KB) | LR: 0.00217253 | TTemp: 1.11425 | VTemp: 1.0
  Train -> TL: 5.39631 | ATL: 5.36256 | ITPPL: 220.591 | ATPPL: 213.27 | ENT: 7.62267b | CERT: 8.65013%
  Val   -> VL: 5.81116 | AVL: 5.85145 | IVPPL: 334.007 | AVPPL: 347.737 | VENT: 8.05719b | VCERT: 6.71931%

[GeoMind CAUSAL CE Stream] Ep 1.0/Inf | Mixed Stream | Last: D[10.0: test/geomind/trainingdata/mined_expanded_corpus_cloze_part06.txt]
  Progress -> 0.154274% (191.244 / 123964 KB) | LR: 0.00214745 | TTemp: 1.1273 | VTemp: 1.0
  Train -> TL: 5.14507 | ATL: 5.33566 | ITPPL: 171.584 | ATPPL: 207.61 | ENT: 7.56245b | CERT: 8.73966%
  Val   -> VL: 5.80703 | AVL: 5.83812 | IVPPL: 332.631 | AVPPL: 343.135 | VENT: 7.89158b | VCERT: 6.80338%

[GeoMind CAUSAL CE Stream] Ep 1.0/Inf | Mixed Stream | Last: D[10.0: test/geomind/trainingdata/mined_expanded_corpus_cloze_part06.txt]
  Progress -> 0.164651% (204.107 / 123964 KB) | LR: 0.00212452 | TTemp: 1.13729 | VTemp: 1.0
  Train -> TL: 5.42728 | ATL: 5.3308 | ITPPL: 227.528 | ATPPL: 206.604 | ENT: 7.50729b | CERT: 8.34786%
  Val   -> VL: 5.77294 | AVL: 5.81857 | IVPPL: 321.482 | AVPPL: 336.49 | VENT: 7.84658b | VCERT: 7.37621%

[GeoMind CAUSAL CE Stream] Ep 1.0/Inf | Mixed Stream | Last: D[10.0: test/geomind/trainingdata/mined_expanded_corpus_cloze_part06.txt]
  Progress -> 0.174393% (216.185 / 123964 KB) | LR: 0.00210352 | TTemp: 1.14486 | VTemp: 1.0
  Train -> TL: 5.23381 | ATL: 5.32578 | ITPPL: 187.507 | ATPPL: 205.569 | ENT: 7.34729b | CERT: 9.61675%
  Val   -> VL: 5.76112 | AVL: 5.80133 | IVPPL: 317.704 | AVPPL: 330.74 | VENT: 7.79756b | VCERT: 7.60009%

[GeoMind CAUSAL CE Stream] Ep 1.0/Inf | Mixed Stream | Last: D[10.0: test/geomind/trainingdata/mined_expanded_corpus_cloze_part06.txt]
  Progress -> 0.187048% (231.871 / 123964 KB) | LR: 0.00208344 | TTemp: 1.15134 | VTemp: 1.0
  Train -> TL: 5.26193 | ATL: 5.30931 | ITPPL: 192.853 | ATPPL: 202.211 | ENT: 7.22005b | CERT: 10.5239%
  Val   -> VL: 5.74855 | AVL: 5.7855 | IVPPL: 313.736 | AVPPL: 325.545 | VENT: 7.74441b | VCERT: 7.93802%

[GeoMind CAUSAL CE Stream] Ep 1.0/Inf | Mixed Stream | Last: D[10.0: test/geomind/trainingdata/mined_expanded_corpus_cloze_part06.txt]
  Progress -> 0.199181% (246.912 / 123964 KB) | LR: 0.0020642 | TTemp: 1.15692 | VTemp: 1.0
  Train -> TL: 5.20033 | ATL: 5.29309 | ITPPL: 181.332 | ATPPL: 198.958 | ENT: 7.22682b | CERT: 10.4462%
  Val   -> VL: 5.73427 | AVL: 5.77013 | IVPPL: 309.287 | AVPPL: 320.58 | VENT: 7.72061b | VCERT: 7.62057%

[GeoMind CAUSAL CE Stream] Ep 1.0/Inf | Mixed Stream | Last: D[10.0: test/geomind/trainingdata/mined_expanded_corpus_cloze_part06.txt]
  Progress -> 0.207762% (257.55 / 123964 KB) | LR: 0.00204557 | TTemp: 1.16215 | VTemp: 1.0
  Train -> TL: 5.12671 | ATL: 5.27484 | ITPPL: 168.462 | ATPPL: 195.359 | ENT: 7.14303b | CERT: 11.0905%
  Val   -> VL: 5.73109 | AVL: 5.75842 | IVPPL: 308.305 | AVPPL: 316.847 | VENT: 7.60109b | VCERT: 8.39255%

[GeoMind CAUSAL CE Stream] Ep 1.0/Inf | Mixed Stream | Last: D[10.0: test/geomind/trainingdata/mined_expanded_corpus_cloze_part06.txt]
  Progress -> 0.214726% (266.183 / 123964 KB) | LR: 0.0020279 | TTemp: 1.16688 | VTemp: 1.0
  Train -> TL: 5.19575 | ATL: 5.2624 | ITPPL: 180.504 | ATPPL: 192.944 | ENT: 7.1683b | CERT: 9.48592%
  Val   -> VL: 5.72972 | AVL: 5.74981 | IVPPL: 307.884 | AVPPL: 314.131 | VENT: 7.57739b | VCERT: 8.01061%

[GeoMind CAUSAL CE Stream] Ep 1.0/Inf | Mixed Stream | Last: D[10.0: test/geomind/trainingdata/mined_expanded_corpus_cloze_part06.txt]
  Progress -> 0.22629% (280.518 / 123964 KB) | LR: 0.00201146 | TTemp: 1.17063 | VTemp: 1.0
  Train -> TL: 5.13531 | ATL: 5.25482 | ITPPL: 169.917 | ATPPL: 191.486 | ENT: 7.08714b | CERT: 9.79294%
  Val   -> VL: 5.7122 | AVL: 5.73853 | IVPPL: 302.535 | AVPPL: 310.606 | VENT: 7.55177b | VCERT: 8.01447%

[GeoMind CAUSAL CE Stream] Ep 1.0/Inf | Mixed Stream | Last: D[10.0: test/geomind/trainingdata/mined_expanded_corpus_cloze_part06.txt]
  Progress -> 0.23559% (292.046 / 123964 KB) | LR: 0.0019949 | TTemp: 1.17479 | VTemp: 1.0
  Train -> TL: 5.14465 | ATL: 5.23031 | ITPPL: 171.512 | ATPPL: 186.85 | ENT: 7.09982b | CERT: 9.404%
  Val   -> VL: 5.70016 | AVL: 5.72702 | IVPPL: 298.916 | AVPPL: 307.052 | VENT: 7.53141b | VCERT: 7.77838%

[GeoMind CAUSAL CE Stream] Ep 1.0/Inf | Mixed Stream | Last: D[10.0: test/geomind/trainingdata/mined_expanded_corpus_cloze_part06.txt]
  Progress -> 0.244045% (302.527 / 123964 KB) | LR: 0.00197934 | TTemp: 1.17822 | VTemp: 1.0
  Train -> TL: 5.16886 | ATL: 5.22128 | ITPPL: 175.714 | ATPPL: 185.171 | ENT: 7.09395b | CERT: 8.16204%
  Val   -> VL: 5.6925 | AVL: 5.71666 | IVPPL: 296.633 | AVPPL: 303.888 | VENT: 7.56109b | VCERT: 7.94971%

[GeoMind CAUSAL CE Stream] Ep 1.0/Inf | Mixed Stream | Last: D[10.0: test/geomind/trainingdata/mined_expanded_corpus_cloze_part06.txt]
  Progress -> 0.252979% (313.602 / 123964 KB) | LR: 0.0019656 | TTemp: 1.18052 | VTemp: 1.0
  Train -> TL: 5.06885 | ATL: 5.22495 | ITPPL: 158.991 | ATPPL: 185.851 | ENT: 6.95766b | CERT: 11.6471%
  Val   -> VL: 5.70131 | AVL: 5.71206 | IVPPL: 299.259 | AVPPL: 302.492 | VENT: 7.43454b | VCERT: 8.9625%

[GeoMind CAUSAL CE Stream] Ep 1.0/Inf | Mixed Stream | Last: D[10.0: test/geomind/trainingdata/mined_expanded_corpus_cloze_part06.txt]
  Progress -> 0.261372% (324.006 / 123964 KB) | LR: 0.00195341 | TTemp: 1.18228 | VTemp: 1.0
  Train -> TL: 4.9769 | ATL: 5.22733 | ITPPL: 145.024 | ATPPL: 186.294 | ENT: 6.79239b | CERT: 13.392%
  Val   -> VL: 5.71107 | AVL: 5.71176 | IVPPL: 302.193 | AVPPL: 302.402 | VENT: 7.3613b | VCERT: 9.08351%

[GeoMind CAUSAL CE Stream] Ep 1.0/Inf | Mixed Stream | Last: D[10.0: test/geomind/trainingdata/mined_expanded_corpus_cloze_part06.txt]
  Progress -> 0.270548% (335.381 / 123964 KB) | LR: 0.0019421 | TTemp: 1.18405 | VTemp: 1.0
  Train -> TL: 5.03143 | ATL: 5.22264 | ITPPL: 153.152 | ATPPL: 185.423 | ENT: 6.73951b | CERT: 12.5397%
  Val   -> VL: 5.70851 | AVL: 5.71078 | IVPPL: 301.421 | AVPPL: 302.108 | VENT: 7.27579b | VCERT: 9.12015%

[GeoMind CAUSAL CE Stream] Ep 1.0/Inf | Mixed Stream | Last: D[10.0: test/geomind/trainingdata/mined_expanded_corpus_cloze_part06.txt]
  Progress -> 0.278656% (345.432 / 123964 KB) | LR: 0.00193071 | TTemp: 1.18634 | VTemp: 1.0
  Train -> TL: 5.03412 | ATL: 5.20589 | ITPPL: 153.564 | ATPPL: 182.342 | ENT: 6.6467b | CERT: 11.9929%
  Val   -> VL: 5.69004 | AVL: 5.70456 | IVPPL: 295.904 | AVPPL: 300.233 | VENT: 7.30799b | VCERT: 8.29042%

[GeoMind CAUSAL CE Stream] Ep 1.0/Inf | Mixed Stream | Last: D[10.0: test/geomind/trainingdata/mined_expanded_corpus_cloze_part06.txt]
  Progress -> 0.287835% (356.811 / 123964 KB) | LR: 0.00192024 | TTemp: 1.18802 | VTemp: 1.0
  Train -> TL: 5.26972 | ATL: 5.20279 | ITPPL: 194.361 | ATPPL: 181.779 | ENT: 6.86509b | CERT: 9.3844%
  Val   -> VL: 5.68221 | AVL: 5.69785 | IVPPL: 293.597 | AVPPL: 298.227 | VENT: 7.34735b | VCERT: 7.7311%

[GeoMind CAUSAL CE Stream] Ep 1.0/Inf | Mixed Stream | Last: D[10.0: test/geomind/trainingdata/mined_expanded_corpus_cloze_part06.txt]
  Progress -> 0.295275% (366.033 / 123964 KB) | LR: 0.00191032 | TTemp: 1.19007 | VTemp: 1.0
  Train -> TL: 5.04892 | ATL: 5.19586 | ITPPL: 155.855 | ATPPL: 180.524 | ENT: 6.88553b | CERT: 8.67517%
  Val   -> VL: 5.70264 | AVL: 5.69929 | IVPPL: 299.658 | AVPPL: 298.655 | VENT: 7.26655b | VCERT: 7.71125%

[GeoMind CAUSAL CE Stream] Ep 1.0/Inf | Mixed Stream | Last: D[10.0: test/geomind/trainingdata/mined_expanded_corpus_cloze_part06.txt]
  Progress -> 0.303312% (375.997 / 123964 KB) | LR: 0.00190176 | TTemp: 1.19153 | VTemp: 1.0
  Train -> TL: 5.06813 | ATL: 5.20096 | ITPPL: 158.876 | ATPPL: 181.446 | ENT: 6.85894b | CERT: 8.94171%
  Val   -> VL: 5.70338 | AVL: 5.70052 | IVPPL: 299.878 | AVPPL: 299.021 | VENT: 7.11461b | VCERT: 8.81836%

[GeoMind CAUSAL CE Stream] Ep 1.0/Inf | Mixed Stream | Last: D[10.0: test/geomind/trainingdata/mined_expanded_corpus_cloze_part06.txt]
  Progress -> 0.310716% (385.175 / 123964 KB) | LR: 0.00189344 | TTemp: 1.19319 | VTemp: 1.0
  Train -> TL: 5.12123 | ATL: 5.19254 | ITPPL: 167.541 | ATPPL: 179.924 | ENT: 6.77126b | CERT: 9.91357%
  Val   -> VL: 5.69144 | AVL: 5.69779 | IVPPL: 296.321 | AVPPL: 298.209 | VENT: 7.1918b | VCERT: 7.91414%

[GeoMind CAUSAL CE Stream] Ep 1.0/Inf | Mixed Stream | Last: D[10.0: test/geomind/trainingdata/mined_expanded_corpus_cloze_part06.txt]
  Progress -> 0.318229% (394.488 / 123964 KB) | LR: 0.00188411 | TTemp: 1.19634 | VTemp: 1.0
  Train -> TL: 4.87626 | ATL: 5.16684 | ITPPL: 131.139 | ATPPL: 175.359 | ENT: 6.75507b | CERT: 10.7691%
  Val   -> VL: 5.68898 | AVL: 5.69515 | IVPPL: 295.591 | AVPPL: 297.421 | VENT: 7.1403b | VCERT: 7.77594%

[GeoMind CAUSAL CE Stream] Ep 1.0/Inf | Mixed Stream | Last: D[10.0: test/geomind/trainingdata/mined_expanded_corpus_cloze_part06.txt]
  Progress -> 0.325222% (403.157 / 123964 KB) | LR: 0.00187422 | TTemp: 1.20037 | VTemp: 1.0
  Train -> TL: 5.07734 | ATL: 5.1461 | ITPPL: 160.347 | ATPPL: 171.76 | ENT: 6.70438b | CERT: 10.34%
  Val   -> VL: 5.68663 | AVL: 5.69259 | IVPPL: 294.899 | AVPPL: 296.662 | VENT: 7.1435b | VCERT: 7.55927%

[GeoMind CAUSAL CE Stream] Ep 1.0/Inf | Mixed Stream | Last: D[10.0: test/geomind/trainingdata/mined_expanded_corpus_cloze_part06.txt]
  Progress -> 0.333123% (412.951 / 123964 KB) | LR: 0.00186466 | TTemp: 1.20431 | VTemp: 1.0
  Train -> TL: 5.19298 | ATL: 5.13696 | ITPPL: 180.004 | ATPPL: 170.198 | ENT: 6.76112b | CERT: 9.09406%
  Val   -> VL: 5.68448 | AVL: 5.69016 | IVPPL: 294.266 | AVPPL: 295.941 | VENT: 7.1284b | VCERT: 7.54779%

[GeoMind CAUSAL CE Stream] Ep 1.0/Inf | Mixed Stream | Last: D[10.0: test/geomind/trainingdata/mined_expanded_corpus_cloze_part06.txt]
  Progress -> 0.340251% (421.788 / 123964 KB) | LR: 0.00185516 | TTemp: 1.20824 | VTemp: 1.0
  Train -> TL: 5.13146 | ATL: 5.12459 | ITPPL: 169.264 | ATPPL: 168.105 | ENT: 6.75267b | CERT: 9.05042%
  Val   -> VL: 5.67494 | AVL: 5.6856 | IVPPL: 291.471 | AVPPL: 294.593 | VENT: 7.08927b | VCERT: 7.81918%

[GeoMind CAUSAL CE Stream] Ep 1.0/Inf | Mixed Stream | Last: D[10.0: test/geomind/trainingdata/mined_expanded_corpus_cloze_part06.txt]
  Progress -> 0.348498% (432.011 / 123964 KB) | LR: 0.00184502 | TTemp: 1.21303 | VTemp: 1.0
  Train -> TL: 4.89738 | ATL: 5.10238 | ITPPL: 133.938 | ATPPL: 164.413 | ENT: 6.37601b | CERT: 13.745%
  Val   -> VL: 5.67629 | AVL: 5.6828 | IVPPL: 291.866 | AVPPL: 293.772 | VENT: 6.99085b | VCERT: 8.52818%

[GeoMind CAUSAL CE Stream] Ep 1.0/Inf | Mixed Stream | Last: D[10.0: test/geomind/trainingdata/mined_expanded_corpus_cloze_part06.txt]
  Progress -> 0.355181% (440.296 / 123964 KB) | LR: 0.00183503 | TTemp: 1.21791 | VTemp: 1.0
  Train -> TL: 5.12325 | ATL: 5.09046 | ITPPL: 167.88 | ATPPL: 162.465 | ENT: 6.56201b | CERT: 10.8603%
  Val   -> VL: 5.67861 | AVL: 5.68155 | IVPPL: 292.541 | AVPPL: 293.402 | VENT: 6.98143b | VCERT: 8.27711%

[GeoMind CAUSAL CE Stream] Ep 1.0/Inf | Mixed Stream | Last: D[10.0: test/geomind/trainingdata/mined_expanded_corpus_cloze_part06.txt]
  Progress -> 0.363856% (451.049 / 123964 KB) | LR: 0.00182547 | TTemp: 1.22265 | VTemp: 1.0
  Train -> TL: 5.25479 | ATL: 5.08252 | ITPPL: 191.481 | ATPPL: 161.179 | ENT: 6.65832b | CERT: 9.27226%
  Val   -> VL: 5.68138 | AVL: 5.6815 | IVPPL: 293.354 | AVPPL: 293.388 | VENT: 7.0046b | VCERT: 8.32116%

[GeoMind CAUSAL CE Stream] Ep 1.0/Inf | Mixed Stream | Last: D[10.0: test/geomind/trainingdata/mined_expanded_corpus_cloze_part06.txt]
  Progress -> 0.373664% (463.208 / 123964 KB) | LR: 0.00181785 | TTemp: 1.22556 | VTemp: 1.0
  Train -> TL: 5.24403 | ATL: 5.09621 | ITPPL: 189.432 | ATPPL: 163.401 | ENT: 6.70078b | CERT: 9.24097%
  Val   -> VL: 5.67746 | AVL: 5.68029 | IVPPL: 292.208 | AVPPL: 293.033 | VENT: 7.10297b | VCERT: 7.77604%

[GeoMind CAUSAL CE Stream] Ep 1.0/Inf | Mixed Stream | Last: D[10.0: test/geomind/trainingdata/mined_expanded_corpus_cloze_part06.txt]
  Progress -> 0.382262% (473.866 / 123964 KB) | LR: 0.00181137 | TTemp: 1.22764 | VTemp: 1.0
  Train -> TL: 5.02258 | ATL: 5.10148 | ITPPL: 151.802 | ATPPL: 164.265 | ENT: 6.70694b | CERT: 9.26966%
  Val   -> VL: 5.6807 | AVL: 5.68041 | IVPPL: 293.155 | AVPPL: 293.07 | VENT: 7.02297b | VCERT: 8.34094%

[GeoMind CAUSAL CE Stream] Ep 1.0/Inf | Mixed Stream | Last: D[10.0: test/geomind/trainingdata/mined_expanded_corpus_cloze_part06.txt]
  Progress -> 0.391627% (485.476 / 123964 KB) | LR: 0.00180418 | TTemp: 1.23095 | VTemp: 1.0
  Train -> TL: 4.98879 | ATL: 5.08253 | ITPPL: 146.759 | ATPPL: 161.182 | ENT: 6.5728b | CERT: 10.887%
  Val   -> VL: 5.68562 | AVL: 5.68197 | IVPPL: 294.599 | AVPPL: 293.528 | VENT: 6.98583b | VCERT: 8.50111%

[GeoMind CAUSAL CE Stream] Ep 1.0/Inf | Mixed Stream | Last: D[10.0: test/geomind/trainingdata/mined_expanded_corpus_cloze_part06.txt]
  Progress -> 0.401356% (497.535 / 123964 KB) | LR: 0.00179686 | TTemp: 1.23458 | VTemp: 1.0
  Train -> TL: 5.06412 | ATL: 5.07093 | ITPPL: 158.24 | ATPPL: 159.323 | ENT: 6.51262b | CERT: 11.953%
  Val   -> VL: 5.6792 | AVL: 5.68114 | IVPPL: 292.715 | AVPPL: 293.284 | VENT: 7.00613b | VCERT: 8.51529%

[GeoMind CAUSAL CE Stream] Ep 1.0/Inf | Mixed Stream | Last: D[10.0: test/geomind/trainingdata/mined_expanded_corpus_cloze_part06.txt]
  Progress -> 0.410094% (508.367 / 123964 KB) | LR: 0.00178856 | TTemp: 1.23965 | VTemp: 1.0
  Train -> TL: 4.92465 | ATL: 5.04701 | ITPPL: 137.641 | ATPPL: 155.556 | ENT: 6.46486b | CERT: 11.3804%
  Val   -> VL: 5.68993 | AVL: 5.68378 | IVPPL: 295.874 | AVPPL: 294.058 | VENT: 6.90854b | VCERT: 9.31742%

[GeoMind CAUSAL CE Stream] Ep 1.0/Inf | Mixed Stream | Last: D[10.0: test/geomind/trainingdata/mined_expanded_corpus_cloze_part06.txt]
  Progress -> 0.419754% (520.343 / 123964 KB) | LR: 0.00178004 | TTemp: 1.24522 | VTemp: 1.0
  Train -> TL: 5.0204 | ATL: 5.03238 | ITPPL: 151.471 | ATPPL: 153.297 | ENT: 6.49845b | CERT: 10.4735%
  Val   -> VL: 5.6909 | AVL: 5.68591 | IVPPL: 296.16 | AVPPL: 294.687 | VENT: 6.94062b | VCERT: 9.13862%

[GeoMind CAUSAL CE Stream] Ep 1.0/Inf | Mixed Stream | Last: D[10.0: test/geomind/trainingdata/mined_expanded_corpus_cloze_part06.txt]
  Progress -> 0.428325% (530.968 / 123964 KB) | LR: 0.00177301 | TTemp: 1.2494 | VTemp: 1.0
  Train -> TL: 5.02379 | ATL: 5.04132 | ITPPL: 151.987 | ATPPL: 154.674 | ENT: 6.56152b | CERT: 10.9859%
  Val   -> VL: 5.69147 | AVL: 5.68758 | IVPPL: 296.33 | AVPPL: 295.179 | VENT: 6.97271b | VCERT: 8.93616%

[GeoMind CAUSAL CE Stream] Ep 1.0/Inf | Mixed Stream | Last: D[10.0: test/geomind/trainingdata/mined_expanded_corpus_cloze_part06.txt]
  Progress -> 0.43976% (545.143 / 123964 KB) | LR: 0.00176583 | TTemp: 1.25374 | VTemp: 1.0
  Train -> TL: 5.05381 | ATL: 5.02952 | ITPPL: 156.619 | ATPPL: 152.86 | ENT: 6.51831b | CERT: 11.8709%
  Val   -> VL: 5.68266 | AVL: 5.68611 | IVPPL: 293.73 | AVPPL: 294.744 | VENT: 7.01024b | VCERT: 8.42786%

[GeoMind CAUSAL CE Stream] Ep 1.0/Inf | Mixed Stream | Last: D[10.0: test/geomind/trainingdata/mined_expanded_corpus_cloze_part06.txt]
  Progress -> 0.450107% (557.969 / 123964 KB) | LR: 0.00175812 | TTemp: 1.25868 | VTemp: 1.0
  Train -> TL: 5.02963 | ATL: 5.01211 | ITPPL: 152.876 | ATPPL: 150.221 | ENT: 6.47376b | CERT: 11.6128%
  Val   -> VL: 5.68398 | AVL: 5.68547 | IVPPL: 294.118 | AVPPL: 294.556 | VENT: 6.89906b | VCERT: 9.49825%

[GeoMind CAUSAL CE Stream] Ep 1.0/Inf | Mixed Stream | Last: D[10.0: test/geomind/trainingdata/mined_expanded_corpus_cloze_part06.txt]
  Progress -> 0.459919% (570.133 / 123964 KB) | LR: 0.00174938 | TTemp: 1.26473 | VTemp: 1.0
  Train -> TL: 5.02093 | ATL: 4.98707 | ITPPL: 151.552 | ATPPL: 146.506 | ENT: 6.52252b | CERT: 10.9378%
  Val   -> VL: 5.68445 | AVL: 5.68516 | IVPPL: 294.255 | AVPPL: 294.466 | VENT: 6.90905b | VCERT: 9.27361%

[GeoMind CAUSAL CE Stream] Ep 1.0/Inf | Mixed Stream | Last: D[10.0: test/geomind/trainingdata/mined_expanded_corpus_cloze_part06.txt]
  Progress -> 0.46936% (581.836 / 123964 KB) | LR: 0.00174049 | TTemp: 1.27131 | VTemp: 1.0
  Train -> TL: 4.97487 | ATL: 4.97286 | ITPPL: 144.729 | ATPPL: 144.439 | ENT: 6.4607b | CERT: 11.0011%
  Val   -> VL: 5.70154 | AVL: 5.69008 | IVPPL: 299.328 | AVPPL: 295.916 | VENT: 6.81237b | VCERT: 9.5149%

[GeoMind CAUSAL CE Stream] Ep 1.0/Inf | Mixed Stream | Last: D[10.0: test/geomind/trainingdata/mined_expanded_corpus_cloze_part06.txt]
  Progress -> 0.477783% (592.277 / 123964 KB) | LR: 0.00173295 | TTemp: 1.27645 | VTemp: 1.0
  Train -> TL: 5.06761 | ATL: 4.97927 | ITPPL: 158.794 | ATPPL: 145.368 | ENT: 6.42812b | CERT: 10.9969%
  Val   -> VL: 5.69127 | AVL: 5.69043 | IVPPL: 296.269 | AVPPL: 296.022 | VENT: 6.92421b | VCERT: 8.38666%

[GeoMind CAUSAL CE Stream] Ep 1.0/Inf | Mixed Stream | Last: D[10.0: test/geomind/trainingdata/mined_expanded_corpus_cloze_part06.txt]
  Progress -> 0.48678% (603.431 / 123964 KB) | LR: 0.00172898 | TTemp: 1.27787 | VTemp: 1.0
  Train -> TL: 5.16586 | ATL: 5.01847 | ITPPL: 175.187 | ATPPL: 151.18 | ENT: 6.4629b | CERT: 10.4382%
  Val   -> VL: 5.68989 | AVL: 5.69027 | IVPPL: 295.862 | AVPPL: 295.974 | VENT: 6.9157b | VCERT: 8.01749%

[GeoMind CAUSAL CE Stream] Ep 1.0/Inf | Mixed Stream | Last: D[10.0: test/geomind/trainingdata/mined_expanded_corpus_cloze_part06.txt]
  Progress -> 0.495166% (613.826 / 123964 KB) | LR: 0.00172847 | TTemp: 1.27605 | VTemp: 1.0
  Train -> TL: 5.07627 | ATL: 5.06087 | ITPPL: 160.175 | ATPPL: 157.727 | ENT: 6.46355b | CERT: 10.2919%
  Val   -> VL: 5.69725 | AVL: 5.69236 | IVPPL: 298.046 | AVPPL: 296.594 | VENT: 6.85476b | VCERT: 7.64164%

[GeoMind CAUSAL CE Stream] Ep 1.0/Inf | Mixed Stream | Last: D[10.0: test/geomind/trainingdata/mined_expanded_corpus_cloze_part06.txt]
  Progress -> 0.503085% (623.643 / 123964 KB) | LR: 0.00172919 | TTemp: 1.27325 | VTemp: 1.0
  Train -> TL: 4.88528 | ATL: 5.07733 | ITPPL: 132.327 | ATPPL: 160.346 | ENT: 6.36594b | CERT: 10.4506%
  Val   -> VL: 5.69157 | AVL: 5.69213 | IVPPL: 296.359 | AVPPL: 296.524 | VENT: 6.80839b | VCERT: 8.06271%

[GeoMind CAUSAL CE Stream] Ep 1.0/Inf | Mixed Stream | Last: D[10.0: test/geomind/trainingdata/mined_expanded_corpus_cloze_part06.txt]
  Progress -> 0.510903% (633.334 / 123964 KB) | LR: 0.00173059 | TTemp: 1.27012 | VTemp: 1.0
  Train -> TL: 4.79556 | ATL: 5.08774 | ITPPL: 120.972 | ATPPL: 162.023 | ENT: 6.31862b | CERT: 11.1788%
  Val   -> VL: 5.69313 | AVL: 5.69243 | IVPPL: 296.822 | AVPPL: 296.613 | VENT: 6.70767b | VCERT: 8.93803%

[GeoMind CAUSAL CE Stream] Ep 1.0/Inf | Mixed Stream | Last: D[10.0: test/geomind/trainingdata/mined_expanded_corpus_cloze_part06.txt]
  Progress -> 0.518748% (643.059 / 123964 KB) | LR: 0.00173064 | TTemp: 1.2689 | VTemp: 1.0
  Train -> TL: 4.85447 | ATL: 5.07101 | ITPPL: 128.313 | ATPPL: 159.335 | ENT: 6.2837b | CERT: 10.8079%
  Val   -> VL: 5.70097 | AVL: 5.69499 | IVPPL: 299.159 | AVPPL: 297.375 | VENT: 6.71113b | VCERT: 8.44124%

[GeoMind CAUSAL CE Stream] Ep 1.0/Inf | Mixed Stream | Last: D[10.0: test/geomind/trainingdata/mined_expanded_corpus_cloze_part06.txt]
  Progress -> 0.527809% (654.291 / 123964 KB) | LR: 0.00173111 | TTemp: 1.2675 | VTemp: 1.0
  Train -> TL: 5.17169 | ATL: 5.0768 | ITPPL: 176.212 | ATPPL: 160.26 | ENT: 6.40065b | CERT: 9.67417%
  Val   -> VL: 5.69811 | AVL: 5.69593 | IVPPL: 298.302 | AVPPL: 297.653 | VENT: 6.72134b | VCERT: 9.09095%

[GeoMind CAUSAL CE Stream] Ep 1.0/Inf | Mixed Stream | Last: D[10.0: test/geomind/trainingdata/mined_expanded_corpus_cloze_part06.txt]
  Progress -> 0.536177% (664.665 / 123964 KB) | LR: 0.0017292 | TTemp: 1.26906 | VTemp: 1.0
  Train -> TL: 4.69767 | ATL: 5.04449 | ITPPL: 109.691 | ATPPL: 155.165 | ENT: 6.27057b | CERT: 11.5306%
  Val   -> VL: 5.71072 | AVL: 5.70036 | IVPPL: 302.088 | AVPPL: 298.976 | VENT: 6.63194b | VCERT: 9.53623%

[GeoMind CAUSAL CE Stream] Ep 1.0/Inf | Mixed Stream | Last: D[10.0: test/geomind/trainingdata/mined_expanded_corpus_cloze_part06.txt]
  Progress -> 0.544514% (674.999 / 123964 KB) | LR: 0.00172637 | TTemp: 1.27175 | VTemp: 1.0
  Train -> TL: 4.87812 | ATL: 5.0291 | ITPPL: 131.383 | ATPPL: 152.796 | ENT: 6.2046b | CERT: 11.187%
  Val   -> VL: 5.70948 | AVL: 5.7031 | IVPPL: 301.713 | AVPPL: 299.795 | VENT: 6.64284b | VCERT: 9.10661%

[GeoMind CAUSAL CE Stream] Ep 1.0/Inf | Mixed Stream | Last: D[10.0: test/geomind/trainingdata/mined_expanded_corpus_cloze_part06.txt]
  Progress -> 0.554028% (686.794 / 123964 KB) | LR: 0.00172346 | TTemp: 1.27466 | VTemp: 1.0
  Train -> TL: 4.92955 | ATL: 5.02396 | ITPPL: 138.317 | ATPPL: 152.012 | ENT: 6.26688b | CERT: 10.2663%
  Val   -> VL: 5.71367 | AVL: 5.70627 | IVPPL: 302.98 | AVPPL: 300.747 | VENT: 6.62941b | VCERT: 8.91028%

[GeoMind CAUSAL CE Stream] Ep 1.0/Inf | Mixed Stream | Last: D[10.0: test/geomind/trainingdata/mined_expanded_corpus_cloze_part06.txt]
  Progress -> 0.562654% (697.486 / 123964 KB) | LR: 0.0017208 | TTemp: 1.27741 | VTemp: 1.0
  Train -> TL: 5.02871 | ATL: 5.02346 | ITPPL: 152.736 | ATPPL: 151.935 | ENT: 6.3037b | CERT: 9.9716%
  Val   -> VL: 5.71672 | AVL: 5.70941 | IVPPL: 303.907 | AVPPL: 301.692 | VENT: 6.62585b | VCERT: 8.9103%

[GeoMind CAUSAL CE Stream] Ep 1.0/Inf | Mixed Stream | Last: D[10.0: test/geomind/trainingdata/mined_expanded_corpus_cloze_part06.txt]
  Progress -> 0.572101% (709.197 / 123964 KB) | LR: 0.00171797 | TTemp: 1.28056 | VTemp: 1.0
  Train -> TL: 5.01578 | ATL: 5.01731 | ITPPL: 150.774 | ATPPL: 151.005 | ENT: 6.32824b | CERT: 9.25595%
  Val   -> VL: 5.72493 | AVL: 5.71406 | IVPPL: 306.413 | AVPPL: 303.1 | VENT: 6.61822b | VCERT: 8.69008%

[GeoMind CAUSAL CE Stream] Ep 1.0/Inf | Mixed Stream | Last: D[10.0: test/geomind/trainingdata/mined_expanded_corpus_cloze_part06.txt]
  Progress -> 0.579557% (718.44 / 123964 KB) | LR: 0.00171434 | TTemp: 1.28404 | VTemp: 1.0
  Train -> TL: 4.84453 | ATL: 5.00233 | ITPPL: 127.044 | ATPPL: 148.76 | ENT: 6.1699b | CERT: 12.059%
  Val   -> VL: 5.70019 | AVL: 5.7099 | IVPPL: 298.925 | AVPPL: 301.842 | VENT: 6.65133b | VCERT: 9.18312%

[GeoMind CAUSAL CE Stream] Ep 1.0/Inf | Mixed Stream | Last: D[10.0: test/geomind/trainingdata/mined_expanded_corpus_cloze_part06.txt]
  Progress -> 0.588052% (728.971 / 123964 KB) | LR: 0.00170974 | TTemp: 1.28815 | VTemp: 1.0
  Train -> TL: 4.9484 | ATL: 4.98375 | ITPPL: 140.949 | ATPPL: 146.021 | ENT: 6.11976b | CERT: 13.1734%
  Val   -> VL: 5.69921 | AVL: 5.7067 | IVPPL: 298.632 | AVPPL: 300.875 | VENT: 6.60859b | VCERT: 9.40098%

[GeoMind CAUSAL CE Stream] Ep 1.0/Inf | Mixed Stream | Last: D[10.0: test/geomind/trainingdata/mined_expanded_corpus_cloze_part06.txt]
  Progress -> 0.597652% (740.871 / 123964 KB) | LR: 0.00170426 | TTemp: 1.29298 | VTemp: 1.0
  Train -> TL: 4.85916 | ATL: 4.96522 | ITPPL: 128.915 | ATPPL: 143.341 | ENT: 6.06145b | CERT: 13.4738%
  Val   -> VL: 5.70378 | AVL: 5.70582 | IVPPL: 300.001 | AVPPL: 300.613 | VENT: 6.52638b | VCERT: 9.5115%

[GeoMind CAUSAL CE Stream] Ep 1.0/Inf | Mixed Stream | Last: D[10.0: test/geomind/trainingdata/mined_expanded_corpus_cloze_part06.txt]
  Progress -> 0.606198% (751.465 / 123964 KB) | LR: 0.00169936 | TTemp: 1.29702 | VTemp: 1.0
  Train -> TL: 5.01053 | ATL: 4.96567 | ITPPL: 149.983 | ATPPL: 143.404 | ENT: 6.05904b | CERT: 12.299%
  Val   -> VL: 5.70507 | AVL: 5.7056 | IVPPL: 300.386 | AVPPL: 300.545 | VENT: 6.55187b | VCERT: 9.64583%

[GeoMind CAUSAL CE Stream] Ep 1.0/Inf | Mixed Stream | Last: D[10.0: test/geomind/trainingdata/mined_expanded_corpus_cloze_part06.txt]
  Progress -> 0.615344% (762.803 / 123964 KB) | LR: 0.00169493 | TTemp: 1.30065 | VTemp: 1.0
  Train -> TL: 4.99613 | ATL: 4.96531 | ITPPL: 147.84 | ATPPL: 143.353 | ENT: 6.14381b | CERT: 12.2357%
  Val   -> VL: 5.71252 | AVL: 5.70767 | IVPPL: 302.633 | AVPPL: 301.17 | VENT: 6.5495b | VCERT: 9.71393%

[GeoMind CAUSAL CE Stream] Ep 1.0/Inf | Mixed Stream | Last: D[10.0: test/geomind/trainingdata/mined_expanded_corpus_cloze_part06.txt]
  Progress -> 0.6216% (770.558 / 123964 KB) | LR: 0.00169164 | TTemp: 1.30312 | VTemp: 1.0
  Train -> TL: 4.96787 | ATL: 4.97504 | ITPPL: 143.721 | ATPPL: 144.755 | ENT: 6.17782b | CERT: 11.4517%
  Val   -> VL: 5.71286 | AVL: 5.70923 | IVPPL: 302.736 | AVPPL: 301.639 | VENT: 6.55822b | VCERT: 9.29304%

[GeoMind CAUSAL CE Stream] Ep 1.0/Inf | Mixed Stream | Last: D[10.0: test/geomind/trainingdata/mined_expanded_corpus_cloze_part06.txt]
  Progress -> 0.630824% (781.992 / 123964 KB) | LR: 0.00169018 | TTemp: 1.30375 | VTemp: 1.0
  Train -> TL: 4.97784 | ATL: 4.99592 | ITPPL: 145.16 | ATPPL: 147.809 | ENT: 6.16221b | CERT: 11.7415%
  Val   -> VL: 5.71363 | AVL: 5.71055 | IVPPL: 302.97 | AVPPL: 302.038 | VENT: 6.52058b | VCERT: 9.85294%

[GeoMind CAUSAL CE Stream] Ep 1.0/Inf | Mixed Stream | Last: D[10.0: test/geomind/trainingdata/mined_expanded_corpus_cloze_part06.txt]
  Progress -> 0.641053% (794.673 / 123964 KB) | LR: 0.00168913 | TTemp: 1.30399 | VTemp: 1.0
  Train -> TL: 5.05572 | ATL: 4.99962 | ITPPL: 156.917 | ATPPL: 148.356 | ENT: 6.22316b | CERT: 10.4933%
  Val   -> VL: 5.71016 | AVL: 5.71043 | IVPPL: 301.92 | AVPPL: 302.002 | VENT: 6.52753b | VCERT: 9.64017%

[GeoMind CAUSAL CE Stream] Ep 1.0/Inf | Mixed Stream | Last: D[10.0: test/geomind/trainingdata/mined_expanded_corpus_cloze_part06.txt]
  Progress -> 0.650847% (806.813 / 123964 KB) | LR: 0.0016877 | TTemp: 1.30471 | VTemp: 1.0
  Train -> TL: 4.84897 | ATL: 4.99282 | ITPPL: 127.609 | ATPPL: 147.351 | ENT: 6.1439b | CERT: 11.4977%
  Val   -> VL: 5.71004 | AVL: 5.71031 | IVPPL: 301.882 | AVPPL: 301.966 | VENT: 6.51853b | VCERT: 9.56699%

[GeoMind CAUSAL CE Stream] Ep 1.0/Inf | Mixed Stream | Last: D[10.0: test/geomind/trainingdata/mined_expanded_corpus_cloze_part06.txt]
  Progress -> 0.658177% (815.9 / 123964 KB) | LR: 0.00168599 | TTemp: 1.30596 | VTemp: 1.0
  Train -> TL: 4.77269 | ATL: 4.98691 | ITPPL: 118.237 | ATPPL: 146.484 | ENT: 6.08061b | CERT: 11.9606%
  Val   -> VL: 5.71923 | AVL: 5.71299 | IVPPL: 304.669 | AVPPL: 302.774 | VENT: 6.48525b | VCERT: 9.58268%

[GeoMind CAUSAL CE Stream] Ep 1.0/Inf | Mixed Stream | Last: D[10.0: test/geomind/trainingdata/mined_expanded_corpus_cloze_part06.txt]
  Progress -> 0.668671% (828.909 / 123964 KB) | LR: 0.00168404 | TTemp: 1.3077 | VTemp: 1.0
  Train -> TL: 4.79636 | ATL: 4.98123 | ITPPL: 121.069 | ATPPL: 145.653 | ENT: 5.8968b | CERT: 14.1371%
  Val   -> VL: 5.72433 | AVL: 5.71639 | IVPPL: 306.228 | AVPPL: 303.806 | VENT: 6.45566b | VCERT: 9.84975%

[GeoMind CAUSAL CE Stream] Ep 1.0/Inf | Mixed Stream | Last: D[10.0: test/geomind/trainingdata/mined_expanded_corpus_cloze_part06.txt]
  Progress -> 0.675463% (837.329 / 123964 KB) | LR: 0.00168244 | TTemp: 1.30928 | VTemp: 1.0
  Train -> TL: 4.95068 | ATL: 4.98337 | ITPPL: 141.271 | ATPPL: 145.965 | ENT: 6.07802b | CERT: 12.3269%
  Val   -> VL: 5.72765 | AVL: 5.71977 | IVPPL: 307.247 | AVPPL: 304.834 | VENT: 6.43809b | VCERT: 9.86317%

[GeoMind CAUSAL CE Stream] Ep 1.0/Inf | Mixed Stream | Last: D[10.0: test/geomind/trainingdata/mined_expanded_corpus_cloze_part06.txt]
  Progress -> 0.682616% (846.196 / 123964 KB) | LR: 0.00168171 | TTemp: 1.31002 | VTemp: 1.0
  Train -> TL: 4.95934 | ATL: 4.99325 | ITPPL: 142.5 | ATPPL: 147.415 | ENT: 6.112b | CERT: 12.1636%
  Val   -> VL: 5.72617 | AVL: 5.72169 | IVPPL: 306.792 | AVPPL: 305.42 | VENT: 6.41297b | VCERT: 10.329%

[GeoMind CAUSAL CE Stream] Ep 1.0/Inf | Mixed Stream | Last: D[10.0: test/geomind/trainingdata/mined_expanded_corpus_cloze_part06.txt]
  Progress -> 0.689238% (854.404 / 123964 KB) | LR: 0.0016806 | TTemp: 1.31601 | VTemp: 1.0
  Train -> TL: 4.91175 | ATL: 4.98702 | ITPPL: 135.877 | ATPPL: 146.499 | ENT: 6.05458b | CERT: 13.4411%
  Val   -> VL: 5.73955 | AVL: 5.72705 | IVPPL: 310.925 | AVPPL: 307.062 | VENT: 6.41879b | VCERT: 9.57988%

[GeoMind CAUSAL CE Stream] Ep 1.0/Inf | Mixed Stream | Last: D[10.0: test/geomind/trainingdata/mined_expanded_corpus_cloze_part06.txt]
  Progress -> 0.694845% (861.355 / 123964 KB) | LR: 0.00167905 | TTemp: 1.31744 | VTemp: 1.0
  Train -> TL: 5.11173 | ATL: 4.97925 | ITPPL: 165.958 | ATPPL: 145.366 | ENT: 6.12617b | CERT: 12.46%
  Val   -> VL: 5.73783 | AVL: 5.73028 | IVPPL: 310.389 | AVPPL: 308.056 | VENT: 6.50251b | VCERT: 9.22724%

[GeoMind CAUSAL CE Stream] Ep 1.0/Inf | Mixed Stream | Last: D[10.0: test/geomind/trainingdata/mined_expanded_corpus_cloze_part06.txt]
  Progress -> 0.701432% (869.521 / 123964 KB) | LR: 0.00167725 | TTemp: 1.31924 | VTemp: 1.0
  Train -> TL: 4.96323 | ATL: 4.97373 | ITPPL: 143.056 | ATPPL: 144.565 | ENT: 6.19467b | CERT: 10.4605%
  Val   -> VL: 5.73804 | AVL: 5.73261 | IVPPL: 310.456 | AVPPL: 308.774 | VENT: 6.45233b | VCERT: 9.51416%

[GeoMind CAUSAL CE Stream] Ep 1.0/Inf | Mixed Stream | Last: D[10.0: test/geomind/trainingdata/mined_expanded_corpus_cloze_part06.txt]
  Progress -> 0.708195% (877.904 / 123964 KB) | LR: 0.00167456 | TTemp: 1.32221 | VTemp: 1.0
  Train -> TL: 4.93173 | ATL: 4.95873 | ITPPL: 138.618 | ATPPL: 142.413 | ENT: 6.13291b | CERT: 11.0567%
  Val   -> VL: 5.74647 | AVL: 5.73677 | IVPPL: 313.082 | AVPPL: 310.06 | VENT: 6.40043b | VCERT: 10.0475%

